color,num_critic_for_reviews,duration,director_facebook_likes,actor_3_facebook_likes,actor_1_facebook_likes,gross,num_voted_users,cast_total_facebook_likes,facenumber_in_poster,num_user_for_reviews,language,country,content_rating,budget,title_year,actor_2_facebook_likes,imdb_score,movie_facebook_likes
Color,137,90,65,683,1000,10042266,23021,3155,0,220,English,USA,PG-13,1000000,2005,989,0.59,816
Color,225,87,124,77,865,29136626,97089,1417,0,233,English,USA,PG-13,60000000,2011,441,0.57,20000
Color,31,300,6,6,7,454255,1666,32,3,47,Thai,Thailand,R,400000000,2001,6,0.66,124
Color,57,133,380,918,12000,66528842,112175,26388,2,329,English,USA,R,30000000,1994,11000,0.75,11000
Color,73,134,45,429,9,195888,5603,11,0,45,Hungarian,Hungary,R,2500000000,2005,2,0.71,607
Color,93,99,26,650,720,25584685,15877,3327,5,102,English,USA,PG,20000000,2007,669,0.59,590
Color,293,124,171,10000,21000,300523113,184637,52547,3,498,English,USA,PG-13,68000000,2010,17000,0.49,29000
Color,211,113,88,785,22000,29802761,46480,36009,1,115,English,USA,PG-13,40000000,2013,13000,0.64,12000
Color,84,117,179,239,1000,52700832,107923,1862,4,197,English,UK,R,4500000,1994,398,0.71,7000
Color,316,123,456,286,19000,50921738,192930,20499,1,581,English,UK,R,30000000,2007,1000,0.78,12000
Color,82,99,130,79,399,91443253,21034,663,1,153,English,USA,PG,12000000,2014,116,0.58,23000
Color,184,88,65,681,3000,19316646,52069,5706,3,95,English,USA,R,30000000,2013,697,0.56,7000
Color,93,108,79,268,650,67155742,62271,1569,1,277,English,USA,PG-13,116000000,1997,293,0.58,7000
Color,114,99,4,201,1000,18378,9376,1558,0,74,English,UK,R,900000,2008,233,0.52,7000
Color,207,97,91,760,11000,93452056,184795,14868,1,310,English,USA,PG-13,45000000,2007,2000,0.74,22000
Color,137,96,2,120,742,11642254,22929,1308,1,287,English,USA,NC-17,3000000,1989,256,0.52,926
Color,163,124,42,848,11000,68642452,77673,13073,3,463,English,UK,PG-13,130000000,2005,973,0.6,7000
Color,44,94,10,141,694,13264986,12077,1668,2,162,English,USA,PG-13,35000000,2001,605,0.6,433
Color,487,94,91,559,13000,45507053,237848,27911,2,377,English,USA,PG-13,16000000,2012,13000,0.78,71000
Color,98,118,650,715,1000,30920167,6476,3389,4,71,English,USA,PG-13,25000000,2012,773,0.57,7000
Color,110,115,234,521,3000,56702901,23302,4713,1,181,English,USA,PG-13,60000000,1998,552,0.65,1000
Color,376,104,37,760,12000,268488329,235025,14863,0,265,English,USA,G,200000000,2013,779,0.73,44000
Color,181,104,91,898,8000,30059386,128593,11632,5,867,English,USA,R,22000000,2001,1000,0.69,7000
Color,134,124,258,748,867,68473360,49536,3424,0,379,English,USA,PG-13,75000000,2000,826,0.59,7000
Color,159,81,26,300,2000,56536016,13523,3344,0,95,English,USA,PG-13,4900000,2016,509,0.69,7000
Color,422,164,91,773,5000,255108370,354228,9152,0,802,English,New Zealand,PG-13,250000000,2014,972,0.75,65000
Color,96,89,17,85,690,12947763,10624,1160,0,125,English,USA,R,5000000,1986,190,0.62,7000
Black and White,151,121,17000,356,22000,45250,235133,23008,1,494,English,USA,R,18000000,1980,394,0.83,7000
Color,60,107,12000,695,10000,82670733,60476,14006,0,97,English,USA,PG-13,60000000,1990,3000,0.59,7000
Color,240,121,91,854,19000,22518325,63363,22833,0,644,English,Germany,R,50000000,2006,972,0.56,7000
Color,370,106,4000,591,19000,362645141,106072,32921,0,398,English,UK,PG,175000000,2016,13000,0.78,65000
Color,76,108,54,463,786,8054280,6838,2730,3,117,English,USA,PG-13,20000000,2004,567,0.63,924
Color,451,215,91,413,986,107503316,392474,2530,1,1229,English,USA,R,130000000,2009,745,0.77,18000
Color,237,111,101,681,966,45045037,103230,3393,3,143,English,USA,R,36000000,2011,919,0.59,10000
Color,287,120,91,5,103,128067808,217740,129,3,1641,Mandarin,Taiwan,PG-13,15000000,2000,21,0.79,7000
Color,166,111,91,725,856,9525276,60156,3309,0,299,English,USA,R,20000000,2007,742,0.68,7000
Color,43,86,302,428,893,226792,3080,3049,2,44,English,UK,R,10000000,2001,798,0.62,117
Color,75,83,7,485,2000,10431220,24216,4024,0,162,English,USA,R,24000000,1999,577,0.41,401
Color,91,176,58,60,711,88246220,144337,1004,0,309,English,USA,PG-13,175000000,1995,60,0.61,7000
Color,131,88,55,150,506,44793200,49820,1584,0,311,English,USA,NC-17,4500000,1987,449,0.66,7000
Color,157,115,91,35,85,5383834,173551,318,0,361,Spanish,Mexico,R,2000000,2000,79,0.81,11000
Color,158,123,91,23,3000,37339525,71708,3768,1,307,English,USA,R,48000000,1998,745,0.7,7000
Color,141,130,317,256,18000,19593740,88270,32637,0,420,English,USA,R,50000000,2003,14000,0.75,7000
Color,129,100,17,86,669,6852144,15169,1267,0,213,English,Canada,PG-13,22000000,2003,429,0.62,7000
Color,213,105,91,52,1000,1260917,24657,1342,4,71,French,France,R,27000000,2009,172,0.72,7000
Color,108,111,91,529,11000,108244774,94049,13645,2,301,English,USA,G,37000000,2001,995,0.62,7000
Color,104,101,37,595,2000,13208023,17309,4262,1,388,English,UK,R,42000000,2002,886,0.33,612
Color,97,104,38,690,801,3447339,29517,2667,7,79,English,USA,R,1500000,2013,727,0.58,7000
Color,229,121,353,18,45,3073392,59462,142,0,300,English,Canada,R,25000000,2008,30,0.66,7000
Color,73,89,18,226,658,66734992,23476,1233,0,181,English,USA,PG,60000000,2003,257,0.44,858
Color,71,105,96,35,509,35811509,43013,888,0,104,English,Australia,PG-13,5500000,1996,294,0.77,7000
Color,204,107,91,255,2000,38400000,600266,3582,1,692,English,UK,R,6500000,1984,663,0.81,13000
Color,147,101,11000,512,13000,70906973,437418,15500,1,609,English,USA,PG,14600000,1993,571,0.81,38000
Color,103,100,91,1000,12000,85570368,44885,18291,1,107,English,USA,PG,38000000,2002,2000,0.51,478
Color,139,106,102,970,14000,5348317,20810,18712,0,100,English,USA,R,10000000,2015,3000,0.71,7000
Color,121,99,35,433,3000,35057332,45394,4863,0,72,English,USA,PG-13,33000000,2012,594,0.65,19000
Color,60,100,36,554,13000,17218080,43376,15944,0,249,English,USA,R,70000000,1991,773,0.57,7000
Color,117,99,23,135,405,31136950,47364,1066,1,75,English,USA,PG-13,44000000,2010,268,0.65,7000
Color,138,105,43,827,22000,1796024,34985,37766,1,135,English,USA,R,22000000,2010,14000,0.54,7000
Color,82,116,70,706,1000,24397469,5161,5804,7,48,English,USA,PG-13,17000000,2012,876,0.57,7000
Color,72,108,610,461,848,70450000,77390,2913,2,189,English,USA,R,50000000,1996,517,0.6,7000
Black and White,149,142,91,194,15000,329691196,1251222,15700,0,1398,English,USA,PG-13,55000000,1994,294,0.88,59000
Black and White,88,89,81,92,321,22168359,29659,584,0,227,English,USA,NC-17,8000000,1989,101,0.51,1000
Color,80,118,529,472,40000,9170214,171882,69746,1,292,English,USA,PG-13,11000000,1993,29000,0.78,14000
Color,44,73,11,142,1000,11634458,2045,2020,0,37,English,USA,G,17000000,1999,436,0.58,339
Color,31,116,500,530,12000,1292527,3536,14579,2,44,English,France,R,19000000,1996,1000,0.63,228
Color,145,121,357,653,820,31704416,45455,2705,0,388,English,USA,PG-13,135000000,2005,780,0.5,7000
Color,63,112,277,327,1000,62549000,41361,2412,0,148,English,UK,R,2300000,1992,530,0.73,7000
Color,178,94,62,722,14000,103812241,67296,27842,3,133,English,USA,PG,79000000,2012,12000,0.58,7000
Black and White,41,118,50,655,968,1089445,2676,4270,0,33,English,Canada,PG,12500000,2009,844,0.7,7000
Color,12,125,21,36,78,169379,683,221,1,3,Spanish,Mexico,R,10000000,2013,61,0.62,874
Color,80,101,163,488,683,41227069,162701,2436,1,962,English,USA,PG,11000000,2002,548,0.74,19000
Color,556,156,91,733,29000,183635922,406020,57108,0,1188,English,USA,R,135000000,2015,27000,0.81,190000
Color,122,82,82,354,759,36658108,39095,2898,7,187,English,USA,PG-13,20000000,2010,401,0.35,16000
Color,74,98,41,900,13000,16323969,45775,18085,5,112,English,USA,PG-13,40000000,2004,2000,0.55,462
Color,168,104,214,430,1000,1900725,43205,2129,1,232,English,Australia,R,2000000,2005,509,0.74,7000
Color,75,114,91,452,524,65000000,43027,2668,0,214,English,USA,PG-13,62000000,1995,517,0.68,7000
Color,358,114,62,884,12000,155181732,147497,16718,0,499,English,USA,PG-13,110000000,2015,2000,0.61,52000
Color,66,105,29,742,14000,35990505,48095,16400,1,194,English,USA,PG,20000000,2003,1000,0.58,7000
Color,23,89,269,24,489,2223990,761,539,1,14,English,USA,R,3000000,2003,26,0.66,26
Color,275,120,91,680,4000,134455175,97664,5826,2,232,English,USA,R,35000000,2013,904,0.57,17000
Color,53,92,39,458,3000,105263257,56168,4518,0,103,English,USA,PG,55000000,1997,562,0.54,5000
Color,230,111,545,805,26000,36064910,166610,28643,4,211,English,USA,R,45000000,2008,872,0.64,7000
Color,91,121,57,664,1000,21569041,8058,3745,2,57,English,USA,PG-13,9000000,2014,837,0.66,7000
Color,15,105,121,384,11000,13854000,21079,14677,0,55,English,USA,PG-13,20000000,1988,3000,0.52,818
Color,63,121,91,187,974,127437,4670,1887,0,27,Mandarin,China,R,18000000,2011,643,0.6,7000
Color,123,107,30,318,742,62933793,62421,2341,1,185,English,USA,PG,20000000,2010,360,0.58,10000
Color,418,123,452,329,10000,161087183,118992,11287,8,971,English,USA,PG-13,175000000,2016,336,0.69,80000
Color,109,112,11000,642,11000,4839383,21613,12766,0,148,English,USA,PG-13,16000000,2002,650,0.66,762
Color,78,172,438,466,852,22843047,6082,2397,1,207,English,USA,R,55000000,1998,637,0.59,853
Color,85,142,91,854,978,19283782,31227,5386,0,354,English,USA,R,22000000,1999,911,0.66,7000
Color,50,115,49,100,116,30127963,12596,525,0,64,English,USA,PG,15000000,2014,110,0.67,7000
Color,112,107,13,165,618,21835784,58297,1095,3,161,English,USA,PG-13,30000000,2005,172,0.66,7000
Color,304,87,275,975,7000,251501645,385943,11608,0,296,English,USA,PG,69000000,2010,2000,0.77,31000
Color,166,129,468,183,919,37567440,113065,2024,0,337,English,USA,R,20000000,1982,691,0.69,7000
Color,78,89,91,500,1000,9652000,46205,3096,0,147,English,USA,PG-13,40000000,2003,627,0.58,7000
Color,61,113,9,42,402,9054736,5744,787,1,57,English,USA,R,2700000,1997,222,0.71,381
Color,111,112,63,422,2000,26345,16445,4810,4,99,English,UK,R,3000000,2012,1000,0.61,7000
Color,156,133,278,107,5000,24343673,91860,5405,0,524,English,USA,PG-13,45000000,2007,117,0.74,14000
Color,103,116,91,995,8000,152149590,74274,12790,2,255,English,USA,PG,70000000,1999,3000,0.55,7000
Color,28,95,48,826,1000,14003141,4598,4837,1,29,English,USA,R,7000000,1999,865,0.61,375
Color,110,88,387,18,436,7362100,60295,479,0,232,English,USA,R,1500000,2005,25,0.74,7000
Color,183,98,58,242,14000,25464480,63108,15251,0,330,English,USA,PG-13,10000000,2009,537,0.59,15000
Color,192,100,91,985,3000,18439082,94292,7252,3,287,English,USA,PG-13,18500000,2009,2000,0.64,13000
Color,81,121,16,526,907,12549485,4603,3633,4,91,English,USA,R,15000000,2006,585,0.62,489
Color,85,102,323,241,845,32694788,101411,1815,1,546,English,USA,R,85000000,1999,372,0.66,7000
Color,355,109,453,953,15000,40983001,181025,27788,2,336,English,USA,R,7000000,2012,10000,0.77,38000
Color,208,109,64,505,11000,124732962,286178,23923,0,631,English,USA,PG-13,35000000,2006,11000,0.68,7000
Color,75,149,15000,982,15000,25809813,50311,28713,6,212,English,USA,PG,26000000,1996,9000,0.69,7000
Color,290,107,78,969,18000,5354039,92599,22834,8,225,English,USA,R,3500000,2011,2000,0.71,21000
Black and White,83,212,91,805,12000,13560960,23996,21130,0,161,English,USA,R,50000000,1995,5000,0.71,915
Color,440,90,91,428,33000,778565,83234,34779,1,475,English,Denmark,R,4800000,2013,1000,0.57,30000
Color,38,96,9,934,12000,6044618,6200,26961,1,92,English,USA,R,10000000,2002,11000,0.56,398
Color,93,104,91,4000,16000,25625110,138707,33758,0,202,English,USA,R,7000000,1995,12000,0.72,7000
Color,195,120,91,221,865,101334374,124941,2321,5,488,English,USA,R,24000000,1997,851,0.61,7000
Color,46,95,19,447,1000,33422806,30771,2643,1,164,English,USA,PG-13,50000000,2001,691,0.48,7000
Color,38,110,49,20,13000,57362581,50148,13331,2,116,English,Peru,R,45000000,1994,279,0.54,7000
Color,93,75,91,677,4000,15519841,8693,6863,3,71,English,USA,PG,47000000,2006,769,0.45,261
Color,80,130,323,330,670,50016394,106528,2407,1,257,English,USA,PG-13,70000000,1993,442,0.62,7000
Black and White,170,104,14,203,3000,75030163,108076,4487,0,1690,English,USA,PG,100000000,2006,762,0.51,7000
Color,259,106,50,741,17000,3571735,39260,21711,2,129,English,USA,R,10000000,2010,908,0.66,7000
Color,156,95,25,439,989,108012170,24089,2558,0,82,English,USA,PG,63000000,2011,664,0.55,7000
Color,100,108,287,823,4000,53955614,77415,8610,0,139,English,USA,PG-13,40000000,1998,835,0.61,7000
Color,159,116,153,165,275,22201636,33567,727,1,206,English,USA,R,8000000,2005,247,0.74,7000
Color,568,151,91,372,13000,228430993,472488,14831,1,1023,English,USA,PG-13,108000000,2015,801,0.81,153000
Color,38,106,91,131,254,1027119,2742,964,1,73,English,USA,R,225000,2000,147,0.7,72
Color,141,84,180,58,510,1197786,55928,962,2,157,French,France,R,12000000,2004,297,0.72,7000
Color,190,154,380,445,10000,111110575,317166,11945,1,928,English,USA,R,140000000,2003,956,0.77,7000
Color,58,100,91,65,828,24741700,37785,1431,2,95,English,USA,R,1200000,1989,531,0.72,2000
Color,230,129,91,277,18000,88504640,273108,19148,2,646,English,USA,R,45000000,2006,412,0.76,7000
Color,206,130,91,769,13000,30651422,181737,16693,8,1015,English,USA,R,10000000,1999,1000,0.74,10000
Color,44,108,28,429,1000,505295,1747,3852,0,28,Dzongkha,Australia,R,1800000,2003,664,0.75,353
Color,239,133,549,343,10000,21129348,146364,11799,0,237,English,USA,PG-13,35000000,2010,796,0.74,27000
Color,157,109,80,835,14000,13838130,35990,20503,3,157,English,USA,PG-13,40000000,2009,4000,0.59,7000
Color,147,82,87,444,1000,6842058,36029,3818,0,99,English,USA,R,10000000,2012,581,0.61,14000
Black and White,73,147,272,893,22000,53300852,154487,37076,3,259,English,USA,R,44000000,1996,11000,0.75,7000
Color,136,126,37,883,12000,17804273,20449,25660,0,370,English,USA,R,20000000,2000,10000,0.7,1000
Color,91,94,6,804,16000,16101109,76467,19957,3,236,English,USA,R,3000000,2005,1000,0.68,7000
Color,176,112,72,715,11000,70224196,59352,13827,0,138,English,USA,PG-13,70000000,2008,1000,0.56,7000
Color,143,111,906,906,1000,92001027,97838,6315,2,286,English,USA,PG-13,45000000,1996,1000,0.76,3000
Color,449,138,91,874,18000,93749203,264047,20952,0,491,English,USA,R,31000000,2012,984,0.73,64000
Color,117,96,65,828,12000,126203320,110432,26826,1,309,English,USA,PG-13,50000000,2002,11000,0.58,7000
Color,114,105,61,708,5000,93815117,68417,7184,2,242,English,USA,PG-13,55000000,2002,827,0.51,7000
Color,137,104,272,17000,22000,1089365,23767,71973,1,111,English,USA,R,25000000,2008,18000,0.57,845
Color,110,97,91,117,378,7022940,14018,1173,1,190,English,USA,R,1000000,2001,321,0.67,682
Color,61,99,29,64,117,19959,3579,298,2,14,English,Iceland,R,3800000,2009,64,0.69,7000
Color,167,109,22,355,14000,13248477,60555,15790,1,174,English,USA,R,27000000,2009,716,0.62,7000
Color,371,118,91,559,13000,78031620,102248,27674,7,403,English,USA,PG-13,70000000,2014,13000,0.61,34000
Color,58,98,70,223,462,15361537,12263,1855,0,132,English,Germany,PG-13,13000000,2002,444,0.46,564
Color,46,103,80,782,1000,10411980,22649,4676,0,212,English,USA,PG,15000000,2004,872,0.59,1000
Color,109,107,91,112,969,18090181,38191,1775,0,271,English,USA,R,8000000,1994,449,0.64,7000
Color,48,99,220,599,812,1227324,6921,3337,3,48,English,USA,R,12500000,1996,787,0.66,344
Color,486,101,91,726,13000,4000304,145395,15230,0,375,English,UK,NC-17,6500000,2011,898,0.73,23000
Color,130,97,272,957,22000,43022524,67604,29252,0,218,English,USA,R,15000000,1997,4000,0.71,12000
Color,99,85,91,849,1000,2199853,19986,4289,1,186,English,USA,R,1200000,1999,1000,0.66,7000
Color,185,138,438,173,12000,130727000,887467,13184,0,916,English,USA,R,19000000,1991,826,0.86,40000
Color,218,103,11,543,2000,80021740,47968,5497,4,154,English,USA,PG,58000000,2015,1000,0.64,35000
Color,66,95,8,399,529,17580,1268,2749,3,23,English,USA,R,1500000,2009,423,0.62,195
Color,161,90,12,587,786,35033759,55008,2462,4,93,English,USA,R,19000000,2011,651,0.63,21000
Color,45,96,37,542,801,81200000,87739,3113,0,133,English,USA,R,4500000,1984,760,0.67,7000
Color,328,192,91,416,5000,377019252,1215718,6434,2,3189,English,USA,PG-13,94000000,2003,857,0.89,16000
Color,160,107,91,255,798,14637490,16411,2537,2,136,English,USA,R,25000000,2010,374,0.48,7000
Color,98,87,9,1000,15000,33643461,11257,20061,0,65,English,USA,PG,50000000,2010,2000,0.42,7000
Color,127,90,420,141,191,226138454,160440,664,2,394,English,USA,PG-13,90000000,2001,165,0.66,7000
Color,25,106,323,429,472,45500797,17443,519,2,56,English,USA,PG-13,40000000,1992,47,0.6,694
Color,146,110,9,95,485,56932305,96690,939,2,293,English,USA,PG-13,55000000,2000,110,0.66,7000
Color,208,102,234,11000,20000,21557240,85237,45202,3,274,English,USA,R,49900000,2011,11000,0.56,18000
Color,45,114,73,563,695,15100000,22797,3444,1,96,English,USA,R,15000000,1984,654,0.6,7000
Color,146,135,91,715,3000,29077547,41685,5917,1,754,English,USA,PG-13,40000000,2005,1000,0.7,3000
Color,57,123,36,631,10000,32051917,42315,12338,0,140,English,USA,R,20000000,1995,1000,0.66,7000
Color,82,89,10,442,2000,50802661,58300,3372,1,139,English,USA,PG,95000000,2000,919,0.69,7000
Color,481,102,338,60,1000,4105123,148221,1445,0,316,Indonesian,Indonesia,R,1100000,2011,342,0.76,51000
Color,17,85,91,924,49000,7826,132,54484,10,2,English,USA,R,1200000,2007,931,0.62,87
Color,599,153,464,963,15000,262030663,451803,28489,0,1225,English,USA,PG-13,230000000,2012,10000,0.7,56000
Color,436,123,258,326,16000,116593191,223393,17657,2,550,English,USA,PG-13,200000000,2011,368,0.56,24000
Color,30,119,5,12,29,4958,9689,86,2,23,English,South Africa,R,2000000,2008,18,0.78,1000
Color,147,93,189,38,1000,82226474,65499,1267,0,424,English,USA,PG,65000000,2006,177,0.56,7000
Color,158,96,31,328,804,3590010,20885,3013,0,60,English,UK,R,2000000,2015,625,0.61,7000
Color,31,77,3,593,787,7382993,3851,2185,0,114,English,USA,G,20000000,2006,690,0.28,346
Color,40,98,7,17,289,95016,11074,362,0,56,German,Germany,R,2700000,2004,38,0.74,442
Color,68,88,34,445,642,78656813,42765,2501,0,93,English,USA,PG,25000000,1991,533,0.6,7000
Color,118,91,39,562,1000,55747724,18042,3104,1,73,English,USA,PG,55000000,2013,591,0.59,7000
Color,116,186,50,338,13000,46495,12053,14638,1,119,English,USA,R,14000000,2011,1000,0.65,7000
Color,68,98,36,405,10000,117190,29994,11770,4,86,English,UK,PG-13,8000000,2010,692,0.69,7000
Color,50,107,58,316,549,44726644,42614,1747,5,120,English,USA,R,13000000,1988,439,0.68,7000
Color,151,91,244,244,538,3885134,31130,1349,0,243,English,USA,R,2000000,2005,363,0.74,7000
Color,723,178,91,855,1000,760505847,886204,4834,0,3054,English,USA,PG-13,237000000,2009,936,0.79,33000
Color,132,101,17,429,35000,34017854,51326,36892,4,116,English,USA,PG-13,8500000,2015,966,0.65,8000
Color,163,101,16,472,943,6350058,106098,2786,3,150,English,USA,PG-13,8000000,2010,769,0.72,20000
Color,138,107,209,357,2000,42385520,47297,4059,0,86,English,USA,PG-13,30000000,2010,594,0.62,16000
Color,28,91,91,170,472,12055,739,1047,2,10,English,USA,PG-13,500000,2007,185,0.65,339
Color,123,119,91,188,22000,76270454,219008,22767,1,418,English,USA,R,25000000,1987,371,0.79,7000
Color,140,97,131,62,23000,21973182,53415,23242,2,339,English,USA,R,23000000,2001,81,0.66,7000
Color,183,125,541,409,920,107285004,189855,2699,3,1018,English,USA,PG-13,125000000,1997,890,0.37,7000
Color,335,129,91,385,12000,49874933,161168,13573,4,287,English,USA,R,26000000,2013,412,0.65,43000
Color,49,117,138,416,908,134904,2395,3204,9,17,English,USA,R,25000000,2010,581,0.57,636
Color,135,90,5,297,449,25926543,26609,1534,1,148,English,USA,PG-13,8000000,2008,332,0.52,7000
Color,111,93,16,258,567,4919896,21530,1775,1,159,English,UK,R,13000000,2001,326,0.61,618
Black and White,174,165,91,780,10000,58183966,79186,14196,1,386,English,USA,R,107000000,2001,851,0.68,7000
Color,138,113,319,48,1000,4717455,18632,1171,0,354,English,Australia,R,12000000,2003,65,0.53,656
Color,264,92,30,309,941,49122319,47169,2348,0,162,English,USA,PG-13,14000000,2012,459,0.59,17000
Color,470,122,14000,1000,11000,317011114,333847,14959,2,2054,English,USA,PG-13,185000000,2008,1000,0.62,5000
Color,55,109,78,619,854,33000000,9424,3394,1,109,English,USA,PG-13,10000000,1985,841,0.69,7000
Color,125,121,91,244,989,16311763,50656,2365,1,416,English,UK,R,17000000,1998,888,0.75,7000
Color,100,126,226,241,12000,34098563,27191,13406,1,232,English,USA,R,55000000,1999,509,0.65,7000
Color,241,81,91,836,12000,22245861,143251,25489,0,710,English,USA,R,19000000,2002,11000,0.77,7000
Color,66,95,31,683,3000,4411102,20295,6161,1,164,English,USA,PG-13,100000000,2002,695,0.38,416
Color,105,109,277,345,2000,3517797,9004,2759,0,103,English,France,R,25000000,2002,378,0.66,287
Color,37,127,16,399,565,35422828,19126,1735,1,155,English,USA,PG,20000000,1997,441,0.67,7000
Color,94,109,88,571,611,123307945,39391,2818,1,171,English,USA,PG-13,65000000,2000,592,0.43,374
Color,159,105,56,22,898,53021560,74630,1026,1,156,English,USA,PG,30000000,2010,60,0.65,13000
Color,25,101,91,83,240,10696,10771,490,8,65,English,USA,R,6800000,2003,83,0.64,413
Color,34,94,36,507,13000,13801755,23928,15183,1,100,English,USA,PG,20000000,1997,828,0.66,7000
Color,110,114,52,539,12000,78745923,94407,13905,1,322,English,Germany,PG-13,55000000,1998,702,0.67,7000
Color,141,124,130,841,4000,78120196,103241,6181,0,742,English,USA,R,75000000,2002,973,0.71,5000
Color,113,129,51,89,427,44469602,23480,952,0,83,English,USA,PG,17000000,2015,234,0.74,21000
Color,69,86,89,511,986,17314483,14621,4073,2,48,English,USA,R,4000000,2014,713,0.47,7000
Color,78,120,2,80,809,634277,5166,1651,1,27,French,France,PG-13,16000000,2007,521,0.73,815
Color,82,86,8,357,2000,5518918,12160,3071,0,73,English,USA,R,750000,2007,424,0.69,307
Color,42,91,23,629,925,10443316,7159,2913,2,88,English,USA,PG-13,15000000,1998,660,0.5,247
Color,92,236,91,232,933,184208848,186485,2398,1,382,English,USA,PG-13,22000000,1990,839,0.8,7000
Color,114,115,73,505,11000,41543207,30077,15571,1,175,English,USA,PG-13,42000000,2002,3000,0.63,893
Color,109,95,91,429,227,1060591,9750,231,0,66,Arabic,France,PG,1300000,2007,4,0.72,7000
Color,159,101,365,14,237,8025872,19234,302,3,258,English,USA,NC-17,4700000,1986,28,0.55,7000
Color,56,154,521,957,10000,158348400,88844,14244,0,142,English,USA,R,42000000,1993,1000,0.68,7000
Color,131,106,212,389,578,59068786,86902,2544,2,411,English,USA,PG-13,40000000,2001,563,0.64,7000
Color,24,101,31,448,690,6448817,2189,1993,0,31,English,USA,PG,35000000,1997,457,0.46,7000
Color,31,104,10,196,507,143653,1177,1281,0,10,English,UK,PG-13,4000000,2014,236,0.6,7000
Color,143,80,40,375,3000,100169068,16385,4394,0,100,English,USA,PG,80000000,2010,642,0.46,7000
Color,140,89,19,349,526,46363118,25960,1383,0,389,English,USA,PG-13,20000000,2005,392,0.41,1000
Color,183,89,10,704,852,50820940,31915,5056,0,159,English,USA,PG-13,5000000,2014,707,0.44,18000
Color,39,97,5,349,1000,2557668,3911,2739,1,22,English,USA,PG-13,2000000,2015,426,0.53,7000
Color,60,107,71,304,967,80000000,51459,1962,0,113,English,USA,PG,8200000,1984,455,0.65,7000
Color,285,100,91,389,640,7186670,21468,2082,0,164,English,USA,R,6000000,2013,550,0.54,12000
Color,140,100,126,925,19000,47000485,72867,25206,2,120,English,USA,PG-13,75000000,2010,1000,0.54,7000
Color,117,128,88,954,989,37432299,50041,3386,0,116,English,USA,PG-13,34000000,2015,970,0.71,23000
Color,52,89,91,405,555,13235267,12339,1752,2,32,English,USA,PG,6000000,2007,484,0.29,256
Color,104,96,11000,223,11000,10569071,35586,11867,2,131,English,USA,R,20000000,1997,474,0.74,7000
Color,61,114,357,366,13000,32885565,53132,25126,0,101,English,USA,PG-13,80000000,1996,10000,0.58,7000
Color,52,106,167,676,966,65182182,15310,4830,8,38,English,USA,PG-13,24000000,2014,807,0.57,3000
Color,102,107,368,1000,2000,100685880,100821,4046,0,554,English,USA,PG-13,120000000,2003,1000,0.48,7000
Color,103,90,6,458,1000,31585300,38248,2666,0,250,English,USA,PG-13,15000000,2005,650,0.61,7000
Color,66,109,200,1000,21000,336456,7116,41645,2,79,English,USA,R,8000000,2003,18000,0.56,494
Color,177,92,89,190,17000,55291815,28041,17860,0,111,English,USA,R,35000000,2016,329,0.6,7000
Black and White,127,105,386,248,3000,6390032,24977,4238,2,229,English,USA,R,3500000,1998,258,0.75,7000
Color,46,89,373,27,36,925402,27882,100,0,130,Persian,Iran,PG,180000,1997,35,0.85,7000
Color,72,86,94,146,693,333976,12559,1373,0,90,English,USA,R,12000000,2002,534,0.64,423
Color,9,105,28,131,426,123777,342,1043,0,15,English,Canada,PG-13,3500000,2016,294,0.47,7000
Color,392,156,91,4000,24000,336530303,383056,46055,0,1902,English,USA,PG-13,258000000,2007,11000,0.62,7000
Color,324,110,91,11000,17000,113709992,108843,46646,1,281,English,USA,R,7000000,2012,15000,0.61,54000
Color,17,83,3,421,16000,126247,24958,17469,0,103,English,USA,PG,6200000,1994,542,0.33,321
Color,226,117,91,818,15000,104054514,200359,16828,0,1009,English,USA,R,80000000,2002,1000,0.77,7000
Color,161,106,34,466,3000,17281832,60232,5329,3,110,English,Germany,PG,60000000,2008,1000,0.61,7000
Color,139,103,91,504,629,42365600,45890,2730,0,177,English,UK,PG,5000000,1981,561,0.7,7000
Color,153,102,22,816,1000,38087366,113918,4065,2,165,English,USA,R,12000000,2008,954,0.66,7000
Color,75,88,5,338,11000,6471394,15880,11972,5,93,English,USA,PG-13,50000000,2004,387,0.49,288
Color,198,92,394,527,693,181166115,219501,2574,0,1236,English,USA,PG-13,93000000,2001,595,0.59,7000
Color,108,90,29,650,22000,87856565,106909,24534,1,268,English,USA,PG-13,42000000,2004,923,0.59,7000
Color,361,121,175,221,963,43247140,134625,2131,0,265,English,UK,PG-13,55000000,2015,580,0.71,40000
Color,148,96,11,150,805,16027866,26767,1411,0,121,English,France,PG-13,25000000,2015,173,0.51,7000
Color,183,107,737,678,6000,12784713,56813,8094,11,381,English,USA,R,22000000,2004,718,0.67,7000
Color,117,131,53,548,14000,3752725,29715,16252,3,161,English,USA,R,18000000,2004,871,0.71,7000
Color,117,136,138,9000,18000,60984028,259519,45271,2,431,English,USA,R,57000000,1997,14000,0.75,11000
Color,362,116,91,104,15000,45434443,175960,15735,2,360,English,USA,PG-13,75000000,2015,509,0.73,43000
Color,106,102,43,280,308,24044532,19686,1440,0,180,English,USA,R,38000000,2001,285,0.56,689
Color,329,138,282,687,21000,292000866,355137,33433,3,1108,English,UK,PG-13,150000000,2007,11000,0.75,7000
Color,216,81,541,328,991,46563158,207934,2562,0,629,English,USA,R,13000000,2002,465,0.71,7000
Color,131,122,151,11000,24000,9664316,47203,50950,2,197,English,USA,R,27500000,2007,15000,0.68,7000
Color,272,143,285,7000,11000,2175312,131227,28176,2,346,English,USA,PG-13,50000000,2013,8000,0.63,41000
Color,61,94,122,617,1000,121697350,114610,4263,2,176,English,USA,PG-13,20000000,1992,619,0.7,7000
Color,92,97,956,99,20000,27338033,19709,20798,3,167,English,USA,PG-13,23000000,2001,551,0.61,7000
Color,248,91,263,192,967,2221809,40618,1582,0,144,English,USA,PG-13,5000000,2010,289,0.7,7000
Color,169,103,2,226,2000,9013113,36321,3192,2,230,English,USA,R,1000000,2005,508,0.74,7000
Color,417,111,456,21,157,40247512,159198,257,0,438,English,USA,PG-13,30000000,2011,33,0.68,38000
Color,673,142,378,575,34000,407999255,701607,49942,0,1959,English,USA,PG-13,78000000,2012,14000,0.73,140000
Color,97,108,79,25,900,60054449,61018,1715,0,140,English,USA,R,35000000,1995,759,0.58,7000
Color,98,103,80,585,806,17324744,44103,3211,3,149,English,USA,PG-13,28000000,2006,591,0.53,7000
Color,103,112,109,261,779,56607223,93367,1823,8,497,English,Canada,PG-13,48000000,2001,629,0.64,7000
Color,177,100,11,561,23000,20285518,32103,25387,2,112,English,France,PG-13,28000000,2014,727,0.57,7000
Color,121,82,82,418,1000,25871834,52052,3266,6,173,English,USA,PG-13,35000000,2008,642,0.45,7000
Color,159,140,2000,552,15000,172071312,208817,17171,0,296,English,USA,PG,62000000,1995,968,0.76,5000
Color,43,81,54,636,8000,30628981,15047,10792,1,160,English,USA,PG-13,14000000,1999,670,0.5,2000
Color,248,206,91,591,12000,34293771,138863,24598,3,1390,English,Germany,R,155000000,2004,11000,0.55,7000
Color,218,86,9,32,120,12555230,18566,218,0,154,English,France,R,2000000,2011,44,0.53,7000
Color,280,122,91,407,12000,1697956,64944,13809,2,212,English,USA,R,20000000,2009,463,0.67,6000
Color,308,121,91,918,21000,110416702,307539,23484,3,577,English,USA,R,92000000,2008,1000,0.7,7000
Color,47,108,2,30,772,11703287,4360,1058,3,148,English,USA,PG-13,10000000,2005,232,0.7,1000
Color,66,92,226,580,1000,21088568,16646,3931,1,104,English,USA,R,13000000,1995,851,0.67,7000
Color,129,97,70,512,2000,110222438,96693,3984,2,271,English,USA,PG,26000000,2003,528,0.61,7000
Color,164,99,192,282,347,21133087,62468,1254,0,374,English,USA,R,12000000,1999,301,0.7,7000
Color,21,76,91,62,991,212285,1727,1661,1,21,English,Australia,R,250000,1996,575,0.64,46
Color,364,128,151,852,1000,52066000,61114,3869,0,212,English,UK,PG-13,20000000,2014,1000,0.75,22000
Color,72,101,545,545,1000,70360285,81783,3816,0,283,English,USA,PG-13,18000000,1995,1000,0.58,7000
Color,140,85,91,490,21000,66365290,56874,22458,2,358,English,USA,PG-13,55000000,1999,860,0.64,7000
Color,334,108,480,706,14000,277313371,583341,17623,3,626,English,USA,R,35000000,2009,839,0.78,24000
Color,151,103,189,766,3000,7948159,48999,6563,1,280,English,USA,R,35000000,2008,967,0.6,7000
Color,285,143,91,51,11000,34300771,243799,11248,3,908,English,France,R,25000000,2006,119,0.75,7000
Color,181,101,8,110,544,27758465,77987,1292,2,120,English,USA,PG-13,19000000,2010,449,0.61,7000
Color,238,109,87,923,15000,55802754,270228,20956,2,194,English,USA,R,35000000,2011,3000,0.66,41000
Color,29,94,23,148,400,79817937,39798,1044,1,69,English,USA,PG-13,25000000,1986,255,0.59,7000
Color,94,147,91,877,10000,138396624,178126,12954,1,511,English,USA,R,130000000,2003,898,0.66,7000
Color,82,93,78,197,536,200803,7988,1467,3,71,English,USA,R,3000000,2012,317,0.53,7000
Color,133,93,187,158,631,197148,18109,1176,0,150,English,UK,R,7500000,2003,163,0.63,7000
Color,318,106,91,482,852,83574831,109214,2975,0,269,English,USA,PG-13,5000000,2013,618,0.66,35000
Color,166,99,57,820,20000,69772969,155532,25942,4,543,English,USA,R,80000000,2001,3000,0.65,7000
Color,131,94,383,886,13000,22751979,52244,15857,0,377,English,USA,PG,75000000,2000,1000,0.66,7000
Color,209,129,438,502,18000,65948711,86422,20056,1,363,English,USA,R,80000000,2004,1000,0.66,7000
Color,110,108,480,579,970,17803796,26100,4374,1,97,English,USA,PG-13,20000000,2006,931,0.59,484
Color,331,105,58,583,11000,29959436,82327,12894,1,350,English,UK,PG-13,13000000,2011,1000,0.64,18000
Color,49,101,3,826,14000,1631839,5936,17665,0,91,English,USA,R,10000000,2000,1000,0.57,242
Color,34,86,7,795,10000,22717758,11156,14275,0,67,English,USA,G,40000000,1998,908,0.62,7000
Color,140,154,16000,889,22000,39647595,239540,25522,5,462,English,USA,R,12000000,1997,1000,0.75,7000
Color,250,92,91,773,12000,289907418,585659,15013,0,593,English,USA,G,115000000,2001,1000,0.81,7000
Color,52,100,365,225,425,4884663,5187,1661,0,64,English,USA,PG,12000000,1986,394,0.55,902
Color,209,178,138,748,904,75305995,110394,5074,0,433,English,USA,PG-13,40000000,2004,876,0.77,7000
Color,55,115,293,878,49000,135014968,80580,74382,1,375,English,USA,PG-13,50000000,1998,22000,0.67,7000
Color,126,110,42,111,355,14589444,171151,911,2,513,English,USA,R,25000000,2004,155,0.68,7000
Color,97,108,72,559,982,127214072,83786,4251,1,392,English,USA,PG-13,38000000,2002,935,0.61,7000
Color,214,108,218,405,6000,9528092,38513,10191,2,127,English,USA,PG-13,22000000,2010,3000,0.68,9000
Color,23,95,2,807,927,4006906,3229,4990,7,20,English,USA,PG-13,15000000,2005,912,0.41,83
Color,189,94,70,497,1000,68218041,67191,2820,1,108,English,USA,PG,55000000,2011,549,0.6,14000
Color,279,89,33,118,470,12843,27297,1233,0,131,English,France,R,6000000,2012,378,0.61,7000
Color,167,113,101,913,14000,91188905,58184,17786,0,805,English,USA,PG-13,80000000,1999,960,0.49,7000
Color,78,111,62,6,89,94596,6318,115,0,50,Japanese,Japan,R,1000000,1997,13,0.74,817
Color,217,98,91,374,925,9430988,45992,1997,2,115,English,USA,R,17000000,2009,472,0.71,7000
Color,56,124,179,551,11000,8406264,24826,13093,3,175,English,USA,R,38000000,1999,617,0.6,783
Color,117,133,46,275,683,34667015,74009,2371,0,317,English,UK,PG-13,32000000,1989,349,0.66,7000
Color,31,91,18,597,954,119841,2419,3901,1,55,English,USA,PG,1500000,2002,767,0.65,304
Color,67,98,11000,967,1000,13383737,29385,4302,4,86,English,USA,R,20000000,1994,979,0.75,979
Color,156,87,21,416,4000,418268,37156,8353,3,129,English,USA,R,3000000,2012,3000,0.53,7000
Color,323,106,450,712,14000,20803237,110616,18645,1,291,English,USA,R,3500000,2010,3000,0.71,16000
Black and White,153,121,31,43,65,4063859,114407,200,2,225,German,Germany,R,4800000,2003,51,0.77,11000
Color,351,122,209,934,17000,122512052,146352,31958,6,288,English,USA,PG-13,130000000,2013,12000,0.58,42000
Color,349,167,473,303,559,161029270,119928,2702,0,331,English,USA,R,28000000,2015,427,0.79,76000
Black and White,198,97,176,10000,12000,45089048,86251,36064,3,260,English,South Africa,PG-13,25000000,2014,11000,0.65,58000
Color,247,109,545,727,886,80281096,143628,3222,0,1283,English,USA,PG-13,60000000,2004,766,0.56,7000
Color,321,125,252,10000,40000,127997349,101178,62837,1,779,English,USA,PG,50000000,2014,11000,0.6,90000
Color,166,143,380,452,29000,57366262,400292,33160,0,657,English,Germany,R,100000000,2006,3000,0.8,14000
Color,440,107,14000,845,2000,77564037,177383,4631,1,447,English,USA,PG,135000000,2011,871,0.74,44000
Color,412,101,212,476,13000,67344392,165618,15481,2,503,English,USA,R,92000000,2013,787,0.53,66000
Color,97,125,91,957,10000,48154732,60326,15569,1,142,English,USA,R,50000000,1997,2000,0.58,2000
Color,9,107,58,324,699,305070,3843,1592,1,25,English,USA,R,20000000,1994,533,0.64,399
Color,58,87,29,522,1000,6563357,18571,4218,4,120,English,USA,R,20000000,2008,794,0.53,847
Color,94,119,7,903,18000,25178165,70292,29484,1,274,English,USA,PG-13,40000000,2001,9000,0.67,8000
Color,125,99,15,61,12000,15279680,48245,12166,1,154,English,USA,R,40000000,2008,68,0.54,7000
Color,376,98,607,251,11000,1987762,59297,11853,0,216,English,USA,R,11000000,2011,414,0.67,12000
Color,81,86,92,466,744,38230435,29661,3001,3,179,English,USA,PG-13,25000000,2002,489,0.58,7000
Color,300,107,45,271,24000,16204793,92712,24805,1,294,English,USA,R,16000000,2009,396,0.51,6000
Color,18,86,132,584,778,1277257,2629,2400,2,32,English,UK,R,1000000,1996,695,0.68,227
Color,64,112,309,15,27,57504069,94139,106,2,183,English,USA,R,6000000,1991,26,0.78,7000
Color,474,128,310,77,745,44988180,195333,1058,2,409,English,USA,R,20000000,2015,168,0.81,80000
Color,162,95,24,874,16000,65804,32512,27575,1,86,English,USA,R,12000000,2012,10000,0.63,7000
Color,288,122,909,282,503,119078393,113152,1448,0,1416,English,USA,R,6000000,2004,328,0.75,7000
Color,323,109,304,736,940,47536959,86955,3277,0,275,English,USA,R,10000000,2009,906,0.73,12000
Color,112,98,80,399,567,8662318,15033,2016,1,75,English,USA,PG-13,17000000,2009,503,0.59,7000
Color,97,94,23,582,2000,30222640,36666,4868,2,144,English,USA,PG-13,25000000,2003,1000,0.53,7000
Color,142,108,6,1000,3000,145096820,200260,7872,0,431,English,USA,R,30000000,2001,1000,0.64,7000
Color,53,123,226,796,3000,104632573,63839,5975,1,118,English,USA,PG,32000000,1996,941,0.64,7000
Color,488,93,56,838,2000,237282182,273556,5005,0,428,English,USA,PG,185000000,2012,1000,0.72,39000
Color,40,95,10,111,706,25482931,9693,1421,2,33,English,USA,R,14000000,2002,266,0.57,530
Color,97,96,221,110,240,19351569,33287,664,1,201,English,USA,PG-13,22000000,2001,226,0.59,739
Color,304,113,171,63,430,39568996,138435,814,0,527,English,USA,R,32000000,2007,72,0.66,7000
Color,16,95,14,221,284,15278,1742,1185,1,158,English,USA,PG,825000,2002,234,0.56,409
Color,175,98,188,602,10000,250147615,403014,12998,0,289,English,USA,PG-13,90000000,1997,826,0.73,7000
Color,301,100,475,799,1000,380838870,692482,5641,0,866,English,USA,G,94000000,2003,939,0.82,11000
Color,191,98,38,706,14000,50740078,151580,16791,1,672,English,Germany,R,45000000,2004,919,0.62,7000
Color,89,77,25,16,304,45542421,13319,575,0,53,English,USA,G,30000000,2000,253,0.63,347
Color,33,93,14,199,1000,29247405,28377,2176,1,261,English,UK,PG,25000000,1997,401,0.33,7000
Color,81,97,152,135,674,7282851,9502,1395,1,100,English,USA,R,3000000,1988,174,0.65,812
Black and White,55,128,34,685,978,22326247,11232,3821,1,106,English,USA,PG-13,60000000,1999,886,0.59,7000
Color,181,107,162,135,2000,15854988,36542,2447,2,378,English,USA,PG-13,13500000,2002,258,0.74,7000
Black and White,128,123,278,898,4000,25776062,61651,7072,0,271,English,USA,R,12000000,2002,1000,0.74,7000
Color,47,118,150,182,24000,17305211,14066,24547,0,75,English,USA,R,38000000,1996,210,0.61,352
Color,51,107,48,940,1000,12372410,11709,4971,1,101,English,USA,PG-13,24000000,2000,957,0.53,650
Color,105,125,159,39,3000,18306166,28130,3142,2,215,English,UK,PG-13,35000000,2002,61,0.65,7000
Color,3,100,10,107,655,118666,91,1064,7,3,English,USA,R,2500000,2006,157,0.66,144
Color,79,107,34,472,11000,7564000,54650,13821,1,223,English,USA,PG-13,20000000,1995,922,0.62,12000
Color,20,119,23,748,25000,21413105,15230,45841,1,97,English,Australia,PG-13,20000000,1990,19000,0.68,7000
Color,207,98,326,416,21000,59588068,89557,22318,1,376,English,USA,R,40000000,2003,534,0.58,7000
Color,50,100,12000,605,936,153665036,84824,4121,1,95,English,USA,R,28000000,1987,901,0.64,7000
Color,49,107,124,572,636,14375181,8692,3374,2,126,English,USA,PG-13,51000000,1987,631,0.42,754
Color,140,136,394,1000,24000,67286731,67856,36925,1,345,English,USA,PG-13,100000000,2004,10000,0.67,7000
Color,349,100,91,894,10000,60522097,158720,14168,0,744,English,USA,PG-13,130000000,2013,943,0.49,37000
Color,124,114,73,323,18000,40905277,45895,19739,3,157,English,USA,R,50000000,2003,886,0.65,1000
Color,11,106,15,429,2,1111,771,2,0,10,English,USA,PG-13,200000,2006,664,0.77,246
Color,151,128,14000,232,15000,77032279,303864,16199,0,596,English,USA,PG-13,60000000,2004,466,0.73,16000
Color,90,102,277,57,327,10660147,17740,672,0,165,English,UK,R,23000000,1999,261,0.72,7000
Color,284,142,91,4000,20000,310675583,464310,42990,3,3516,English,USA,PG,115000000,2002,16000,0.67,7000
Color,185,118,22000,319,14000,67263182,218771,15658,0,651,English,USA,R,46000000,2002,509,0.72,7000
Color,280,109,84,191,648,150350192,305340,1769,0,1676,English,USA,R,200000000,2003,284,0.64,7000
Color,452,98,129,7,303,66359959,184641,337,0,326,English,USA,PG-13,35000000,2013,18,0.69,81000
Color,355,119,91,968,40000,23014504,172707,54031,1,462,English,UK,PG-13,100000000,2014,11000,0.63,37000
Color,49,96,6,14,40,792966,4663,99,2,40,English,USA,R,2300000,1989,30,0.51,321
Color,74,129,776,256,25000,186354,1758,26176,0,30,English,USA,R,13500000,2015,463,0.45,7000
Color,79,111,17,652,13000,32940507,54314,16536,1,127,English,USA,R,60000000,1998,968,0.61,7000
Color,38,103,27,59,71,206400,1439,262,0,26,French,France,R,50000000,2001,59,0.69,26
Color,94,95,58,3000,14000,52580895,30255,27351,1,118,English,USA,PG,45000000,2005,8000,0.56,743
Color,21,98,70,90,876,1953732,4996,1351,0,62,English,USA,R,15000000,1986,324,0.53,843
Color,288,102,126,517,23000,15047419,357275,25462,1,1061,English,USA,R,7000000,2000,1000,0.76,18000
Color,315,151,21000,637,11000,37023395,1347461,13209,2,2968,English,USA,R,63000000,1999,783,0.88,48000
Color,276,115,13000,588,40000,206456431,320284,57844,3,1361,English,USA,PG,150000000,2005,16000,0.67,7000
Color,41,90,116,303,594,1602466,9673,1836,0,106,English,India,R,600000000,2010,412,0.6,7000
Color,68,121,503,94,808,144731527,128010,1446,2,136,English,USA,R,35000000,1992,277,0.67,7000
Color,306,98,275,1000,7000,368049635,286877,11905,0,284,English,USA,PG,76000000,2013,2000,0.75,56000
Color,221,106,34,683,11000,1939441,55567,23187,1,144,English,USA,R,10000000,2012,11000,0.69,20000
Color,44,96,4,670,989,10494147,7403,3142,1,162,English,USA,PG-13,15000000,2000,841,0.51,648
Color,682,126,17000,1000,17000,73820094,245333,36017,0,678,English,USA,PG,170000000,2011,16000,0.75,42000
Color,212,107,50,58,293,30993544,58871,621,0,156,English,USA,PG-13,40000000,2010,117,0.65,7000
Color,76,120,930,433,982,349618,4302,2942,1,45,English,Italy,R,9000000,1990,602,0.61,375
Black and White,45,99,28,223,18000,4600000,11763,19649,2,111,English,USA,R,1900000,1986,1000,0.71,7000
Color,47,98,12,149,393,795126,4976,955,1,52,English,Canada,PG-13,6000000,2004,259,0.76,989
Color,113,98,969,433,969,389804,11816,2530,0,35,English,USA,R,65000,2010,529,0.63,7000
Color,334,104,420,560,20000,234360014,383427,21714,0,1912,English,Canada,PG-13,210000000,2006,808,0.68,7000
Color,337,103,12,4,29,252652,54104,44,0,199,Norwegian,Norway,PG-13,19900000,2010,4,0.7,38000
Color,104,108,105,616,22000,22433915,21319,34377,1,166,English,USA,R,60000000,2002,11000,0.62,416
Color,150,107,309,771,23000,127083765,191912,25296,5,370,English,USA,PG-13,76000000,2003,787,0.59,7000
Black and White,274,113,22000,379,716,25530884,845580,1997,0,2067,English,USA,R,9000000,2000,651,0.85,40000
Color,195,112,91,383,12000,11204499,38142,13528,0,270,English,USA,R,14000000,2006,593,0.7,7000
Color,181,96,47,3000,14000,82234139,110390,28071,3,522,English,USA,PG,17000000,2007,11000,0.72,6000
Color,28,106,19,429,844,64148,2601,846,0,35,English,UK,R,6500000,2000,2,0.73,260
Color,119,122,98,397,729,6601079,17436,2321,1,276,English,UK,PG-13,7000000,2004,579,0.62,7000
Color,50,91,23,660,4000,96793,12188,6380,3,135,English,USA,PG-13,3500000,2004,756,0.53,1000
Color,260,132,241,151,27000,1865774,87682,27659,2,174,English,UK,R,30000000,2015,154,0.7,43000
Color,109,122,845,854,18000,76261036,305929,22370,2,633,English,USA,R,45000000,2001,881,0.77,7000
Color,85,81,16,387,541,30105968,8860,2268,0,45,English,USA,G,37000000,2008,521,0.45,279
Color,204,108,91,487,2000,81257845,210680,4403,1,479,English,USA,PG-13,35000000,2003,931,0.71,7000
Color,390,116,198,884,17000,12134420,92237,20258,0,366,English,UK,R,20000000,2010,1000,0.72,25000
Color,98,178,102,551,12000,44606335,169023,23950,0,703,English,USA,PG-13,90000000,1998,11000,0.71,10000
Color,20,139,133,5,423,2474000,2427,446,1,27,English,France,PG-13,14000000,1995,15,0.57,127
Color,462,95,43,259,11000,54322273,139749,11946,0,509,English,UK,PG-13,17000000,2012,326,0.64,29000
Color,265,109,175,459,18000,75573300,156898,20148,1,172,English,USA,R,61000000,2013,497,0.67,22000
Color,197,101,119,429,334,12995673,52286,338,1,345,English,USA,R,2500000,2008,4,0.77,24000
Color,293,112,133,365,11000,6105175,247020,12239,4,835,English,USA,R,44000000,2014,392,0.66,50000
Color,135,105,125,2000,18000,13101142,23916,23122,5,50,English,USA,PG-13,35000000,2012,2000,0.57,7000
Color,96,131,108,58,23000,25528495,28099,23325,2,220,English,UK,R,57000000,2001,243,0.59,7000
Color,78,90,26,350,797,303439,12125,2073,2,78,English,USA,R,8000000,2007,474,0.64,1000
Color,169,131,91,658,8000,125548685,135246,10003,0,498,English,USA,R,52000000,2000,883,0.73,7000
Color,94,130,63,2,24,9473382,26832,29,3,247,French,Canada,R,10000000,1998,3,0.77,7000
Color,153,92,35,179,19000,83348920,60230,19963,0,118,English,USA,PG,132000000,2014,411,0.67,11000
Color,279,90,57,92,1000,258113,42678,1528,0,135,English,USA,R,1066167,2013,235,0.71,7000
Color,192,146,17000,635,22000,46836394,728685,24783,3,989,English,USA,R,25000000,1990,854,0.87,25000
Color,72,93,84,263,551,50129186,38399,1874,0,218,English,USA,R,36000000,1997,284,0.69,7000
Color,162,90,663,521,14000,23159305,128455,16358,1,514,English,USA,PG,70000000,1999,631,0.8,7000
Color,283,139,91,19,708,50859889,236000,848,0,1043,Maya,USA,R,40000000,2006,78,0.78,14000
Color,235,109,226,370,12000,63143812,124185,13388,0,238,English,USA,PG,150000000,2010,418,0.61,11000
Color,34,99,2,455,1000,1889522,1119,2589,2,12,English,USA,G,7000000,2009,690,0.65,797
Color,110,127,11000,116,306,301305,31414,796,0,180,Bosnian,USA,R,13000000,2011,164,0.43,7000
Color,111,115,272,1000,49000,37442180,28005,52571,1,236,English,USA,PG-13,20000000,2006,2000,0.62,7000
Color,75,84,42,182,436,55762229,47383,1203,1,132,English,USA,PG-13,22000000,2001,241,0.48,1000
Color,22,90,91,617,806,100503,7759,3124,2,20,English,USA,R,8000000,2009,690,0.59,1000
Color,178,116,84,563,11000,77086030,65297,14931,0,602,English,France,PG-13,62000000,2000,919,0.66,7000
Color,127,100,122,83,210,373967,43839,469,0,481,English,USA,R,1500000,2001,148,0.65,7000
Color,144,89,406,759,989,10824921,200293,3462,0,621,English,USA,R,10000000,1999,939,0.78,16000
Color,262,125,91,210,15000,62647540,143525,15850,0,657,English,Germany,R,70000000,2005,383,0.71,7000
Color,249,134,16000,235,880,47034272,25465,2281,1,190,English,USA,R,40000000,2014,413,0.69,16000
Color,298,109,90,344,1000,19692608,63548,2073,3,134,English,USA,R,35000000,2013,412,0.62,7000
Color,119,102,167,655,2000,90835030,28621,5178,0,58,English,USA,PG-13,40000000,2016,874,0.59,7000
Color,75,112,58,42,552,712294,9408,859,1,68,English,USA,R,1500000,2005,265,0.67,608
Color,186,114,91,110,142,31199215,27664,589,8,120,English,USA,PG-13,58000000,2008,117,0.6,472
Color,97,95,189,306,500,56127162,57479,2020,2,205,English,USA,PG-13,18000000,2003,308,0.54,7000
Color,164,101,326,510,14000,22531698,81523,15990,0,214,English,France,PG-13,70000000,2008,844,0.56,7000
Color,94,114,44,7,827,1221261,38215,856,0,125,Spanish,Argentina,R,1500000,2000,22,0.79,7000
Color,153,139,91,648,3000,58328680,54096,5458,0,494,English,USA,R,22000000,2003,693,0.75,7000
Color,220,95,53,478,8000,6851969,105591,10040,1,178,English,USA,R,2500000,2013,1000,0.71,10000
Color,62,100,277,210,21000,11900000,11003,22006,0,148,English,USA,R,30000000,1999,767,0.55,654
Color,327,132,76,464,3000,43568507,136954,7081,1,346,English,USA,PG-13,66000000,2014,3000,0.65,32000
Color,194,94,116,481,645,213079163,162909,2725,2,795,English,USA,PG-13,63000000,2002,522,0.62,7000
Color,292,101,243,74,969,77501,27260,1252,0,247,English,USA,R,750000,2011,128,0.55,7000
Color,218,109,101,839,13000,86208010,97045,16179,1,285,English,USA,PG-13,35000000,2014,899,0.57,55000
Color,29,87,38,445,552,1332,2038,2251,6,20,English,USA,R,500000,2012,533,0.46,898
Color,93,116,144,477,1000,69586544,15352,3845,4,199,English,USA,PG-13,27000000,2002,482,0.6,7000
Color,169,80,10,34,11000,77413017,45984,11218,0,331,French,France,G,8000000,2005,108,0.76,7000
Color,141,107,15,602,17000,50461335,83893,20466,3,132,English,USA,PG-13,11000000,2014,1000,0.68,15000
Color,66,94,13,566,925,42672630,27580,3423,1,172,English,USA,PG,17000000,2003,738,0.53,7000
Color,130,102,6,353,22000,14334645,22449,23352,1,191,English,USA,PG-13,25000000,2004,829,0.48,387
Color,172,92,91,451,17000,31397498,44130,18765,1,156,English,USA,PG-13,12000000,2008,527,0.54,7000
Color,26,85,91,499,11000,36497,7367,14599,0,37,English,USA,R,6000000,2008,826,0.47,850
Color,122,99,71,1000,18000,33000377,27378,23344,0,365,English,USA,R,28000000,2000,1000,0.49,7000
Color,112,125,40,407,13000,19076815,43651,15916,0,196,English,USA,R,60000000,2002,787,0.63,997
Color,232,104,335,16,114,1487477,47097,206,0,310,Russian,Russia,R,4200000,2004,28,0.65,7000
Color,18,106,44,328,865,25047631,6585,2724,0,50,English,USA,R,6000000,1999,405,0.69,990
Color,157,120,132,1000,33000,115648585,160776,54877,1,402,English,USA,PG,30000000,2000,18000,0.78,7000
Color,47,110,96,554,887,190562,2508,2728,0,24,English,UK,PG,90000000,2010,886,0.44,788
Color,125,148,644,326,1000,54200000,142448,2566,1,319,English,USA,R,27000000,1980,809,0.79,14000
Color,406,102,69,490,1000,400736600,421658,2582,0,904,English,USA,PG,150000000,2013,523,0.76,58000
Color,202,114,159,877,13000,16264475,54787,16899,1,216,English,UK,PG-13,55000000,2007,2000,0.69,7000
Color,350,103,65,405,17000,28751715,202967,19168,0,378,English,USA,R,28000000,2013,927,0.66,36000
Color,149,122,287,135,22000,41609593,145422,24270,2,572,English,UK,R,55000000,1998,2000,0.73,7000
Color,64,91,91,407,3000,20035310,12324,4409,1,173,English,USA,PG-13,9000000,2000,683,0.49,580
Color,66,104,170,202,736,4273372,19412,1854,1,308,English,USA,PG-13,22000000,2001,218,0.21,7000
Color,79,139,2000,808,960,136448821,98989,3667,1,158,English,USA,R,80000000,1996,848,0.66,1000
Color,15,113,300,787,1000,2832826,1761,3072,2,19,English,USA,R,11000000,1995,979,0.62,174
Color,175,90,160,392,748,46455802,120786,3172,0,472,English,USA,R,26000000,2003,439,0.62,7000
Color,179,138,143,783,1000,35918429,32415,3970,1,510,English,USA,R,1700000,2001,874,0.75,951
Color,242,118,301,897,2000,30523568,54447,5697,0,201,English,USA,R,30000000,2014,1000,0.62,18000
Color,234,102,91,167,1000,3609278,573541,2235,0,1916,English,USA,R,4500000,2000,1000,0.84,38000
Color,94,93,67,596,4000,84185387,33180,7800,0,149,English,USA,PG,80000000,2004,2000,0.49,567
Color,208,106,91,242,710,227965690,271592,1675,0,2335,English,USA,PG-13,72000000,2002,529,0.67,7000
Color,145,82,91,388,1000,137748063,38438,2945,1,241,English,USA,PG,127500000,2000,558,0.65,7000
Color,364,90,23000,694,23000,24475193,190494,44265,1,314,English,USA,R,3000000,2013,19000,0.66,33000
Color,158,113,47,238,21000,19057024,113963,22088,0,361,English,USA,PG-13,16000000,2010,541,0.72,24000
Color,146,110,16000,581,16000,26199517,34356,18635,1,260,English,USA,R,50000000,2002,1000,0.64,705
Color,359,121,337,41,982,1729969,68211,1520,0,219,English,USA,R,5000000,2011,463,0.74,14000
Color,192,178,101,471,918,5501940,248354,2334,0,564,German,Germany,R,13500000,2004,653,0.83,14000
Color,136,110,94,240,277,75604320,68417,847,1,195,English,USA,PG-13,54000000,2006,245,0.56,7000
Color,107,99,2,3,43,10037390,5442,53,0,140,Japanese,Japan,PG,1000000000,1999,3,0.6,339
Color,101,118,3,439,1000,34703228,21767,3797,0,127,English,USA,PG-13,30000000,2006,712,0.67,7000
Color,128,121,131,599,13000,22905674,121676,14890,2,290,English,USA,R,12000000,1998,940,0.74,7000
Color,224,113,91,27,133,45063889,297250,241,0,1441,English,UK,R,8000000,2002,32,0.76,11000
Black and White,360,81,19,39,170,140530114,186786,399,0,3400,English,USA,R,60000,1999,170,0.64,7000
Color,167,100,55,416,12000,90341670,102129,14611,4,432,English,USA,PG-13,60000000,2002,1000,0.55,7000
Color,156,102,563,385,12000,12469811,69172,13156,1,316,English,USA,R,22000000,2005,442,0.66,7000
Color,138,113,36,232,537,87704396,88132,1302,1,274,English,USA,PG-13,66000000,1999,427,0.62,7000
Color,36,104,644,174,437,42610000,60293,1093,1,114,English,USA,R,55000000,1994,289,0.55,669
Color,223,91,157,224,490,7455447,29967,1136,2,126,English,USA,R,7000000,2010,259,0.63,7000
Color,125,123,446,821,20000,47095453,64595,22209,1,316,English,USA,PG-13,48000000,2001,1000,0.64,7000
Color,97,98,425,397,11000,74329966,60910,12729,2,164,English,USA,PG-13,70000000,1998,643,0.57,7000
Color,171,107,101,743,931,176483808,247289,4664,1,611,English,USA,R,23000000,1998,852,0.71,7000
Color,44,103,91,805,12000,41382841,27149,14672,0,96,English,USA,PG-13,18000000,1986,899,0.63,7000
Color,121,85,7,691,14000,64238770,19547,18795,0,64,English,Canada,PG,42000000,2014,3000,0.58,7000
Color,279,135,16000,310,23000,33574332,101221,24468,0,415,English,USA,R,90000000,2006,638,0.71,7000
Color,396,144,91,581,662,318759914,513158,2333,0,1782,English,USA,PG-13,150000000,2007,599,0.71,8000
Color,75,95,5,443,1000,13558739,15427,2729,0,121,English,USA,R,11000000,2001,660,0.53,449
Black and White,20,97,473,624,826,27900000,74626,3455,1,157,English,USA,R,3500000,1995,723,0.73,8000
Color,58,134,133,258,12000,22954968,45703,12749,1,156,English,UK,PG,11500000,1993,310,0.79,7000
Color,161,129,42,49,97,93952276,132048,318,7,203,English,USA,PG-13,40000000,2009,50,0.64,12000
Color,32,87,91,153,1000,536767,1622,1362,0,83,English,USA,R,60000,1998,184,0.53,30
Color,110,110,91,7,64,102055,24570,134,0,72,Thai,Thailand,R,300000000,2008,45,0.62,7000
Color,59,119,17000,638,10000,52293982,57831,11895,1,115,English,USA,R,13800000,1986,970,0.7,7000
Color,91,105,99,960,17000,33687630,116762,20109,0,261,English,USA,PG-13,20000000,2006,1000,0.64,7000
Color,33,88,29,117,499,21210,2735,1141,0,52,English,USA,R,1000000,1998,230,0.61,157
Color,445,103,91,588,852,53991137,202800,3030,1,752,English,USA,PG-13,1500000,2010,618,0.68,60000
Color,91,82,62,615,975,43575716,10233,3326,0,63,English,USA,PG,85000000,2010,760,0.43,7000
Color,392,137,16000,363,29000,37304950,102728,36258,0,279,English,USA,R,35000000,2011,6000,0.66,16000
Color,20,86,3,327,833,475000,6930,2753,2,53,English,USA,R,2800000,2006,549,0.6,323
Color,140,120,34,1000,18000,50173190,148490,33615,1,537,English,USA,PG-13,48000000,2001,12000,0.74,7000
Color,183,111,91,234,523,4190530,53341,1795,0,185,English,Australia,R,22500000,2014,468,0.71,18000
Color,355,116,473,464,833,83552429,154955,4001,0,800,English,USA,PG-13,70000000,2011,697,0.58,25000
Color,103,96,91,542,1000,38119483,136667,2936,2,273,English,USA,PG,22700000,1987,605,0.71,13000
Color,30,108,91,599,873,4903000,4961,4497,3,33,English,USA,R,12000000,1996,680,0.5,251
Color,302,117,91,521,11000,27000000,461609,13877,2,1168,English,USA,R,28000000,1982,759,0.82,34000
Color,94,121,212,263,394,33328051,60508,1531,2,285,English,USA,R,65000000,1996,380,0.67,4000
Color,28,80,121,587,836,1646664,4518,2467,2,66,English,USA,R,20000000,2003,624,0.28,241
Color,164,122,285,989,8000,148213377,130776,12410,5,437,English,USA,PG-13,73000000,2006,1000,0.66,7000
Color,579,108,84,361,16000,363024263,479047,18239,0,1058,English,USA,R,58000000,2016,805,0.81,117000
Color,109,106,91,67,617,58214,34224,916,0,137,English,USA,R,9500000,2010,163,0.7,10000
Color,71,98,11000,484,13000,39800000,81599,14921,3,250,English,USA,R,6000000,1980,573,0.74,7000
Color,230,119,13000,567,1000,180011740,177725,2776,0,1368,English,USA,PG-13,100000000,2001,658,0.57,7000
Color,447,119,1000,741,11000,98780042,136019,13391,0,443,English,USA,PG-13,120000000,2011,1000,0.58,14000
Color,63,82,12,281,8000,30324946,48458,9271,2,239,English,USA,PG-13,17000000,1998,357,0.62,7000
Color,129,98,12,663,4000,16831505,51842,9330,1,173,English,UK,PG-13,31000000,2004,4000,0.63,7000
Color,76,89,91,640,2000,38536376,15866,4311,5,83,English,USA,PG,27000000,2011,734,0.36,7000
Color,61,87,129,560,979,64172251,19079,2911,1,122,English,USA,PG-13,30000000,2001,891,0.54,602
Color,43,145,91,280,639,5669081,3665,1807,1,57,Spanish,Mexico,R,10818775,2012,377,0.66,7000
Color,224,85,91,178,332,57859105,94108,1090,0,673,English,USA,PG-13,26000000,2005,285,0.65,7000
Color,155,87,98,253,472,34507079,34948,1679,2,118,English,USA,PG-13,35000000,2015,328,0.51,7000
Color,50,176,147,1000,8000,3047539,42296,13762,4,286,Hindi,India,R,7217600,2012,3000,0.69,12000
Color,73,111,24,83,374,228524,8708,768,2,56,English,USA,R,4000000,2004,181,0.73,345
Color,359,106,174,660,14000,91439400,200647,16967,0,384,English,UK,PG-13,50000000,2014,664,0.7,24000
Color,22,98,16,222,687,3902679,3943,1806,0,49,English,USA,R,3000000,1993,233,0.53,217
Color,104,112,37,548,748,3169424,18442,2417,1,59,English,USA,PG-13,13000000,2007,573,0.68,689
Color,147,150,163,636,2000,140244,20419,4168,1,259,English,USA,R,8500000,2008,716,0.67,8000
Color,260,107,91,99,2000,7268659,59248,2848,7,164,English,Russia,R,20000000,2013,749,0.56,48000
Color,106,106,208,855,3000,11146409,26551,6558,0,273,English,USA,R,45000000,1998,1000,0.6,7000
Color,14,108,208,689,876,24103594,6384,4840,0,54,English,USA,PG,6500000,1993,827,0.62,391
Color,90,125,46,249,368,58800000,40511,1651,0,213,English,UK,PG,5500000,1981,303,0.72,7000
Color,209,157,91,680,14000,28965197,133526,18216,1,521,English,USA,R,68000000,1999,826,0.79,7000
Color,81,110,8,322,1000,16295774,33669,3000,1,269,English,USA,PG,35000000,1986,692,0.46,7000
Color,389,112,159,77,3000,1738692,95529,3547,0,301,English,UK,R,7000000,2011,294,0.75,38000
Color,78,94,6,227,490,17010646,40751,1195,0,239,English,USA,PG,84000000,2005,294,0.22,881
Color,172,101,222,698,1000,327919,99177,3282,0,192,English,UK,R,1500000,2006,788,0.77,11000
Color,77,122,91,191,276,39025000,73193,903,0,190,English,UK,R,11000000,1995,258,0.76,7000
Color,203,103,66,13,155,27285953,48675,259,0,214,English,USA,R,5000000,2015,78,0.68,16000
Color,414,89,128,371,963,64572496,204327,2054,0,471,English,USA,PG-13,12000000,2012,465,0.71,32000
Color,118,75,45,4,61,686383,22811,75,0,71,English,France,R,6500000,2009,5,0.77,11000
Color,264,124,108,186,1000,46377022,75306,1898,3,266,English,UK,PG-13,10000000,2011,400,0.73,48000
Color,224,128,386,203,19000,3254172,29282,36337,1,105,English,USA,R,28000000,2013,17000,0.62,11000
Color,416,132,274,11000,26000,155111815,228554,72881,0,710,English,USA,PG-13,170000000,2012,17000,0.61,53000
Color,122,88,50,441,691,75817994,32049,2622,0,179,English,USA,PG,90000000,2003,569,0.49,988
Color,101,112,49,237,656,91038276,47876,1307,0,320,English,USA,PG-13,13000000,2001,363,0.61,7000
Color,296,104,71,982,12000,10706786,81800,16481,1,211,English,USA,R,50000000,2011,2000,0.55,15000
Color,254,102,91,387,40000,1821983,31089,43810,0,261,English,USA,R,3000000,2014,3000,0.54,20000
Black and White,191,92,43,936,989,114324072,185338,4730,0,392,English,USA,PG-13,20000000,2004,939,0.67,7000
Black and White,77,111,91,385,1000,2869369,65474,2612,2,211,English,UK,PG,30000000,1994,970,0.73,7000
Color,181,98,285,7000,640000,84136909,267921,656730,5,577,English,USA,PG-13,26000000,2004,8000,0.72,7000
Color,49,104,71,168,1000,1789892,9494,1795,1,109,English,Germany,R,8000000,1998,261,0.66,515
Color,8,100,27,847,1000,73678,266,4374,1,8,English,USA,R,3000000,2011,902,0.59,348
Color,81,95,4000,334,4000,5308707,15053,5245,2,165,English,USA,R,5000000,2001,585,0.64,393
Color,21,117,71,547,723,70100000,20183,3841,1,41,English,USA,R,40000000,1992,558,0.54,7000
Color,273,80,66,816,2000,33583175,104089,5628,0,319,English,USA,PG-13,10000000,2010,904,0.63,16000
Black and White,14,123,5,338,556,18272447,3119,2149,1,35,English,USA,R,10000000,1993,475,0.59,331
Color,106,83,8,612,3000,46729374,116625,6454,2,469,English,USA,PG-13,13000000,2000,934,0.55,7000
Color,68,124,107,865,1000,27441122,14322,5135,0,116,English,USA,PG-13,15000000,2000,886,0.72,7000
Color,77,126,102,497,22000,38413606,54042,23866,1,215,English,USA,R,30000000,1988,581,0.76,7000
Color,219,117,163,260,719,118823091,98693,1673,9,401,English,USA,PG,75000000,2007,339,0.67,7000
Color,155,138,610,805,12000,112225777,283967,17087,0,535,English,USA,R,80000000,1997,1000,0.73,11000
Color,129,86,89,555,713,40041683,34620,3421,6,107,English,USA,R,2500000,2013,584,0.51,7000
Color,60,96,8,199,533,42660000,25086,1254,0,87,English,USA,PG,17000000,1993,219,0.48,1000
Color,120,98,30,664,944,43894863,25883,4879,2,262,English,USA,PG-13,30000000,2005,940,0.59,7000
Color,114,93,75,446,701,145540,26773,2489,1,277,English,USA,R,500000,2002,461,0.67,7000
Color,93,119,91,434,627,37486138,30890,2052,1,106,English,USA,PG-13,50000000,2004,508,0.6,718
Color,44,139,105,902,14000,31600000,34427,16125,1,126,English,USA,R,28000000,1995,1000,0.69,7000
Color,333,101,91,279,925,77222184,87677,1738,0,388,English,Germany,PG,100000000,2009,468,0.68,11000
Color,173,101,13,368,494,55865715,41763,2013,0,403,English,UK,PG-13,10000000,2005,392,0.55,7000
Color,216,102,49,10000,24000,11434867,59637,51355,1,130,English,USA,PG-13,6000000,2012,14000,0.71,21000
Color,217,111,655,405,24000,13362308,31898,39307,1,111,English,USA,PG-13,18000000,2013,14000,0.69,7000
Color,174,121,91,595,1000,66862068,89509,3903,0,524,English,USA,R,83000000,1999,1000,0.57,2000
Color,103,109,7,450,835,16346122,25549,2572,0,171,English,USA,PG-13,16000000,2002,787,0.72,7000
Color,57,95,293,744,851,128769345,86556,3155,1,99,English,USA,PG-13,54000000,1996,773,0.56,960
Color,250,118,208,570,23000,150167630,174578,26683,4,534,English,USA,PG-13,175000000,2009,2000,0.58,7000
Color,139,105,99,433,3000,77264926,21176,5740,5,107,English,USA,PG,25000000,2012,448,0.61,7000
Color,62,89,7,36,186,32333860,29843,407,1,81,Cantonese,Hong Kong,R,7500000,1995,147,0.67,7000
Color,299,130,129,12000,21000,296623634,220758,64040,2,919,English,USA,PG-13,50000000,2009,17000,0.46,13000
Color,96,128,608,1000,49000,95860116,277451,51609,0,491,English,USA,PG,16400000,1989,1000,0.8,23000
Color,136,146,611,28,23000,9213,38690,23240,2,130,Mandarin,China,R,94000000,2011,196,0.76,13000
Color,207,96,132,933,49000,31597131,97938,52138,0,605,English,USA,R,12000000,2002,989,0.68,7000
Color,7,86,91,15,178,215185,48,279,3,2,English,USA,PG-13,200000,2008,58,0.75,26
Color,146,95,21,503,12000,84037039,72591,15237,0,289,English,USA,PG,120000000,2001,802,0.68,7000
Color,198,98,66,562,3000,42592530,29867,4567,0,181,English,USA,PG-13,15000000,2015,658,0.62,27000
Color,81,121,608,25,149,112935,8161,251,0,94,English,UK,R,9000000,2002,44,0.76,484
Color,85,85,14,244,577,26096584,30651,1653,0,267,English,USA,PG-13,19000000,2003,291,0.34,1000
Color,107,99,38,390,3000,12282677,28159,4702,4,96,English,USA,R,14000000,2015,837,0.51,7000
Color,217,118,76,174,3000,10880926,54147,4253,2,127,English,USA,R,30000000,2013,678,0.65,7000
Black and White,370,87,13000,787,940,35287788,73886,4774,0,165,English,USA,PG,39000000,2012,925,0.7,25000
Color,138,101,38,11000,23000,43060566,107859,53024,0,569,English,USA,PG-13,60000000,2002,18000,0.62,7000
Color,205,102,91,294,625,26781723,187595,1655,3,978,English,USA,R,2500000,2004,379,0.76,7000
Color,50,93,17,66,1000,20380,7519,1245,1,39,English,USA,R,15000000,2007,165,0.59,445
Color,215,178,16000,857,13000,107930000,1324680,16557,1,2195,English,USA,R,8000000,1994,902,0.89,45000
Color,119,111,529,505,18000,11405825,28542,19805,3,208,English,USA,R,35000000,2001,826,0.68,7000
Color,29,92,99,181,793,177840,708,1987,2,22,English,UK,R,250000,1999,605,0.61,93
Color,165,109,65,393,798,78845130,17596,2480,1,94,English,France,R,10000000,2016,465,0.61,7000
Color,158,94,110,277,14000,18500966,70341,15271,1,830,English,USA,PG-13,30000000,2006,829,0.44,7000
Color,116,80,12,58,13000,75367693,58961,13430,0,232,English,USA,PG,35000000,2004,258,0.5,795
Color,168,134,38,2000,11000,19377727,35140,24351,3,409,English,USA,PG-13,45000000,2005,8000,0.64,7000
Color,151,89,119,807,2000,90703745,93748,5855,8,410,English,USA,PG-13,45000000,2006,869,0.51,1000
Color,26,107,53,463,954,53481,5557,2512,5,34,English,USA,R,8000000,2006,551,0.64,294
Color,142,116,529,174,442,7156933,14581,1134,0,74,English,USA,R,25000000,2006,252,0.67,348
Color,32,99,387,399,8000,127144,5159,9608,4,27,English,USA,PG-13,8000000,2005,489,0.55,143
Color,77,96,218,31,4000,4505922,63951,4230,0,252,English,USA,R,200000,1996,135,0.74,7000
Color,180,85,255,443,1000,145771527,117212,3112,0,367,English,USA,PG,80000000,2002,533,0.72,7000
Color,358,98,118,558,14000,139852971,238671,16410,0,461,English,France,PG-13,45000000,2012,935,0.63,63000
Color,182,114,91,446,975,3519627,41737,3014,4,105,English,USA,PG-13,20000000,2008,877,0.69,7000
Color,308,91,22,1000,7000,336029560,142403,13616,0,275,English,USA,PG,74000000,2015,4000,0.64,70000
Color,80,72,2,434,1000,48423368,13324,3402,1,79,English,USA,G,20000000,2002,677,0.58,302
Color,131,122,11000,188,11000,531009,7976,22319,0,61,English,USA,R,10000000,2015,11000,0.53,7000
Color,191,109,415,119,982,83906114,104481,2357,2,189,English,USA,PG-13,40000000,2014,971,0.6,16000
Black and White,183,122,210,471,845,871577,51353,2614,1,143,English,UK,R,4500000,2007,631,0.77,13000
Color,234,116,23,110,13000,53215979,125036,25220,7,205,English,USA,PG-13,84000000,2013,12000,0.67,22000
Black and White,88,90,56,56,126,110536,4117,284,1,118,English,USA,PG,40000,2001,76,0.7,7000
Color,292,102,255,953,18000,176997107,221128,23378,5,343,English,USA,PG,145000000,2014,3000,0.79,46000
Color,141,78,10,253,558,89296573,128285,2039,1,297,English,USA,G,100000000,2000,452,0.73,7000
Color,99,90,165,319,686,489220,160511,1743,0,696,English,Canada,R,365000,1997,648,0.73,11000
Color,12,94,91,287,901,19281235,3571,2523,0,11,English,USA,R,5000000,1991,413,0.51,232
Color,275,96,11000,252,19000,23213577,198111,19894,0,365,English,Spain,PG-13,15500000,2008,581,0.72,14000
Color,202,112,91,38,717,211667,53508,907,0,131,Korean,South Korea,R,4200000000,2005,126,0.77,4000
Color,24,103,170,269,849,2154540,3803,2457,2,41,English,USA,R,45000000,1997,623,0.49,68
Color,90,102,6,584,711,33864342,29968,2913,1,117,English,UK,PG-13,40000000,1999,683,0.58,445
Color,149,127,14000,440,11000,197171806,515306,12884,5,477,English,USA,PG-13,48000000,1989,844,0.83,7000
Color,127,100,31,591,947,63939454,61321,2968,3,217,English,USA,PG,35000000,2005,742,0.62,7000
Color,149,135,36,106,894,31111260,77029,1439,0,466,English,USA,PG-13,60000000,2003,345,0.54,7000
Color,97,107,460,490,14000,871527,14982,16090,2,128,English,Canada,R,25000000,2005,1000,0.65,507
Color,81,103,20,125,512,26161406,13874,1002,2,52,English,USA,G,15000000,2010,316,0.67,7000
Color,63,102,133,690,2000,33423521,53115,5443,1,282,English,Japan,PG-13,35000000,1994,1000,0.38,7000
Color,112,93,11,271,443,48430,20176,1452,1,73,English,USA,R,500000,2010,298,0.68,7000
Color,223,103,436,437,19000,19781879,53864,20881,1,290,English,USA,PG-13,60000000,2008,961,0.48,2000
Color,19,75,45,429,5,203134,1428,7,0,21,English,USA,R,250000,1997,2,0.7,178
Color,57,91,6,459,904,27052167,24834,3353,5,168,English,USA,R,13000000,1998,471,0.61,934
Black and White,61,132,503,282,45000,30306268,62981,58528,0,84,English,France,R,50000000,1995,13000,0.63,7000
Color,115,139,179,50,267,4584886,19114,538,0,115,English,USA,R,45000000,2007,202,0.64,7000
Color,534,117,66,85,15000,32279955,293304,15554,1,552,English,USA,R,8500000,2014,241,0.79,65000
Color,178,89,687,389,10000,42638165,42182,12183,1,230,English,USA,PG-13,16000000,2009,787,0.48,7000
Color,100,97,710,258,497,16779636,9338,1805,2,167,English,USA,R,28000000,2000,347,0.48,209
Color,331,95,464,11000,23000,32391374,376600,54075,43,494,English,USA,PG-13,7500000,2009,17000,0.77,40000
Color,73,101,22,558,918,17655201,4719,3317,1,24,English,USA,G,10000000,2008,624,0.67,851
Color,54,122,4,3,25,713413,9171,48,1,68,Dutch,Netherlands,R,4500000,1997,20,0.78,689
Color,49,115,541,442,8000,61490000,62037,10493,5,148,English,USA,R,26000000,1990,1000,0.66,7000
Color,194,90,120,429,41,2957978,40481,68,0,134,English,UK,PG-13,1000000,2008,27,0.78,7000
Color,242,103,91,157,611,103001286,222018,1212,0,869,English,USA,R,15000000,1996,422,0.72,11000
Color,105,88,8,8000,12000,28133159,30055,33822,1,70,English,USA,PG,50000000,2006,11000,0.59,593
Color,254,113,197,43,165,10955425,62770,391,1,396,English,UK,R,30000000,2008,107,0.6,7000
Color,154,105,153,491,4000,45290318,74169,6727,2,112,English,USA,PG,42000000,2012,828,0.65,17000
Color,108,103,163,968,11000,60400856,61317,17533,2,229,English,Germany,PG-13,35000000,2001,2000,0.52,7000
Color,187,120,278,963,11000,112703470,69860,15226,2,214,English,USA,R,85000000,2009,2000,0.66,7000
Color,46,111,425,344,743,91457688,107801,2403,4,109,English,USA,PG-13,26000000,1990,394,0.6,7000
Color,397,99,91,828,2000,42057340,158354,5642,0,691,English,USA,PG-13,30000000,2009,1000,0.66,11000
Color,30,132,91,252,769,74787599,12549,1936,1,109,English,USA,R,30000000,1991,713,0.66,883
Color,132,88,25,433,921,21379315,17590,2652,0,112,English,USA,PG,150000000,2011,562,0.54,7000
Color,511,112,91,697,6000,137387272,300110,9049,0,807,English,USA,R,20000000,2013,960,0.75,131000
Color,170,93,83,501,26000,27829874,196422,28767,1,444,English,USA,R,12000000,2006,725,0.7,7000
Color,285,105,160,491,852,34014398,115649,2604,0,1033,English,Germany,R,33000000,2006,521,0.56,4000
Black and White,26,88,91,46,539,7137502,4769,708,0,26,English,USA,R,175000,1986,53,0.65,406
Color,48,104,212,380,879,21413502,14429,2795,5,113,English,USA,R,40000000,1990,560,0.63,2000
Color,18,93,9,254,23000,4308981,2265,24436,2,37,English,USA,PG,24000000,1998,284,0.39,839
Color,9,42,91,429,844,7518876,172,844,0,5,English,UK,R,6000000,2008,664,0.65,28
Color,173,106,91,19,269,13622333,91377,361,1,385,Spanish,Mexico,R,2000000,2001,43,0.77,7000
Color,149,101,176,83,3000,12987647,24019,3431,2,199,English,UK,R,30000000,2002,268,0.71,983
Color,60,114,91,699,10000,25600000,57363,12097,0,308,English,USA,PG-13,10000000,1983,919,0.72,10000
Color,414,97,181,748,11000,14938570,111625,14025,1,369,English,USA,R,15000000,2012,820,0.62,20000
Color,80,104,54,775,901,139225854,34561,5265,0,116,English,USA,G,60000000,2002,857,0.55,1000
Color,128,152,91,745,940,27796042,45031,4310,1,376,English,USA,PG,72000000,2001,826,0.69,7000
Color,110,131,37,507,968,18208078,57100,3012,3,281,English,USA,R,60000000,2001,848,0.69,7000
Color,152,124,213,372,838,52752475,63067,2583,0,533,English,USA,R,50000000,2002,593,0.67,7000
Color,218,113,33,11000,40000,76846624,21352,80806,1,131,English,USA,PG,170000000,2016,25000,0.64,30000
Color,443,130,663,604,2000,93417865,128306,5046,2,497,English,USA,PG,190000000,2015,638,0.65,37000
Color,64,94,39,506,1000,32095318,12466,3664,0,84,English,USA,PG-13,45000000,2001,611,0.55,304
Color,43,78,7,142,308,191309,2787,1008,1,64,English,USA,R,150000,2004,249,0.55,98
Color,129,100,10,415,826,20566327,15385,2958,2,84,English,USA,R,15000000,2016,622,0.64,7000
Color,43,90,16,16,86,85222,4285,163,0,84,English,USA,PG,1100,2004,23,0.66,456
Color,45,88,269,384,1000,20218,5431,2557,2,50,English,USA,PG-13,24000000,2001,489,0.53,204
Color,260,100,35,7000,12000,22525921,60596,32094,4,158,English,USA,PG-13,30000000,2013,10000,0.59,13000
Color,261,109,91,597,1000,16901126,76267,3544,0,687,English,USA,R,7000000,2005,649,0.69,7000
Color,90,102,4,112,14000,5932060,29285,14625,0,174,English,UK,PG-13,35000000,2007,394,0.54,7000
Color,341,96,1000,681,24000,60338891,248468,36093,0,545,English,USA,R,37000000,2008,11000,0.7,7000
Color,97,98,209,129,158,58006147,67653,816,2,108,English,USA,PG-13,23000000,2008,152,0.62,7000
Color,111,112,9,4,61,375723,7025,76,1,26,Portuguese,Brazil,R,4000000,2015,9,0.79,7000
Color,196,115,91,716,1000,2840417,77493,2990,0,527,English,Canada,R,31000000,1999,900,0.68,6000
Color,77,84,2,472,787,15712072,13210,2915,0,138,English,USA,PG-13,20000000,2004,555,0.58,269
Color,24,86,11,18,185,13751,813,299,0,6,English,Australia,PG,11400000,2006,62,0.66,135
Color,102,106,357,883,23000,35007180,26846,26652,0,193,English,USA,PG-13,15000000,2000,1000,0.56,7000
Color,117,101,23,541,660,66002004,36431,2177,1,168,English,USA,G,50000000,2005,651,0.47,1000
Color,109,101,43,432,5000,34604054,34942,6867,2,185,English,USA,R,30000000,2003,618,0.58,1000
Color,251,137,143,280,14000,5459824,92781,15337,0,320,English,USA,R,26000000,2006,617,0.76,5000
Color,228,110,545,5000,14000,20315324,88542,27694,8,254,English,Germany,PG-13,75000000,2011,8000,0.58,19000
Color,135,103,14,624,865,13395939,43442,3639,4,146,English,UK,R,60000000,2004,826,0.62,7000
Color,117,86,10,348,12000,45860039,53118,14146,1,221,English,USA,PG-13,56000000,2004,795,0.62,7000
Color,206,108,750,971,49000,197992827,132501,70996,0,548,English,USA,PG,100000000,2006,20000,0.65,7000
Color,300,107,454,39,65,7757130,307639,173,1,513,English,UK,R,15000000,2008,49,0.8,32000
Color,148,86,33,583,15000,27854896,64190,17396,1,129,English,USA,PG-13,17000000,2011,976,0.56,16000
Color,257,98,16,12000,16000,187165546,150618,43286,3,195,English,USA,PG,135000000,2013,15000,0.73,28000
Color,14,90,7,424,890,92362,444,3138,7,5,English,USA,PG-13,1500000,2005,597,0.43,68
Color,23,84,91,429,3,34151,186,3,0,3,Hebrew,Israel,R,450000,2015,664,0.72,111
Color,327,127,189,544,20000,85463309,254841,22254,1,426,English,USA,PG-13,110000000,2011,929,0.71,36000
Color,170,100,11000,485,10000,43337279,76770,12258,2,203,English,USA,PG-13,60000000,2009,1000,0.49,7000
Color,238,108,58,838,14000,143704210,145974,26002,1,611,English,USA,PG-13,52000000,2008,11000,0.63,10000
Color,27,113,7,35,11000,4720371,3203,11116,2,85,English,USA,PG,7000000,2001,43,0.65,650
Color,233,93,27,49,960,17427926,60062,1749,0,351,English,USA,R,8000000,2008,664,0.59,7000
Color,204,117,221,503,11000,103028109,172878,16325,1,203,English,USA,PG-13,80000000,2011,3000,0.64,19000
Color,60,85,91,11,324,4091,4265,369,0,16,English,Belgium,R,34000000,2013,15,0.63,7000
Color,189,114,611,10,879,6565495,36455,949,2,229,Mandarin,China,R,45000000,2006,52,0.7,7000
Color,62,90,68,642,17000,28870,14280,32814,5,41,English,USA,R,15000000,2011,14000,0.51,7000
Color,18,104,53,576,2000,5974653,2253,4221,0,111,English,USA,PG-13,22000000,2001,595,0.41,158
Color,394,93,91,947,17000,18934858,72646,31187,5,397,English,Ireland,R,23000000,2011,13000,0.58,7000
Color,81,90,65,730,18000,40485039,85362,20795,6,181,English,USA,PG,10000000,1989,769,0.69,7000
Color,270,123,176,749,975,159578352,133177,4825,7,380,English,USA,R,43000000,2013,815,0.66,24000
Color,45,79,73,112,1000,2275557,12561,2404,2,102,English,USA,R,8000000,1991,1000,0.6,7000
Black and White,54,120,278,387,844,763044,4257,3286,4,52,English,Canada,R,23000000,2003,766,0.62,188
Color,153,107,80,841,2000,7156725,22639,5992,6,217,English,USA,PG-13,19000000,2006,2000,0.55,300
Color,59,93,38,631,1000,48114556,9380,4604,1,91,English,USA,PG,26000000,2004,641,0.43,531
Color,32,140,91,210,436,24276500,17124,1394,2,68,English,USA,R,35000000,1992,263,0.66,949
Color,84,104,81,612,3000,47474112,58227,5062,0,181,English,USA,PG-13,90000000,1997,643,0.54,2000
Color,15,85,91,429,66,381225,131,66,0,13,English,USA,R,200000,2004,664,0.72,30
Color,93,84,91,2000,13000,111760631,40227,22935,3,188,English,USA,PG,38000000,2003,4000,0.41,681
Color,36,125,125,11,60,223878,3548,132,1,21,Italian,Italy,R,5000000,2003,29,0.65,282
Color,186,126,13000,488,920,251188924,269033,2725,0,817,English,USA,PG-13,35000000,1989,549,0.76,12000
Color,163,121,17000,245,12000,16640210,53028,13040,0,382,English,USA,R,55000000,1999,368,0.68,7000
Color,198,154,333,16000,22000,95632614,118483,61110,3,674,English,USA,R,79000000,2003,20000,0.72,7000
Color,60,105,91,506,975,10014234,8560,3580,1,69,English,France,R,65000000,2000,909,0.5,177
Black and White,252,97,91,233,654,20433940,78883,1876,8,662,English,Canada,R,15000000,2005,529,0.62,7000
Color,129,103,593,241,374,3093491,8307,1283,0,37,English,USA,R,5000000,2014,362,0.66,5000
Color,201,112,118,674,877,36665854,76498,3432,0,203,English,France,PG-13,40000000,2011,738,0.64,15000
Color,25,98,28,102,372,8000000,1400,927,0,41,English,USA,PG,18000000,1981,262,0.5,346
Color,64,135,133,258,898,1666262,5321,2096,0,78,English,UK,PG-13,16000000,2005,708,0.67,356
Color,54,91,38,362,17000,16702864,8023,18711,0,49,English,USA,PG,18000000,2004,632,0.52,591
Color,311,87,13,308,463,40990055,41509,1958,0,300,English,France,PG-13,1800000,2010,400,0.56,7000
Black and White,242,122,91,54,326,33201661,534262,809,0,1314,French,France,R,77000000,2001,326,0.84,39000
Color,226,139,777,58,131,6857096,80429,343,0,156,French,Canada,R,6800000,2010,66,0.82,37000
Color,219,169,14000,13000,15000,216119491,881236,44998,2,2277,English,USA,R,70000000,1998,14000,0.86,22000
Color,69,95,15,528,1000,51431160,62861,3092,2,232,English,USA,PG,20000000,2004,852,0.59,7000
Color,403,123,508,14000,34000,337103873,305008,81385,1,591,English,USA,PG-13,125000000,2014,22000,0.67,52000
Color,81,91,12000,213,778,154077,6884,1440,0,53,English,USA,R,500000,2005,327,0.66,238
Color,174,113,350,619,1000,27277055,143137,3141,0,602,English,UK,R,20000000,2000,960,0.76,10000
Color,71,149,541,1000,18000,108706165,99558,31349,3,236,English,USA,R,40000000,1996,11000,0.74,7000
Color,173,101,136,526,833,67266300,195255,3400,1,170,English,Germany,R,28000000,2008,543,0.69,7000
Color,252,37,91,199,634,5923044,113451,1347,0,537,English,USA,NC-17,3600000,1987,328,0.78,7000
Color,199,122,91,939,18000,11538204,23696,21163,0,135,English,USA,PG-13,25000000,2010,1000,0.7,7000
Color,37,96,91,654,3000,15062898,11729,6861,0,106,English,USA,R,14000000,1998,2000,0.6,645
Color,105,130,46,162,387,51185897,69457,1233,1,271,English,UK,PG,30000000,1987,244,0.67,7000
Color,131,126,98,37,18000,53680848,167967,18726,1,243,English,USA,PG-13,30000000,2007,631,0.71,20000
Color,209,85,9,100,567,56068547,98160,1145,0,307,English,UK,G,30000000,2005,269,0.75,7000
Color,10,80,18,73,742,669276,2541,1088,0,47,English,UK,G,28000000,1993,83,0.72,408
Color,252,117,14000,358,535,52792307,12572,1950,0,106,English,UK,PG,140000000,2016,400,0.68,27000
Color,233,95,96,8000,24000,148337537,172754,46120,3,187,English,USA,PG,130000000,2010,11000,0.73,13000
Color,105,96,845,488,978,18967571,23345,3072,2,167,English,USA,R,30000000,1998,968,0.61,629
Color,354,123,91,620,786,7098492,151812,2501,2,264,Persian,Iran,PG-13,500000,2011,712,0.84,48000
Color,63,88,26,236,487,143000,4122,1495,0,48,English,USA,R,5000000,2009,298,0.41,7000
Color,246,125,6000,7,17,10049886,417971,44,0,902,Japanese,Japan,PG,19000000,2001,10,0.86,28000
Color,134,123,64,637,808,22452209,14062,5734,0,82,English,USA,PG,18000000,2009,720,0.5,7000
Color,33,91,91,298,636,21370057,9903,1852,0,80,English,USA,R,12000000,1992,330,0.6,541
Color,415,97,91,372,18000,5009677,260607,19404,0,485,English,UK,R,5000000,2009,572,0.79,47000
Color,120,97,212,637,960,23292105,39541,3261,0,334,English,USA,PG-13,20000000,2006,917,0.53,3000
Color,64,97,11,595,901,144833357,64742,2790,0,111,English,USA,PG,22000000,1994,775,0.64,7000
Color,179,93,91,766,13000,17096053,134458,15716,2,640,English,USA,R,9000000,1998,933,0.77,5000
Color,25,109,6,271,1000,69800000,18140,2419,1,60,English,USA,R,10000000,1980,745,0.61,855
Color,139,123,165,744,12000,101087161,225282,15362,6,339,English,USA,R,75000000,1997,878,0.68,7000
Color,16,116,425,204,954,49851591,7900,2179,3,34,English,USA,PG,40000000,1986,568,0.59,263
Color,65,99,14,633,17000,70163652,31968,19334,0,82,English,USA,PG-13,40000000,2006,826,0.46,663
Color,283,115,663,55,1000,261437578,479166,1901,0,815,English,USA,PG,92000000,2004,723,0.8,7000
Color,215,118,154,915,3000,101111837,150764,5637,3,318,English,USA,PG-13,80000000,2008,982,0.66,7000
Color,105,99,148,660,2000,73701902,27548,6729,1,209,English,USA,PG,60000000,2004,843,0.52,7000
Color,205,135,2000,535,1000,170708996,610568,2827,0,1171,English,USA,PG-13,58000000,2001,592,0.82,29000
Color,291,113,22,1000,3000,56724080,172112,8398,7,181,English,USA,R,50000000,2012,1000,0.67,39000
Color,190,99,81,135,327,25117498,37412,960,0,178,English,USA,R,40000000,2007,253,0.57,7000
Color,30,87,67,67,871,33349949,9010,1111,0,199,English,USA,PG,2500000,2012,118,0.51,7000
Color,35,105,39,183,267,3123749,746,1231,8,27,English,USA,R,1500000,2005,225,0.65,88
Color,228,86,17,205,520,17683670,47227,1520,0,323,English,USA,PG-13,5000000,2011,270,0.52,7000
Color,67,155,58,720,25000,165500000,145257,38518,0,322,English,USA,PG-13,48000000,1991,11000,0.69,7000
Color,225,99,24,864,18000,62401264,69484,20276,3,323,English,UK,R,60000000,2016,992,0.59,28000
Color,211,123,368,114,933,30688364,69355,1286,0,211,English,USA,PG-13,28000000,2014,194,0.62,10000
Color,213,103,608,576,2000,125603360,667983,3698,1,877,English,USA,PG,60000000,1998,617,0.81,18000
Color,92,106,68,391,835,410241,32357,2110,0,199,English,USA,R,2000000,2002,601,0.68,3000
Color,131,101,61,611,769,2060953,29990,2543,0,316,English,Czech Republic,R,12000000,1999,692,0.71,7000
Color,175,106,487,263,685,12339633,220591,1942,2,641,English,USA,PG-13,36000000,1997,485,0.78,17000
Color,393,112,1000,719,10000,31494270,273921,12687,0,522,English,USA,PG-13,60000000,2010,1000,0.75,36000
Color,36,114,61,407,20000,18653615,14786,22040,2,103,English,USA,PG-13,23000000,1999,797,0.61,638
Color,29,93,91,2,58,155984,586,62,0,9,English,USA,R,160000,2009,2,0.74,7000
Color,87,100,3,9,74,513836,6304,143,1,21,French,France,R,4600000,2010,52,0.72,7000
Color,152,90,91,826,4000,4859475,116910,7103,0,520,English,USA,R,6000000,1999,899,0.72,7000
Color,167,101,10,472,1000,11956207,24012,3142,2,126,English,USA,R,16000000,2009,668,0.51,7000
Color,62,99,91,186,664,44450000,44394,2010,1,115,English,Canada,R,27000000,1994,655,0.58,7000
Color,152,135,419,7,398,128486,26156,569,0,74,Korean,South Korea,R,10000000,2008,149,0.73,7000
Color,60,108,25,94,1000,6000000,10832,1263,0,102,English,USA,PG,18000000,1981,115,0.67,7000
Color,212,119,6000,422,23000,4710455,214091,24263,0,330,Japanese,Japan,PG,24000000,2004,713,0.82,13000
Color,197,107,91,577,1000,45506619,225102,3066,3,862,English,UK,PG-13,26000000,2000,596,0.78,16000
Color,266,92,54,562,11000,215395021,307029,12754,0,360,English,USA,PG,130000000,2008,967,0.76,6000
Color,133,103,6,935,7000,532988,5863,9660,0,25,English,USA,PG-13,7000000,2015,1000,0.65,7000
Color,39,96,6,38,206,5430822,8391,493,0,75,English,UK,R,7000000,1992,192,0.62,7000
Color,116,123,7,692,931,40334024,44168,2912,3,216,English,USA,PG-13,35000000,2001,754,0.62,989
Color,16,80,8,183,2000,2833383,910,2459,1,11,English,USA,R,427000,2012,245,0.57,7000
Color,97,94,32,453,1000,24268828,29971,3436,4,71,English,USA,PG,28000000,2010,626,0.54,7000
Color,315,194,91,794,29000,658672302,793059,45223,0,2528,English,USA,PG-13,200000000,1997,14000,0.77,26000
Color,328,90,26,429,1000,3442820,31489,1442,0,140,English,USA,R,8000000,2015,442,0.73,7000
Color,219,96,7,642,874,50807639,40883,3151,3,122,English,USA,PG,60000000,2014,668,0.68,11000
Color,38,104,122,458,22000,3386698,4195,23461,1,86,English,USA,R,1000000,1998,472,0.67,392
Color,74,109,19,568,1000,52277485,32370,4231,1,196,English,USA,PG,35000000,2003,762,0.69,7000
Color,195,91,19,260,968,12055108,61151,2528,0,134,English,USA,R,8000000,2008,934,0.69,7000
Color,343,156,91,738,891,105219735,211765,3244,0,546,English,USA,PG-13,200000000,2010,882,0.67,17000
Color,99,145,317,70,876,13038660,16995,1282,1,163,English,USA,R,25000000,1999,219,0.73,7000
Color,33,90,38,69,214,1310270,17725,587,0,157,English,USA,PG-13,780000,2003,115,0.68,1000
Color,56,123,92,849,1000,70492685,11600,5306,5,64,English,USA,R,17000000,2013,886,0.67,7000
Color,190,91,27,925,12000,73661010,71137,17299,0,229,English,USA,PG,75000000,2006,970,0.66,7000
Color,85,100,38,362,811,11576087,14747,2497,3,338,English,USA,PG-13,30000000,1999,586,0.41,858
Color,391,108,655,940,24000,83813460,270238,35209,0,452,English,USA,R,25000000,2009,10000,0.74,19000
Color,120,110,134,795,23000,18472363,63599,25049,3,208,English,USA,PG-13,50000000,2005,1000,0.58,7000
Color,324,100,15,284,799,200807262,294810,2036,1,387,English,USA,PG,260000000,2010,553,0.78,29000
Color,112,97,25,57,517,3629758,44151,745,0,110,French,France,PG-13,5500000,2004,86,0.79,7000
Color,87,92,2,5,783,1677838,11283,1447,0,155,English,USA,PG,1000000,2006,659,0.77,7000
Color,210,121,163,482,723,80150343,142115,3189,0,614,English,USA,R,10000000,2006,651,0.62,7000
Color,198,101,50,1000,22000,40076438,73368,38809,2,248,English,USA,R,60000000,2008,14000,0.6,7000
Color,161,100,91,210,436,35096190,76560,1395,1,322,English,USA,PG-13,60000000,2003,399,0.63,7000
Color,38,82,12,8,23,25571351,3135,49,0,78,English,USA,G,14000000,2002,12,0.66,184
Color,10,92,22,429,2,2119994,1153,2,0,15,English,USA,G,19000000,1993,664,0.57,238
Color,242,97,482,482,852,52200504,54190,2426,0,183,English,Canada,PG-13,10000000,2015,542,0.61,29000
Color,91,78,56,184,376,2882062,5178,1144,2,101,English,USA,PG-13,150000,2000,346,0.63,132
Color,52,96,2,429,960,3713002,3611,972,1,62,English,USA,R,8000000,2003,12,0.27,131
Color,207,134,123,567,14000,57637485,183909,17159,0,666,English,USA,PG-13,105000000,2004,850,0.67,7000
Color,433,89,91,903,19000,126546825,327367,32325,0,918,English,France,R,40000000,2014,11000,0.64,83000
Color,223,190,91,215,599,124107476,170684,1418,0,867,English,USA,R,48000000,2000,399,0.76,7000
Color,208,112,192,844,1000,30691439,86205,3185,0,232,English,USA,R,35000000,2008,915,0.62,5000
Color,517,117,235,680,2000,180191634,313866,5730,6,549,English,USA,PG-13,130000000,2015,2000,0.74,61000
Color,201,144,2000,537,680,61644321,148238,2523,0,529,English,USA,PG-13,88000000,2005,655,0.8,7000
Color,17,112,12,699,33000,13134,2004,35294,2,32,English,USA,R,500000,2002,1000,0.61,183
Color,134,135,138,184,324,32598931,49300,1013,1,265,English,USA,R,65000000,2000,192,0.62,892
Black and White,106,117,99,165,596,67325559,58222,1293,0,331,English,USA,PG,20000000,2003,265,0.71,7000
Color,173,107,161,549,21000,19389454,54643,22974,5,335,English,USA,R,55000000,2000,826,0.74,7000
Color,111,112,52,347,15000,6830957,11983,16692,3,147,English,USA,PG-13,21000000,2002,1000,0.67,365
Color,33,86,8,428,759,185577,2133,2805,1,31,English,UK,R,4000000,1999,638,0.63,182
Color,198,116,91,459,1000,210609762,732212,3230,0,809,English,USA,PG,19000000,1985,690,0.85,39000
Color,184,112,97,231,577,6615578,15352,1341,2,82,English,Germany,R,13000000,2009,416,0.7,7000
Color,76,136,218,400,11000,37901509,96385,12226,1,119,English,USA,PG-13,70000000,1997,691,0.7,7000
Color,87,74,188,865,11000,7262288,17307,13917,2,186,English,USA,PG-13,40000000,2002,1000,0.65,892
Color,181,86,35,179,851,193136719,266636,1777,0,385,English,USA,PG,75000000,2005,436,0.69,7000
Color,49,92,13,301,11000,28972187,28805,12687,1,159,English,USA,PG-13,13000000,2002,489,0.59,1000
Color,91,135,91,913,13000,45856732,46221,16762,1,141,English,USA,PG-13,40000000,1997,936,0.71,7000
Color,18,108,7,51,699,54215416,21409,936,1,63,English,USA,PG-13,6500000,1987,63,0.68,7000
Color,63,125,91,237,939,45645204,39306,1748,2,119,English,USA,R,30000000,1989,255,0.66,7000
Color,98,114,118,40,489,12831121,44979,679,0,298,English,USA,PG-13,30000000,2004,93,0.7,7000
Color,136,101,4000,539,17000,28045540,67707,32232,0,202,English,USA,PG,65000000,2005,14000,0.61,7000
Color,363,95,89,263,16000,1028658,118684,17471,0,447,English,Spain,R,3000000,2010,517,0.7,24000
Color,51,91,4,429,33,124494,5613,36,1,102,English,USA,PG-13,2000000,1998,3,0.67,7000
Color,257,136,91,3000,19000,35799026,263329,34839,1,899,English,USA,PG-13,126000000,2005,12000,0.69,7000
Color,27,92,4,311,754,3060858,1768,1891,4,37,English,USA,R,10000000,1987,324,0.56,208
Color,276,103,214,424,7000,21501098,115813,8375,1,216,English,USA,PG-13,5000000,2013,468,0.74,22000
Color,212,87,26,566,827,40198710,87451,3144,0,660,English,USA,PG-13,100000000,2004,825,0.33,7000
Color,167,91,50,67,521,66790248,57281,758,0,350,English,USA,R,45000000,2002,108,0.65,7000
Color,79,177,91,582,766,17593391,56403,4346,1,376,English,USA,R,80000000,1997,674,0.6,7000
Color,173,110,12000,555,10000,176781728,219171,13069,2,388,English,USA,PG,15000000,1986,1000,0.69,19000
Color,76,114,92,436,940,42168445,10791,3565,3,39,English,USA,PG-13,35000000,2008,706,0.53,464
Black and White,50,106,8,521,748,64955956,10104,3956,4,69,English,USA,PG-13,18000000,2004,656,0.57,265
Color,125,95,163,650,14000,113006880,66308,16884,0,225,English,Canada,PG,56000000,2005,799,0.55,7000
Color,118,93,18,903,9000,50818750,31209,13403,0,106,English,UK,G,60000000,2008,2000,0.61,7000
Color,24,76,9,47,595,11144518,2724,1139,0,53,English,Canada,G,15000000,1998,417,0.28,436
Color,300,135,91,4000,24000,373377893,411164,43388,1,1303,English,USA,PG-13,200000000,2004,11000,0.73,7000
Color,161,107,69,206,310,36279230,42144,1352,0,213,English,USA,PG-13,60000000,2006,219,0.61,690
Color,91,87,41,574,1000,112950721,33884,3287,0,79,English,USA,PG,72000000,2001,692,0.46,266
Color,131,120,91,886,1000,16284360,15079,6212,1,79,English,USA,PG-13,21000000,2008,901,0.61,1000
Color,226,96,460,73,14000,3074838,56264,14372,2,166,English,USA,R,11000000,2009,153,0.63,7000
Color,144,117,69,1000,10000,116643346,119807,14486,1,340,English,USA,PG-13,80000000,2003,1000,0.6,7000
Color,22,88,38,211,331,76382,1194,1546,2,8,English,USA,R,15000,2009,212,0.62,324
Color,52,95,91,650,899,7881335,21212,3092,4,107,English,USA,R,13000000,1994,849,0.67,3000
Color,156,103,189,949,2000,34290142,54242,4662,8,145,English,USA,R,19800000,2014,1000,0.66,14000
Color,188,100,212,919,2000,10991381,44931,5890,1,100,English,UK,PG,35000000,2009,1000,0.73,7000
Color,299,119,209,521,1000,49024969,133367,3284,0,363,English,USA,R,25000000,2007,896,0.73,7000
Black and White,17,86,204,474,659,334041,1038,2322,3,21,English,USA,R,500000,1997,529,0.65,51
Color,192,95,91,20,20000,866778,44208,20364,3,117,English,Hong Kong,PG-13,10000000,2007,329,0.67,7000
Color,258,113,108,22,1000,31146570,55441,1136,3,165,English,USA,R,20000000,2010,100,0.69,7000
Color,171,120,52,134,553,18317151,55630,1082,1,200,English,USA,R,35000000,2007,214,0.67,7000
Color,49,84,23,706,1000,10017041,8265,4815,3,20,English,USA,R,3000000,2009,927,0.59,545
Color,99,90,16,16,44,24430272,46158,132,3,403,English,USA,R,43000000,2002,28,0.51,7000
Color,298,163,14000,412,745,47379090,176936,2529,0,824,English,France,R,70000000,2005,486,0.76,7000
Color,35,107,6,522,23000,819939,14580,26017,2,252,English,USA,R,850000,2003,813,0.72,7000
Color,187,121,83,242,3000,23472900,264533,4142,1,609,English,UK,PG-13,17500000,2004,460,0.81,12000
Color,138,105,488,13000,15000,20991497,39778,44037,1,172,English,USA,PG-13,37000000,2015,14000,0.54,11000
Color,192,124,91,430,6000,16248701,189683,7567,0,559,English,USA,R,20000000,2003,979,0.77,7000
Color,227,128,521,249,591,72515360,86152,2100,1,411,Aboriginal,UK,PG-13,80000000,2005,249,0.64,7000
Color,71,115,187,887,14000,403932,5254,17104,4,92,English,UK,R,20000000,2000,900,0.65,141
Color,44,100,91,745,995,11466088,8983,3952,0,84,English,USA,R,71000000,1997,879,0.47,316
Color,56,97,43,47,144,52961,2103,326,1,11,English,Spain,R,8000000,2014,63,0.53,675
Color,185,109,260,592,9000,34468224,105568,11736,2,533,English,USA,R,4500000,2003,844,0.73,7000
Color,63,90,49,191,12000,5108820,12519,12776,5,112,English,USA,R,24000000,2000,215,0.59,853
Color,127,94,160,167,550,32003620,79141,1102,1,355,English,USA,PG-13,25000000,2004,216,0.65,2000
Color,34,133,10,19,690,9910,13543,774,15,94,Swedish,Sweden,R,25000000,2004,24,0.76,7000
Color,163,95,434,472,1000,8460995,35888,2618,3,125,English,USA,R,10000000,2010,622,0.55,7000
Color,451,108,13000,11000,40000,334185206,306320,79957,0,736,English,USA,PG,200000000,2010,25000,0.65,24000
Color,119,130,99,812,11000,183875760,213668,13357,1,270,English,USA,PG-13,44000000,1993,1000,0.78,7000
Color,29,103,249,261,2000,8691,4952,3089,1,32,English,USA,R,4500000,2014,298,0.58,7000
Color,136,111,15,121,1000,7691700,12937,2140,2,73,French,France,PG-13,10000000,2010,767,0.75,7000
Color,54,111,35,482,980,985341,3479,3166,0,87,English,USA,R,500000,1999,505,0.73,180
Color,142,103,15,172,723,6061759,49077,1615,0,475,English,USA,PG-13,17000000,2005,552,0.63,7000
Color,120,112,460,395,990,4306697,26720,2820,0,196,English,Canada,R,5000000,1997,900,0.77,920
Color,94,98,129,221,749,1754319,13174,2214,0,81,English,USA,PG-13,10000000,2011,252,0.72,7000
Color,362,107,563,939,40000,123207194,183208,43291,0,337,English,USA,PG,135000000,2011,1000,0.72,26000
Color,110,108,631,95,631,26525834,21998,1023,1,227,English,USA,R,30000000,1998,199,0.68,7000
Color,72,99,17,16,31,22770,1658,81,0,12,Japanese,Japan,R,5500000,2013,17,0.61,543
Color,119,90,378,658,957,18621249,45859,4611,9,340,English,USA,PG-13,6000000,2000,925,0.75,7000
Color,196,116,51,465,18000,54414716,114294,30571,7,187,English,USA,R,42000000,2014,11000,0.63,12000
Color,29,97,420,585,695,41067398,22748,2530,2,41,English,USA,R,25000000,1997,635,0.61,666
Color,169,125,608,579,979,3753806,20307,3133,1,165,English,UK,R,11000000,2004,594,0.77,7000
Color,436,135,209,602,10000,113165635,229823,12175,0,504,English,USA,PG-13,125000000,2012,826,0.67,31000
Color,88,76,129,26,52,255352,4423,132,2,57,English,USA,R,300000,2006,44,0.67,594
Color,25,100,91,359,655,2148212,781,1906,0,20,English,USA,PG,7000000,1999,476,0.63,157
Color,23,91,7,875,12000,19348,2941,16118,2,11,English,USA,PG-13,10000000,2009,3000,0.55,370
Color,320,136,91,1000,20000,474544677,534658,37723,1,3597,English,USA,PG,115000000,1999,14000,0.65,13000
Black and White,69,114,22,413,572,2353728,4293,1776,5,53,French,France,PG-13,20000000,2003,548,0.69,235
Color,391,105,20,844,22000,26589953,165792,26233,1,392,English,USA,R,10500000,2010,982,0.67,44000
Color,61,92,15,49,633,11806119,57578,1168,1,210,English,USA,R,1100000,1988,403,0.68,7000
Color,92,110,278,181,3000,263365,6147,3785,2,36,English,USA,PG-13,20000000,2010,602,0.54,7000
Color,12,109,309,279,592,27515786,8904,1620,0,31,English,USA,R,14000000,1993,556,0.59,7000
Color,31,102,6,165,3000,59847242,55895,5433,1,115,English,USA,PG-13,16500000,1991,2000,0.68,7000
Color,70,154,14000,271,852,94175854,60988,2592,0,199,English,USA,PG-13,15000000,1985,581,0.78,6000
Color,90,87,91,503,975,1276984,11403,3059,2,150,English,France,R,10000000,2000,537,0.62,795
Color,180,106,309,63,327,28064226,65044,561,1,173,English,USA,PG-13,35000000,2011,73,0.5,13000
Color,93,118,49,155,11000,16252765,44913,11662,1,181,English,France,R,42000000,2001,216,0.6,3000
Color,66,161,521,184,11000,87100000,52339,12518,0,200,English,USA,PG,31000000,1985,920,0.72,7000
Color,60,103,357,40,2000,51317350,78343,2710,0,139,English,USA,PG-13,57000000,1996,663,0.64,7000
Color,110,88,152,181,935,19170001,21359,1855,0,270,English,USA,R,2800000,1988,448,0.53,7000
Black and White,149,132,14,3,52,119922,8429,91,0,62,Mandarin,China,R,12000000,2009,32,0.77,7000
Color,85,72,91,384,3000,47887943,11634,4480,0,58,English,USA,G,20000000,2003,455,0.54,227
Color,52,114,46,292,818,6543194,3740,1778,1,61,English,USA,PG-13,34000000,2000,649,0.56,314
Color,33,76,14,636,1000,13684949,4564,3752,0,43,English,USA,PG,3000000,2002,811,0.59,227
Color,82,171,91,638,2000,54222000,131217,4074,0,380,English,USA,PG-13,69500000,1989,650,0.76,7000
Color,84,87,10,349,13000,53715611,92106,14574,1,171,English,USA,R,63000000,1988,1000,0.57,2000
Color,100,100,532,711,4000,9801782,39331,6046,0,481,English,USA,R,10000000,1998,796,0.63,7000
Color,310,99,473,502,14000,83640426,152826,16184,0,253,English,USA,PG-13,150000000,2012,897,0.58,19000
Color,81,100,24,851,15000,55461307,4654,18786,9,46,English,USA,R,20000000,2016,1000,0.67,18000
Color,313,99,119,174,600,59617068,213863,1375,0,310,English,USA,R,65000000,2012,346,0.64,59000
Color,40,91,909,42,909,6706368,22800,1048,0,133,English,USA,R,160000,1989,91,0.75,667
Color,138,87,28,217,426,30000000,43485,1472,0,327,English,USA,R,2200000,1985,359,0.54,7000
Color,326,133,131,733,8000,124868837,249688,10565,0,548,English,USA,PG-13,12000000,2014,1000,0.78,93000
Color,211,98,70,591,1000,53302314,181058,3345,1,674,English,USA,R,23000000,2000,847,0.67,7000
Color,69,94,906,528,2000,36985501,11212,3917,0,94,English,USA,PG,26000000,2002,587,0.52,874
Color,90,103,45,107,489,668171,8215,949,0,132,Mandarin,China,PG-13,60000000,2005,181,0.56,445
Color,259,119,91,639,13000,24006726,139535,15757,8,632,English,USA,R,50000000,2004,1000,0.73,7000
Color,270,101,36,27,7000,59889948,355810,7227,1,889,English,USA,R,8000000,2006,150,0.79,15000
Color,91,104,10,93,715,1056102,18792,1315,0,153,English,USA,R,5000000,2003,436,0.66,1000
Color,173,108,191,336,597,19067631,37714,1981,1,204,English,USA,PG-13,2000000,2007,541,0.71,7000
Color,160,92,13,17,42,21300000,22521,170,0,342,English,USA,R,2200000,1985,27,0.47,1000
Color,12,88,91,3,268,58936,91,318,0,4,English,USA,R,1200000,2001,44,0.61,27
Color,248,129,608,386,1000,3205244,23629,2265,0,141,English,UK,PG-13,10000000,2010,579,0.73,7000
Color,279,92,394,565,13000,9483821,39247,25418,3,131,English,USA,R,55000000,2012,11000,0.57,10000
Color,51,95,213,92,225,94900000,35172,791,0,128,English,USA,R,4000000,1983,174,0.61,7000
Color,151,110,17,418,11000,56154094,44723,21852,0,130,English,UK,PG-13,20000000,2016,10000,0.76,51000
Color,32,91,10,574,890,13571817,5312,3104,3,40,English,USA,PG-13,15600000,2002,578,0.45,939
Color,36,123,6,85,541,13391174,5796,908,0,177,English,USA,PG,20000000,2006,249,0.63,7000
Color,264,112,357,595,5000,102176165,117927,9131,2,501,English,USA,PG-13,145000000,2008,3000,0.52,7000
Color,1,34,19,362,882,333658,97,1967,0,2,English,USA,R,34000,1990,577,0.71,16
Color,133,95,91,643,934,89808372,46417,3500,2,297,English,USA,PG-13,45000000,2003,655,0.46,660
Color,146,97,20,442,21000,3950294,56654,22577,5,124,English,USA,R,12000000,2007,569,0.7,7000
Color,52,164,767,162,358,26400000,12980,1334,0,89,English,UK,PG,16000000,1984,223,0.74,845
Color,9,100,91,51,250,902835,1489,454,2,40,English,USA,R,250000,2001,89,0.67,133
Color,43,88,91,939,3000,16988996,3875,8189,1,75,English,USA,G,35000000,2002,968,0.4,422
Color,169,115,56,19000,20000,26814957,84357,77823,3,252,English,UK,PG-13,35000000,2008,19000,0.67,7000
Color,62,121,272,227,49000,123922370,98348,50141,1,131,English,USA,R,13000000,1987,263,0.73,7000
Color,141,97,6,415,22000,107225164,27130,24350,0,126,English,USA,PG,73000000,2016,1000,0.63,14000
Color,136,99,23,471,1000,4681503,29058,2478,1,238,English,USA,R,9000000,2002,710,0.7,838
Color,100,91,67,597,2000,94497271,17829,4729,1,99,English,USA,PG,20000000,2008,641,0.37,7000
Color,39,98,13,600,3000,296665,12675,5185,1,158,English,USA,R,5000000,2003,971,0.63,7000
Color,15,110,278,179,3000,4357000,5176,3864,3,30,English,USA,PG,30000000,1996,359,0.53,350
Color,124,88,12,931,49000,49474048,31191,53370,2,120,English,USA,PG,35000000,2009,1000,0.54,7000
Color,451,106,188,718,10000,179020854,268154,12572,1,341,English,USA,PG-13,225000000,2012,816,0.68,40000
Color,245,108,425,766,20000,70625986,168717,22739,1,178,English,USA,R,25000000,2011,962,0.62,24000
Black and White,175,140,378,599,12000,120147445,57661,13808,0,455,English,USA,PG-13,87000000,2003,947,0.73,7000
Color,16,104,28,582,962,12514138,2801,3871,0,28,English,USA,R,10000000,1997,826,0.74,1000
Color,135,101,96,442,12000,24185781,30339,13811,1,268,English,USA,PG-13,31000000,2001,495,0.69,7000
Color,138,91,26,638,3000,37300107,29147,5349,1,115,English,USA,PG-13,16000000,2011,1000,0.48,7000
Color,111,118,91,690,1000,87666629,283480,3986,0,263,English,USA,PG,40000000,1990,869,0.74,7000
Color,52,96,68,1000,3000,21564616,7098,8097,9,41,English,USA,PG-13,8500000,2013,1000,0.5,7000
Color,88,94,42,517,975,49002815,15665,3153,2,35,English,USA,PG,22000000,2012,569,0.64,7000
Color,67,99,32,521,773,81150692,20219,2916,1,100,English,Canada,PG,35000000,2002,664,0.51,7000
Color,10,114,503,697,2000,4651977,10410,4334,3,71,English,USA,PG-13,35000000,1992,864,0.69,892
Color,233,216,17000,1000,29000,77679638,314033,47657,3,1166,English,USA,R,100000000,2002,14000,0.75,7000
Color,143,90,10,11000,22000,160762022,132415,63165,0,288,English,USA,PG,75000000,2004,17000,0.6,7000
Color,186,116,91,471,11000,183405771,402645,13028,4,845,English,USA,PG-13,85000000,2001,1000,0.78,7000
Color,151,104,532,557,12000,47592825,82731,16930,1,255,English,USA,PG-13,85000000,2003,3000,0.67,7000
Color,140,139,3000,236,3000,74205,18646,4211,1,81,English,Denmark,R,14200000,2005,769,0.74,1000
Color,163,113,13,594,5000,1094798,11158,7692,6,73,English,UK,R,7200000,2010,629,0.72,7000
Color,58,95,548,360,389,40066497,23671,1792,0,247,English,USA,PG-13,8000000,2004,363,0.35,7000
Color,393,123,2000,471,26000,26903709,312629,37206,0,475,English,UK,R,38000000,2013,10000,0.81,83000
Color,96,293,249,18,362,11433134,168203,469,0,426,German,West Germany,R,14000000,1981,21,0.84,11000
Color,79,129,91,359,844,54000000,26310,2330,0,154,English,USA,R,16000000,1982,617,0.78,7000
Color,203,102,77,120,14000,107515297,85833,14552,2,113,English,USA,PG,100000000,2013,151,0.67,17000
Color,280,103,91,346,1000,131564731,118951,2857,0,1382,English,USA,PG,150000000,2010,756,0.42,18000
Color,145,128,278,343,18000,124590960,91092,22679,1,402,English,USA,PG-13,80000000,2003,4000,0.67,7000
Color,147,113,91,781,13000,12006514,114070,15765,5,500,English,USA,R,250000,1997,1000,0.73,7000
Color,100,99,67,330,826,117559438,66941,1790,1,148,English,USA,PG-13,30000000,2000,436,0.51,1000
Color,128,94,11000,975,11000,17071230,31169,23283,0,192,English,USA,PG,18000000,2000,11000,0.67,812
Color,265,108,192,580,1000,41777564,129719,4500,0,855,English,USA,R,15000000,2006,1000,0.64,7000
Color,549,115,729,552,8000,82624961,205284,9578,0,439,English,USA,R,20000000,2011,727,0.73,22000
Color,341,106,1000,98,816,9190525,102125,1120,1,324,English,USA,R,7000000,2009,105,0.7,10000
Black and White,174,97,91,657,1000,24138847,114797,2990,3,472,English,USA,R,5000000,2006,898,0.74,7000
Color,32,99,5,535,1000,13829734,16194,2960,0,79,English,Canada,PG-13,26000000,1994,691,0.43,319
Color,43,93,91,429,20,100240,1220,28,0,11,English,Denmark,G,1000000,2014,8,0.68,7000
Color,310,124,14000,979,22000,133382309,256695,34817,0,871,English,USA,PG-13,150000000,2006,10000,0.69,7000
Color,37,109,44,458,1000,27362712,5971,3199,1,60,English,USA,PG-13,8000000,2002,886,0.65,7000
Color,46,85,49,401,719,4356743,3662,2446,2,79,English,USA,PG,16000000,2001,405,0.41,7000
Color,239,194,91,195,14000,47396698,217373,19600,1,942,English,USA,R,130000000,2005,5000,0.72,7000
Color,38,85,91,503,1000,39880476,12218,2908,0,33,English,USA,PG,25000000,2002,535,0.52,187
Color,147,99,88,328,11000,120776832,266103,12952,2,456,English,USA,PG-13,75000000,2004,427,0.68,11000
Color,73,90,176,825,931,16647384,8398,4431,1,56,English,USA,PG,26000000,2006,839,0.51,498
Color,145,103,11000,636,22000,106694016,123940,24333,2,337,English,USA,R,30000000,1999,979,0.67,7000
Color,73,93,4,394,875,100675,5695,2305,0,23,English,USA,PG-13,3000000,2010,412,0.64,7000
Color,314,150,91,748,23000,65007045,128682,26490,0,657,English,UK,PG-13,140000000,2014,893,0.61,51000
Color,117,97,420,455,4000,28328132,38298,9814,2,147,English,USA,PG-13,58000000,2004,3000,0.63,782
Black and White,41,128,545,251,15000,107458785,71754,16751,3,166,English,USA,PG,40000000,1992,923,0.72,7000
Color,222,111,295,531,3000,14337579,156929,4696,1,624,English,Australia,R,27000000,1998,882,0.77,14000
Color,231,98,124,354,931,89706988,126746,2287,1,600,English,USA,PG-13,55000000,2005,507,0.62,7000
Color,60,103,35,482,548,1420578,4894,2389,0,122,English,USA,PG-13,1900000,2003,495,0.64,298
Color,98,85,91,82,11000,26288320,36144,11301,0,91,English,USA,PG,60000000,2003,102,0.67,880
Color,80,91,21,542,2000,100117603,102933,4842,0,230,English,USA,G,100000000,1996,700,0.69,7000
Color,437,133,91,531,13000,109712885,146708,15106,1,362,English,USA,PG-13,35000000,2015,597,0.77,70000
Color,289,95,4,80,788,14291570,82082,1414,2,236,English,France,PG-13,20000000,2012,447,0.61,10000
Color,84,123,98,579,2000,36581633,52533,3994,1,235,English,Germany,PG-13,21000000,2007,826,0.75,10000
Color,72,127,65,345,788,14946229,2581,2104,1,29,English,UK,R,25000000,2016,423,0.73,7000
Color,41,78,91,786,971,76501438,8146,4527,0,49,English,Germany,G,30000000,2000,844,0.61,181
Color,345,120,91,160,3000,75754670,208422,3632,0,342,English,USA,PG-13,85000000,2008,169,0.7,3000
Color,158,108,50,494,14000,16930884,65628,16722,1,262,English,USA,R,30000000,2007,975,0.59,7000
Color,663,93,188,168,2000,12784397,70336,2658,0,269,English,USA,PG-13,1800000,2012,458,0.73,31000
Color,104,97,32,692,14000,8378141,18966,16502,5,141,English,UK,PG,15000000,2002,1000,0.69,7000
Color,377,162,21000,495,21000,33048353,301279,36928,0,589,English,USA,R,65000000,2007,15000,0.77,12000
Color,60,114,160,271,1000,18252684,18366,1816,2,219,English,USA,PG,30000000,1998,367,0.69,7000
Color,213,97,41,619,11000,23527955,74691,12841,1,165,English,USA,PG-13,25000000,2010,673,0.64,7000
Color,479,118,91,520,14000,138795342,503631,15732,0,636,English,UK,R,15000000,2010,1000,0.8,64000
Color,116,98,20,872,5000,36833473,53126,7945,1,254,English,France,R,25000000,2001,888,0.66,7000
Color,111,100,9,363,599,15500000,51996,2389,0,302,English,Germany,R,16000000,1999,380,0.7,7000
Black and White,107,100,90,65,168,1134049,5475,408,0,44,English,UK,PG,2000000,2007,142,0.81,7000
Color,29,81,25,654,931,6982680,6965,3848,0,69,English,USA,PG-13,10000000,2000,744,0.57,262
Color,148,116,120,664,12000,78900000,91414,16539,2,359,English,USA,PG,11000000,1982,980,0.77,7000
Color,93,124,75,258,294,41256277,46451,1289,2,156,English,USA,R,50000000,1997,273,0.59,7000
Color,405,109,91,48,140,8114507,95362,328,1,270,English,USA,R,3000000,2013,63,0.79,62000
Color,78,106,33,3,341,304124,2720,358,0,37,Spanish,Argentina,R,1400000,2004,5,0.67,57
Color,150,96,83,926,26000,13630226,112516,30541,0,223,English,USA,R,20000000,2009,968,0.62,7000
Color,410,116,737,141,23000,93571803,275869,23811,2,389,English,USA,R,25000000,2010,238,0.79,36000
Color,118,116,453,2000,24000,3335839,54657,50313,2,222,English,USA,R,2000000,2005,23000,0.7,7000
Color,119,107,34,1000,23000,57744720,46961,31529,5,132,English,USA,PG-13,20000000,2010,4000,0.62,7000
Color,212,90,80,21,145,267652016,467113,275,1,945,English,USA,PG,60000000,2001,50,0.79,7000
Color,117,98,91,697,12000,55585389,64121,15269,1,241,English,USA,R,69000000,1998,854,0.59,880
Color,143,90,241,416,1000,81517441,111368,3148,1,394,English,USA,R,50000000,1999,495,0.71,7000
Color,261,105,101,157,1000,5776314,73349,2016,4,142,English,USA,R,3200000,2010,394,0.72,15000
Color,27,122,91,292,12000,41252428,11453,13716,0,71,English,USA,PG-13,42000000,1996,592,0.65,7000
Color,35,96,22,794,1000,20257000,7569,5282,2,65,English,USA,R,7000000,1988,841,0.52,978
Color,228,97,63,525,852,104374107,89351,2480,0,214,English,USA,G,105000000,2009,578,0.71,5000
Color,173,106,285,105,8000,100468793,212499,11264,2,277,English,USA,R,65000000,2008,3000,0.69,7000
Color,225,109,187,204,818,214966,28483,1813,0,176,English,USA,R,13000000,2010,467,0.61,7000
Color,66,111,79,2000,11000,42877165,45602,26088,0,114,English,USA,R,86000000,1997,11000,0.61,979
Color,62,103,24,10,127,5725,10220,163,0,110,German,Germany,R,8400000,2000,10,0.61,560
Color,350,119,151,2000,20000,179883016,361924,40054,0,641,English,USA,PG-13,150000000,2009,16000,0.67,7000
Color,188,101,91,577,2000,55673333,65785,4286,1,160,English,USA,PG,80000000,2010,653,0.7,16000
Color,64,102,149,276,409,1281176,2932,1986,1,73,English,USA,PG-13,312000,1999,277,0.67,121
Color,159,110,118,287,11000,5773519,28618,12876,2,91,English,USA,PG-13,40000000,2015,1000,0.6,11000
Color,63,109,36,579,3000,61693523,6276,7833,0,55,English,USA,PG,13000000,2016,3000,0.68,16000
Color,120,98,7,507,805,23838,28570,2271,0,160,English,UK,R,7000000,2013,766,0.55,7000
Color,495,142,464,825,15000,202853933,321227,28631,0,1067,English,USA,PG-13,200000000,2014,10000,0.67,41000
Color,214,112,123,787,14000,39235088,193962,16196,0,805,English,USA,R,23000000,2000,991,0.71,5000
Color,29,93,91,59,399,906666,154,660,1,5,English,USA,R,500000,2011,169,0.68,287
Color,178,93,45,352,9000,25857987,110614,10185,0,532,English,USA,PG-13,62000000,2005,460,0.55,7000
Color,60,94,87,37,87,36830,3291,256,0,63,English,UK,PG-13,1400000,2004,70,0.66,400
Color,224,98,541,897,8000,35063732,164608,10938,1,383,English,USA,R,32000000,2007,912,0.64,10000
Color,23,97,4,429,1000,24784,591,3852,0,10,English,Canada,R,1200000,2011,664,0.74,5000
Color,16,120,6,382,22000,42880,2919,23769,3,50,English,UK,PG,24000000,2004,670,0.51,181
Color,220,196,249,844,11000,133228348,381672,17944,2,1694,English,USA,R,175000000,2004,5000,0.72,7000
Color,83,124,105,460,24000,54910560,88225,38227,0,227,English,USA,R,60000000,1997,13000,0.63,7000
Color,159,150,91,135,11000,100853835,200556,12289,2,611,English,USA,PG,90000000,1997,1000,0.74,15000
Color,137,89,14,270,971,15818967,13913,2517,0,120,English,USA,R,7000000,2014,479,0.4,7000
Color,117,99,60,628,4000,1654367,18355,6526,0,106,English,USA,R,7000000,2006,787,0.64,3000
Color,42,124,11000,563,11000,10763469,13692,12685,0,55,English,USA,PG,15000000,1989,860,0.64,877
Color,115,116,13,140,203,1050445,21394,773,0,147,French,France,PG-13,22000000,2005,172,0.78,11000
Color,225,105,68,374,635,92401,56402,2423,0,209,English,USA,R,2000000,2010,445,0.63,17000
Color,13,115,468,150,605,14587732,4795,1290,3,39,English,USA,PG-13,35000000,1991,367,0.57,452
Color,349,115,346,26,74,610968,170155,216,1,249,Danish,Denmark,R,3800000,2012,69,0.83,60000
Color,546,144,91,15,378,16377274,105144,427,31,405,English,USA,R,32000000,2012,18,0.71,27000
Color,161,81,10,397,925,135381507,63912,2252,0,251,English,USA,G,150000000,2005,729,0.58,912
Color,93,123,91,781,1000,2122561,99033,3254,6,434,English,USA,R,6000000,1995,898,0.72,7000
Color,471,117,212,896,11000,27296514,326494,17738,0,340,English,USA,R,5000000,2013,3000,0.8,65000
Color,125,107,234,660,1000,6998324,11476,3944,2,50,English,USA,R,28000000,2015,962,0.61,7000
Color,75,98,39,428,593,22734486,11815,2713,1,117,English,USA,PG-13,17000000,2003,517,0.56,320
Color,191,102,23,651,2000,64149837,146899,7009,1,185,English,USA,PG-13,20000000,2009,2000,0.64,7000
Color,330,112,97,584,17000,191616238,258186,19428,2,322,English,USA,R,50000000,2014,920,0.71,24000
Color,167,89,35,436,1000,179982968,146019,3285,0,119,English,USA,PG,150000000,2008,851,0.67,7000
Color,216,94,85,443,14000,50648679,149549,16225,1,348,English,France,R,45000000,2007,706,0.63,7000
Color,63,123,91,324,11000,10297897,8309,11969,4,39,English,USA,PG-13,27000000,1998,597,0.6,315
Color,100,100,422,422,816,18488314,76151,2893,0,333,English,USA,R,1200000,2001,577,0.71,7000
Color,239,101,448,83,482,96471845,268581,956,0,1109,English,USA,PG-13,17000000,2001,203,0.76,20000
Color,141,88,91,982,4000,120136047,48500,9913,2,124,English,Germany,PG-13,80000000,2008,3000,0.56,7000
Color,492,117,294,1000,10000,58607007,182899,14161,0,630,English,USA,PG-13,100000000,2014,2000,0.62,60000
Color,100,133,272,628,10000,172825435,383784,12285,3,331,English,USA,R,25000000,1988,898,0.8,12000
Color,8,105,29,76,847,178739,1015,1668,0,10,English,USA,PG-13,2450000,2011,618,0.39,566
Color,315,111,124,357,13000,90356857,238916,24928,4,328,English,USA,PG-13,58000000,2010,11000,0.71,32000
Color,152,94,151,29,113,2912363,25063,278,1,177,Zulu,UK,R,3000000,2005,64,0.73,7000
Color,80,193,133,820,2000,21500000,45271,6341,0,170,English,USA,PG,27000000,1983,826,0.79,7000
Color,92,127,102,1000,2000,75597042,26434,6657,0,174,English,USA,G,20000000,2002,1000,0.7,7000
Color,73,96,91,130,372,14208384,11520,977,2,105,English,USA,PG-13,30000000,2003,206,0.56,625
Color,276,91,91,220,34000,958319,39764,34705,0,148,English,USA,PG-13,21000000,2011,242,0.67,17000
Color,316,110,335,988,11000,134568845,299852,25763,0,713,English,USA,R,75000000,2008,11000,0.67,7000
Color,82,110,80,509,826,14469428,10667,2466,2,95,English,USA,PG-13,26000000,2004,590,0.52,260
Color,167,91,41,328,567,20819129,84209,2954,1,201,English,USA,PG,26000000,2009,402,0.52,7000
Color,74,119,116,385,738,8888143,22250,2171,0,123,English,Canada,R,28000000,1999,428,0.67,913
Color,262,92,87,424,15000,58401464,276746,16982,1,264,English,USA,PG-13,8000000,2010,1000,0.71,19000
Color,96,133,521,970,11000,31054924,17025,16710,1,290,English,USA,R,64000000,1999,1000,0.51,295
Color,158,99,91,520,1000,19294901,26126,2535,0,325,English,USA,PG-13,35000000,2005,573,0.5,7000
Color,54,99,91,798,26000,92191,29463,29325,1,84,English,UK,R,2500000,2001,1000,0.65,7000
Color,323,119,91,10000,29000,22877808,152591,53895,0,414,English,USA,R,35000000,2008,14000,0.73,7000
Color,139,96,3,35,18000,48006503,28109,18178,3,110,English,USA,PG,37000000,2008,82,0.6,7000
Color,14,105,7,548,2000,609042,449,3475,2,38,English,USA,PG,1300000,1999,783,0.65,117
Color,103,94,480,486,1000,68525609,132963,3889,5,302,English,USA,R,15600000,2000,490,0.65,7000
Color,67,106,48,35,23000,52885587,35312,23369,0,267,English,USA,R,16000000,1999,255,0.64,7000
Color,198,113,221,503,11000,100018837,156348,13446,0,380,English,USA,PG-13,90000000,2008,600,0.55,7000
Color,159,81,3,7,220,22757819,13521,276,0,150,English,USA,R,100000,2015,40,0.42,7000
Color,59,72,5,435,659,28501605,31371,2646,0,166,English,USA,R,13000000,1990,628,0.57,7000
Color,50,108,19,505,973,19693891,12993,3344,2,107,English,USA,PG-13,34000000,2001,954,0.49,476
Color,66,96,3,305,2000,162,5228,2802,5,38,English,Thailand,R,9000000,2014,368,0.57,7000
Color,100,103,38,316,745,1530535,7833,1721,3,63,English,USA,R,9000000,2005,591,0.57,215
Color,220,119,91,593,908,33386128,36372,3226,0,491,English,USA,R,15000000,2009,764,0.49,3000
Black and White,119,125,34,65,427,13337299,9649,729,7,226,English,USA,PG-13,20000000,2004,66,0.66,1000
Color,252,145,14000,533,10000,132014112,399651,12546,0,1331,English,USA,PG-13,102000000,2002,798,0.77,7000
Color,21,89,23,899,1000,8119205,4288,5535,3,21,English,USA,PG,28000000,1997,937,0.54,517
Color,180,103,44,190,637,17474107,56605,1342,3,89,English,USA,R,7000000,2015,256,0.73,23000
Color,138,104,91,329,14000,108229,30836,15860,1,137,English,USA,R,4500000,2009,1000,0.59,7000
Color,121,104,91,517,754,31899000,23986,2442,0,201,English,USA,NC-17,6500000,1980,567,0.71,7000
Color,71,98,89,3,88,2938208,7143,173,1,52,English,USA,PG-13,225000,1990,74,0.75,865
Color,40,94,7,17,235,81525,29392,303,1,91,French,France,R,15300000,2001,46,0.66,7000
Color,272,86,59,104,694,703002,37495,1249,4,230,English,Canada,R,3000000,2011,324,0.61,37000
Color,147,124,47,877,40000,52937130,198066,43453,1,426,English,USA,R,30000000,2001,1000,0.76,13000
Color,2,118,76,249,902,800000,892,2079,0,21,English,USA,PG,14000000,1981,488,0.52,106
Color,417,140,310,619,33000,21383298,187170,34413,3,376,English,USA,R,15000000,2012,748,0.73,47000
Color,428,154,91,581,894,352358779,326180,2593,2,899,English,USA,PG-13,195000000,2011,829,0.63,46000
Color,251,94,24,434,581,104007828,76828,2371,0,314,English,USA,R,5000000,2011,438,0.58,24000
Color,228,127,905,271,15000,38345403,212085,16034,8,492,English,UK,PG-13,70000000,2007,588,0.77,15000
Color,75,90,234,15,552,241816,6246,642,0,76,English,USA,R,42000,2000,61,0.75,451
Color,645,182,91,773,5000,303001229,637246,9152,1,1367,English,USA,PG-13,180000000,2012,972,0.79,166000
Color,121,97,3,631,24000,16699684,17461,25792,1,78,English,USA,PG,8000000,2009,827,0.56,7000
Color,222,115,13,642,20000,66009973,38202,38963,3,135,English,USA,R,14800000,2015,17000,0.57,41000
Color,256,101,91,574,40000,26505000,149285,42918,1,668,English,USA,NC-17,1800000,1984,852,0.75,10000
Color,211,105,500,718,11000,20338609,19655,12946,8,280,English,USA,PG-13,10000000,2006,912,0.68,683
Color,142,95,70,512,970,48291624,82819,2876,1,263,English,USA,PG-13,58000000,2005,834,0.67,7000
Color,141,112,105,748,18000,317125,23334,25269,0,87,English,Australia,R,16000000,2013,6000,0.62,7000
Color,350,122,308,10000,17000,191449475,348007,44060,1,1535,English,USA,PG-13,37000000,2008,12000,0.52,19000
Color,224,115,180,87,1000,10640645,28429,1686,0,110,English,USA,R,40000000,2015,535,0.58,7000
Color,215,120,14000,548,861,434949459,281842,2811,0,515,English,USA,PG,10500000,1982,725,0.79,34000
Color,203,86,385,100,266,14564027,76407,673,0,335,English,UK,R,1000000,1987,209,0.7,7000
Color,175,111,81,81,3000,33631221,48559,3784,1,145,English,USA,R,25000000,2014,571,0.6,7000
Color,56,90,119,636,869,15549702,24038,3007,2,123,English,USA,PG-13,14000000,2003,779,0.46,411
Color,97,107,24,85,10000,26284475,9051,10691,13,68,English,USA,PG-13,17000000,2015,566,0.57,7000
Color,279,120,508,1000,21000,58700247,95367,36062,1,260,English,USA,PG-13,38000000,2011,11000,0.69,33000
Color,217,133,91,218,7000,109243478,313797,8341,1,546,English,USA,R,26000000,2005,966,0.71,7000
Color,258,94,132,317,26000,17120019,83097,27759,2,134,English,USA,R,30000000,2012,828,0.65,12000
Color,156,99,212,182,576,18821279,44891,1520,0,202,English,USA,PG-13,70000000,2014,358,0.42,12000
Color,459,139,168,1000,14000,150832203,341058,22226,2,713,English,USA,PG-13,85000000,2014,5000,0.67,49000
Color,101,103,643,586,24000,37752931,20201,26938,2,180,English,USA,PG-13,40000000,2000,1000,0.55,7000
Color,84,96,22,324,8000,15427192,11768,11078,0,148,English,USA,PG-13,16000000,2000,2000,0.56,492
Color,31,101,154,497,1000,53146000,9845,3174,1,77,English,USA,R,20000000,1996,816,0.61,613
Color,226,100,545,766,14000,39532308,198701,17902,0,1138,English,UK,R,33000000,2002,2000,0.67,7000
Color,200,152,91,557,2000,108638745,292022,4270,0,1103,English,USA,R,92000000,2001,820,0.77,10000
Color,124,86,84,34,680,992238,16349,763,0,103,English,UK,R,1700000,2004,46,0.68,869
Color,122,111,72,722,19000,6200756,96129,34106,0,488,English,USA,R,7000000,2001,12000,0.74,5000
Color,68,102,212,195,10000,354704,2705,11083,0,38,English,USA,R,1300000,1987,633,0.59,314
Color,60,90,7,251,525,4922166,23606,1445,2,304,English,USA,PG,12000000,2003,281,0.21,7000
Color,265,101,91,11,19000,44566004,321283,32015,0,1848,English,USA,R,4000000,2003,13000,0.78,17000
Color,108,103,57,132,541,22160085,16747,1228,0,349,English,USA,PG-13,10600000,2002,451,0.54,1000
Color,252,123,91,923,11000,94125426,79264,13321,2,277,English,USA,PG-13,40000000,2009,935,0.7,13000
Color,382,106,763,809,8000,64933670,70838,11454,1,208,English,USA,PG,85000000,2012,886,0.56,18000
Color,576,136,94,2000,19000,259746958,496749,36188,1,742,English,USA,PG-13,170000000,2014,11000,0.78,55000
Color,85,220,91,820,13000,15527125,11388,15006,2,183,English,USA,PG-13,57000000,2000,861,0.58,652
Color,28,97,117,556,851,27900000,39508,3036,2,96,English,USA,R,3500000,1993,582,0.75,7000
Color,154,98,189,1000,49000,113733726,67223,53587,7,126,English,USA,PG,127000000,2014,3000,0.62,11000
Color,68,125,438,372,18000,77324422,178731,33865,2,261,English,USA,PG-13,26000000,1993,15000,0.77,7000
Color,147,95,98,78,405,37101011,30394,1070,1,103,English,USA,PG-13,40000000,2012,358,0.58,7000
Color,313,136,91,99,18000,171383253,1217752,18563,3,3646,English,USA,R,63000000,1999,145,0.87,25000
Color,352,151,17000,1000,29000,132373442,873649,45648,0,2054,English,USA,R,90000000,2006,13000,0.85,29000
Color,150,114,737,393,2000,60652036,137854,3743,1,560,English,USA,R,48000000,1999,490,0.71,3000
Color,226,100,124,534,2000,40168080,80870,3889,0,315,English,USA,R,26000000,2010,850,0.52,7000
Color,59,92,89,355,729,11675178,9509,2848,4,53,English,USA,R,5000000,2016,706,0.35,11000
Color,88,103,365,49,907,23000,5931,1411,0,58,English,USA,R,500000,2006,365,0.62,7000
Color,40,82,33,475,744,17278980,48225,2400,0,164,English,USA,R,8000000,1998,503,0.67,7000
Color,76,110,534,511,865,5881504,5917,2972,2,50,English,USA,PG-13,39000000,2004,534,0.53,177
Color,120,99,59,145,770,101217900,91093,1195,2,353,English,USA,PG,70000000,1998,263,0.7,7000
Color,124,131,911,232,5000,85433,69676,5954,2,131,English,Italy,R,13500000,2013,234,0.78,31000
Color,256,101,6000,2,6,15081783,85589,13,0,144,Japanese,Japan,G,34000000,2008,3,0.77,7000
Color,148,114,59,403,49000,31655091,87331,50927,0,364,English,USA,PG,30000000,2007,702,0.75,18000
Color,193,103,77,835,1000,176387405,328159,5437,0,467,English,USA,PG,59000000,2002,939,0.76,3000
Color,82,123,12000,665,18000,91400000,81026,30132,0,194,English,USA,R,53000000,1995,10000,0.73,7000
Color,55,98,41,525,723,57176582,27492,3939,1,84,English,USA,R,9500000,2000,706,0.61,7000
Color,155,101,13,6,280,6517198,30474,308,0,172,Spanish,Colombia,R,3000000,2004,11,0.75,7000
Color,148,109,415,228,673,49185998,74476,1775,2,184,English,USA,PG-13,30000000,2009,489,0.74,15000
Color,39,109,9,280,767,3050934,2794,2187,1,78,English,USA,PG-13,1800000,2000,380,0.73,7000
Color,76,99,272,62,1000,12181484,26390,1189,1,176,English,USA,PG-13,40000000,2004,87,0.48,713
Color,11,105,6,371,723,8508843,7470,2368,1,35,English,USA,PG,18000000,1989,422,0.55,7000
Color,43,93,12,636,18000,38037513,49680,20188,2,117,English,USA,PG,20000000,1991,769,0.62,7000
Color,48,129,81,164,970,121945720,89972,2551,0,126,English,USA,R,25000000,1992,854,0.61,7000
Color,251,95,91,98,11000,17791031,109855,11994,0,888,English,USA,R,25000000,2002,876,0.73,7000
Color,65,95,49,261,702,2955039,3624,2007,1,27,English,USA,PG-13,9000000,2007,616,0.62,313
Color,47,94,258,424,721,11508423,3174,2453,2,19,English,USA,PG,23000000,2008,463,0.51,376
Color,148,128,91,754,955,37036404,44816,5404,3,259,English,USA,PG-13,30000000,2000,869,0.64,7000
Color,154,110,91,898,10000,180965237,300542,12760,0,378,English,USA,PG-13,80000000,1996,1000,0.71,7000
Color,45,68,91,253,304,18081626,4180,861,0,32,English,USA,G,20000000,2005,286,0.64,264
Color,72,145,91,560,10000,70001698,76842,12098,0,173,English,USA,R,14000000,1989,854,0.72,4000
Color,172,133,2000,541,40000,18653746,137722,42344,1,638,English,Spain,R,38000000,1999,903,0.67,7000
Color,144,121,541,680,920,184031112,190786,2880,4,539,English,USA,PG-13,100000000,1995,710,0.54,7000
Color,53,88,12,249,327,13019253,3914,1509,4,47,English,USA,PG-13,23000000,2000,281,0.56,153
Black and White,223,113,252,90,539,170684505,172080,813,0,1017,English,USA,PG-13,45000000,2002,151,0.72,7000
Color,77,86,6,843,1000,10134754,9682,5393,0,38,English,USA,PG,30000000,2011,857,0.48,7000
Color,144,86,378,783,957,5542025,12197,3535,0,150,English,USA,PG-13,12000000,2006,925,0.63,650
Color,49,87,18,844,3000,3071947,18711,9555,3,183,English,USA,R,3500000,1999,2000,0.54,7000
Black and White,183,105,91,308,845,1304837,21481,2355,2,175,English,USA,R,32000000,2006,552,0.61,559
Color,166,101,57,230,1000,10268846,31918,1947,1,142,English,USA,R,35000000,2009,603,0.55,7000
Color,252,147,91,669,6000,7219578,235992,8484,1,1768,English,France,R,15000000,2001,889,0.8,16000
Color,125,121,18,776,1000,29655590,53970,3986,4,435,English,USA,PG-13,65000000,1999,855,0.6,7000
Color,91,110,164,45,258,15156200,15358,571,2,131,English,USA,R,30000000,1999,218,0.6,328
Color,166,96,13,463,16000,83024900,62424,17416,0,90,English,USA,PG,135000000,2013,881,0.65,13000
Color,115,93,787,429,787,365734,11487,883,0,226,English,USA,R,10000000,2003,96,0.5,952
Color,91,87,31,733,1000,133103929,22838,4073,0,56,English,USA,G,75000000,2011,1000,0.44,7000
Color,103,120,91,388,782,27545445,59524,2892,2,418,English,USA,R,6500000,1989,652,0.79,7000
Color,98,115,150,789,970,39177215,30667,3770,1,234,English,USA,PG-13,38000000,2002,919,0.56,7000
Color,104,109,128,1000,11000,13491653,23728,14995,0,213,English,USA,R,18000000,2001,2000,0.61,813
Color,184,126,295,284,18000,31141074,51892,19769,4,273,English,USA,PG-13,140000000,2016,934,0.55,24000
Color,12,133,12,106,464,199228,7295,1045,0,49,Hindi,India,R,150000000,2009,374,0.72,504
Color,49,94,80,230,1000,36830057,10883,2151,2,73,English,USA,PG,65000000,1999,417,0.49,448
Color,157,109,80,2000,19000,45489752,48973,28493,2,214,English,USA,PG-13,26000000,2004,3000,0.65,736
Color,526,113,13000,16000,40000,79711678,199039,80849,7,479,English,USA,PG-13,100000000,2012,17000,0.62,82000
Color,326,114,151,430,11000,61656849,184561,12908,4,554,English,USA,PG-13,110000000,2013,635,0.67,123000
Color,349,115,212,612,2000,37877959,86664,4896,1,252,English,USA,R,15000000,2014,820,0.71,38000
Color,128,101,10,681,1000,46012734,54421,4298,2,101,English,USA,PG-13,40000000,2008,689,0.58,3000
Color,51,85,157,10,830,192467,4067,1064,0,71,English,USA,R,15000,2005,224,0.66,297
Color,91,102,167,436,656,75074950,22147,2754,0,156,English,USA,PG-13,12000000,2002,528,0.63,770
Color,74,93,253,637,3000,5409517,14280,5580,0,171,English,USA,PG-13,75000000,2001,889,0.47,683
Color,176,100,21,552,14000,13746550,29322,15922,5,104,English,USA,R,2000000,2012,618,0.61,7000
Color,37,120,91,1000,3000,173585516,200077,7860,2,189,English,USA,PG,18000000,1992,1000,0.66,7000
Color,267,106,12000,385,18000,65452312,149998,19906,1,285,English,USA,R,100000000,2009,464,0.64,7000
Color,56,98,10,912,10000,16115878,24438,13433,0,194,English,USA,R,8000000,1995,1000,0.66,7000
Color,91,110,422,422,33000,19179969,54710,35345,2,177,English,USA,R,17500000,2006,459,0.63,7000
Color,62,90,39,210,607,28535768,10446,1335,2,105,English,USA,PG-13,40000000,1999,322,0.53,279
Color,29,82,82,490,2000,12996,1938,3905,0,54,English,USA,R,1000000,2000,571,0.6,210
Color,192,129,719,423,660,54700065,221521,2031,0,1049,English,USA,R,105000000,1997,475,0.72,7000
Color,21,97,3,161,400,2315683,4081,805,0,28,English,UK,PG-13,17000000,1986,193,0.3,154
Color,100,81,63,429,63,10762178,10369,66,0,153,English,France,G,160000000,2001,3,0.8,1000
Color,85,125,21,581,12000,38432823,33067,15811,1,134,English,USA,PG-13,30000000,2006,2000,0.69,7000
Color,269,102,91,15000,22000,66636385,88451,60646,1,289,English,USA,R,75000000,2007,15000,0.71,7000
Color,24,100,98,604,1000,12902790,4052,3250,1,88,English,USA,R,12000000,1998,849,0.66,242
Color,63,96,19,71,1000,115862,7394,2163,2,50,English,USA,R,6000000,2009,943,0.67,7000
Color,4,92,4,12,93,425899,1123,168,0,31,English,USA,PG,400000,2010,31,0.51,638
Color,172,93,91,133,355,13008928,73501,837,0,333,English,USA,R,4000000,1988,151,0.73,27000
Color,96,105,188,482,848,72077000,62986,3439,4,150,English,USA,R,30250000,1995,808,0.69,7000
Black and White,86,130,39,534,2000,9589875,16673,5162,0,45,English,USA,PG,40000000,2008,898,0.73,7000
Color,13,103,34,227,811,16066,1207,1789,0,44,English,Germany,R,5000000,2004,522,0.33,40
Color,24,113,9,12,71,19184015,1466,159,1,35,English,USA,R,3000000,2002,65,0.54,63
Color,97,97,745,745,12000,11614236,9294,15209,2,140,English,USA,PG-13,15000000,1999,821,0.56,251
Color,134,180,869,521,692,51600000,270790,3076,0,549,English,USA,R,18000000,1984,670,0.83,16000
Color,175,111,98,71,2000,76806312,124501,2978,1,154,English,USA,PG-13,30000000,2008,805,0.61,7000
Color,242,89,10,106,963,4443403,70194,1754,0,158,French,France,PG-13,7300000,2007,545,0.8,14000
Color,104,135,323,495,826,122012643,143696,2575,1,241,English,USA,PG,30000000,1990,692,0.76,7000
Color,133,89,16,2000,49000,21784432,37493,74181,8,108,English,USA,R,35000000,2013,22000,0.56,7000
Color,147,142,91,638,14000,44700000,537442,16464,0,851,English,USA,R,25000000,1983,670,0.83,19000
Color,138,94,42,668,12000,19548064,25681,23365,1,77,English,Hong Kong,PG,65000000,2009,9000,0.63,7000
Color,127,95,63,720,23000,38120554,71527,26940,0,217,English,USA,PG,140000000,2002,770,0.71,7000
Color,42,111,161,132,11000,46815748,32544,12161,1,69,English,USA,PG-13,45000000,1994,894,0.63,7000
Color,127,104,13,343,961,23020488,42324,2422,3,180,English,USA,PG-13,52000000,2003,691,0.55,846
Color,208,88,188,826,10000,190418803,270207,14823,2,606,English,USA,PG-13,140000000,2002,3000,0.61,2000
Color,28,117,162,745,2000,777423,5841,4351,0,57,English,USA,PG-13,25000000,1998,878,0.72,942
Color,97,88,96,360,24000,6373693,11498,25637,1,53,English,USA,PG-13,15000000,2009,971,0.53,7000
Color,116,90,34,506,966,4360548,13371,2661,7,60,English,USA,R,15000000,2009,681,0.64,7000
Color,97,105,261,617,783,2062066,11387,2684,3,147,English,USA,R,7000000,2002,658,0.66,357
Color,354,135,255,882,3000,134518390,326286,5811,0,643,English,USA,PG-13,150000000,2008,1000,0.68,7000
Color,406,120,91,113,260,499263,179235,705,0,2814,Aramaic,USA,R,30000000,2004,252,0.71,13000
Color,275,112,11000,159,385,16684352,67893,1205,0,163,English,USA,R,17000000,2012,223,0.63,18000
Color,269,121,91,919,10000,83077470,183247,14165,0,440,English,USA,PG-13,75000000,2008,1000,0.71,7000
Color,38,116,91,50,109,325491,4387,245,0,67,English,USA,R,17500000,2002,67,0.6,204
Color,72,108,18,433,714,11702090,37700,2785,2,50,English,USA,PG-13,16500000,2007,701,0.63,7000
Color,509,186,91,773,5000,258355354,483540,9152,6,951,English,USA,PG-13,225000000,2013,972,0.79,83000
Color,332,129,91,213,492,110008260,94241,1450,1,309,English,Japan,R,35000000,2015,392,0.63,25000
Color,99,113,44,4,61,617228,6183,92,1,27,Czech,Czech Republic,R,84450000,2006,12,0.74,1000
Color,66,98,17,770,1000,14114488,13190,3827,0,114,English,USA,PG-13,10500000,1988,887,0.45,616
Color,56,114,65,440,743,12065985,16260,2367,1,88,English,USA,PG,60000000,1998,730,0.49,296
Color,242,87,49,59,309,19100000,39690,707,0,394,English,USA,R,1250000,1981,121,0.61,7000
Color,172,137,79,194,27000,1206135,40568,27666,3,185,English,Czech Republic,R,50000000,2015,254,0.64,18000
Color,169,89,41,847,2000,9639242,16437,5470,0,68,English,USA,PG-13,24000000,2011,1000,0.49,7000
Color,181,107,192,280,40000,7605668,47320,42683,2,188,English,UK,R,60000000,2015,2000,0.55,12000
Color,365,88,192,847,3000,25003072,72552,5737,0,374,English,USA,R,24000000,2010,859,0.55,13000
Color,294,172,91,857,16000,340478898,1100446,23052,1,2417,English,USA,PG-13,94000000,2002,5000,0.87,10000
Color,11,114,9,86,159,1001437,2039,423,1,28,English,USA,R,800000,1993,143,0.72,81
Color,190,90,108,270,1000,37470017,86890,1982,0,985,English,Germany,R,10000000,2001,322,0.61,7000
Color,40,93,148,170,549,7017178,1633,1373,5,17,English,USA,PG,17500000,2013,269,0.44,7000
Color,197,119,238,447,1000,13763130,87768,2925,0,187,English,USA,R,32000000,2010,561,0.63,12000
Color,184,96,9,107,826,47852604,62364,1825,0,337,English,USA,PG-13,20000000,2007,626,0.59,7000
Color,93,115,115,977,9000,882710,16215,11433,2,138,English,USA,R,24000000,2000,1000,0.64,401
Color,19,90,48,376,940,15091542,4086,2465,2,22,Italian,UK,G,25000000,1996,595,0.53,246
Color,85,134,17000,429,2,5532301,21606,4,0,117,English,USA,PG-13,28000000,1997,2,0.7,7000
Color,78,91,29,459,861,27087695,41664,2543,0,205,English,USA,PG-13,17700000,2001,593,0.59,7000
Color,393,105,335,911,3000,37516013,128629,8281,0,348,English,USA,R,69000000,2012,3000,0.59,98000
Black and White,188,118,386,812,14000,10214647,42689,17490,0,204,English,USA,R,11000000,2004,1000,0.71,7000
Color,149,104,20,130,3000,6670712,27301,3825,6,101,English,USA,PG-13,6000000,2009,591,0.74,7000
Color,3,101,91,17,69,1111615,651,155,0,34,English,USA,PG,500000,2003,34,0.6,44
Black and White,400,144,258,834,6000,167007184,470483,9125,1,2301,English,UK,PG-13,150000000,2006,1000,0.8,7000
Color,70,91,29,762,976,14018364,17722,3974,1,111,English,USA,PG,30000000,2004,799,0.48,849
Color,401,116,14000,807,10000,234277056,334345,12758,0,2741,English,USA,PG-13,132000000,2005,1000,0.65,7000
Color,61,78,293,567,759,72217000,216486,2462,1,242,English,USA,PG-13,12000000,1994,595,0.69,7000
Color,152,109,25,431,954,19976073,65979,3148,1,220,English,USA,R,20000000,2005,739,0.63,999
Color,216,106,452,141,20000,15785632,32507,21195,3,119,English,UK,PG-13,23000000,2016,732,0.75,15000
Color,111,93,33,135,1000,37188667,34219,1531,1,578,English,USA,PG-13,12000000,2002,188,0.33,7000
Color,186,109,248,968,16000,35635046,121058,19410,0,482,English,UK,R,17000000,2006,988,0.67,3000
Color,37,99,675,164,902,418953,17322,1582,0,93,English,France,R,1500000,1993,424,0.65,853
Color,191,96,47,442,3000,12570442,40514,4053,0,234,English,USA,R,10000000,2005,497,0.68,808
Color,261,96,51,28,3000,5359774,64794,3569,0,131,English,Ireland,R,6000000,2011,482,0.73,17000
Color,76,94,99,377,598,71038190,23473,3552,1,123,English,USA,PG,30000000,2015,557,0.44,8000
Black and White,81,132,131,242,11000,10166502,18209,12133,0,183,Filipino,USA,R,80000000,2005,298,0.67,7000
Color,105,106,287,767,16000,41482207,68428,19610,0,148,English,USA,PG-13,50000000,1990,823,0.63,7000
Color,355,111,214,3000,10000,56692,177401,23566,2,504,English,USA,R,25000000,2009,9000,0.73,32000
Color,322,121,53,8000,19000,37738400,67797,39690,3,285,English,USA,R,25000000,2013,11000,0.73,30000
Color,93,132,91,957,49000,58220776,87785,55254,0,362,English,USA,PG,100000000,1999,1000,0.68,7000
Color,123,118,101,327,13000,33828318,44453,14036,2,154,English,USA,PG-13,55000000,2003,390,0.58,7000
Color,185,130,91,568,11000,155370362,98403,12890,0,683,English,USA,PG-13,100000000,2000,627,0.66,7000
Color,167,102,52,526,8000,49392095,52029,10552,1,224,English,USA,PG-13,100000000,2009,735,0.54,7000
Color,445,88,181,11,15000,75590286,386217,28011,4,553,English,USA,R,23600000,2009,13000,0.77,26000
Black and White,205,118,252,30,529,19673424,37446,619,4,232,English,USA,PG-13,80000000,2009,48,0.58,7000
Color,57,107,42,808,1000,49797148,49007,3435,3,97,English,USA,R,11000000,1989,854,0.72,7000
Color,96,96,170,668,13000,150415432,117606,15662,0,217,English,USA,R,44000000,1985,738,0.64,7000
Color,293,104,53,652,22000,33422556,99236,33903,0,321,English,USA,PG-13,20000000,2008,11000,0.75,7000
Color,317,140,149,581,27000,13651662,332276,29692,1,514,English,USA,PG-13,25000000,2011,798,0.82,77000
Color,83,115,39,685,11000,60491560,50653,14322,1,143,English,USA,R,27000000,1997,956,0.66,7000
Color,173,101,480,767,881,88200225,120795,3943,5,308,English,USA,PG-13,60000000,2004,869,0.61,7000
Color,190,97,6,561,1000,46440491,35446,2707,1,78,English,UK,PG,100000000,2011,579,0.71,7000
Color,50,89,91,3,31,11278,1229,58,0,2,Spanish,Mexico,R,1300000,2013,24,0.7,407
Color,12,95,43,611,1000,306715,5143,5213,1,62,English,USA,PG-13,10000000,1998,788,0.23,724
Color,22,100,65,577,633,50752337,44502,3362,8,46,English,USA,PG,10000000,1992,613,0.64,7000
Color,228,108,174,324,730,32048809,94456,2178,0,576,English,Australia,R,30000000,2005,716,0.53,7000
Color,34,101,324,28,678,231417,1649,1256,0,21,French,France,R,60000000,1997,541,0.66,33
Color,37,97,18000,977,10000,326308,6632,13718,3,69,English,USA,R,5000000,1996,1000,0.61,225
Color,77,101,93,218,287,26082914,51349,993,2,213,English,USA,PG-13,87000000,2005,233,0.43,7000
Color,328,103,132,844,10000,2412045,109873,12867,0,320,English,UK,R,15000000,2010,882,0.72,33000
Color,201,128,395,161,283,15797907,68119,904,0,230,Dari,USA,PG-13,20000000,2007,206,0.76,7000
Color,65,116,380,826,18000,58918501,40126,33233,1,107,English,USA,R,46000000,1996,13000,0.66,975
Color,133,84,4,546,8000,5895238,17169,10123,1,70,Spanish,USA,R,6000000,2012,806,0.55,9000
Color,78,98,322,723,979,58255287,39471,6334,1,187,English,USA,PG-13,64000000,2006,862,0.43,7000
Color,120,123,277,4000,11000,105264608,239752,25697,0,406,English,USA,R,60000000,1994,10000,0.76,11000
Color,112,91,13,140,803,38916903,15664,1921,0,149,English,USA,PG,13000000,2014,587,0.58,7000
Color,241,103,368,520,27000,54758461,147641,29808,3,238,English,USA,PG-13,65000000,2012,1000,0.63,18000
Color,320,131,385,11000,26000,39292022,127258,52610,15,351,English,USA,PG-13,90000000,2014,13000,0.61,56000
Color,49,98,176,468,742,44455658,36253,2457,2,92,English,USA,R,25000000,1997,658,0.67,7000
Color,154,85,9,970,12000,58867694,54077,25590,0,112,English,USA,PG,100000000,2007,11000,0.68,7000
Color,47,90,8,35,426,75727,5699,862,0,40,Spanish,USA,PG-13,2500000,2008,399,0.59,7000
Color,223,116,91,672,1000,47748610,170179,3090,0,656,English,USA,R,75000000,1997,720,0.63,7000
Color,116,103,11000,277,11000,7496522,31798,12534,0,178,English,USA,PG-13,26000000,2001,893,0.68,826
Color,47,84,2,690,15000,5002310,25541,18864,0,181,English,USA,PG-13,13000000,2001,816,0.56,7000
Color,67,94,7,95,3000,20627372,13661,3451,3,134,English,USA,PG-13,16000000,2000,240,0.53,487
Color,420,111,91,687,2000,38176892,104119,4486,0,518,English,USA,R,40000000,2011,741,0.62,26000
Color,223,103,1000,611,21000,4235837,175962,23932,2,336,English,USA,R,15000000,2005,1000,0.76,7000
Color,106,110,787,642,1000,2365931,36657,4762,2,318,English,USA,R,1500000,1998,787,0.75,7000
Color,27,118,14,400,2000,2246000,2302,3384,4,20,English,USA,PG,20000000,2015,769,0.7,7000
Black and White,194,129,91,576,878,261481,41496,2378,0,210,Cantonese,Hong Kong,R,12000000,2004,643,0.75,7000
Color,136,115,58,401,33000,31874869,43574,34606,0,302,English,USA,R,50000000,2002,455,0.61,7000
Color,73,85,84,595,1000,144156464,74343,4166,0,98,English,USA,PG-13,71500000,1998,1000,0.53,694
Color,115,99,766,269,595,274385,29203,1519,3,26,German,Germany,R,4000000,2009,486,0.73,7000
Color,12,96,23,503,927,9658370,1180,3552,6,9,English,USA,R,5000000,2016,509,0.45,740
Color,83,121,319,11,1000,40158000,63931,1051,1,241,English,New Zealand,R,7000000,1993,18,0.76,7000
Color,77,103,130,406,691,26400000,62009,2481,1,109,English,USA,PG,18000000,1984,476,0.58,2000
Color,157,123,75,754,18000,33508922,95860,23920,2,660,English,USA,PG-13,40000000,2000,3000,0.72,16000
Color,210,153,91,539,780,204843350,744891,2829,0,983,English,USA,R,102000000,1991,604,0.85,13000
Color,441,96,91,882,10000,31493782,186606,12754,1,1125,English,USA,R,32000000,2005,917,0.75,7000
Color,120,120,91,576,40000,137963328,291603,42028,0,505,English,UK,R,6000000,1986,854,0.81,9000
Color,148,90,2,807,16000,20259297,24969,19952,0,258,English,USA,PG-13,20000000,2006,1000,0.47,7000
Color,233,113,163,27,131,1185783,44763,264,0,172,Romanian,Romania,R,590000,2007,60,0.79,14000
Color,323,91,91,751,11000,64505912,163130,13654,0,1264,English,USA,R,48000000,2008,946,0.5,6000
Color,299,120,91,680,10000,100003492,293662,13581,0,836,English,USA,R,65000000,2004,851,0.76,7000
Color,158,109,11,411,22000,35537564,49671,24063,1,166,English,USA,R,11500000,2016,851,0.6,11000
Color,137,102,218,376,900,16842303,59474,2475,3,418,English,USA,R,6500000,1999,563,0.73,7000
Color,327,100,129,3000,23000,34963967,270441,39807,2,378,English,USA,R,8000000,2011,10000,0.77,40000
Color,30,95,45,267,578,3559990,8005,1363,0,49,English,USA,R,3000000,1997,341,0.53,417
Color,464,116,176,322,783,118099659,69757,2097,4,1211,English,USA,PG-13,144000000,2016,370,0.55,62000
Color,78,96,38,85,363,198407,10282,774,1,78,English,USA,R,2000000,2006,223,0.66,474
Color,71,116,107,658,893,14612840,11191,3110,1,37,English,USA,PG-13,7000000,2014,664,0.69,7000
Color,91,148,72,99,582,39251128,31080,804,2,217,English,USA,PG-13,75000000,1999,103,0.67,7000
Color,129,135,149,250,639,64371181,36636,1845,0,289,English,USA,PG,28000000,2004,617,0.75,7000
Color,82,140,91,552,720,35183792,68159,3044,1,209,English,USA,R,38000000,1991,576,0.72,7000
Color,43,86,3,513,643,617172,4407,2864,1,75,English,USA,PG,375000,1997,606,0.7,672
Color,712,169,22000,6000,11000,187991439,928227,31488,1,2725,English,USA,PG-13,165000000,2014,11000,0.86,349000
Color,109,114,101,398,700,70836296,109445,2842,2,426,English,USA,PG-13,40000000,2001,655,0.59,7000
Color,253,113,395,77,8000,40137776,186977,8362,1,529,English,USA,PG-13,38000000,2006,189,0.76,13000
Color,206,104,50,947,5000,25040293,88049,7247,0,279,English,USA,PG-13,55000000,2008,962,0.66,7000
Color,114,116,101,780,18000,121248145,260981,20966,0,373,English,USA,R,25000000,1994,946,0.72,7000
Color,143,95,9,11000,14000,88658172,58412,37967,2,242,English,USA,PG-13,50000000,2006,11000,0.56,2000
Color,304,132,304,898,15000,116631310,87665,20035,0,323,English,USA,PG-13,30000000,2013,1000,0.72,41000
Color,191,84,36,648,2000,15417771,87494,3416,1,540,English,USA,R,12600000,2003,683,0.61,7000
Color,232,99,101,327,1000,15071514,65037,2323,2,273,English,USA,PG-13,80000000,2007,422,0.59,7000
Color,204,99,91,816,26000,58879132,66123,40312,4,219,English,USA,R,31000000,2015,12000,0.61,28000
Color,88,108,234,463,11000,548712,9233,12385,0,126,English,USA,R,2500000,2003,552,0.69,571
Color,177,107,43,569,12000,126088877,33354,14569,2,110,English,USA,PG-13,50000000,2016,919,0.66,10000
Color,160,123,130,426,826,59699513,20827,2259,0,136,English,USA,PG,35000000,2010,638,0.72,7000
Color,245,118,670,294,6000,25450527,80196,7654,0,190,English,USA,R,50000000,2009,450,0.65,7000
Color,90,101,36,377,1000,12801190,16340,2764,1,355,English,USA,R,15000000,2000,786,0.46,356
Color,377,112,310,616,33000,9701559,141425,35941,0,283,English,USA,R,3500000,2010,2000,0.74,25000
Color,156,95,34,679,17000,50150619,45580,19513,1,102,English,USA,PG,50000000,2014,995,0.73,18000
Color,253,118,91,500,18000,1330827,9866,19879,2,73,English,France,R,7000000,2016,860,0.7,7000
Color,80,45,28,104,573,145109,14247,1098,1,44,Danish,Denmark,R,45000000,2008,197,0.73,7000
Color,134,113,88,421,11000,158115031,130070,13693,11,316,English,USA,PG-13,82000000,2005,437,0.64,7000
Color,79,102,91,434,1000,47285499,26755,3037,3,104,English,USA,PG,26000000,2003,934,0.5,542
Color,124,114,15,650,851,26896744,16582,3485,4,125,English,USA,PG-13,16500000,2008,680,0.49,7000
Color,147,99,129,362,976,2077046,27266,2748,2,75,English,USA,R,6000000,2008,617,0.7,7000
Color,282,92,34,322,383,34334256,35131,1945,0,255,English,USA,R,11000000,2013,333,0.48,16000
Color,140,99,13,681,45000,72219395,105585,50284,1,419,English,USA,R,17000000,1997,4000,0.56,7000
Color,349,113,174,767,14000,61094903,210542,17152,3,332,English,UK,PG-13,30000000,2011,903,0.69,29000
Color,195,101,40,398,2000,28687835,40964,3612,1,245,English,USA,R,35000000,2008,648,0.62,7000
Color,122,82,23,6,11,49968653,85423,37,0,374,English,USA,PG-13,28000000,2001,9,0.69,12000
Color,37,91,25,611,833,17292381,5794,4551,0,69,English,USA,PG,12000000,2001,626,0.53,371
Color,152,102,91,787,14000,7993039,120036,18643,1,408,English,USA,R,6900000,1993,1000,0.77,10000
Color,65,124,91,701,8000,91030827,46482,9988,2,252,English,USA,PG-13,50000000,1998,818,0.67,7000
Color,53,103,460,900,991,5132222,14112,2990,1,83,English,Canada,R,2000000,1994,971,0.72,619
Color,186,86,174,2,619,54257433,12983,971,0,139,English,USA,PG-13,17000000,2016,350,0.68,7000
Color,322,115,386,12000,21000,292298923,185394,59177,3,329,English,USA,PG-13,120000000,2012,17000,0.55,65000
Color,136,111,197,6,433,71844424,33158,679,0,223,English,USA,PG,60000000,2009,208,0.73,7000
Color,77,97,31,551,4000,10561238,27265,6388,0,321,English,Germany,PG-13,10000000,1999,980,0.65,7000
Color,224,118,138,458,26000,17609982,90046,28479,0,141,English,USA,R,35000000,2013,968,0.62,17000
Color,384,125,255,963,11000,117698894,447979,13312,6,629,English,USA,PG-13,75000000,2013,988,0.73,105000
Black and White,246,85,91,51,478,488872,56923,700,2,243,Cantonese,Hong Kong,PG,10000000,2001,83,0.73,7000
Color,103,97,10,178,18000,28927720,22220,18688,0,181,English,USA,R,33000000,2000,223,0.53,463
Color,131,121,102,43,117,5660084,41620,286,0,418,English,USA,R,54000000,2003,62,0.24,2000
Color,202,106,42,612,14000,27356090,58752,16922,0,117,English,USA,PG-13,90000000,2015,788,0.6,21000
Color,291,121,91,4000,24000,403706375,544665,40484,0,2012,English,USA,PG-13,139000000,2002,11000,0.73,5000
Color,122,105,91,223,716,99462,11347,1843,1,28,English,France,PG,33000000,2013,648,0.71,5000
Color,60,100,23,579,1000,17300889,27648,3855,0,148,English,Australia,PG,45000000,1996,642,0.49,7000
Color,274,123,628,171,565,15294553,202341,1595,1,391,English,UK,R,12000000,2013,555,0.78,105000
Color,39,119,541,551,821,92115211,45798,4043,3,94,English,USA,PG-13,45000000,1994,577,0.67,1000
Color,26,100,52,394,795,100328194,85903,2638,0,92,English,USA,PG,50000000,1995,419,0.6,7000
Color,250,189,91,1000,16000,25031037,155496,22186,0,532,English,USA,R,53000000,2007,3000,0.76,7000
Color,104,101,91,764,12000,25407250,54021,15935,0,227,English,USA,R,50000000,1996,898,0.57,7000
Color,213,140,708,745,11000,80574010,63493,20440,1,302,English,USA,PG-13,60000000,2010,8000,0.57,26000
Color,61,86,70,169,878,10397365,11693,2165,5,104,English,USA,PG-13,14000000,2001,834,0.54,613
Color,172,103,67,111,383,142614158,66593,692,3,153,English,USA,PG,110000000,2011,113,0.55,31000
Color,174,114,335,530,11000,41597830,102123,12624,3,660,English,USA,PG-13,25000000,2002,577,0.76,7000
Color,197,132,847,625,3000,27154426,52852,6317,1,138,English,USA,R,17000000,2009,960,0.67,4000
Color,378,165,91,808,974,245428137,242420,3988,2,918,English,USA,PG-13,210000000,2014,956,0.57,56000
Color,205,93,80,48,692,436471036,314630,1148,1,483,English,USA,PG,150000000,2004,309,0.72,7000
Color,274,148,91,826,17000,18352454,426359,18752,0,760,English,USA,R,15000000,2007,882,0.82,76000
Color,64,113,58,9,331,146402,9913,387,1,38,Spanish,Spain,R,4000000,2002,27,0.77,7000
Color,424,113,13000,5000,26000,102981571,270226,46355,9,741,English,USA,R,80000000,2010,13000,0.65,57000
Color,235,99,160,72,330,38105077,58349,701,0,194,English,USA,R,40000000,2009,119,0.64,7000
Color,294,174,2000,362,15000,217536138,314253,16008,2,1966,English,USA,PG-13,125000000,2006,574,0.66,7000
Color,209,131,73,163,879,27667947,86374,1344,0,392,English,UK,R,50000000,2007,184,0.62,3000
Color,104,94,189,597,3000,138614544,75152,7014,15,288,English,USA,PG,40000000,2003,2000,0.58,7000
Color,20,120,3,234,984,3773863,4583,2563,1,55,English,USA,PG-13,1000000,2009,801,0.71,7000
Color,164,99,3,490,8000,33472850,67005,10026,3,119,English,USA,R,55000000,2008,509,0.58,7000
Color,52,117,425,901,13000,85300000,48629,27378,1,134,English,USA,R,10000000,1981,11000,0.69,7000
Color,144,125,143,519,1000,49875589,28807,4416,0,273,English,USA,PG-13,58000000,2012,664,0.59,7000
Color,241,114,29,616,956,32721635,67822,3861,0,279,English,USA,R,15000000,2009,878,0.66,7000
Color,69,104,134,64,585,40118420,26066,1165,3,216,English,USA,PG-13,30000000,2002,495,0.56,7000
Color,67,92,9,71,636,6239558,5548,1033,0,67,English,Canada,R,5000000,2003,210,0.67,352
Color,49,97,105,269,982,2331318,9541,2603,1,64,English,USA,R,10000000,2011,503,0.33,7000
Color,486,112,230,12000,26000,206360018,414070,59803,3,532,English,USA,PG-13,170000000,2013,20000,0.71,63000
Color,96,94,12,583,16000,21005329,89128,19341,0,258,English,Germany,R,6000000,2002,876,0.64,7000
Color,525,132,160,443,20000,70496802,791783,22417,1,2042,English,USA,R,54000000,2005,979,0.82,48000
Color,224,108,98,723,16000,163947053,227824,18656,1,273,English,USA,PG-13,40000000,2009,896,0.67,10000
Color,270,86,18,300,1000,18112929,52642,2665,0,271,English,USA,R,1000000,2012,466,0.5,24000
Color,154,130,149,798,1000,15709385,53053,5101,0,132,English,USA,R,30000000,2008,807,0.67,7000
Color,106,83,21,495,13000,73215310,44143,14261,0,216,English,USA,G,80000000,2002,503,0.7,4000
Color,111,103,12,19,163,542860,9230,219,1,37,Dutch,Netherlands,R,4000000,2008,20,0.71,7000
Color,16,100,12,6,245,982214,1976,295,0,51,English,USA,R,1000000,1998,38,0.72,603
Color,226,101,395,2000,40000,51676606,174591,58823,1,632,English,USA,PG,25000000,2004,14000,0.78,7000
Color,265,101,38,318,496,50213619,139184,1272,8,243,English,USA,R,36000000,2010,390,0.64,12000
Color,276,119,91,279,2000,25335935,242599,2853,0,1594,English,USA,PG-13,40000000,2005,505,0.8,14000
Color,84,280,33,67,789,12870569,13215,1671,0,497,English,USA,PG-13,56000000,2003,640,0.63,953
Color,212,130,91,1000,5000,31165421,107028,10247,3,457,English,USA,PG-13,60000000,2013,2000,0.6,44000
Color,14,95,91,133,296,4584,1338,690,1,14,English,USA,R,9000,2011,205,0.64,413
Color,142,80,19,854,11000,51053787,45900,14385,1,247,English,USA,PG,17500000,2005,979,0.65,7000
Color,267,132,50,368,992,46982632,172792,1933,0,1740,English,Canada,R,50000000,2006,495,0.66,7000
Color,285,121,1000,108,175,23618786,352695,485,1,687,English,UK,R,8000000,2007,115,0.79,17000
Color,98,118,18,906,1000,75668868,60504,6427,0,249,English,USA,PG,35000000,1994,946,0.66,7000
Color,2,107,91,236,752,10508,103,1763,4,6,English,USA,PG-13,700000,1998,282,0.65,102
Color,151,84,119,750,807,110000082,111526,3629,7,347,English,USA,PG-13,48000000,2003,780,0.55,7000
Color,67,84,64,748,2000,11860839,5156,4617,0,21,English,USA,PG,9000000,2011,892,0.54,7000
Color,225,96,59,699,17000,114053579,146766,20007,0,178,English,USA,PG,150000000,2008,759,0.69,7000
Color,18,100,28,501,945,20186,6025,2924,8,15,English,USA,R,930000,2011,756,0.57,995
Color,277,92,77,495,703,42575718,83788,3074,0,227,English,USA,R,40000000,2011,682,0.59,20000
Color,186,96,293,7000,87000,100289690,115099,108016,0,257,English,USA,PG,175000000,2007,11000,0.54,2000
Color,166,90,6,617,904,31487293,74887,2807,2,129,English,USA,PG-13,9000000,2008,715,0.67,7000
Color,208,106,31,71,33000,2694973,70885,33734,2,189,English,USA,R,700000,2006,519,0.72,7000
Color,143,125,43,7,2000,8047690,77656,2608,0,220,Mandarin,China,PG-13,19400000,2006,594,0.75,7000
Color,214,107,124,100,152,63411478,114925,568,1,234,English,USA,PG-13,39000000,2009,142,0.71,13000
Color,193,104,1000,939,24000,39692139,84131,41701,1,400,English,USA,R,35000000,2004,15000,0.62,7000
Color,129,116,415,644,18000,71026631,98899,20970,1,394,English,USA,PG-13,36000000,2002,669,0.7,7000
Color,46,133,759,67,826,33200000,28247,1154,4,149,English,USA,PG-13,26000000,1985,130,0.72,7000
Color,91,138,78,968,12000,10269307,53251,17524,0,188,English,USA,R,8000000,2009,3000,0.63,7000
Color,568,149,21000,625,835,167735396,569841,4348,0,1127,English,USA,R,61000000,2014,812,0.81,146000
Color,226,133,235,105,955,51483949,208092,1777,0,806,English,UK,R,22000000,2003,593,0.7,7000
Color,11,114,19,842,1000,69700000,7748,3688,2,48,English,USA,R,35000000,1982,883,0.58,7000
Color,144,88,27,101,742,17768000,29629,1136,0,374,English,USA,R,5000000,1988,120,0.59,7000
Color,59,91,13,292,452,17843379,14904,1760,2,147,English,USA,PG-13,8000000,1999,442,0.57,7000
Color,211,80,91,3,50,5792822,168398,65,0,492,English,USA,R,2700000,2004,8,0.8,13000
Color,61,202,91,318,18000,48169908,63923,20143,0,156,English,USA,PG-13,33000000,1992,848,0.77,7000
Color,113,102,91,212,1000,1891821,16474,1890,0,301,English,UK,PG-13,52000000,2005,307,0.42,785
Color,76,95,906,287,956,6768055,11148,2260,0,229,English,UK,PG,57000000,2004,579,0.42,437
Color,167,144,241,996,13000,56083966,137003,18761,1,658,English,USA,PG-13,65000000,2001,3000,0.69,7000
Color,155,107,18,560,811,60786269,90539,3106,5,379,English,USA,PG-13,45000000,2000,625,0.56,7000
Color,297,136,91,17,903,52474616,84118,1579,2,245,English,USA,PG-13,70000000,2010,592,0.63,13000
Color,74,89,10,231,811,29302097,23408,2167,8,105,English,Germany,PG,15000000,2004,636,0.46,810
Color,16,94,37,104,318,40542,294,751,0,16,English,USA,R,300000,1997,157,0.55,26
Color,348,101,473,429,833,190871240,167085,2690,0,491,English,USA,PG-13,125000000,2014,809,0.59,62000
Color,237,113,43,452,12000,28031250,88146,13517,0,814,English,UK,R,60000000,2005,585,0.52,7000
Color,48,96,3,38,472,27445,3788,561,5,31,English,USA,R,9000000,2011,39,0.53,1000
Color,39,100,91,440,488,12610552,4682,2428,0,206,English,USA,PG-13,7500000,1999,488,0.35,129
Color,224,97,12,641,788,1818681,74435,2486,1,224,English,UK,R,7300000,2009,698,0.72,7000
Color,134,100,14,356,3000,12561,71276,4094,2,181,English,USA,PG,19000000,2010,547,0.64,13000
Color,50,116,12000,552,22000,18573791,38533,24618,3,89,English,USA,R,55000000,1996,617,0.58,7000
Color,165,120,107,280,12000,4857376,63084,13208,0,123,French,France,R,13000000,2006,530,0.73,7000
Color,15,102,95,429,1000,16892,341,3852,0,12,English,India,R,300000,2001,664,0.76,379
Color,284,90,90,15,11000,165230261,182718,21015,0,209,English,USA,PG,150000000,2011,10000,0.73,20000
Color,129,118,41,442,2000,1150403,14143,3474,4,102,English,USA,R,13000000,2006,812,0.71,7000
Color,63,95,31,450,944,2954405,1977,2928,0,64,English,USA,R,36000000,2000,886,0.53,133
Color,606,240,17000,4000,29000,116866727,780588,46057,3,1138,English,USA,R,100000000,2013,11000,0.82,138000
Color,168,105,31,110,390,30659817,59805,1006,10,95,English,USA,PG-13,26000000,2013,311,0.64,7000
Color,93,107,26,535,889,10956379,21506,3274,0,364,English,South Korea,PG-13,35000000,2007,618,0.36,7000
Color,186,189,91,693,15000,136801374,782610,17716,0,1377,English,USA,R,60000000,1999,745,0.85,30000
Color,295,122,446,600,23000,53574088,237872,33548,1,560,English,USA,R,55000000,2007,8000,0.78,7000
Color,94,141,91,618,2000,146282411,190439,4528,0,351,English,USA,R,115000000,1994,1000,0.72,7000
Color,50,107,607,602,2000,9795017,9227,5461,0,70,English,USA,R,50000000,1995,979,0.51,422
Color,70,87,25,611,1000,16290976,14637,3243,0,100,English,USA,G,24000000,1999,670,0.62,619
Color,274,142,91,10000,11000,249358727,382255,33284,3,1504,English,UK,PG,130000000,2004,10000,0.78,11000
Color,159,97,19,130,4000,35794166,35654,4687,0,155,English,USA,PG-13,10000000,2016,334,0.6,20000
Color,83,91,91,65,387,1040879,54478,648,0,184,English,USA,R,7000000,1996,96,0.71,7000
Color,163,96,126,584,2000,95001351,131801,4380,1,548,English,USA,PG-13,18000000,2001,788,0.62,7000
Color,156,98,91,900,26000,8434601,43006,28867,5,460,English,USA,R,28000000,2001,1000,0.49,7000
Color,298,99,24,155,3000,24042490,40776,3744,1,250,English,USA,R,25000000,2010,441,0.56,10000
Color,76,100,4,678,982,25339117,37885,4259,4,247,English,USA,PG-13,10000000,1998,945,0.65,7000
Color,107,94,91,197,712,15155772,8895,1673,2,48,English,USA,PG-13,18000000,2014,341,0.57,3000
Color,161,125,127,798,6000,1110286,9727,8876,6,65,English,USA,R,4825000,2009,941,0.72,7000
Color,266,115,521,95,13000,35024475,110364,13761,1,261,English,France,R,100000000,2010,537,0.69,7000
Color,132,178,91,403,906,75600000,736638,1976,1,1065,English,USA,R,72000000,1995,466,0.84,17000
Color,533,100,421,159,314,14673301,112899,1062,0,631,English,USA,R,2000000,2014,189,0.69,45000
Color,107,83,28,624,4000,84303558,65270,6081,1,100,English,USA,PG,85000000,2006,650,0.62,863
Color,162,98,24,67,381,14400000,28589,684,0,532,English,USA,R,2500000,1982,128,0.46,7000
Color,43,95,12000,636,12000,695229,11369,14420,1,65,English,USA,R,1300000,1996,680,0.72,872
Color,43,85,119,144,3000,86930411,83269,3847,6,87,English,USA,PG-13,23000000,1991,348,0.68,7000
Color,210,128,160,81,8000,4018695,69759,8532,2,235,Hindi,India,PG-13,12000000,2010,327,0.8,27000
Color,539,122,737,14000,34000,132088910,533607,72115,0,692,English,USA,R,21000000,2012,22000,0.78,117000
Color,267,114,101,2000,12000,33037754,75864,19904,1,197,English,USA,PG-13,37000000,2011,3000,0.6,23000
Color,100,95,4,655,939,7563670,21268,3651,0,53,English,USA,PG-13,10000000,2008,702,0.52,518
Color,284,135,91,87,690,43929341,57873,902,0,414,English,USA,PG,120000000,2008,107,0.61,7000
Color,210,145,21000,243,534,55473600,207686,1543,0,776,English,USA,R,50000000,1992,273,0.64,7000
Color,67,91,85,105,635,10076136,11512,1352,0,141,English,Aruba,R,35000000,1998,316,0.48,471
Color,116,162,333,362,14000,78651430,142067,15912,0,457,English,USA,R,27000000,1996,1000,0.74,7000
Color,341,130,22000,19000,23000,53082743,844052,63986,1,1100,English,USA,PG-13,40000000,2006,20000,0.85,49000
Color,150,107,80,252,2000,18004225,28573,3004,2,87,English,USA,PG-13,13000000,2013,257,0.57,5000
Color,23,84,18,744,1000,8026971,1520,3352,0,20,English,USA,R,13000000,1998,851,0.38,204
Color,126,100,308,374,1000,4599680,68222,2186,2,545,English,USA,R,1500000,2003,482,0.68,7000
Color,69,135,16000,86,16000,70960517,54631,27237,0,192,English,USA,PG-13,35000000,1995,11000,0.75,7000
Color,78,112,541,638,22000,4485485,14612,46022,1,105,English,USA,R,15000000,1999,22000,0.64,7000
Color,30,112,44,533,1000,77231,3322,2115,0,32,Kazakh,France,R,25000000,2005,580,0.6,265
Color,205,105,141,56,1000,613556,9427,1172,1,87,Mandarin,Taiwan,R,15000000,2015,103,0.64,7000
Black and White,339,141,91,404,749,47307550,104301,1948,4,269,English,USA,R,45000000,2012,463,0.65,28000
Color,120,109,91,126,3000,3798532,41138,3668,0,208,English,USA,R,4500000,1996,441,0.74,2000
Color,181,120,64,72,144,5004648,14031,474,1,114,Italian,Italy,R,10000000,2009,110,0.7,7000
Color,325,106,13000,309,11000,14479776,55539,12418,3,147,English,USA,PG-13,10000000,2014,430,0.7,20000
Color,398,103,33,84,970,88625922,75176,1336,3,252,English,USA,PG,45000000,2011,91,0.71,26000
Color,107,104,98,920,17000,65269010,90938,21380,0,271,English,USA,PG-13,12000000,2006,2000,0.65,7000
Color,148,100,265,265,989,84518155,35965,2654,0,144,English,USA,R,20000000,2014,830,0.49,11000
Color,28,97,4,301,611,464655,1524,1692,0,29,English,USA,R,1000000,1997,394,0.7,166
Color,42,101,30,223,1000,1075288,7772,2228,3,55,English,USA,R,22000000,1996,854,0.61,145
Color,281,99,192,292,14000,9166863,83182,14816,2,247,English,USA,R,7000000,2009,343,0.76,16000
Color,119,103,81,636,2000,30669413,105478,4722,0,291,English,USA,R,35000000,1990,683,0.62,7000
Color,91,105,99,518,2000,25677801,41273,4813,6,136,English,USA,PG,20000000,2010,938,0.58,7000
Color,156,91,221,553,14000,74158157,60370,27405,2,264,English,USA,PG,79000000,2011,11000,0.34,7000
Color,113,116,165,475,577,102678089,42705,2321,0,274,English,USA,R,95000000,1999,501,0.63,885
Color,167,80,162,429,23,7002255,42462,29,0,312,French,France,PG-13,9500000,2003,6,0.78,7000
Black and White,39,98,226,496,953,68856263,69733,2496,1,97,English,USA,PG,15000000,1993,730,0.69,7000
Color,79,103,154,576,1000,676698,26730,4094,0,180,English,USA,R,18000000,2002,783,0.72,2000
Black and White,197,116,153,539,3000,9396487,52421,5012,0,200,English,USA,R,15000000,2006,788,0.7,7000
Color,156,215,91,463,648,36385763,138941,1937,0,1448,English,USA,R,52000000,1998,568,0.76,7000
Color,62,117,101,743,13000,24944213,63459,16937,2,185,English,USA,PG-13,27000000,1996,852,0.69,3000
Color,215,98,53,65,530,18469,34263,1038,1,141,English,USA,R,650000,2010,238,0.65,7000
Color,386,99,64,918,13000,14597405,71679,17204,1,216,English,UK,R,6400000,2011,2000,0.7,17000
Color,73,93,85,514,1000,15171475,19805,2777,0,122,English,USA,R,8500000,1996,855,0.57,7000
Color,88,119,42,917,2000,39008741,44838,6862,0,223,English,USA,PG,25000000,2005,953,0.66,7000
Color,285,134,91,120,529,67523385,104005,1050,2,248,English,USA,R,35000000,2012,130,0.62,18000
Color,191,82,487,967,15000,245823397,385871,21275,2,515,English,USA,G,90000000,1999,1000,0.79,7000
Color,196,83,473,597,20000,39511038,56269,26402,0,366,English,USA,R,16000000,2006,4000,0.59,7000
Color,250,95,163,651,1000,87025093,188679,4134,0,864,English,USA,R,4000000,2005,654,0.66,7000
Color,86,109,41,748,997,61356221,19505,3544,0,162,English,USA,PG-13,14000000,2007,826,0.52,7000
Color,161,112,98,397,883,32541719,89806,2201,0,438,English,UK,PG-13,3500159,2002,528,0.67,7000
Color,64,116,176,84,192,61355436,52136,475,0,184,English,USA,PG-13,68000000,1997,117,0.62,7000
Color,149,92,17,231,14000,2963012,48873,14617,1,105,English,UK,R,22000000,2014,257,0.63,11000
Color,40,99,379,251,456,5333658,2541,1356,2,54,English,USA,PG,20000000,1982,278,0.35,7000
Color,653,121,571,3000,14000,333130696,682155,32438,3,1097,English,USA,PG-13,170000000,2014,14000,0.81,96000
Color,415,113,181,300,33000,45996718,173530,34738,3,264,English,USA,R,60000000,2013,301,0.67,40000
Color,121,92,12,797,3000,8786715,40274,5668,5,324,English,USA,PG-13,5000000,2004,835,0.69,7000
Color,15,87,101,324,721,800000,2308,1700,0,35,English,USA,R,4000000,1987,576,0.48,550
Color,218,128,47,982,18000,38297305,116994,20965,2,324,English,USA,PG-13,175000000,2013,1000,0.63,35000
Color,127,130,2000,25,268,1987287,25474,450,0,138,English,UK,PG-13,50000000,2005,85,0.69,7000
Color,329,115,521,883,13000,227137090,491077,17369,0,820,English,USA,PG-13,110000000,2007,897,0.81,7000
Color,18,80,91,429,1000,5858,260,3852,0,2,English,USA,R,150000,2014,664,0.71,116
Color,364,102,139,850,8000,17738570,351274,13631,2,457,English,USA,PG-13,13000000,2012,3000,0.8,131000
Color,223,98,11000,557,12000,3247816,36145,19310,0,108,English,USA,R,22000000,2010,6000,0.63,7000
Color,58,95,216,968,1000,6739141,23383,4755,0,68,English,Australia,R,8000000,1992,1000,0.59,1000
Color,123,118,108,103,173,11533945,77551,563,0,434,English,USA,R,2000000,1999,148,0.76,7000
Color,70,100,57,92,181,10114315,18693,582,0,187,English,USA,PG-13,25000000,1999,151,0.64,7000
Color,149,152,488,947,22000,32522352,207287,36897,1,822,English,USA,R,60000000,2000,11000,0.79,15000
Color,69,120,7,289,662,214202,14831,1952,0,75,English,Germany,R,12000000,2007,345,0.75,7000
Color,86,85,21,782,931,28563926,16300,3819,0,217,English,USA,PG-13,8500000,2002,855,0.5,720
Color,403,106,395,393,451,168368427,330784,2023,1,1243,English,UK,PG-13,200000000,2008,412,0.67,7000
Color,161,100,91,303,11000,13103828,59982,12237,0,463,English,USA,R,11000000,2001,472,0.73,5000
Black and White,18,88,14,3,142,110720,524,168,0,22,English,USA,R,1200000,1999,23,0.73,73
Color,225,108,23,845,2000,10907291,23775,4710,0,134,English,USA,PG-13,28000000,2016,860,0.58,73000
Color,39,99,13,837,1000,51432423,15074,3679,7,72,English,USA,PG,30000000,2002,889,0.51,1000
Color,153,74,58,729,3000,104354205,162331,5713,3,332,English,USA,R,55000000,2003,864,0.63,7000
Color,234,110,532,461,3000,47456450,101386,5187,1,289,English,USA,R,70000000,2007,638,0.71,7000
Color,421,101,91,1000,33000,40962534,188652,57077,1,288,English,USA,R,12500000,2011,22000,0.71,22000
Color,23,106,23,200,1000,532190,5673,1610,2,37,English,USA,PG-13,8000000,1997,273,0.68,7000
Color,401,110,454,816,2000,14989761,185845,4757,7,284,English,UK,R,15000000,2012,906,0.72,52000
Color,66,86,4,424,960,4814244,12437,2415,4,107,English,Canada,R,11000000,2002,448,0.53,405
Color,161,93,8,400,45000,15152879,13506,46868,0,68,English,France,PG-13,5000000,2013,541,0.4,7000
Color,125,100,41,970,45000,39989008,55398,49847,2,418,English,USA,R,24000000,1998,1000,0.46,891
Color,110,87,23,748,826,480314,38503,4473,4,180,English,USA,PG-13,21000000,2006,816,0.48,7000
Color,516,115,91,12000,26000,181015141,536314,60059,1,738,English,USA,PG-13,150000000,2011,20000,0.7,63000
Color,323,104,508,558,10000,256386216,530870,13076,0,1413,English,USA,PG-13,150000000,2007,1000,0.72,11000
Color,287,115,91,964,18000,82161969,142440,31523,1,505,English,USA,PG-13,150000000,2007,12000,0.63,3000
Color,274,90,91,231,648,101055,17478,1951,0,159,English,USA,R,4000000,2009,529,0.5,7000
Color,184,110,45,595,886,70001065,191437,3174,1,582,English,USA,R,45000000,1998,650,0.71,7000
Color,21,90,73,26,848,882290,4792,1526,2,43,English,Australia,R,10000000,1989,643,0.65,999
Color,191,132,357,212,14000,141204016,142569,14790,0,737,English,USA,PG-13,70000000,2002,223,0.58,10000
Color,362,129,456,716,1000,166147885,220020,4585,0,1360,English,USA,R,40000000,2015,935,0.41,101000
Color,252,93,165,350,26000,29113588,117999,27834,0,181,English,USA,R,40000000,2011,956,0.66,16000
Color,8,100,322,534,851,29392418,3924,3190,2,26,English,USA,R,10000000,1994,543,0.58,368
Color,161,102,91,555,3000,25277561,21672,5592,10,93,English,USA,R,12000000,2014,966,0.65,7000
Color,405,125,102,825,15000,83299761,117719,19809,2,306,English,USA,PG-13,35000000,2013,2000,0.75,39000
Color,111,86,82,362,869,38232624,88518,3854,0,409,English,USA,PG-13,30000000,2008,759,0.27,7000
Color,283,104,109,7,480,16168741,99430,517,1,182,English,USA,R,8000000,2013,12,0.74,43000
Color,281,146,14000,681,3000,78616689,238747,6217,0,2153,English,USA,PG-13,100000000,2001,882,0.71,11000
Color,50,103,37,452,944,105444419,31817,3143,3,117,English,USA,PG,26000000,1996,893,0.62,7000
Color,131,103,9,573,826,50041732,54390,3004,0,398,English,USA,R,29000000,1999,724,0.62,7000
Color,123,111,81,687,12000,31968347,93894,14823,0,286,English,USA,R,3600000,1995,898,0.76,7000
Color,214,104,23,281,17000,125014030,145852,18322,0,164,English,USA,PG-13,30000000,2012,359,0.68,32000
Color,145,88,12,182,730,119420252,33042,2217,0,90,English,USA,PG,150000000,2009,607,0.51,7000
Color,136,138,91,123,14000,35168677,49311,15149,1,278,English,UK,PG-13,100000000,2002,602,0.67,7000
Color,173,160,219,215,1000,273420,32671,2340,6,238,English,France,R,17000000,2006,876,0.55,7000
Color,318,102,532,979,10000,227946274,343648,21584,0,590,English,USA,PG-13,150000000,2008,9000,0.64,7000
Color,173,117,153,734,35000,46280507,87165,49743,0,184,English,USA,PG-13,40000000,2014,11000,0.65,12000
Color,23,129,91,203,18000,16153600,8295,19065,1,30,English,USA,R,10000000,1990,269,0.65,720
Color,35,115,98,4,341,1687311,2412,371,3,40,Spanish,Spain,PG-13,700000000,1998,26,0.72,539
Color,69,90,13,613,882,19158074,17983,2661,2,127,English,USA,PG,15000000,2002,874,0.67,7000
Color,197,119,59,676,2000,39440655,61680,4315,1,222,English,USA,PG-13,55000000,2010,828,0.64,19000
Color,241,130,386,525,912,103338338,55901,2856,0,503,English,USA,PG-13,70000000,2006,549,0.65,7000
Color,120,100,164,99,18000,10725228,75675,32288,1,365,English,USA,R,12500000,1992,14000,0.78,7000
Color,2,112,74,891,260000,96734,606,263584,3,5,English,USA,PG-13,1000000,2012,984,0.56,706
Color,205,93,592,36,232,611709,15267,391,1,41,French,Finland,R,3850000,2011,67,0.72,7000
Color,268,132,16000,567,16000,100422786,482064,28830,1,1106,English,USA,PG-13,30000000,2004,11000,0.81,14000
Color,128,108,11000,922,11000,3203044,25165,14843,2,155,English,USA,R,18000000,2003,944,0.64,827
Color,104,148,91,263,3000,24475416,72443,3967,0,309,English,USA,R,890000,1996,324,0.8,7000
Color,59,106,835,458,1000,21200000,34774,3598,0,162,English,USA,R,20000000,1995,967,0.68,1000
Color,111,94,87,569,17000,64001297,32002,20154,1,103,English,USA,PG,15000000,2010,975,0.62,7000
Color,500,132,905,1000,34000,146405371,518537,50983,3,698,English,USA,PG-13,160000000,2011,13000,0.78,54000
Color,57,90,32,809,1000,35231365,15517,6299,0,85,English,USA,PG,60000000,2000,891,0.36,500
Color,61,124,212,810,1000,11000000,21102,3611,3,169,English,USA,PG-13,98000000,1995,903,0.56,1000
Color,190,86,62,59,390,23993605,52467,727,1,248,English,USA,R,18000000,2009,258,0.58,7000
Color,221,115,91,751,10000,183436380,97697,13159,8,185,English,USA,PG-13,29000000,2015,1000,0.65,40000
Color,177,123,415,545,33000,64286,396396,34495,0,1111,English,USA,PG-13,29000000,2004,638,0.79,57000
Color,38,118,11,12,37,6482195,9740,74,1,81,English,USA,R,37000000,1997,12,0.64,389
Color,199,105,212,811,1000,73648142,99043,3697,1,643,English,USA,R,60000000,1999,975,0.58,7000
Color,230,142,91,1000,22000,9929000,152306,29475,0,513,English,UK,R,15000000,1985,5000,0.8,16000
Color,459,85,198,387,2000,80034302,296787,3958,0,2192,English,USA,PG-13,25000000,2008,1000,0.7,7000
Color,122,107,58,47,141,36874745,12276,389,2,117,English,USA,PG-13,20000000,2016,76,0.63,21000
Color,134,129,395,313,18000,537580,52972,19620,1,124,English,USA,R,30000000,2011,1000,0.68,21000
Color,127,136,49,730,17000,67253092,92702,20299,0,209,English,USA,PG-13,30000000,2005,807,0.72,7000
Color,91,144,91,745,15000,41229,14612,18442,6,41,English,France,R,25500000,2013,960,0.65,7000
Color,65,110,9,826,997,8888355,7894,3177,19,25,English,USA,PG-13,20000000,2013,941,0.5,7000
Color,126,90,9,595,710,603943,26407,2655,0,154,English,USA,R,500000,2004,634,0.73,1000
Color,56,104,12,1000,21000,2600000,11612,23962,3,88,English,UK,R,6000000,1995,1000,0.75,7000
Color,391,123,108,3000,40000,62563543,115216,63769,7,289,English,USA,R,53000000,2015,19000,0.7,44000
Color,67,99,545,533,933,14567883,44248,2542,1,373,English,UK,R,75000000,1998,722,0.6,7000
Black and White,174,185,14000,212,14000,96067179,865020,15233,0,1273,English,USA,R,22000000,1993,795,0.89,41000
Color,52,144,91,195,786,2483955,8369,1674,0,165,English,USA,R,9600000,2005,228,0.67,957
Color,129,92,26,611,1000,4881867,15200,3767,1,76,English,USA,R,9000000,2008,1000,0.64,1000
Color,196,119,610,716,834,53789313,89816,3637,0,347,English,USA,PG-13,60000000,2003,780,0.63,7000
Color,125,123,563,8000,24000,66808615,87351,43917,0,344,English,USA,R,34000000,2001,11000,0.61,2000
Color,232,85,109,18,200,9437933,90827,332,0,329,English,Ireland,R,180000,2007,96,0.79,26000
Color,25,134,91,4,15,48856,3466,30,0,40,Japanese,Japan,R,11900000,1993,6,0.75,355
Color,131,120,446,1000,22000,44886089,69576,40117,3,207,English,USA,R,10000000,1997,13000,0.69,2000
Color,129,100,6,65,935,14343976,22961,1327,0,291,English,USA,R,5000000,1989,120,0.45,1000
Color,439,130,3000,844,10000,3029870,128729,15835,1,551,English,Denmark,R,7400000,2011,4000,0.71,50000
Black and White,193,104,34,280,545,47806295,87447,1274,0,371,English,USA,PG-13,43000000,2005,351,0.65,7000
Color,186,94,17,179,607,16235293,19918,1611,0,278,English,USA,R,9000000,2006,318,0.45,7000
Color,49,98,10,402,589,10429707,10483,2705,1,125,English,USA,PG,5000000,2014,416,0.54,7000
Color,20,106,277,383,22000,10555348,17349,24887,0,42,English,USA,PG-13,20000000,1989,2000,0.6,855
Color,97,87,374,484,826,14249005,39788,2689,1,619,English,USA,R,15000000,2001,503,0.45,7000
Color,74,94,176,46,116,6165429,23486,312,1,249,Aboriginal,Australia,PG,6000000,2002,93,0.75,7000
Color,227,93,50,692,3000,320706665,211971,4705,2,326,English,USA,PG,160000000,2007,795,0.61,7000
Color,375,109,97,839,17000,138447667,408302,19968,2,345,English,USA,R,42000000,2012,971,0.72,39000
Color,113,104,35,844,24000,10996440,19707,27806,0,128,English,USA,PG,13000000,2006,912,0.63,862
Color,152,101,32,104,219,8129455,89568,661,1,142,English,USA,PG,45000000,2011,141,0.63,17000
Color,84,105,29,692,8000,126805112,98199,12344,1,169,English,USA,PG-13,46000000,1997,1000,0.63,7000
Color,152,82,49,429,1000,31768374,42761,3313,0,366,English,USA,R,27000000,1999,888,0.56,2000
Color,234,107,91,766,13000,293501675,704766,17540,0,2073,English,USA,PG-13,40000000,1999,3000,0.81,14000
Color,642,148,22000,23000,29000,292568851,1468200,81115,0,2803,English,USA,PG-13,160000000,2010,27000,0.88,175000
Color,39,99,7,730,3000,5871603,3116,6485,3,39,English,USA,R,13000000,1999,1000,0.6,251
Color,738,91,91,13,39,274084951,582917,87,0,1885,English,UK,PG-13,100000000,2013,23,0.78,147000
Color,208,96,124,1000,16000,33592415,91640,31549,2,210,English,USA,PG-13,130000000,2013,12000,0.56,20000
Color,74,108,3,436,710,49526,16299,2119,1,129,English,USA,R,6800000,2005,697,0.7,1000
Color,117,143,91,210,509,38966057,23940,1409,0,157,English,France,R,65000000,1998,317,0.67,688
Color,46,108,350,77,8000,5600000,11913,8349,1,97,English,USA,R,47000000,1996,115,0.58,616
Color,90,92,14,291,14000,1071240,3571,15848,2,34,English,UK,PG-13,8000000,2007,1000,0.69,429
Color,87,90,65,658,11000,39442871,80639,25190,0,237,English,USA,PG-13,80000000,2000,11000,0.53,7000
Black and White,35,87,4,624,2000,19539,4182,6227,1,53,English,USA,R,1000000,2003,1000,0.62,3000
Color,190,110,115,103,812,3148482,29613,1540,0,98,English,USA,R,12000000,2008,580,0.71,7000
Color,101,99,9,648,975,38048637,47814,3500,4,426,English,USA,R,14000000,1998,912,0.55,7000
Color,171,146,12000,451,18000,77862546,266310,20454,2,690,English,USA,R,70000000,2004,992,0.77,14000
Color,25,115,91,534,1000,13640000,6011,3267,0,39,English,USA,PG-13,14000000,1994,848,0.69,905
Color,200,116,129,782,10000,2268296,41856,13180,4,119,English,UK,PG-13,6500000,2013,918,0.69,12000
Color,225,115,295,466,10000,144795350,387632,12068,1,789,English,USA,PG-13,120000000,2004,981,0.71,7000
Color,5,99,11,327,665,125169,859,2272,2,31,English,USA,R,10500000,1994,446,0.64,119
Color,84,113,137,481,879,127175354,288451,2985,2,438,English,USA,PG-13,16000000,1994,854,0.73,7000
Color,232,117,234,919,11000,87341380,255257,15590,3,374,English,USA,R,27000000,2008,989,0.7,7000
Color,245,165,1000,165,309,49551662,102338,921,0,450,English,Australia,PG-13,130000000,2008,284,0.66,7000
Color,251,133,91,529,11000,148734225,298590,12874,2,559,English,USA,R,30000000,2007,985,0.7,7000
Color,181,94,368,466,13000,125305545,145350,15419,0,643,English,USA,PG-13,92000000,2000,1000,0.55,7000
Color,46,86,7,17,328,1114943,3562,407,0,74,English,USA,R,500000,2000,27,0.65,7000
Black and White,177,87,750,41,745,9003011,133966,1396,0,294,English,Australia,R,2000000,1981,531,0.76,7000
Color,106,113,31,483,5000,128978,22897,6267,2,61,Mandarin,Hong Kong,R,40000000,2007,755,0.71,7000
Color,175,98,91,123,358,18381787,15684,1114,4,126,English,UK,PG-13,11000000,2012,156,0.68,13000
Black and White,202,110,45,845,1000,66462600,141533,4714,3,786,English,USA,PG-13,78000000,2003,872,0.58,7000
Color,107,102,91,529,946,14793904,28209,4072,1,80,English,Canada,PG-13,18000000,2009,800,0.53,7000
Color,267,123,521,265,13000,108521835,40123,13752,0,297,English,UK,PG-13,120000000,2016,365,0.71,31000
Color,233,112,21000,237,17000,95308367,206104,18141,0,850,English,USA,R,48000000,2002,324,0.68,7000
Color,287,96,83,1000,12000,51774002,87745,16121,1,331,English,USA,PG-13,57000000,2011,1000,0.43,18000
Color,268,98,91,638,8000,41008532,19611,10894,1,103,English,USA,R,27000000,2016,698,0.67,7000
Color,165,110,119,332,1000,39263506,40469,2382,1,135,English,USA,PG-13,22000000,2008,931,0.61,7000
Color,142,87,85,118,311,33244684,62038,760,0,281,English,USA,R,9000000,1988,189,0.65,7000
Color,124,112,91,177,805,7837632,46396,1466,0,287,English,USA,R,18000000,1997,223,0.75,7000
Color,41,99,30,209,480,398420,5049,1234,3,48,English,USA,R,8000000,2007,257,0.64,226
Color,102,99,212,54,130,49369900,36108,450,0,260,English,USA,R,7000000,1988,125,0.57,7000
Color,56,81,91,394,975,6387,4862,2694,0,37,English,USA,R,1000000,2006,645,0.69,7000
Color,408,117,248,726,14000,51533608,203111,16606,1,755,English,USA,R,25000000,2011,798,0.68,32000
Color,189,116,5,748,26000,25093607,105556,49608,2,157,English,UK,R,35000000,2011,22000,0.65,17000
Color,196,113,719,217,605,119412921,240241,1441,0,391,English,USA,R,65000000,1990,308,0.75,7000
Color,258,159,91,645,11000,317557891,444683,13191,4,1571,English,UK,PG,125000000,2001,687,0.75,16000
Color,135,112,66,21,150,3432342,24921,253,2,166,French,Canada,R,6000000,2003,28,0.77,7000
Color,87,78,5,1000,8000,58336565,12845,11124,0,118,English,USA,G,50000000,2006,2000,0.66,624
Color,126,124,287,475,9000,23360779,31113,10838,0,212,English,USA,R,34000000,2000,1000,0.57,852
Color,108,131,46,433,1000,50300000,68565,2943,2,300,English,UK,PG,30000000,1985,439,0.63,7000
Color,83,104,18,741,1000,10106233,12702,5190,0,32,English,USA,PG,8000000,2011,962,0.54,7000
Color,132,96,31,536,651,16667084,90070,3119,0,248,English,USA,PG-13,11000000,1990,610,0.71,11000
Color,146,90,31,179,210,10494494,19586,676,1,109,English,USA,PG-13,18000000,2013,193,0.44,4000
Color,306,116,179,236,15000,90755643,222403,16149,2,453,English,USA,PG-13,200000000,2010,567,0.66,23000
Color,115,122,91,221,697,8596914,23023,1517,0,148,English,USA,R,6000000,2000,394,0.7,7000
Color,63,83,12,690,2000,11631245,15015,5022,5,113,English,USA,PG,35000000,2006,826,0.42,494
Color,242,102,43,113,170,2035566,77305,931,0,162,English,France,R,13000000,2009,157,0.66,11000
Color,100,91,14,548,14000,1292119,14786,16768,1,144,English,UK,R,5500000,2001,1000,0.71,7000
Color,222,115,118,482,14000,89253340,133436,16967,0,323,English,France,PG-13,48000000,2014,794,0.6,38000
Color,79,111,650,181,690,5205343,11958,1573,3,39,English,USA,PG,20000000,2009,224,0.64,1000
Color,62,109,322,861,1000,69148997,98794,6313,4,251,English,USA,PG-13,37000000,2004,960,0.54,7000
Color,128,112,197,632,755,90556401,43795,3507,1,171,English,USA,G,11000000,2008,734,0.45,7000
Color,65,114,91,545,970,60033780,18973,2860,1,162,English,USA,PG-13,30000000,1998,631,0.59,7000
Color,232,174,91,9000,11000,261970615,387616,35672,1,858,English,UK,PG,100000000,2002,10000,0.74,7000
Color,249,117,91,12000,22000,17439163,537419,47728,1,1028,English,USA,R,15000000,1998,12000,0.82,35000
Black and White,94,106,5,356,416,2436,344,1611,2,19,English,USA,R,2000000,2012,403,0.57,655
Color,198,124,845,295,650,46975183,256213,1640,0,338,English,USA,R,61000000,2007,467,0.72,7000
Color,187,84,91,206,579,106793915,140499,1817,0,358,English,UK,G,45000000,2000,530,0.7,7000
Color,37,89,91,323,690,15655665,9104,2135,2,112,English,USA,PG-13,4000000,2006,400,0.31,110
Color,230,153,91,130,11000,51814190,100837,11852,1,301,English,USA,R,75000000,2009,561,0.64,7000
Color,224,101,13,261,34000,31607598,58366,35717,1,160,English,Canada,PG-13,6900000,2012,924,0.56,10000
Color,43,117,11000,451,905,20101861,24757,2348,0,81,English,USA,PG-13,45000000,1996,484,0.6,7000
Color,172,107,91,289,572,5023275,34194,1627,2,199,English,France,R,15000000,2005,324,0.75,7000
Color,242,92,135,259,574,1316074,71387,1303,1,228,English,USA,PG-13,100000,2011,399,0.7,21000
Color,133,90,91,15,343,65087,8824,408,0,108,English,USA,R,5000000,2007,29,0.62,559
Color,59,150,3,448,859,6157157,21416,3942,1,198,English,USA,PG-13,5000000,1989,448,0.7,7000
Color,195,96,192,501,40000,47781388,147504,41293,1,531,English,USA,PG-13,40000000,2004,534,0.66,7000
Color,5,101,91,165,574,3105269,368,1335,2,8,English,Mexico,R,3000000,2016,327,0.5,174
Color,59,96,44,129,625,1050600,4662,1378,0,136,English,USA,R,250000,2000,487,0.66,170
Color,12,92,19,599,18000,12836,1686,20135,1,28,English,USA,R,4000000,1997,759,0.58,161
Color,73,141,11,8,56,6173485,10672,105,0,84,English,Germany,R,7000000,2001,36,0.77,802
Color,382,129,91,154,21000,186830669,338635,22403,2,412,English,USA,PG-13,125000000,2011,979,0.75,39000
Color,122,121,12000,975,11000,12281500,163492,23602,3,460,English,USA,R,13000000,1993,10000,0.8,15000
Color,167,104,108,177,296,35143332,45102,1340,0,316,English,USA,R,17000000,2003,270,0.56,7000
Color,85,150,91,401,597,4414535,30618,1645,0,224,English,UK,PG-13,18000000,1996,591,0.78,7000
Color,129,68,116,481,8000,53868030,183425,10557,2,425,English,USA,PG-13,17000000,1997,503,0.7,7000
Color,406,134,452,697,11000,85707116,303185,20411,4,701,English,USA,R,68000000,2014,8000,0.76,82000
Color,62,124,91,535,2000,54800000,35130,5122,3,283,English,USA,R,6000000,1980,553,0.78,7000
Color,151,98,323,390,1000,18990542,22264,2763,3,289,English,USA,R,70000000,2002,841,0.3,584
Color,98,89,17,303,12000,45207112,21283,13390,1,190,English,USA,PG-13,53000000,2001,708,0.55,361
Color,206,90,52,224,34000,3388210,46813,34983,1,150,English,USA,PG-13,250000,2011,487,0.67,12000
Color,92,98,7,73,931,30306281,12388,1917,2,147,English,USA,R,10000000,2002,797,0.56,744
Color,192,140,36,336,669,33682273,124242,2114,1,622,English,USA,R,33000000,2004,403,0.65,4000
Color,156,91,17,78,534,30079316,75920,1083,0,474,English,USA,R,35000000,2002,385,0.55,7000
Color,322,95,57,233,727,3219029,28845,1836,0,125,English,USA,R,5000000,2015,442,0.71,10000
Color,365,100,81,179,34000,6531491,111658,34446,2,297,English,USA,R,2000000,2010,248,0.72,20000
Color,157,101,47,407,658,8243880,28714,3086,1,215,English,USA,R,3200000,2003,636,0.7,762
Color,161,110,72,789,18000,67061228,96565,21554,1,135,English,USA,PG-13,40000000,2010,1000,0.55,7000
Color,245,124,91,631,22000,3081925,55842,24732,0,274,English,USA,R,21000000,2008,1000,0.75,13000
Color,171,92,255,447,26000,25296447,237248,27572,0,460,English,France,PG-13,21000000,2002,1000,0.68,7000
Color,171,105,12,935,87000,48745150,50170,101383,1,306,English,USA,PG-13,50000000,2006,11000,0.58,773
Color,248,91,192,346,23000,20275446,95274,24669,0,178,English,USA,PG-13,35000000,2012,1000,0.65,20000
Color,357,119,394,162,12000,61937495,89442,13071,0,432,English,USA,R,150000000,2010,490,0.58,7000
Color,422,118,368,988,23000,125320003,286095,27468,0,974,English,USA,PG-13,200000000,2009,3000,0.66,7000
Color,297,113,47,129,988,102413606,310903,1783,0,524,English,USA,PG-13,34000000,2014,149,0.68,38000
Color,59,115,333,317,972,10556196,16562,2606,2,73,English,USA,PG-13,50000000,1997,713,0.62,697
Color,16,90,11,316,767,399611,1245,2370,2,29,English,USA,PG,6000000,2010,529,0.57,7000
Color,378,150,91,206,10000,92173235,280228,14296,7,420,English,USA,R,37000000,2010,4000,0.76,29000
Color,201,106,91,381,742,25244700,91017,2270,1,284,English,UK,R,6000000,1981,602,0.72,7000
Color,194,141,14000,3000,29000,164435221,525801,48153,0,667,English,USA,PG-13,52000000,2002,15000,0.8,15000
Color,59,88,6,68,302,2073984,4743,663,1,135,English,France,R,800000,2002,270,0.72,219
Color,42,141,176,672,11000,122012710,69663,14178,1,133,English,USA,PG-13,62000000,1994,913,0.69,7000
Color,117,95,487,1000,18000,162792677,211226,24205,0,317,English,USA,G,120000000,1998,1000,0.72,7000
Color,160,100,11,970,13000,9176553,19147,19330,1,97,English,USA,PG-13,7500000,2009,3000,0.71,7000
Color,493,110,1000,538,13000,171031347,240962,25964,0,724,English,USA,PG-13,38000000,2010,12000,0.77,36000
Color,359,100,108,534,17000,35266619,108242,20051,1,371,English,USA,R,30000000,2013,2000,0.59,39000
Color,186,133,91,46,226,6167817,62607,405,1,239,French,France,R,47000000,2004,52,0.77,7000
Color,342,100,197,159,513,26005908,154938,1379,0,1100,English,UK,R,3500000,2005,239,0.72,10000
Color,41,111,91,591,18000,22551000,37269,37645,0,165,English,UK,PG-13,8000000,1993,18000,0.74,7000
Color,196,103,179,87,794,25472967,44966,1467,2,411,English,USA,PG-13,30000000,2005,329,0.56,7000
Color,488,126,584,398,11000,4563029,181472,12286,5,514,English,South Korea,R,39200000,2013,557,0.7,58000
Color,95,112,37,480,3000,26494611,48621,5709,0,239,English,USA,PG-13,35000000,1999,874,0.66,7000
Color,750,143,91,393,883,304360277,522030,2039,0,1498,English,UK,PG-13,200000000,2012,563,0.78,80000
Color,29,123,473,685,890,36049108,10139,3661,4,70,English,USA,R,9000000,1996,851,0.68,7000
Color,280,172,667,70,211,2835886,55516,456,2,124,Italian,Italy,R,9200000,2013,98,0.77,29000
Color,194,112,5,724,17000,34912982,55617,19974,0,266,English,USA,PG-13,38000000,2016,1000,0.52,14000
Color,13,100,91,268,844,428535,505,2289,1,32,English,USA,R,1000000,2000,625,0.36,24
Color,129,99,53,491,4000,2207975,28855,8297,0,190,English,USA,PG-13,6000000,2003,3000,0.72,7000
Color,98,107,91,643,12000,55210049,43743,14710,1,293,English,USA,PG,27800000,1989,664,0.54,7000
Color,94,91,52,482,773,24788807,21245,1965,0,213,English,UK,PG,3000000,1998,588,0.74,7000
Color,49,91,6,596,8000,8080116,6562,10732,0,66,English,USA,PG,15000000,2006,625,0.56,647
Color,66,82,32,128,968,40557,1389,2046,0,22,English,USA,R,60000,2011,407,0.56,7000
Color,137,114,300,73,307,13876974,19397,809,0,214,Hindi,India,R,7000000,2001,209,0.74,7000
Color,96,131,368,383,11000,43532294,46951,12088,0,175,English,USA,PG,65000000,2006,529,0.71,7000
Color,68,115,13,111,757,17174870,15817,1201,2,210,English,USA,PG-13,18000000,2000,220,0.67,7000
Black and White,388,146,14000,979,25000,79883359,116159,46726,1,488,English,USA,PG-13,66000000,2011,19000,0.72,28000
Color,189,118,167,778,20000,22451,41288,22447,0,126,English,USA,PG-13,60000000,2014,882,0.62,17000
Color,180,122,529,171,820,54235441,52894,1484,3,185,English,USA,PG,22000000,2014,201,0.73,55000
Color,95,134,3000,77,205,20733485,11622,428,1,157,English,USA,PG-13,5000000,1997,130,0.72,1000
Color,83,112,608,733,11000,65500000,66966,22479,1,175,English,USA,R,12000000,1985,10000,0.74,7000
Color,88,99,29,161,711,11883495,52805,1462,1,278,English,UK,R,9000000,1998,427,0.68,7000
Color,238,96,571,370,2000,322157,61787,4590,0,203,English,USA,R,2500000,2010,973,0.68,19000
Color,40,93,7,922,1000,1181197,3299,4329,0,24,English,USA,R,15500000,2005,1000,0.59,191
Color,252,131,33,326,876,21483154,98741,1985,1,236,English,USA,PG-13,19000000,2013,526,0.76,53000
Color,298,146,2000,294,15000,133375846,207839,16948,2,435,English,USA,PG-13,150000000,2009,745,0.67,7000
Color,106,124,161,681,21000,5755286,18310,26334,1,63,English,USA,PG-13,55000000,2007,3000,0.59,672
Color,162,108,529,690,17000,80014842,104356,19945,1,186,English,USA,PG-13,25000000,2010,861,0.63,14000
Color,221,97,25,861,929,21371425,76199,3679,0,944,English,USA,PG-13,10000000,2010,927,0.44,13000
Color,184,115,529,325,576,71346930,78008,1554,0,160,English,USA,PG-13,28000000,2013,447,0.67,23000
Color,214,135,353,40,1000,7563397,533200,1211,0,749,Portuguese,Brazil,R,3300000,2002,69,0.87,28000
Color,143,108,17,186,14000,40203020,74315,15634,1,259,English,UK,R,40000000,2004,1000,0.59,7000
Color,45,97,96,403,13000,63408614,75365,14432,1,149,English,USA,R,55000000,1989,549,0.63,7000
Color,58,84,12,334,1000,52543632,12676,2297,2,84,English,USA,PG-13,13200000,2014,345,0.56,7000
Color,171,104,96,559,943,43097652,59068,3497,2,128,English,USA,PG,28000000,2007,763,0.63,7000
Black and White,71,78,91,61,262,10018,3228,509,0,31,English,USA,R,1000000,2006,163,0.61,244
Color,28,77,91,73,2000,19421271,2448,2908,1,18,English,USA,G,5000000,1999,804,0.5,122
Color,253,118,89,344,15000,62877175,217507,16758,1,325,English,USA,R,30000000,2008,975,0.72,7000
Color,169,110,179,734,12000,13998282,24854,15044,1,374,English,USA,PG-13,16000000,2014,1000,0.31,31000
Color,113,108,212,347,969,12232937,22823,2799,1,113,English,USA,PG-13,22000000,2009,794,0.56,7000
Color,83,89,7,91,3000,57011847,20615,3361,2,44,English,USA,PG,40000000,2013,190,0.59,7000
Color,345,99,91,691,13000,5702083,80617,23755,3,190,English,UK,R,15000000,2011,10000,0.65,36000
Color,122,87,29,252,427,27972410,114692,1461,1,285,English,UK,PG,35000000,2003,304,0.61,2000
Color,173,107,153,233,11000,137340146,246492,12700,1,685,English,USA,PG-13,70000000,2006,1000,0.64,7000
Color,208,122,117,140,40000,31598308,124765,41636,1,541,English,USA,R,35000000,2001,1000,0.68,7000
Color,104,76,6,421,12000,50026353,13581,13607,0,88,English,USA,PG,110000000,2004,513,0.54,304
Color,261,92,28,423,3000,55942830,138582,5178,1,423,English,USA,PG-13,70000000,2014,692,0.63,37000
Black and White,84,98,21,76,33000,406035,30314,33441,0,159,English,USA,R,1500000,2001,243,0.72,7000
Color,40,105,29,97,584,35324232,32224,1132,1,62,English,USA,R,68000000,1995,220,0.56,617
Color,64,97,52,36,80,1141829,8509,209,1,109,English,USA,NC-17,700000,2001,67,0.72,420
Color,236,110,168,96,3000,39825798,295375,4210,3,645,English,USA,PG-13,16000000,2006,979,0.76,15000
Color,7,120,91,40,178,1098224,397,359,1,30,English,USA,PG-13,2000000,2003,69,0.33,32
Color,36,98,91,73,138,10246600,6375,388,0,36,English,USA,R,25000,1995,111,0.66,265
Color,111,251,91,642,22000,5300000,221000,24719,8,495,English,Italy,R,30000000,1984,683,0.84,12000
Color,434,169,91,903,18000,200069408,240396,29991,0,2367,English,USA,PG-13,209000000,2006,10000,0.61,7000
Color,358,128,79,414,13000,50815288,109188,14747,0,625,English,USA,R,50000000,2005,903,0.7,7000
Color,156,101,79,218,608,117224271,47794,1787,1,81,English,USA,R,20000000,2010,362,0.71,7000
Color,63,125,4,36,177,927107,5153,333,1,51,German,Germany,R,15000000,1999,66,0.73,687
Color,478,128,22000,11000,23000,205343774,980946,59558,0,2685,English,USA,PG-13,150000000,2005,14000,0.83,15000
Color,131,92,25,639,1000,217326336,57276,2847,0,146,English,USA,PG,60000000,2007,718,0.52,7000
Color,41,97,91,230,922,1046166,2599,1835,4,45,English,Germany,PG-13,9000000,2005,374,0.42,128
Black and White,267,170,17000,827,29000,102608827,264318,34582,0,799,English,USA,PG-13,110000000,2004,3000,0.75,7000
Color,440,138,446,929,20000,132550960,328067,23755,1,533,English,USA,PG-13,120000000,2013,992,0.67,68000
Color,217,107,323,794,1000,59735548,290949,4223,1,629,English,USA,R,15000000,1987,1000,0.78,13000
Color,105,83,6,429,30,1127331,7559,30,1,77,Dari,Afghanistan,PG-13,46000,2003,664,0.74,7000
Black and White,304,137,16000,348,890,66207920,512749,1959,0,935,English,USA,R,30000000,2004,387,0.8,7000
Color,32,80,522,423,813,194568,2963,2179,0,28,English,USA,R,1500000,2006,522,0.62,7000
Color,150,124,91,19,723,19719930,42621,793,0,531,English,USA,R,45000000,2001,44,0.68,7000
Color,288,81,119,412,468,59992760,119622,2134,1,396,English,USA,R,42000000,2009,442,0.58,7000
Color,703,173,91,19000,26000,623279547,995415,87697,3,1722,English,USA,PG-13,220000000,2012,21000,0.81,123000
Color,132,123,272,193,13000,41523271,57038,13934,2,261,English,USA,PG-13,80000000,2001,450,0.66,7000
Color,18,100,91,249,640,71904,806,1491,1,18,English,USA,PG-13,2500000,2006,261,0.57,140
Color,231,120,19,9000,26000,47952020,37750,46719,2,134,English,USA,PG-13,115000000,2016,11000,0.61,16000
Color,36,113,91,256,607,51697449,8346,1465,6,59,English,USA,PG-13,13000000,2009,269,0.41,1000
Color,160,90,31,162,193,26421314,28964,608,0,457,English,USA,R,15000000,2000,184,0.4,949
Color,435,128,91,826,4000,36381716,197584,7067,4,918,English,USA,PG-13,82000000,2011,2000,0.61,42000
Color,154,89,310,587,22000,5739376,58260,24419,0,286,English,USA,R,500000,2003,833,0.77,7000
Color,63,119,91,244,10000,65807024,172405,11013,0,203,English,USA,R,19000000,1995,345,0.68,7000
Color,309,93,180,485,14000,145000989,483756,16461,0,974,English,France,PG-13,25000000,2008,816,0.79,29000
Color,28,100,3,88,2000,4756,4191,2450,4,32,English,UK,PG,25000000,2013,228,0.54,7000
Color,119,108,54,6000,12000,1339152,28276,30230,1,64,English,France,PG,81200000,2015,11000,0.78,31000
Color,4,105,91,45,421,129319,257,622,4,4,English,India,R,70000000,2005,96,0.51,9
Color,46,137,91,130,591,10161099,23441,1341,1,108,English,UK,PG-13,9000000,1989,520,0.77,7000
Color,23,95,91,26,442,20047715,8008,616,1,26,English,USA,PG,25530000,1996,95,0.52,504
Color,70,94,18,183,658,3034181,13622,1559,3,128,English,UK,R,11000000,2002,463,0.54,550
Color,16,102,18,186,670,15593,2295,1562,1,40,English,USA,PG-13,21000000,1999,419,0.58,284
Color,9,109,62,518,584,5100000,6595,2024,0,61,English,UK,R,7500000,1984,552,0.6,345
Color,22,111,1000,127,2000,2580,1618,2564,2,40,English,USA,R,1650000,2003,163,0.54,63
Color,153,88,92,636,31000,32014289,50337,34319,8,177,English,USA,PG-13,20000000,2013,881,0.35,13000
Color,166,113,91,721,4000,109176215,83506,8172,6,144,English,USA,PG-13,60000000,2009,722,0.55,7000
Color,185,111,2000,244,17000,48430355,43709,18510,2,141,English,USA,PG-13,70000000,2011,1000,0.53,7000
Color,156,94,52,261,567,59573085,13562,2259,10,103,English,USA,PG-13,18000000,2016,312,0.61,19000
Color,280,94,350,39,326,56437947,85333,486,0,421,English,UK,PG-13,9800000,2006,48,0.73,7000
Color,175,102,44,766,12000,17176900,54501,17098,4,154,English,USA,PG-13,95000000,2014,3000,0.55,16000
Color,34,104,80,658,8000,12793213,18286,10430,4,73,English,USA,R,6000000,1988,960,0.62,7000
Color,236,104,420,535,2000,78009155,110073,3768,5,194,English,USA,PG-13,75000000,2011,906,0.62,7000
Color,101,99,54,398,748,8712564,16555,1721,0,139,English,USA,R,27000000,2004,489,0.59,817
Color,53,90,10,159,49000,92969824,63625,50005,1,64,English,USA,PG,80000000,1997,570,0.52,7000
Color,164,94,19,117,363,26049082,76791,1024,3,100,English,USA,R,8000000,2014,342,0.61,7000
Color,143,77,291,8,291,424760,72639,368,0,371,English,USA,PG-13,7000,2004,45,0.7,19000
Color,29,107,8,268,926,12200000,7973,2383,0,65,English,USA,PG,5000000,1983,400,0.63,7000
Color,172,130,545,552,722,26616590,120416,2525,0,857,English,UK,R,60000000,1997,585,0.67,10000
Color,18,75,10,826,3000,3562749,5600,7394,0,49,English,USA,G,32000000,1997,2000,0.69,643
Color,249,119,218,73,13000,121468960,407601,13249,1,849,English,USA,PG-13,60000000,2002,147,0.79,7000
Color,198,107,70,330,770,71148699,68935,1614,0,125,English,USA,PG,90000000,2008,419,0.66,7000
Color,133,178,17000,574,22000,42438300,333542,24183,2,533,English,USA,R,52000000,1995,721,0.82,11000
Color,15,79,157,219,4000,4350774,10476,4908,3,52,English,USA,PG-13,8000000,1994,248,0.65,7000
Color,177,138,161,210,18000,64604977,414219,19129,2,625,English,USA,R,35000000,1997,398,0.83,11000
Color,219,123,15,745,10000,34531832,44788,13371,0,138,English,UK,PG-13,35000000,2015,979,0.71,23000
Color,432,95,38,20,409,13401683,203458,578,0,588,English,UK,R,35000000,2012,107,0.71,46000
Color,263,79,30,265,940,31743332,111117,1594,0,245,English,USA,PG-13,30000000,2009,271,0.71,13000
Color,195,98,72,566,1000,60057639,107815,3151,2,485,English,USA,R,18000000,2003,624,0.71,10000
Color,174,119,64,41,743,21471685,65464,971,0,1308,English,USA,PG-13,44000000,2000,117,0.24,7000
Color,333,105,210,101,978,35596227,79461,1454,1,463,English,USA,R,20000000,2010,191,0.63,10000
Color,162,91,420,173,268,140080850,121084,1125,2,221,English,USA,PG-13,140000000,2007,268,0.62,7000
Color,108,100,64,296,734,7204138,34809,2085,0,125,English,USA,PG,41000000,2011,574,0.62,11000
Color,226,102,91,1000,14000,28837115,34964,24107,4,150,English,USA,PG-13,50000000,2016,8000,0.48,28000
Color,74,88,377,236,529,4771000,26513,1502,1,174,English,USA,R,800000,1995,502,0.75,7000
Color,194,110,10,844,3000,13823741,61777,6420,3,140,English,UK,PG-13,13500000,2008,2000,0.69,7000
Color,214,112,43,1000,11000,42478175,93767,15327,1,209,English,USA,PG-13,25000000,2015,2000,0.72,34000
Color,299,124,335,50,14000,34180954,189812,14504,0,370,English,USA,R,32000000,2008,388,0.76,15000
Color,140,93,2,258,849,14888028,28606,2178,0,262,English,USA,PG-13,30000000,2005,787,0.51,7000
Color,95,85,10,178,3000,14000000,15956,3617,0,118,English,USA,R,3500000,1987,273,0.6,1000
Color,67,89,16,14,117,313436,12244,155,0,95,Norwegian,Norway,R,15500000,2001,21,0.76,7000
Color,153,155,91,170,3000,26384919,189032,3677,15,560,English,USA,R,15000000,1997,360,0.79,7000
Color,91,93,54,581,40000,34872293,30765,42002,0,252,English,USA,R,8500000,1991,618,0.49,963
Color,69,115,39,254,13000,29753944,90677,14275,3,389,English,USA,R,20000000,1998,481,0.65,7000
Color,34,135,596,2000,10000,10400000,12037,15820,1,90,English,USA,R,50000000,1995,3000,0.51,943
Color,76,135,317,34,57,49994804,29205,164,1,194,English,USA,PG,55000000,1996,40,0.63,7000
Color,335,123,91,6,23000,10137502,77394,23031,0,195,English,USA,PG,35000000,2015,22,0.74,24000
Color,107,88,190,163,137000,15988876,26236,137712,6,110,English,USA,PG-13,27000000,2009,459,0.57,7000
Color,193,131,226,341,12000,173005002,255447,13679,0,692,English,USA,PG,100000000,2004,625,0.69,7000
Color,22,99,32,479,1000,16671505,33186,2949,1,78,English,USA,PG,50000000,1994,619,0.59,7000
Color,101,91,287,695,3000,20950820,24183,5593,4,160,English,Germany,PG,80000000,2003,739,0.57,665
Color,148,88,64,363,1000,17016190,28632,2567,0,214,English,Romania,R,12000000,2004,857,0.49,7000
Color,36,104,5,687,5000,20915465,38203,7723,0,290,English,UK,PG,42000000,1993,922,0.4,7000
Color,516,147,94,11000,21000,407197282,272670,64798,0,1022,English,USA,PG-13,250000000,2016,19000,0.82,72000
Color,300,176,91,561,18000,130127620,324671,20354,0,458,English,USA,R,100000000,2007,782,0.78,7000
Color,193,88,3,307,3000,59379,12796,4729,3,52,English,USA,R,200000,2013,982,0.68,7000
Color,34,93,58,722,995,31155435,42644,6105,2,102,English,USA,R,12000000,2001,729,0.62,7000
Color,29,120,18,295,634,20773070,4501,1810,11,102,English,USA,PG,5000000,2016,420,0.34,7000
Color,98,110,143,76,155,49413,6919,398,0,26,Cantonese,Hong Kong,R,35000000,2006,96,0.73,528
Color,97,110,342,393,623,10200000,18697,1722,0,263,English,USA,PG,10000000,1997,508,0.73,578
Color,224,91,75,13,35,41709,54601,116,0,200,Norwegian,Norway,R,800000,2009,16,0.64,23000
Color,130,100,70,99,473,9353573,56451,1100,0,524,English,USA,PG,45000000,2009,315,0.27,7000
Color,114,100,1000,220,989,11694528,7721,2165,0,72,English,USA,R,3000000,2005,744,0.72,635
Color,81,114,91,403,865,447750,18520,2126,0,133,English,USA,R,10000000,2000,685,0.72,7000
Color,162,106,91,574,18000,23272306,740918,20821,4,1182,English,USA,R,6000000,1995,979,0.86,28000
Color,142,114,12000,307,11000,26871,121259,12499,2,361,English,Germany,R,92000000,2001,577,0.7,7000
Color,110,106,80,723,2000,43853424,35514,5024,1,114,English,USA,PG,18000000,2011,795,0.71,15000
Color,178,102,153,269,3000,80360866,44662,5392,1,127,English,USA,PG,80000000,2011,1000,0.52,7000
Black and White,181,81,670,34,486,7267324,161471,623,1,709,German,Germany,R,3500000,1998,37,0.78,7000
Color,12,330,138,672,848,4496583,23181,3227,2,129,English,USA,R,35000000,1993,674,0.8,6000
Color,66,119,422,422,861,4992159,23823,3306,2,201,English,USA,R,8550000,2004,499,0.56,713
Color,171,118,72,681,10000,177575142,244840,13426,1,372,English,USA,PG-13,70000000,2005,975,0.66,7000
Color,224,95,17,594,838,76137505,49207,3697,0,174,English,UK,PG,55000000,2014,722,0.72,30000
Color,52,112,70,826,1000,37295394,7973,5959,8,59,English,USA,PG-13,6600000,2011,912,0.57,7000
Color,522,93,91,355,15000,54696902,379462,16034,3,571,English,USA,PG-13,32000000,2011,491,0.75,56000
Color,31,111,589,51,589,10174663,12399,916,0,382,English,USA,PG,100000,2006,150,0.67,7000
Color,175,136,759,354,11000,33685268,75573,12194,1,662,English,USA,R,68000000,2003,599,0.55,4000
Black and White,49,105,52,275,477,5217498,3668,2312,4,85,English,USA,PG-13,15000000,2000,397,0.46,157
Color,97,91,38,91,730,10149779,8294,1405,0,160,English,USA,PG-13,6500000,1999,461,0.36,342
Color,159,110,425,148,3000,28831145,39357,3757,1,113,English,USA,R,25000000,2014,466,0.68,14000
Black and White,65,112,759,933,11000,4554569,8134,17873,4,123,English,USA,R,28000000,1999,1000,0.69,209
Color,82,94,91,235,374,36037909,10132,1238,3,130,English,Germany,PG-13,60000000,2000,258,0.47,390
Color,155,126,51,874,10000,18324242,32815,20563,4,214,English,USA,R,35000000,2005,9000,0.73,7000
Color,32,82,799,294,721,9975684,20033,1805,0,117,English,Canada,PG-13,13000000,1998,359,0.64,679
Color,775,124,91,641,13000,126464904,456260,24098,0,2326,English,USA,R,130000000,2012,9000,0.7,97000
Color,535,107,141,535,24000,13092000,399138,26495,0,731,English,USA,R,3300000,2014,970,0.85,129000
Color,535,104,1000,272,3000,13214255,96233,4082,1,313,English,USA,R,11000000,2013,275,0.74,26000
Color,88,97,143,201,927,56631572,123390,1724,1,248,English,USA,PG-13,12000000,1995,281,0.68,7000
Color,41,99,60,444,979,562059,8535,3130,4,113,English,USA,R,4000000,2002,665,0.7,872
Color,54,120,36,633,886,52929168,82743,3280,1,201,English,USA,R,11000000,1992,655,0.75,7000
Color,36,123,91,886,12000,25900000,12771,18793,1,84,English,USA,R,58000000,1984,5000,0.65,828
Color,181,120,124,943,6000,66002193,44296,12452,3,144,English,USA,PG-13,110000000,2016,5000,0.58,12000
Color,435,100,97,2000,11000,257756197,246698,22128,0,471,English,Australia,PG,60000000,2014,8000,0.78,64000
Color,52,85,54,455,985,13973532,11211,3065,1,92,English,USA,PG-13,25000000,2002,637,0.51,215
Color,102,325,517,678,12000,1500000,9830,14255,0,189,English,USA,R,44000000,1980,849,0.68,1000
Color,96,170,91,380,19000,75370763,32353,20683,0,263,English,USA,PG-13,60000000,1998,1000,0.65,7000
Color,114,126,91,168,826,43848100,119150,1607,2,219,English,USA,R,15000000,1987,508,0.74,7000
Color,75,89,53,84,227,27281507,33850,534,0,147,English,USA,G,12000000,1992,94,0.77,7000
Color,138,107,14,311,403,1183354,13026,1577,1,75,English,USA,PG-13,20000000,2010,368,0.51,7000
Color,161,94,11,566,1000,6301131,92850,5085,0,263,English,USA,R,29000000,2005,948,0.71,7000
Color,66,104,20,717,836,18595716,30462,3963,3,150,English,USA,PG,12000000,2006,826,0.53,7000
Color,72,99,79,956,16000,10719367,7909,28987,3,157,English,USA,PG-13,25000000,2002,11000,0.49,261
Color,219,108,22,61,12000,10326062,121432,14127,0,310,English,Germany,R,33000000,2009,2000,0.68,10000
Color,584,139,91,687,11000,13303319,136367,13021,0,975,English,USA,PG-13,32000000,2011,1000,0.67,39000
Color,62,116,91,476,907,50382128,10472,2723,0,202,English,USA,PG-13,5500000,2005,637,0.56,7000
Color,198,120,91,294,23000,5484375,84641,24270,0,205,English,USA,PG-13,10000000,2006,342,0.73,7000
Color,34,124,50,672,1000,51045801,11370,3653,2,54,English,USA,PG-13,60000000,1996,944,0.61,829
Color,182,83,157,581,2000,4244155,56005,3374,5,112,English,USA,R,10000000,2011,616,0.65,7000
Color,151,94,28,731,2000,30259652,26905,5440,5,614,English,USA,R,15000000,2002,864,0.41,7000
Color,457,112,3000,1000,15000,218628680,471644,21773,1,623,English,USA,R,50000000,2012,3000,0.7,74000
Color,68,140,473,294,18000,44484065,107227,20152,2,279,English,Germany,R,50000000,1998,822,0.73,3000
Color,231,98,249,702,87000,60655503,82380,92456,0,629,English,USA,PG-13,160000000,2006,2000,0.56,7000
Color,20,105,121,354,3000,10070000,5668,5023,3,50,English,USA,PG-13,25000000,1996,624,0.62,491
Color,186,125,91,11000,14000,110476776,95437,45696,12,211,English,USA,PG-13,52000000,2010,12000,0.57,9000
Color,298,125,487,201,430,26616999,92461,1300,3,347,English,USA,PG-13,40000000,2013,329,0.59,43000
Color,71,118,41,274,556,9059588,17261,1873,1,125,English,USA,R,15000000,2002,463,0.66,455
Color,150,111,122,25,918,2203641,42792,1252,0,162,English,Spain,R,15000000,2008,278,0.67,7000
Color,102,129,51,630,948,8396942,72715,4324,1,103,English,USA,R,19000000,2008,822,0.65,7000
Color,106,137,102,877,2000,22406362,16832,5780,0,267,English,USA,PG-13,107000000,2004,973,0.6,701
Color,48,135,41,808,982,53854588,37911,3648,0,73,English,USA,R,45000000,1996,843,0.63,1000
Color,285,94,122,383,873,51872378,88241,2812,0,266,English,USA,R,13000000,2013,461,0.67,23000
Color,21,102,12000,801,19000,167780960,36918,21499,4,42,English,USA,PG,11000000,1987,875,0.59,3000
Color,31,114,91,582,982,65623128,7354,2753,5,50,English,USA,PG-13,20000000,2012,618,0.48,7000
Color,120,116,380,774,18000,40932372,58023,32563,0,281,English,USA,R,70000000,1998,13000,0.63,7000
Color,13,109,3,25,54,5199,720,185,0,23,English,USA,R,200000,2004,53,0.66,30
Color,185,120,19,829,8000,23947,357579,12755,0,1100,English,USA,R,13000000,2004,902,0.77,15000
Color,52,115,39,642,12000,529766,22345,14889,2,144,English,USA,R,7000000,1995,970,0.68,7000
Color,53,114,34,287,649,50728000,48909,1725,0,166,English,USA,PG-13,22000000,1995,327,0.58,7000
Color,105,103,78,101,488,410388,13727,991,1,79,Japanese,Japan,PG-13,2127519898,2004,336,0.69,973
Color,242,112,91,213,512,22858926,254404,1171,2,840,English,USA,R,13000000,1999,216,0.78,7000
Color,221,88,91,795,901,11501093,128850,3913,0,604,English,USA,R,13000000,1992,888,0.76,10000
Color,233,118,91,871,13000,37899638,98472,27114,2,492,English,USA,PG-13,88000000,2005,13000,0.59,7000
Color,85,131,43,362,18000,52799004,28942,19815,0,223,English,USA,PG-13,55000000,1999,652,0.61,7000
Color,273,108,1000,1000,14000,34126138,666937,19364,1,1514,English,USA,R,20000000,2004,4000,0.83,52000
Color,299,87,30,433,745,183132370,259083,3086,0,763,English,USA,PG-13,75000000,2007,440,0.74,7000
Color,69,88,189,799,934,47811275,29008,3707,1,99,English,USA,PG,15000000,2002,927,0.54,896
Color,77,122,167,807,997,91547205,34579,5165,8,62,English,USA,PG-13,12000000,2012,966,0.66,7000
Black and White,8,81,91,5,119,18195,336,154,0,7,English,USA,R,250000,1997,24,0.63,67
Color,56,90,23,560,847,6755271,7319,3004,4,131,English,USA,R,5000000,2001,591,0.53,327
Color,81,110,107,45,576,136007,3924,776,1,39,French,France,R,4500,2004,133,0.69,171
Color,25,84,21,48,465,2301777,819,714,2,36,English,USA,R,650000,1997,170,0.65,161
Color,248,110,282,103,11000,124051759,42372,21175,2,239,English,USA,PG-13,180000000,2016,10000,0.66,29000
Color,529,105,81,779,11000,176740650,403836,13118,0,646,English,USA,PG-13,93000000,2011,1000,0.76,47000
Color,232,117,234,221,12000,371897,36494,13607,2,118,English,USA,R,4000000,2013,1000,0.69,11000
Color,112,110,120,664,12000,74888996,55513,16230,0,188,English,USA,PG,30000000,1991,1000,0.72,7000
Color,248,96,50,429,3,484221,23836,6,1,107,Indonesian,UK,R,1000000,2012,3,0.82,20000
Color,102,102,19,351,13000,14967182,27305,14463,1,284,English,USA,R,40000000,2000,530,0.51,604
Color,178,81,39,364,13000,10539414,45729,14619,1,176,English,USA,PG-13,47000000,2010,541,0.47,7000
Color,55,117,133,249,687,20966644,29610,1665,0,94,English,UK,R,3000000,1985,443,0.74,7000
Color,76,100,87,420,887,396035,2725,2721,0,48,English,UK,R,1000000,2004,805,0.69,305
Color,57,135,91,851,1000,2185266,8720,4266,0,186,English,USA,R,10000000,2000,975,0.65,1000
Color,36,97,781,90,596,117560,2330,1081,0,29,English,USA,R,6000000,2006,206,0.62,224
Color,215,105,29,257,24000,71347010,166194,28928,2,215,English,USA,R,40000000,2009,4000,0.71,7000
Color,253,105,154,502,884,80050171,186982,2288,0,491,English,USA,PG-13,20000000,2007,617,0.69,7000
Color,161,89,7,399,919,20801344,49721,2559,0,211,English,USA,R,15000000,2007,557,0.51,7000
Color,358,119,845,992,18000,98895417,203154,31782,3,698,English,USA,R,70000000,2013,11000,0.65,45000
Color,300,105,171,143,382,7159147,120189,954,0,308,Spanish,Spain,R,3400000,2007,273,0.75,11000
Color,26,124,42,161,801,2000000,2998,1462,0,74,English,USA,PG,20000000,1980,174,0.45,1000
Color,75,92,29,618,939,13922211,18271,3935,9,150,English,USA,R,16000000,2004,881,0.44,7000
Color,279,105,43,523,10000,53846915,149337,11943,0,221,English,USA,R,50100000,2015,806,0.66,23000
Color,128,97,52,579,14000,47124400,49676,17278,0,181,English,USA,PG,25000000,2005,2000,0.66,7000
Color,538,138,737,14000,34000,150117807,358416,83012,5,751,English,USA,R,40000000,2013,23000,0.73,63000
Color,75,94,84,95,110,105500000,31260,582,0,152,English,Canada,R,4000000,1981,95,0.62,7000
Color,64,127,73,433,11000,23209440,9283,12785,3,112,English,USA,R,30000000,1998,882,0.7,592
Color,219,94,11,459,1000,198332128,114553,2579,2,187,English,USA,PG,175000000,2009,973,0.65,7000
Black and White,64,94,394,565,922,12398628,21542,2880,2,88,English,USA,R,20000000,2002,855,0.61,977
Color,202,108,91,346,22000,13060843,149528,26050,0,454,English,USA,R,15000000,2002,3000,0.77,7000
Color,132,122,708,316,433,6754898,20000,1291,0,188,English,USA,R,12000000,2006,398,0.62,7000
Color,105,97,84,150,989,33105600,41663,1576,1,141,English,USA,PG-13,70000000,2002,229,0.54,531
Color,99,130,545,697,15000,114968774,153468,28018,1,204,English,USA,PG,18000000,1988,11000,0.73,7000
Color,114,113,212,568,2000,21009180,45815,4397,4,222,English,USA,PG-13,45000000,2004,845,0.61,1000
Color,77,102,596,785,877,1068392,3865,3497,0,53,English,Spain,PG-13,36000000,2011,794,0.59,2000
Color,164,102,91,769,939,25266129,54346,3592,5,358,English,USA,PG-13,35000000,2004,854,0.62,7000
Black and White,433,115,729,622,1000,17613460,91082,3798,0,274,English,USA,R,12000000,2013,844,0.78,28000
Color,171,156,91,1000,14000,75530832,97047,20761,5,452,English,USA,R,55000000,1999,2000,0.68,7000
Black and White,202,105,91,303,1000,12583510,60709,2444,0,922,English,USA,R,7000000,2003,340,0.6,7000
Color,552,127,91,341,774,124976634,440084,2121,0,755,English,USA,PG,120000000,2012,358,0.8,122000
Color,37,89,2,651,799,13903262,14656,4291,0,90,English,USA,PG-13,11000000,2001,711,0.63,7000
Color,180,99,91,52,400,11100000,92464,896,1,331,English,USA,PG-13,25000000,1986,223,0.73,19000
Color,46,96,91,902,49000,371081,7479,51441,2,86,English,USA,PG-13,6000000,2004,1000,0.7,857
Color,377,131,532,627,14000,65173160,202382,26679,0,751,English,USA,PG-13,209000000,2012,10000,0.59,44000
Color,216,86,70,318,440,54098051,102861,2420,0,571,English,Germany,R,25000000,2006,346,0.58,7000
Color,135,90,23,233,957,110332737,110788,1997,1,258,English,USA,PG-13,100000000,2005,550,0.61,2000
Color,270,97,387,64,6000,7574066,30325,6322,2,96,English,USA,R,10000000,2014,139,0.63,7000
Color,181,155,91,10000,18000,82522790,143835,42220,0,654,English,USA,R,40000000,1992,12000,0.75,14000
Color,413,106,53,593,13000,62453315,200035,14607,2,407,English,USA,PG-13,50200000,2011,963,0.71,36000
Color,99,95,91,323,13000,27067160,18404,14706,1,150,English,USA,R,50000000,1999,559,0.59,7000
Color,242,106,835,363,13000,7556708,30284,14544,1,102,English,USA,R,15000000,2012,826,0.66,10000
Color,51,94,14,635,1000,33357476,7392,4194,0,53,English,USA,PG,35000000,2001,1000,0.54,393
Color,211,102,25,473,1000,41797066,92789,4324,0,998,English,USA,R,40000000,2007,741,0.47,7000
Color,276,141,71,3000,21000,47105085,136973,30183,1,275,English,USA,R,50000000,2014,3000,0.74,47000
Color,127,101,7,440,1000,35000629,74622,2822,1,150,English,USA,R,25000000,2007,562,0.56,7000
Color,50,102,4,60,634,2000000,1275,1262,0,27,English,USA,PG,17000000,1981,537,0.64,7000
Color,16,84,11,249,489,6026908,536,2196,0,13,English,USA,R,2000000,1999,469,0.43,43
Black and White,339,102,436,6000,23000,13750556,111102,49433,3,239,English,USA,R,65000000,2014,13000,0.65,32000
Color,273,160,181,820,11000,3904982,136104,22516,0,415,English,USA,R,30000000,2007,10000,0.75,7000
Color,221,143,91,272,15000,233630478,394317,15838,1,1051,English,USA,PG-13,90000000,2000,410,0.77,23000
Color,1,111,91,247,1000,14616,314,2059,1,10,English,USA,R,12000000,2015,445,0.75,26000
Color,125,107,42,171,875,20113965,15231,1702,3,66,English,USA,PG,40000000,2012,596,0.65,7000
Color,75,104,87,691,1000,10696210,35018,3148,0,180,English,USA,PG-13,23500000,1993,826,0.39,716
Color,231,93,132,216,434,17536788,49240,1183,2,142,English,USA,PG-13,8000000,2013,265,0.71,12000
Color,211,93,35,436,851,216366733,119213,2444,0,154,English,USA,PG,145000000,2012,770,0.69,17000
Color,38,95,34,368,554,13555988,7242,2216,1,38,English,Germany,PG,22000000,2000,439,0.57,7000
Color,220,83,181,459,731,37053924,77935,1987,3,122,English,Germany,R,28000000,2011,579,0.61,7000
Color,147,95,425,560,973,22526144,53884,2737,1,203,English,USA,PG-13,30000000,2006,776,0.51,1000
Color,70,92,12,1000,35000,85884815,9418,38450,0,53,English,USA,PG,90000000,2015,1000,0.5,7000
Color,280,95,91,192,569,952620,40800,1797,0,332,English,USA,R,2000000,2007,529,0.57,7000
Color,448,136,252,1000,40000,241063875,370704,54083,4,484,English,USA,PG-13,250000000,2011,11000,0.67,58000
Color,295,157,179,10000,21000,289994397,385670,53413,1,1896,English,UK,PG-13,150000000,2005,11000,0.76,7000
Color,215,118,71,634,16000,37035845,136680,28045,2,149,English,USA,R,52000000,2011,10000,0.64,13000
Color,64,88,11000,233,854,14792779,24256,1653,0,91,English,USA,PG,16000000,1987,410,0.76,7000
Color,88,111,82,269,809,3895664,34383,1858,0,149,French,France,R,5300000,2002,447,0.73,7000
Color,160,103,906,748,1000,70117571,56741,6207,0,515,English,USA,PG,58000000,1998,906,0.64,1000
Color,125,93,11000,484,3000,37879996,81888,5390,2,254,English,USA,PG-13,48000000,2000,575,0.6,7000
Color,55,100,8,588,1000,23222861,11092,3742,4,44,English,USA,PG,26000000,2004,934,0.45,167
Color,101,94,91,14,563,15131330,25843,683,0,64,English,France,PG,86000000,2006,80,0.6,941
Color,258,117,258,896,2000,43290977,75201,7053,1,256,English,UK,R,80000000,2010,1000,0.66,7000
Color,271,110,152,27,22000,28747570,100571,22140,1,416,English,Canada,R,7000000,2005,68,0.74,7000
Color,67,125,55,2,991,1027749,8087,1003,4,33,English,Australia,R,40000000,2008,10,0.71,1000
Color,141,87,2,270,741,26876529,26624,1834,1,189,English,Japan,PG-13,27000000,2008,297,0.39,7000
Color,178,102,91,876,40000,55845943,130094,46186,1,471,English,USA,R,29000000,2003,4000,0.64,7000
Color,30,98,23,982,1000,7434726,14473,3671,2,81,English,USA,R,23000000,1991,1000,0.6,7000
Color,343,82,119,6,332,128505958,297014,505,1,1198,English,USA,R,18000000,2006,165,0.73,7000
Color,120,101,343,384,581,38122105,112669,2373,1,226,English,USA,R,27000000,1987,571,0.66,7000
Color,324,128,835,755,11000,31838002,136673,13189,1,281,English,USA,R,20000000,2008,896,0.76,10000
Color,288,130,776,358,898,4463292,34488,2452,3,136,English,UK,PG-13,30000000,2011,584,0.69,15000
Color,145,95,80,1000,3000,101736215,315549,8134,6,789,English,USA,R,11000000,1999,1000,0.7,7000
Color,131,80,54,543,1000,2360184,18035,3010,3,177,English,USA,PG-13,300000,2003,806,0.71,7000
Black and White,576,100,405,628,996,44667095,190030,4606,0,583,English,France,PG-13,15000000,2011,897,0.8,30000
Color,74,124,212,369,13000,84049211,96096,15229,1,172,English,USA,R,70000000,1993,730,0.64,7000
Color,418,107,133,9000,17000,101470202,310540,38751,6,669,English,USA,R,32000000,2013,11000,0.67,97000
Color,23,111,60,699,823,3333823,5612,5262,0,122,English,USA,PG-13,10000000,2012,759,0.55,7000
Color,233,122,301,457,1000,75072454,96569,2759,0,522,English,USA,PG-13,20000000,2005,539,0.67,7000
Color,116,120,91,452,26000,3650677,414976,28294,1,523,English,UK,R,960000,1998,1000,0.82,21000
Color,168,87,91,548,22000,8579684,89547,24324,0,199,English,USA,R,9000000,2007,557,0.74,7000
Color,42,100,3,442,14000,121972,9868,15612,3,81,English,USA,R,22000000,2002,506,0.55,217
Color,128,116,541,384,12000,30157016,39659,12993,2,189,English,USA,PG-13,70000000,2002,405,0.56,792
Color,101,92,16,734,3000,17596256,12399,6327,1,84,English,USA,PG,35000000,2010,1000,0.38,7000
Color,192,142,776,1000,13000,113330342,207613,19454,1,1144,English,USA,R,110000000,2000,2000,0.71,4000
Color,28,118,13,643,23000,44834712,13995,26907,1,62,English,USA,R,44000000,1996,2000,0.56,353
Color,53,170,23,2,7,7830611,18980,15,0,74,English,USA,PG-13,700000,1994,6,0.83,7000
Color,70,98,20,968,2000,54967359,52805,7039,0,209,English,USA,R,40000000,1997,2000,0.52,7000
Color,227,92,91,10000,11000,14998070,41170,32875,3,298,English,USA,R,35000000,2007,10000,0.62,7000
Color,488,158,91,11000,20000,148775460,243834,46204,1,845,English,USA,PG-13,61000000,2012,13000,0.76,144000
Color,454,153,777,1000,20000,60962878,383591,37321,2,620,English,USA,R,46000000,2013,15000,0.81,86000
Color,220,92,100,482,970,44540956,161448,3950,0,1473,English,USA,PG,400000,2004,759,0.69,7000
Color,118,118,41,585,18000,44737059,48322,24024,1,261,English,USA,PG-13,50000000,2000,4000,0.65,7000
Color,273,97,31,662,918,82163317,89101,4692,0,885,English,USA,R,30000000,2003,782,0.58,3000
Color,141,124,91,580,22000,71069884,101899,32871,0,445,English,USA,R,68000000,2001,10000,0.68,7000
Color,308,92,72,568,623,19059018,65709,3165,0,194,English,Australia,PG-13,65000000,2014,593,0.51,15000
Color,229,145,252,210,879,57010853,119286,2380,1,548,English,USA,PG-13,85000000,2005,691,0.73,7000
Color,486,153,16000,11000,13000,120523073,885175,36741,1,1527,English,USA,R,75000000,2009,11000,0.83,42000
Color,79,121,101,202,673,48068396,60573,2027,0,248,English,USA,PG-13,160000000,1997,368,0.37,894
Color,25,96,91,563,1000,35617599,20688,2965,1,47,English,USA,PG,45000000,1995,845,0.59,7000
Color,78,105,25,51,461,2126511,21912,615,0,45,Cantonese,Hong Kong,PG-13,36000000,2015,79,0.72,12000
Color,131,102,23,635,1000,79566871,31760,4516,2,140,English,USA,G,30000000,2009,1000,0.42,7000
Color,3,80,6,429,1000,2245,57,3852,0,2,English,USA,R,560000,2011,664,0.72,88
Color,230,111,91,727,796,13034417,55665,2633,1,118,English,USA,PG-13,15000000,2009,787,0.69,10000
Color,149,101,51,8,446,20772796,34232,497,1,346,English,New Zealand,PG-13,6000000,2002,20,0.76,7000
Color,146,107,110,722,23000,1190018,261317,25088,2,1137,English,USA,R,20000000,2002,876,0.75,20000
Color,16,107,8,39,106,700000,24438,215,1,78,French,France,R,50000000,1993,54,0.7,7000
Color,121,91,60,18,60,1506998,8014,141,4,50,English,USA,PG-13,12000000,2007,46,0.63,314
Color,120,127,36,399,562,12188642,21098,2230,7,56,English,Chile,PG-13,26000000,2015,499,0.69,7000
Color,447,127,91,319,678,225377,70382,1557,1,190,French,France,PG-13,8900000,2012,432,0.79,33000
Color,43,111,58,258,482,1066555,2618,1526,0,111,English,USA,R,11000000,2007,362,0.58,411
Color,179,108,189,1000,49000,250863268,234480,55486,2,444,English,USA,PG,110000000,2006,3000,0.64,3000
Color,31,106,81,687,2000,399793,2877,4343,0,70,English,USA,R,4000000,1999,811,0.54,111
Color,173,107,164,723,8000,90353764,85629,12556,2,144,English,USA,R,40000000,2015,2000,0.6,14000
Color,93,98,4,83,3000,14252830,18900,3769,0,242,English,Canada,PG-13,22000000,2001,486,0.53,7000
Color,85,118,12,67,201,5709616,11088,546,0,110,Spanish,Mexico,R,1800000,2002,163,0.68,544
Color,166,119,89,395,650,35228696,63677,1651,0,460,English,USA,PG-13,32000000,2002,537,0.65,7000
Color,107,105,65,108,628,16991902,34592,1265,0,191,English,USA,R,57000000,2001,316,0.62,7000
Color,103,99,42,557,975,52691009,18727,3567,2,45,English,USA,PG,21000000,2011,569,0.66,7000
Color,5,97,91,40,374,100358,1167,602,2,24,English,India,R,1500000,2005,145,0.33,66
Color,356,96,91,509,10000,17114882,189249,17211,1,398,English,USA,R,25000000,2007,6000,0.77,7000
Color,262,150,608,43,149,3958500,17933,390,0,165,English,UK,R,8200000,2014,44,0.68,7000
Color,135,85,42,586,20000,64459316,85086,35161,0,122,English,UK,PG,149000000,2006,14000,0.67,7000
Color,226,147,670,16,177,2208939,190490,253,0,482,English,Germany,R,50000000,2006,27,0.75,26000
Color,279,121,295,329,12000,79948113,186879,13421,0,791,English,USA,PG-13,50000000,2009,748,0.62,7000
Color,4,100,26,385,898,163591,912,2895,5,17,English,South Korea,PG-13,13400000,2010,391,0.36,502
Color,8,96,14,6,361,11798,179,387,2,18,English,USA,R,100000,2003,14,0.47,39
Color,286,120,776,535,890,102315545,58137,3233,0,520,English,USA,PG-13,165000000,2016,812,0.55,67000
Color,43,96,91,111,385,9449219,13949,995,2,98,English,USA,R,3500000,1996,356,0.61,453
Color,302,169,563,1000,40000,309404152,471220,48350,0,1238,English,USA,PG-13,300000000,2007,5000,0.71,7000
Color,106,98,541,71,214,1569918,16234,409,1,113,English,Ireland,R,17000000,2003,96,0.69,7000
Color,327,85,91,88,282,16097842,53919,687,0,168,English,USA,R,900000,2013,270,0.75,17000
Color,68,102,3,239,372,11227940,8367,1274,0,94,English,USA,R,34000000,1999,248,0.52,120
Color,144,107,422,379,631,80270227,66382,2297,5,612,English,USA,PG-13,50000000,2005,534,0.51,7000
Color,98,90,176,523,677,72601713,21396,2055,1,155,English,Germany,PG,51000000,2006,560,0.56,605
Color,135,110,53,87,480,2775593,61269,858,4,98,English,UK,R,27000000,2008,261,0.65,7000
Color,93,104,109,202,405,7739049,10680,847,2,112,English,Canada,R,18000000,2004,204,0.71,562
Color,246,90,50,397,4000,149234747,114287,5046,0,137,English,USA,PG,130000000,2011,442,0.67,16000
Color,98,105,346,141,280,1647780,65951,821,1,258,Danish,Denmark,R,1300000,1998,278,0.81,5000
Color,60,104,54,919,6000,4064333,24790,9662,0,173,English,USA,R,25000000,1995,923,0.52,7000
Black and White,65,146,278,494,18000,50668906,76016,20516,0,265,English,USA,R,38000000,1999,584,0.76,7000
Black and White,191,184,91,691,3000,198539855,254111,5401,0,1999,English,USA,PG-13,140000000,2001,961,0.61,7000
Color,89,117,91,322,855,72455275,113068,2144,1,382,English,USA,R,40000000,1992,363,0.78,7000
Color,240,96,107,350,11000,143618384,165333,12071,0,186,English,USA,G,90000000,2011,560,0.7,19000
Black and White,489,108,232,123,149,25440971,289508,430,0,611,English,UK,R,15000000,2015,145,0.77,109000
Color,142,124,212,576,13000,117541000,269858,16595,0,316,English,USA,R,70000000,1990,982,0.71,7000
Color,256,91,266,11000,12000,148313048,164148,37142,2,168,English,USA,PG,85000000,2012,11000,0.71,28000
Color,190,110,37,268,10000,10324441,27117,11431,1,140,English,USA,R,25000000,2011,826,0.58,7000
Color,365,84,3,446,10000,379122,10143,12496,0,54,English,UK,R,450000,2005,651,0.71,7000
Color,118,134,91,92,541,183662,18395,890,6,48,French,France,R,25000000,2010,173,0.71,7000
Color,102,130,81,427,10000,69102910,58402,12186,0,370,English,USA,PG-13,80000000,1998,882,0.51,7000
Color,466,127,140,10000,19000,24104113,149066,46241,1,517,English,France,R,20000000,2011,14000,0.71,24000
Color,308,101,42,219,991,39103378,93272,2609,0,251,English,USA,R,20000000,2010,894,0.65,7000
Color,202,110,118,1000,13000,22494487,262153,26451,3,507,English,Germany,R,27000000,2006,11000,0.78,10000
Color,62,86,5,532,584,23978402,10966,3850,1,100,English,USA,PG-13,11000000,2001,580,0.46,365
Color,192,92,406,968,24000,10814185,37530,41867,6,106,English,USA,R,8000000,2009,15000,0.62,7000
Color,399,88,115,304,1000,1024175,82331,2011,6,297,English,UK,R,13000000,2011,305,0.66,18000
Color,100,84,91,158,634,173066,21379,1238,1,88,English,USA,R,1500000,2007,328,0.63,7000
Color,183,106,87,918,8000,68558662,86627,10882,0,204,English,USA,PG,90000000,2013,956,0.59,28000
Color,112,110,85,186,1000,5900000,98629,1852,1,316,English,UK,R,16000000,1986,309,0.72,7000
Color,383,102,480,461,14000,254455986,375879,16143,0,402,English,USA,R,80000000,2011,670,0.65,56000
Color,25,98,38,360,1000,11797927,4582,3221,0,52,English,USA,R,6000000,1995,475,0.61,985
Color,308,135,91,310,873,43982842,125109,2370,1,593,English,USA,PG-13,65000000,2009,560,0.67,16000
Color,26,97,3,204,679,883887,1201,1426,3,14,English,USA,PG,9000000,2009,537,0.62,7000
Color,42,89,12,373,1000,22359293,16222,2056,0,39,English,UK,PG,29000000,1997,409,0.58,7000
Color,43,111,2000,51,15000,69800000,54723,15361,2,99,English,USA,PG,8000000,1984,161,0.62,7000
Color,107,100,87,446,3000,73023275,16271,5174,4,57,English,USA,PG,35000000,2009,576,0.54,1000
Color,63,104,835,535,18000,6401336,36996,19923,2,153,English,USA,R,2500000,1991,595,0.71,7000
Color,23,94,4,10,360,1977544,3513,656,0,36,English,USA,R,250000,1995,273,0.65,423
Color,263,119,124,1000,14000,129995817,154621,22622,0,258,English,USA,PG-13,110000000,2015,5000,0.63,27000
Color,212,98,91,23,20000,33987757,168314,28027,2,903,English,USA,R,27000000,2004,8000,0.73,12000
Color,9,91,38,117,584,2850263,5061,1218,0,70,English,USA,PG,2600000,1993,399,0.62,7000
Color,177,140,3000,322,963,4157491,79330,2894,0,690,English,Denmark,R,12800000,2000,595,0.8,7000
Color,112,93,221,781,12000,163479795,161858,26760,0,289,English,USA,PG-13,34200000,1999,11000,0.64,7000
Color,34,92,11,1000,26000,12667,19336,39518,2,90,English,UK,R,14000,2005,11000,0.66,7000
Color,28,80,91,5,191,99851,1138,210,0,30,English,USA,R,2500000,2010,12,0.71,7000
Color,98,104,144,290,939,20668843,16831,2453,3,54,English,USA,PG-13,22000000,2008,875,0.58,687
Color,106,87,79,218,608,64267897,67992,1770,0,327,English,USA,R,5000000,2002,362,0.66,7000
Color,22,121,91,182,413,14545844,4756,1284,4,38,English,USA,R,6500000,1988,282,0.58,624
Color,31,91,9,9,53,287761,2482,86,1,16,English,New Zealand,PG,1000000,2013,24,0.76,7000
Color,80,97,119,7,136,2856622,11550,254,0,197,English,Canada,R,25000,1997,108,0.73,489
Color,556,120,21000,81,10000,96917897,479453,10555,0,696,English,USA,PG-13,40000000,2010,349,0.77,74000
Color,310,118,43,7000,33000,84244877,375456,57426,7,292,English,USA,PG-13,50000000,2011,15000,0.74,44000
Color,129,74,11,62,340,60507228,27543,814,0,186,English,USA,G,80000000,1999,243,0.73,607
Color,166,83,12,925,13000,155019340,127345,22813,1,250,English,USA,PG,80000000,2006,7000,0.68,7000
Color,491,134,521,186,15000,107100855,323353,16281,0,527,English,USA,PG-13,55000000,2013,535,0.79,65000
Color,143,110,675,968,16000,6525762,44339,19928,2,425,English,USA,R,4000000,2002,977,0.67,7000
Color,60,91,84,572,1000,5480318,9427,2691,0,79,English,USA,R,5000000,1998,778,0.66,462
Color,24,69,383,191,912,48092846,61753,1833,0,133,English,USA,G,12500000,1988,320,0.73,5000
Color,65,100,3,55,79,129115,5900,285,2,26,Cantonese,China,R,25000000,2014,68,0.65,7000
Color,32,88,84,177,650,9109322,25371,1343,3,129,English,Germany,PG,20000000,2004,384,0.19,7000
Color,59,90,176,460,531,108360000,160321,2203,0,178,English,USA,PG-13,30000000,1995,461,0.63,7000
Color,84,100,36,439,2000,66941559,26413,4182,1,77,English,USA,G,85000000,2000,795,0.48,372
Color,190,123,488,2000,5000,26838389,58658,12700,0,495,English,USA,PG-13,57000000,2005,4000,0.64,7000
Color,70,91,48,39,61,18438149,30842,222,8,93,English,USA,PG-13,40000000,2012,46,0.59,7000
Color,111,105,13000,658,40000,56362352,357581,42330,0,588,English,USA,PG-13,20000000,1990,967,0.79,16000
Color,50,98,9,405,11000,101228,7228,20009,4,53,English,USA,R,3500000,2005,8000,0.64,414
Color,90,75,221,553,11000,57651794,40651,13125,2,209,English,USA,PG-13,33000000,2006,970,0.56,7000
Color,111,115,11,642,1000,48472213,51252,4305,2,156,English,USA,PG-13,45000000,2005,759,0.5,621
Color,31,109,148,426,2000,14821531,6915,3843,2,209,English,USA,R,6000000,1997,434,0.73,599
Color,187,106,357,4000,23000,144512310,272223,45327,2,988,English,USA,PG-13,38000000,2001,14000,0.67,14000
Color,302,122,2000,1000,2000,18593156,88682,6161,1,241,English,USA,R,35000000,2008,1000,0.77,7000
Color,125,108,91,690,1000,118500000,340085,3660,0,327,English,USA,PG,40000000,1989,869,0.78,12000
Color,488,122,1000,883,2000,74273505,612060,4738,0,1518,English,USA,R,25000000,2007,939,0.81,21000
Color,172,108,79,537,775,24984868,50056,3033,2,152,English,USA,R,15000000,2014,614,0.63,7000
Color,111,109,7,827,2000,22927390,25344,4947,0,77,English,USA,PG-13,18000000,2009,980,0.56,7000
Color,222,105,226,966,22000,63910583,106755,35694,2,173,English,USA,PG-13,28000000,2013,11000,0.66,27000
Color,137,130,258,345,394,106635996,199025,1784,2,416,English,UK,PG-13,58000000,1995,387,0.72,7000
Color,124,90,63,631,49000,217350219,260939,52970,0,244,English,USA,G,28000000,1992,2000,0.8,7000
Color,256,97,52,161,20000,103400692,123553,20645,0,174,English,USA,PG,145000000,2012,315,0.73,25000
Color,232,100,91,407,21000,5480996,89383,39507,0,293,English,USA,R,8700000,2006,18000,0.71,7000
Color,141,106,116,708,22000,279167575,211296,24938,6,428,English,USA,PG-13,80000000,2004,713,0.63,7000
Color,32,119,5,249,521,7000000,2933,1883,0,70,English,UK,PG,36000000,1980,372,0.47,328
Color,43,136,16000,216,16000,46700000,19832,16805,1,98,English,USA,PG,21000000,1982,281,0.59,7000
Color,202,130,208,591,12000,202007640,248045,15972,5,890,English,USA,PG-13,98000000,2001,3000,0.63,7000
Color,88,109,11,159,471,16459004,13320,1069,1,415,English,Canada,R,15000000,1999,308,0.49,327
Color,372,109,91,18,16000,35286428,361767,16479,0,1206,English,USA,R,76000000,2006,430,0.79,17000
Color,56,104,61,451,974,1346503,3024,2430,0,22,English,China,PG-13,6000000,2011,595,0.61,7000
Color,78,92,8,129,472,18843314,27486,1045,1,284,English,USA,PG-13,20000000,2006,239,0.47,7000
Color,144,177,91,202,913,27400000,97087,2449,3,569,English,USA,PG-13,40000000,1984,362,0.66,11000
Color,174,96,126,954,18000,88915214,163665,22436,2,169,English,USA,R,38000000,2009,957,0.65,9000
Color,45,106,38,975,1000,6420319,15978,5705,0,122,English,Mexico,PG-13,20000000,2015,1000,0.74,15000
Color,233,88,20,916,22000,161317423,145321,25354,0,139,English,USA,PG,95000000,2012,1000,0.66,14000
Color,159,92,91,539,1000,2926565,28573,3608,0,72,English,USA,R,3000000,2008,585,0.65,7000
Color,146,118,369,295,1000,2849142,24104,1889,1,88,English,USA,R,16000000,2007,418,0.72,7000
Color,116,101,21,161,420,864959,20275,1215,0,151,English,UK,PG,4000000,2005,291,0.69,7000
Color,78,94,383,753,4000,58297830,86347,6017,1,191,English,USA,G,50000000,1997,808,0.71,7000
Color,242,129,91,655,2000,25517500,40941,4264,1,320,English,USA,PG-13,25100000,2008,826,0.64,7000
Color,87,90,91,767,1000,1752214,60460,4377,0,104,English,USA,PG,14000000,2010,872,0.77,14000
Color,9,102,329,280,611,4239767,3709,1834,3,83,English,Canada,R,7500000,2002,329,0.6,7000
Color,211,141,56,38,113,8324748,21223,301,1,108,English,UK,PG-13,35000000,2013,98,0.71,13000
Color,76,98,48,722,21000,61112916,14888,24664,0,83,English,USA,PG,50000000,2006,936,0.44,747
Color,765,165,16000,265,29000,162804648,955174,40978,1,1193,English,USA,R,100000000,2012,11000,0.85,199000
Color,46,107,91,685,1000,63231524,8962,5264,4,137,English,USA,PG-13,6000000,2006,907,0.5,676
Color,57,125,91,711,49000,219200000,181380,52201,5,223,English,USA,PG-13,25000000,1993,1000,0.69,7000
Color,22,271,33,251,854,10769960,21940,2107,0,256,English,USA,PG,25000000,1993,702,0.77,7000
Color,415,98,11000,218,594,33404871,150082,1353,1,384,English,USA,PG-13,18000000,2013,268,0.73,36000
Color,12,128,545,353,783,24332324,13830,3126,1,61,English,USA,PG-13,40000000,1994,754,0.61,680
Color,118,106,23,418,1000,57887882,35508,2325,2,211,English,USA,PG-13,50000000,2004,593,0.61,7000
Color,337,95,20,365,422,5997134,36381,1899,3,126,English,USA,R,1000000,2012,374,0.72,11000
Color,287,115,549,911,3000,54557348,361169,5732,0,1624,English,Germany,R,6500000,2004,912,0.79,18000
Black and White,1,167,10,97,353,610991,2715,773,3,19,Hindi,India,R,1000000,2000,186,0.62,92
Color,247,101,189,7000,15000,98711404,127571,39822,2,207,English,USA,PG-13,55000000,2010,11000,0.63,7000
Color,176,118,87,929,2000,85911262,24735,4796,6,213,English,USA,PG,65000000,2014,1000,0.52,16000
Color,140,109,80,213,545,106807667,137377,1574,1,370,English,USA,PG-13,45000000,2000,337,0.62,7000
Color,6,118,91,249,373,3347439,833,1233,1,33,English,USA,PG,7500000,2004,266,0.69,31
Color,160,99,309,577,23000,70327868,58416,26527,0,301,English,Germany,R,46000000,2000,1000,0.59,7000
Color,118,119,91,39,29000,39778599,176169,29461,0,548,English,USA,R,50000000,2000,414,0.66,7000
Black and White,63,107,91,159,29000,18636537,69197,29743,0,216,English,Japan,R,32000000,1995,165,0.64,7000
Black and White,44,133,277,8000,25000,11030963,24145,48482,2,93,English,UK,R,28000000,1996,14000,0.71,7000
Color,51,88,6,854,2000,8460990,5116,6946,1,54,English,USA,PG,70000000,2013,1000,0.56,5000
Color,203,92,180,75,211,23324666,97775,488,1,211,English,France,R,52000000,2010,135,0.65,7000
Color,78,95,89,388,963,37606,31836,2658,0,90,English,Canada,R,3500000,2009,654,0.68,7000
Color,301,97,91,106,227,1768416,35848,684,0,198,English,USA,R,7000000,2010,218,0.63,7000
Color,42,143,65,320,975,82528097,30230,2223,1,154,English,USA,PG,6500000,1995,345,0.73,7000
Color,25,98,71,658,22000,295468,709,24382,1,34,English,USA,R,500000,2001,1000,0.6,139
Color,149,114,91,115,548,6592103,28584,1005,1,232,English,France,R,35000000,2002,298,0.63,675
Color,107,104,91,327,964,27053815,12856,2888,0,291,English,Germany,PG-13,40000000,2001,931,0.47,299
Color,362,114,91,423,3000,58229120,236421,5095,1,515,English,USA,PG,90000000,2013,806,0.73,70000
Color,50,84,378,611,925,2892582,22697,3559,0,202,English,USA,R,4000000,1996,729,0.76,7000
Color,132,101,126,586,3000,82931301,43358,6292,0,228,English,Germany,PG-13,60000000,2005,949,0.55,7000
Color,32,120,92,862,1000,34074895,6525,5420,6,79,English,USA,R,9000000,1999,886,0.67,7000
Color,252,89,14,215,902,3325638,52509,1980,3,84,English,USA,PG-13,2500000,2012,291,0.71,13000
Color,252,94,91,658,1000,17544812,69989,4707,0,384,English,USA,R,10000000,2007,683,0.54,7000
Color,44,159,50,72,218,6498000,62756,554,1,410,Telugu,India,R,18026148,2015,133,0.84,21000
Color,396,144,91,1000,34000,154985087,148379,49684,6,622,English,USA,PG-13,178000000,2016,13000,0.73,54000
Color,371,131,176,460,722,169076745,218711,3229,6,485,English,USA,R,32500000,2011,655,0.68,27000
Color,161,91,287,725,1000,17986000,22773,4438,0,195,English,USA,R,1000000,1981,823,0.66,7000
Color,129,98,36,900,13000,57262492,90374,17582,4,318,English,USA,R,24000000,2000,2000,0.67,7000
Color,146,99,167,460,655,134141530,75903,2394,1,109,English,USA,PG-13,25000000,2014,521,0.62,7000
Color,242,129,91,625,12000,70236496,67395,14421,0,564,English,USA,PG-13,63000000,2006,1000,0.6,7000
Color,34,115,88,890,1000,43490057,5275,4737,6,30,English,USA,R,7500000,1997,1000,0.69,508
Color,313,105,91,288,539,50549107,99035,1411,3,289,English,USA,PG-13,60000000,2014,394,0.62,17000
Color,89,132,545,807,919,29781453,22447,4796,1,210,English,USA,PG-13,48000000,2001,811,0.64,7000
Color,29,95,4,152,641,7888703,8465,1389,1,65,English,USA,PG,3000000,1987,168,0.32,491
Color,232,131,89,372,2000,28644770,78974,3479,2,141,English,USA,R,30000000,2012,401,0.62,11000
Color,70,108,6,43,54,2047570,6790,194,3,80,English,USA,R,500000,1999,44,0.76,491
Color,26,85,7,615,723,32983713,19284,3712,0,66,English,USA,R,20000000,2002,706,0.58,981
Color,77,102,32,75,483,11546543,34520,768,1,146,Cantonese,Hong Kong,R,2000000,1994,147,0.76,7000
Color,222,119,319,179,2000,4440055,21360,3279,0,110,English,UK,PG,8500000,2009,552,0.7,7000
Color,65,82,217,442,10000,30084,5507,11642,3,23,English,USA,R,70000,2014,969,0.56,812
Color,72,96,30,407,761,7292175,7736,2018,3,100,English,USA,R,7000000,1999,412,0.64,7000
Color,635,141,91,19000,26000,458991599,462669,92000,4,1117,English,USA,PG-13,250000000,2015,21000,0.75,118000
Color,165,108,91,844,16000,25753840,219091,23296,2,592,English,USA,R,19000000,1996,4000,0.73,12000
Color,733,143,91,748,15000,291021565,548573,20495,0,2536,English,USA,PG-13,225000000,2013,3000,0.72,118000
Color,54,106,22,613,2000,13376506,10413,4327,1,111,English,USA,PG-13,40000000,1999,642,0.63,579
Color,10,113,29,449,890,2859955,2417,2681,2,32,English,USA,PG-13,1200000,2013,848,0.6,7000
Color,224,117,91,845,12000,81645152,158267,15371,1,559,English,USA,R,54000000,2002,919,0.67,7000
Color,130,90,293,808,16000,638476,13223,32405,1,45,English,USA,PG-13,1500000,2011,14000,0.66,7000
Color,251,141,16000,78,378,13753931,132149,751,0,316,Japanese,USA,R,19000000,2006,85,0.79,5000
Color,325,94,655,390,9000,16300302,64682,10575,1,203,English,USA,R,12000000,2011,786,0.63,7000
Color,60,91,38,377,625,8108247,9607,2747,0,174,English,USA,PG-13,3300000,2006,464,0.74,7000
Color,47,107,956,113,10000,4741987,6782,10368,1,114,English,USA,R,14000000,1999,233,0.66,860
Color,71,92,23,162,460,25590119,19699,1315,0,119,English,Australia,PG,21150000,2001,442,0.48,387
Color,291,100,308,913,10000,37652565,91151,15369,2,283,English,USA,PG-13,42000000,2011,2000,0.54,20000
Color,129,104,42,613,839,82389560,106820,3627,1,147,English,USA,R,17000000,2014,756,0.65,14000
Color,75,95,32,563,826,82301521,22679,3558,2,149,English,USA,PG,32000000,2005,642,0.46,773
Color,127,90,48,196,973,11802056,31640,1865,1,109,English,USA,PG,60000000,2008,400,0.49,791
Color,251,113,129,1000,16000,70083519,149019,24106,2,666,English,USA,PG-13,180000000,2007,6000,0.61,7000
Color,40,212,759,812,2000,25052000,35314,5708,0,145,English,USA,PG-13,63000000,1994,925,0.66,7000
Black and White,310,100,253,57,309,75280058,143121,647,1,279,English,USA,PG,60000000,2009,229,0.77,10000
Color,92,95,596,697,1000,16017403,17333,3300,2,153,English,USA,R,5000000,2001,835,0.62,7000
Color,118,120,155,249,23000,81593527,48806,24300,1,263,English,USA,PG,40000000,2006,984,0.73,11000
Color,343,128,2000,501,854,15523168,132423,2507,2,349,English,France,PG-13,45000000,2010,766,0.72,15000
Color,411,110,301,412,1000,48056940,155153,2239,0,524,English,USA,R,3000000,2012,419,0.68,58000
Color,89,87,47,217,19000,85416609,58906,20097,0,186,English,USA,PG,30000000,2004,542,0.7,7000
Color,94,109,15,350,3000,23179303,32951,4257,3,44,English,Hungary,PG,20000000,2011,775,0.58,6000
Color,75,118,176,308,18000,66488090,120202,29748,2,397,English,USA,R,48000000,1999,11000,0.67,7000
Color,52,89,18,2000,7000,8070311,12706,13626,9,75,English,USA,PG,10000000,2004,2000,0.53,7000
Color,98,108,4,96,687,22108977,29861,1134,1,132,English,Hong Kong,PG-13,41000000,2003,312,0.52,505
Color,178,95,49,57,413,3478,22212,721,0,142,English,Canada,R,1500000,2008,98,0.67,7000
Color,111,88,82,329,869,14174654,74945,2857,0,359,English,USA,PG-13,25000000,2008,624,0.19,7000
Color,165,111,105,64,527,6109075,32003,735,1,65,French,France,PG-13,19430000,2009,86,0.67,7000
Color,460,117,91,447,18000,210592590,607235,32360,0,2073,English,USA,R,65000000,2006,13000,0.77,13000
Color,88,113,91,949,995,18882880,20539,4039,3,125,English,USA,R,20000000,2007,975,0.59,681
Color,117,108,60,168,18000,1039869,14757,18739,5,51,English,Canada,R,15000000,2010,322,0.62,7000
Color,66,93,13,173,15000,652526,20201,15638,3,187,English,Germany,PG,40000000,2006,460,0.51,823
Color,258,102,20,54,107,18600911,125198,362,6,153,English,USA,PG-13,42000000,2012,81,0.66,11000
Color,469,99,91,520,3000,1702277,84620,5074,4,235,English,UK,R,12000000,2013,1000,0.68,27000
Color,204,144,91,681,769,52822418,47764,3580,0,219,English,USA,R,50000000,2016,726,0.74,44000
Color,85,118,97,437,775,26761283,43084,3197,0,99,English,USA,PG-13,26000000,2014,523,0.67,19000
Color,133,103,30,727,963,29580087,29523,3150,2,121,English,USA,PG-13,58000000,2009,935,0.47,7000
Color,29,124,8,232,508,37672350,5427,1660,1,51,English,USA,R,20000000,1998,270,0.55,7000
Color,233,126,218,322,11000,186336103,348861,22722,2,798,English,USA,PG-13,120000000,2005,11000,0.65,7000
Color,122,136,91,904,12000,134006721,259492,15999,1,415,English,USA,R,75000000,1996,2000,0.74,51000
Color,10,95,91,309,685,2468,241,2048,3,5,English,USA,R,300000,2014,665,0.48,261
Color,274,100,35,306,10000,28637507,212167,11471,1,713,English,UK,R,15000000,2007,1000,0.7,7000
Black and White,209,127,1000,653,1000,57386369,224013,2601,1,2319,English,USA,PG-13,52500000,2001,691,0.76,10000
Color,146,102,65,490,1000,32853640,50199,3239,1,101,English,USA,PG-13,40000000,2008,613,0.57,702
Color,8,118,8,11,106,146072,7147,182,0,16,French,France,R,140000000,1998,56,0.6,136
Color,121,117,18000,543,18000,21078145,26493,20456,0,159,English,USA,PG-13,12500000,2002,638,0.73,7000
Color,94,119,213,249,886,156645693,55101,1639,0,201,English,USA,R,14000000,1987,276,0.69,3000
Color,77,98,3,327,349,1943649,8697,2095,3,122,English,USA,PG-13,1700000,1999,347,0.63,374
Color,308,107,91,167,11000,3675072,190132,11623,0,801,English,UK,R,26000000,2007,372,0.73,15000
Color,40,97,10,5,102,144431,1290,118,0,13,English,UK,PG-13,1000000,2006,7,0.73,587
Color,28,132,44,241,1000,1508689,5648,2004,2,50,English,USA,R,16000000,1997,653,0.67,329
Color,223,127,883,441,11000,290158751,837759,12643,0,900,English,USA,PG,18000000,1980,504,0.88,17000
Color,228,113,150,59,531,104383624,106446,764,4,227,English,USA,PG,155000000,2010,82,0.63,11000
Color,359,140,91,4000,20000,380262555,520104,44042,4,3286,English,USA,PG-13,113000000,2005,16000,0.76,10000
Color,153,141,488,509,10000,100614858,206776,11458,1,1248,English,USA,R,68000000,2001,834,0.69,7000
Color,588,119,91,529,15000,42335698,395087,21668,8,1101,English,USA,R,18000000,2014,6000,0.78,114000
Color,63,102,91,413,13000,38747385,49349,15308,2,165,English,USA,PG-13,25000000,1986,854,0.69,7000
Color,47,85,2,402,1000,15911333,2855,2429,1,119,English,UK,G,19000000,2000,539,0.36,663
Color,163,92,100,327,678,80197993,65551,1729,1,441,English,Germany,PG,32000000,2006,635,0.57,7000
Color,71,103,44,625,953,20246959,5721,3299,2,20,English,USA,PG-13,14000000,2010,849,0.49,1000
Color,51,94,112,428,1000,1744858,6084,3085,1,120,English,USA,R,1000000,2000,826,0.7,671
Color,2,115,32,29,14000,31662,90,14133,1,1,English,South Korea,R,12620000,2016,81,0.68,139
Color,45,97,84,782,899,27141959,19547,2936,2,168,English,USA,PG,18000000,1999,842,0.25,7000
Black and White,283,80,611,576,5000,84961,149414,6229,4,841,Mandarin,China,PG-13,31000000,2002,643,0.79,7000
Color,167,109,93,521,31000,1357042,53977,35561,1,125,English,Belgium,R,15000000,2011,3000,0.71,14000
Color,271,86,365,522,934,4007792,101287,2714,0,260,English,USA,R,750000,2012,830,0.7,31000
Color,19,93,91,78,625,10305534,1721,987,2,38,English,USA,R,3500000,1998,118,0.39,280
Color,14,112,9,125,860,173783,578,1252,0,34,English,USA,R,2500000,2008,130,0.76,588
Color,139,101,221,11000,12000,133668525,107817,39269,4,255,English,USA,PG-13,80000000,2013,11000,0.54,14000
Color,168,118,40,617,2000,44983704,81866,4045,0,510,English,USA,PG-13,31000000,2000,702,0.73,7000
Color,373,146,150,2000,15000,169705587,318955,23227,2,460,English,USA,PG-13,25000000,2011,3000,0.81,75000
Color,61,112,83,8,2000,3058380,4767,2389,1,69,French,France,R,100000000,2000,370,0.73,186
Color,114,89,91,62,227,92823600,149108,485,0,273,English,USA,R,16000000,1989,73,0.76,7000
Color,157,129,21000,283,495,48265581,261069,1397,1,506,English,USA,R,50000000,1997,294,0.78,25000
Color,14,98,102,360,563,105943,1351,2628,0,11,English,USA,R,1500000,2015,485,0.61,212
Color,140,116,80,651,11000,105807520,156717,14087,2,357,English,USA,PG-13,50000000,2003,1000,0.64,7000
Color,51,90,21,27,53,155972,4702,137,0,23,Hebrew,Israel,R,1500000,2006,30,0.73,7000
Color,50,122,589,150,848,33451479,17068,1164,0,215,English,USA,PG,500000,2008,153,0.65,7000
Color,575,131,91,919,16000,101785482,381148,19166,0,1106,English,USA,PG-13,190000000,2013,968,0.7,83000
Color,3,78,6,17,32,243768,143,72,0,9,English,USA,R,30000,2007,17,0.41,13
Color,8,88,53,176,563,721,783,1284,2,12,English,Germany,R,1000000,2006,288,0.41,42
Color,81,101,13,499,651,15408822,14147,2698,3,92,English,USA,PG-13,20000000,2003,555,0.56,401
Color,376,107,419,165,971,12026670,114241,1643,2,258,English,USA,R,45000000,2013,236,0.64,24000
Color,59,92,406,194,406,582024,30396,904,0,168,English,USA,NC-17,1000000,1997,203,0.62,7000
Color,76,121,16000,826,16000,50007168,39529,19139,0,142,English,USA,R,50000000,1997,1000,0.67,1000
Color,85,103,27,534,1000,28435406,37681,4441,2,151,English,USA,PG-13,12000000,2006,809,0.55,7000
Color,284,100,77,27,286,1196752,79353,385,3,121,Norwegian,Norway,R,30300000,2011,52,0.76,23000
Color,45,97,4,826,1000,31179516,5928,5006,5,49,English,USA,PG-13,12000000,2004,1000,0.43,243
Color,447,117,905,385,553,48043505,435864,2357,1,801,English,UK,R,30000000,2010,488,0.77,36000
Color,228,103,212,248,15000,40687294,107772,16249,1,398,English,Canada,PG-13,35000000,2008,552,0.54,7000
Color,153,112,395,80,13000,31252964,71495,13707,1,522,English,USA,R,4000000,2001,595,0.71,7000
Color,136,97,31,562,2000,6923891,43867,5519,4,83,English,USA,R,23000000,2011,2000,0.63,7000
Color,267,77,13000,973,40000,53337608,188785,60683,1,467,English,USA,PG,40000000,2005,16000,0.74,7000
Color,22,86,15,429,2,111300,575,2,0,6,English,USA,R,225000,2012,664,0.75,801
Color,96,84,119,918,989,17411331,17328,4660,3,237,English,Australia,R,15000000,1998,982,0.55,673
Color,167,153,91,537,13000,201573391,322395,26029,0,1171,English,USA,PG-13,140000000,1998,12000,0.66,11000
Color,21,96,15,357,433,5005,2280,1929,2,14,English,USA,R,3000000,2009,396,0.59,448
Color,180,115,64,664,2000,143151473,116681,4811,0,320,English,USA,PG,60000000,2008,899,0.71,11000
Color,163,91,77,208,1000,128200012,103022,1804,1,269,English,USA,PG,75000000,2005,311,0.63,7000
Color,7,41,91,429,55,4074023,296,55,0,4,English,UK,R,5000000,2010,664,0.69,89
Color,69,101,11000,2,1000,9714482,30083,1614,0,140,English,USA,R,20000000,1996,612,0.68,7000
Color,118,106,43,460,1000,7486906,17436,2495,0,71,English,USA,PG,27000000,2007,506,0.68,7000
Color,189,80,129,26,375,856942,12241,460,1,112,English,USA,R,200000,2008,44,0.71,7000
Color,283,129,335,64,15000,31836745,81298,15595,1,341,English,USA,PG-13,40000000,2011,467,0.69,39000
Color,152,113,323,835,1000,69304264,73068,4660,0,419,English,USA,R,48000000,1999,977,0.68,7000
Color,70,110,16,692,2000,97360069,36491,5320,0,231,English,USA,PG,75000000,1999,710,0.41,509
Color,246,125,189,839,1000,44665963,159931,5081,2,281,English,USA,PG-13,58000000,2013,847,0.63,22000
Color,47,99,8,78,798,104257,19194,1430,2,160,English,UK,R,2200000,1999,472,0.71,7000
Color,180,119,719,423,833,73209340,101834,2356,0,628,English,USA,R,95000000,2000,624,0.57,7000
Color,158,104,681,159,584,62494975,179500,1235,5,378,English,USA,PG-13,85000000,2006,227,0.6,7000
Color,135,108,99,172,672,40048332,61417,1460,1,339,English,USA,R,85000000,2002,174,0.55,941
Color,285,126,729,284,912,71502303,149966,2170,0,835,English,USA,R,12000000,2004,306,0.75,7000
Color,53,115,91,360,1000,38168022,4687,1964,0,83,English,USA,R,3000000,2000,436,0.66,290
Color,178,117,763,523,16000,12276810,57674,17847,0,126,English,USA,PG-13,26000000,2015,543,0.65,11000
Color,134,88,104,318,628,83400000,160281,2726,0,427,English,USA,PG,3500000,1980,575,0.78,16000
Color,109,92,13000,217,925,73326666,189413,1953,3,306,English,USA,PG,15000000,1988,692,0.75,15000
Color,45,83,119,633,885,7001720,8560,2907,2,205,English,USA,PG-13,12000000,2008,816,0.43,797
Color,122,94,187,427,1000,1247453,11202,3690,0,123,English,UK,R,2800000,2005,887,0.68,750
Color,81,126,80,225,668,90800000,126907,2004,0,235,English,USA,PG,8000000,1984,641,0.72,7000
Color,152,121,529,163,541,71309760,150308,1323,1,498,English,UK,PG-13,25000000,2000,399,0.73,18000
Color,229,93,166,281,971,54724272,157051,2043,0,261,English,USA,R,12000000,2012,329,0.67,29000
Color,56,80,11,499,911,40363530,18254,3058,2,307,English,USA,PG,16000000,2002,521,0.33,1000
Color,245,129,91,233,309,139259759,364948,1062,0,2121,English,Australia,R,150000000,2003,269,0.67,7000
Color,52,87,9,503,818,37566230,3407,2164,1,48,English,USA,PG,17000000,2003,636,0.51,309
Color,283,133,219,701,15000,727883,580999,17040,1,2110,English,USA,R,4500000,2001,933,0.81,33000
Color,81,116,52,102,624,1980338,12366,1209,2,151,English,USA,R,5000000,1998,385,0.7,507
Color,56,83,5,98,413,1521,1231,843,0,10,English,Canada,R,1500000,2012,197,0.57,932
Color,40,93,10,405,789,68208190,60572,2986,1,144,English,USA,PG-13,65000000,1999,744,0.63,7000
Color,27,93,69,69,522,10097096,5612,955,2,38,English,USA,R,4000000,2001,231,0.46,842
Color,61,170,25,55,329,59696176,15448,775,1,174,English,USA,PG-13,22000000,2014,134,0.56,15000
Color,25,93,70,442,692,5694308,13815,3128,0,46,English,USA,PG-13,7000000,2007,585,0.2,446
Color,54,107,188,631,11000,42019483,6069,13904,0,33,English,USA,PG,36000000,2014,641,0.64,7000
Color,608,195,1000,3000,21000,408992272,557489,30426,3,1187,English,USA,PG-13,200000000,2013,4000,0.72,95000
Color,197,128,150,244,766,126930660,157519,2037,2,683,English,UK,PG-13,135000000,1999,536,0.64,2000
Color,209,114,91,1000,27000,5694401,194489,46944,4,192,English,UK,R,18000000,2008,18000,0.73,12000
Color,65,98,85,186,265,7369373,4288,901,1,74,English,UK,R,2000000,1986,194,0.57,7000
Color,265,102,82,537,622,34350553,104066,2488,4,207,English,USA,R,68000000,2012,591,0.57,15000
Color,140,110,65,149,3000,24848292,80556,4089,1,184,English,USA,PG-13,20000000,2008,427,0.66,7000
Color,284,110,763,222,15000,83503161,138190,16691,1,405,English,USA,R,75000000,2011,1000,0.61,30000
Color,193,94,87,280,866,39687528,140780,2124,1,376,English,France,R,24000000,2007,794,0.63,7000
Color,152,87,165,383,1000,47860214,34711,2452,0,468,English,USA,PG-13,15000000,2006,431,0.5,7000
Color,116,103,84,664,12000,37035515,34597,23864,1,194,English,USA,PG-13,43000000,2000,10000,0.6,7000
Color,84,115,209,41,569,73000942,74351,714,1,233,English,USA,G,13000000,2011,69,0.16,62000
Black and White,162,101,194,602,1000,6712241,782437,3858,2,1420,English,USA,R,7500000,1998,816,0.86,35000
Color,233,109,453,120,1000,10499968,47498,1458,3,212,English,USA,R,35000000,2014,206,0.57,10000
Color,172,116,53,906,27000,43119879,58450,31224,0,842,English,USA,PG-13,60000000,2002,1000,0.64,7000
Color,210,102,192,31,346,13214030,60516,500,3,147,English,USA,PG-13,20000000,2008,41,0.67,7000
Color,119,93,19,619,15000,3749061,28629,30134,3,113,English,USA,PG-13,20000000,2012,13000,0.49,7000
Color,47,101,91,158,854,38590500,17997,1860,1,140,English,USA,R,50000000,1994,643,0.44,812
Color,123,109,29,91,779,10965209,25558,1297,2,221,English,USA,PG-13,30000000,2001,240,0.61,7000
Color,366,150,91,464,894,402076689,323207,3218,0,1439,English,USA,PG-13,200000000,2009,581,0.6,7000
Color,228,89,77,159,490,47553512,54101,1367,0,210,English,USA,PG-13,50000000,2014,298,0.58,15000
Color,93,108,91,88,14000,3049135,50197,14574,2,265,English,New Zealand,R,5000000,1994,433,0.74,7000
Color,289,134,91,346,20000,214948780,405973,20952,4,1055,English,Canada,PG-13,110000000,2003,505,0.75,7000
Color,75,142,14000,5000,49000,119654900,182802,64259,1,363,English,USA,PG,70000000,1991,8000,0.67,13000
Color,367,158,776,310,1000,166112167,283418,2144,0,1055,English,USA,PG-13,200000000,2009,468,0.58,13000
Color,83,114,9,466,623,30050028,42987,2484,1,201,English,USA,R,17000000,1989,472,0.65,7000
Color,74,107,7,442,745,1282084,6221,2125,1,87,English,USA,R,2500000,1999,631,0.7,500
Color,138,123,541,173,12000,36283504,104564,12970,1,587,English,Germany,R,40000000,1999,638,0.65,7000
Color,104,108,30,281,474,453079,4124,2029,4,29,English,USA,R,7000000,2010,403,0.59,916
Color,419,133,152,11000,22000,75605492,283563,53094,1,312,English,USA,PG-13,50000000,2011,18000,0.76,27000
Color,276,123,160,402,12000,115802596,182661,14017,1,681,English,USA,PG-13,110000000,2007,701,0.52,7000
Color,112,105,2,69,805,63260,14325,1185,0,90,English,France,R,14000000,2006,306,0.67,7000
Color,408,96,91,262,1000,292979556,665575,2635,1,704,English,USA,PG,175000000,2009,848,0.83,27000
Color,351,107,190,520,2000,52000688,171418,4243,0,619,English,USA,R,40000000,2010,1000,0.64,17000
Color,141,124,159,240,288,30012990,75973,1006,1,409,English,UK,R,25000000,1998,249,0.75,7000
Color,109,139,488,597,10000,153620822,189923,12182,0,318,English,USA,R,50000000,1996,743,0.73,7000
Color,63,87,13,869,15000,11560259,15617,22485,1,180,English,USA,PG-13,22000000,2001,4000,0.58,7000
Color,25,101,9,201,973,978908,4057,2306,0,90,English,Poland,PG-13,2400000,2006,872,0.51,250
Color,46,95,15,461,1000,20998709,6095,3845,0,76,English,USA,PG,15000000,2006,786,0.62,1000
Color,412,122,91,816,14000,17750583,93548,28933,0,307,English,UK,R,30000000,2015,13000,0.72,23000
Color,45,94,24,545,834,2800000,4377,2662,3,85,English,USA,R,4000000,1999,625,0.58,309
Color,158,122,108,111,220,33071558,22369,583,6,100,English,UK,PG,10000000,2015,186,0.66,21000
Color,63,81,406,616,13000,63071133,42892,17035,0,154,English,USA,PG-13,12000000,1996,2000,0.68,7000
Color,153,126,13000,390,920,162831698,215255,2899,0,610,English,USA,PG-13,80000000,1992,811,0.7,7000
Color,160,108,123,690,26000,15483540,56338,41359,4,215,English,USA,R,14000000,2009,14000,0.65,4000
Color,71,113,179,11,119,5595428,28951,167,0,257,Portuguese,Brazil,R,2900000,1998,14,0.8,7000
Color,336,104,59,202,972,27689474,85688,2071,0,339,English,USA,R,5000000,2013,407,0.65,23000
Color,50,101,17,218,900,14095303,15814,1634,1,68,English,USA,R,25000000,1996,246,0.54,503
Color,120,128,17000,387,22000,79100000,127503,24006,0,261,English,USA,R,35000000,1991,1000,0.73,7000
Color,234,100,64,329,11000,63536011,34258,19420,2,178,English,USA,PG-13,30000000,2012,7000,0.63,7000
Color,343,105,91,502,2000,201148159,103737,4671,1,322,English,USA,PG,95000000,2015,520,0.7,56000
Color,61,99,78,325,11000,106593296,72324,12619,1,134,English,USA,PG,7500000,1989,509,0.74,3000
Color,285,103,65,908,2000,71519230,92364,6807,0,244,English,USA,R,9000000,2014,971,0.65,15000
Color,160,126,44,9,627,5701643,37635,653,0,165,Mongolian,Russia,R,20000000,2007,12,0.73,7000
Color,55,98,11000,624,816,61400000,71183,3617,1,183,English,USA,R,15000000,1983,695,0.74,7000
Color,165,114,71,55,154,60470220,81444,428,2,192,English,USA,PG-13,50000000,2003,131,0.62,955
Color,81,98,4,677,2000,10544143,16372,4843,2,121,English,Australia,PG-13,20000000,1999,1000,0.61,311
Color,185,105,189,1000,49000,177243721,130272,54039,2,209,English,USA,PG,150000000,2009,3000,0.59,2000
Color,77,86,90,635,962,9402410,11233,3715,1,32,English,USA,PG-13,14000000,2012,925,0.54,7000
Color,29,104,37,501,574,144583,2256,1983,0,79,English,France,R,800000,1999,573,0.65,130
Color,19,103,261,145,722,1100000,3665,1201,0,39,English,USA,R,5000000,1992,280,0.68,247
Color,79,102,117,17,393,1430185,7314,446,0,55,English,USA,R,2000000,2007,21,0.83,7000
Color,97,110,22,48,434,56129,6555,645,1,82,English,Canada,R,1100000,2010,95,0.61,7000
Color,155,111,473,82,26000,106126012,285623,35084,6,497,English,USA,PG-13,60000000,2003,9000,0.7,7000
Color,261,129,102,624,768,255950375,223127,3389,0,420,English,USA,PG-13,29000000,2009,734,0.77,38000
Color,25,100,15,388,694,26539321,7984,2486,1,42,English,USA,PG,13000000,1996,558,0.59,833
Color,265,110,88,11000,13000,130313314,168172,44798,1,380,English,USA,PG-13,80000000,2008,12000,0.65,7000
Color,203,107,91,574,13000,44867349,75347,14483,2,176,English,USA,R,37000000,2010,642,0.56,7000
Color,43,99,13,159,419,302204,6705,975,3,53,English,UK,PG,3000000,1997,254,0.66,167
Color,36,96,197,115,580,39514713,60494,1275,0,132,English,USA,PG,28000000,1993,336,0.67,16000
Color,318,111,663,954,1000,206435493,473887,4764,0,626,English,USA,G,150000000,2007,1000,0.8,10000
Color,101,84,50,692,979,140015224,94172,3382,0,179,English,Germany,PG,133000000,1999,886,0.59,7000
Color,297,109,91,145,957,13782838,258078,1757,0,911,English,USA,R,15000000,1982,163,0.82,23000
Color,25,107,91,745,941,141853,1427,3099,2,12,English,Australia,R,12000000,1997,754,0.6,88
Color,158,86,41,155,956,19472057,25332,1862,0,307,English,USA,R,3000000,1986,316,0.59,7000
Color,86,96,24,374,646,28876924,4303,1780,0,35,English,USA,PG-13,20000000,2016,441,0.71,7000
Color,233,98,406,406,860,32774834,136048,2609,5,700,English,USA,R,30000000,2004,523,0.72,7000
Color,53,91,10,436,716,8104069,9785,2700,3,26,English,USA,PG-13,20000000,2007,537,0.45,233
Color,62,104,23,591,752,6712451,4102,3133,0,89,English,New Line,R,90000000,2001,631,0.44,53
Color,50,121,55,918,1000,2221994,11747,3125,1,99,English,Denmark,R,35000000,1997,1000,0.64,561
Color,148,104,16,584,1000,37481242,40654,3356,0,97,English,USA,PG-13,35000000,2010,700,0.53,7000
Color,239,92,655,88,24000,24792061,191998,25092,0,323,English,USA,R,6500000,2005,829,0.76,7000
Color,96,106,61,649,907,32645546,8427,3462,5,88,English,USA,PG,14000000,2005,807,0.64,1000
Color,79,104,11,194,11000,3287435,8603,12250,2,115,English,USA,R,4500000,2001,813,0.71,430
Black and White,354,111,16000,640,926,70098138,735784,3983,0,2105,English,USA,R,30000000,2003,890,0.81,13000
Color,112,111,64,380,778,11905519,30210,2205,0,214,Thai,Thailand,R,200000000,2005,635,0.71,7000
Black and White,123,140,23,579,11000,13082288,35565,12634,1,247,English,UK,PG-13,60000000,2006,779,0.66,2000
Color,206,102,235,520,956,62318875,156225,2998,1,502,English,USA,R,50000000,2006,845,0.68,7000
Color,51,85,91,209,945,265107,4617,2282,1,93,English,Australia,R,1500000,2000,774,0.63,614
Color,543,96,201,58,394,54239856,125016,673,0,789,English,USA,R,17000000,2013,150,0.65,70000
Color,45,83,5,368,971,100491683,14005,3438,0,67,English,USA,G,24000000,1998,503,0.59,418
Color,35,80,91,429,1000,70071,589,3852,0,35,English,Philippines,R,7000,2005,664,0.63,74
Color,35,98,188,693,2000,24629916,12942,4277,0,34,English,USA,PG,3000000,1997,970,0.51,902
Color,81,92,41,522,1000,104148781,49486,4050,1,116,English,USA,PG,60000000,2003,955,0.55,886
Color,121,93,131,90,497,2426851,16224,776,1,76,English,USA,R,4000000,2007,113,0.65,830
Color,168,95,38,249,567,241437427,102071,1495,3,756,English,USA,PG,5000000,2002,312,0.66,5000
Color,119,81,44,3000,35000,66950483,29738,47677,6,85,English,USA,PG,28000000,2014,7000,0.62,12000
Color,248,119,611,4,755,11041228,92295,1244,3,420,Mandarin,China,PG-13,100000000,2004,483,0.76,7000
Color,42,110,272,551,801,14100000,14995,2943,6,87,English,USA,R,5000000,1982,796,0.72,7000
Color,92,93,17,360,13000,17718223,162067,14180,5,316,English,USA,R,25000000,2004,634,0.66,7000
Color,40,110,91,237,721,3468572,10073,1966,0,78,English,USA,R,4000000,1988,246,0.73,816
Color,251,89,192,142,447,3645438,55040,923,1,539,French,France,R,2200000,2003,236,0.68,7000
Black and White,85,104,52,484,711,17757087,13065,3162,1,253,English,USA,R,21000000,1999,490,0.46,897
Color,538,150,14000,655,23000,182204440,197412,25517,0,720,English,USA,PG-13,65000000,2012,826,0.74,71000
Color,112,109,13,480,3000,2706659,17770,5977,0,172,English,UK,R,2000000,2006,796,0.69,7000
Color,94,105,102,383,901,234760500,126464,3464,1,175,English,USA,R,14000000,1984,605,0.73,7000
Color,158,99,342,501,1000,2344847,18561,2158,0,119,English,USA,R,7000000,2008,518,0.68,7000
Color,478,121,777,219,455,46875468,196217,1467,2,461,English,USA,R,30000000,2015,221,0.76,59000
Color,51,117,31,210,2000,32800000,34896,3016,1,118,English,USA,R,40000000,1996,472,0.43,877
Color,302,127,123,904,14000,41997790,125305,17551,0,343,English,USA,R,38000000,2013,924,0.64,39000
Color,125,81,5,710,49000,7825820,13086,50831,0,156,English,USA,R,4000000,2006,780,0.59,576
Color,118,101,30,268,1000,93307796,85673,2636,2,269,English,USA,PG-13,60000000,2002,976,0.61,7000
Color,102,103,91,925,3000,285761243,311075,7521,5,305,English,USA,PG,18000000,1990,1000,0.75,20000
Color,398,158,91,104,272,40218903,372990,533,0,1107,English,USA,R,25000000,2007,111,0.81,16000
Color,169,95,18,18,622,119793567,64387,848,0,85,English,USA,PG,78000000,2013,161,0.65,15000
Color,158,126,26,385,638,13005485,56665,2282,0,469,English,USA,R,15000000,2003,624,0.76,7000
Color,111,113,22,148,727,43601508,35718,1310,1,317,English,USA,PG-13,18000000,2003,171,0.67,7000
Color,245,101,420,467,12000,72660029,115687,16235,0,269,English,USA,PG-13,100000000,2014,3000,0.6,21000
Color,25,94,11,232,1000,22189039,17074,2210,0,55,English,USA,R,15000000,1993,605,0.55,466
Color,160,107,91,240,962,1186957,9264,1591,3,69,English,UK,PG-13,25000000,2008,266,0.68,7000
Color,132,116,41,541,11000,30013346,31293,14028,2,254,English,USA,PG-13,75000000,2003,982,0.53,648
Color,238,95,243,725,969,100659,30160,3833,0,193,English,USA,R,900000,2009,962,0.64,7000
Color,19,105,24,125,776,22723,2236,1732,1,40,English,Germany,PG-13,25000000,2001,595,0.45,193
Color,55,128,272,383,2000,83000000,36587,3888,0,95,English,USA,R,55000000,1994,812,0.6,7000
Color,152,89,56,545,11000,58715510,79094,13794,2,129,English,USA,PG,30000000,2009,826,0.54,7000
Color,54,84,56,13,21000,1950218,5933,21124,3,102,English,USA,R,1000000,1997,104,0.56,387
Color,274,96,91,1000,20000,10139254,190990,24640,0,915,English,USA,PG-13,35000000,2006,1000,0.73,23000
Color,30,101,91,681,827,220234,1950,3574,3,24,English,USA,R,3500000,2006,729,0.65,360
Color,156,136,258,94,12000,93771072,135404,12396,0,318,English,USA,PG-13,65000000,1998,174,0.67,7000
Color,119,89,49,514,2000,65557989,73539,3717,0,271,English,USA,PG-13,45000000,1997,902,0.46,7000
Color,100,102,346,488,947,23106,9003,2572,0,58,English,Italy,R,50000000,2004,526,0.66,532
Color,377,99,91,59,264,17104669,99353,537,1,354,Cantonese,Hong Kong,R,20000000,2004,62,0.78,7000
Color,160,150,610,478,755,626809,36894,2172,4,105,Mandarin,China,R,553632000,2008,643,0.74,7000
Color,91,155,16000,229,18000,25078937,31751,19689,2,216,English,USA,R,30000000,1997,461,0.66,7000
Color,160,99,52,148,22000,8855646,49855,23409,1,117,English,USA,PG-13,21000000,2009,1000,0.72,10000
Color,150,87,12,645,3000,32178777,43300,6658,6,250,English,USA,PG-13,62000000,2008,966,0.38,7000
Color,196,98,88,706,12000,23225911,80574,14699,1,157,English,USA,R,24000000,2010,854,0.65,12000
Color,92,104,165,944,1000,46611204,55749,4294,1,257,English,USA,PG-13,48000000,1998,967,0.61,7000
Color,168,97,11,887,14000,71500556,171568,16999,3,571,English,UK,R,26000000,2001,1000,0.67,7000
Color,169,105,54,988,3000,51853450,37398,9069,0,110,English,USA,PG,25000000,2012,2000,0.66,11000
Color,220,110,91,327,13000,52353636,209133,14609,1,962,English,USA,R,21000000,2001,1000,0.76,7000
Color,68,141,407,501,688,3064356,3433,2584,6,81,English,USA,PG-13,5600000,2002,659,0.69,160
Color,109,82,34,434,760,100446895,36033,2762,1,456,English,USA,PG,109000000,2003,743,0.38,946
Color,525,130,91,11000,44000,234903076,175409,73441,4,511,English,USA,PG,215000000,2013,15000,0.64,60000
Color,277,119,33,518,3000,51178893,24285,6089,4,110,English,USA,PG,50000000,2014,2000,0.64,10000
Color,156,91,2,480,12000,42194060,41259,22668,1,72,English,Spain,PG,70000000,2009,10000,0.61,7000
Color,71,77,50,537,886,64736114,36471,2682,0,69,English,USA,PG,120000000,2002,799,0.54,459
Color,287,103,91,651,2000,55153403,299127,5161,0,1509,English,USA,R,1200000,2004,878,0.77,7000
Color,165,139,150,400,521,30513940,15843,2060,0,104,English,USA,PG-13,30000000,2014,491,0.69,11000
Color,114,89,31,71,285,32368960,39768,667,0,292,English,Canada,R,25000000,1998,81,0.53,7000
Color,149,127,278,912,2000,182805123,158864,5838,1,395,English,USA,PG-13,70000000,2000,955,0.64,7000
Color,99,80,2,186,6000,71442,12029,6829,0,32,French,France,PG,9600000,2012,637,0.79,7000
Color,64,99,71,584,2000,16930185,14315,4169,2,101,English,Germany,PG-13,29000000,2002,719,0.53,201
Color,65,100,15,804,1000,16247775,23527,4789,3,104,English,USA,PG,25000000,2005,962,0.55,767
Color,454,114,77,305,19000,91121452,467613,20295,1,608,English,UK,PG-13,14000000,2014,393,0.81,165000
Color,203,109,64,553,16000,33305037,33856,17866,2,147,English,UK,PG-13,11000000,2015,638,0.73,34000
Color,27,90,6,940,3000,124720,1560,4987,0,15,English,USA,PG,5000000,2008,1000,0.73,777
Color,1,110,91,429,3,3830,27,5,3,1,Spanish,USA,R,1200000,2013,2,0.72,75
Color,35,84,681,143,239,52850,1656,734,0,12,English,USA,R,500000,2007,172,0.62,155
Color,217,125,729,322,442,65010106,107557,1556,1,612,English,USA,R,30000000,2002,344,0.72,7000
Color,70,99,287,44,10000,27663982,26051,10469,2,164,English,USA,PG-13,40000000,1996,368,0.44,7000
Color,161,126,835,893,49000,138339411,604904,63710,2,682,English,USA,R,10000000,1997,13000,0.83,31000
Color,418,120,91,40,668,141319195,641997,820,0,1017,English,UK,R,15000000,2008,56,0.8,13000
Color,133,97,19,835,23000,38176108,222099,37907,6,549,English,USA,PG-13,16000000,1999,13000,0.72,10000
Color,321,103,207,3000,40000,67631157,176598,55175,0,374,English,USA,PG-13,100000000,2010,11000,0.6,25000
Color,536,95,91,384,1000,356454367,345198,2944,1,773,English,USA,PG,175000000,2015,767,0.83,118000
Color,127,91,30,497,922,26404753,34203,3301,1,169,English,USA,PG-13,40000000,2012,786,0.53,19000
Color,131,103,91,20,23,23616,94,85,4,4,English,USA,PG-13,600000,2007,20,0.56,11
Color,112,102,241,127,13000,7659747,14962,14165,1,204,English,USA,R,38000000,2003,891,0.51,704
Color,368,104,165,559,900,16999046,79517,2222,0,354,English,Canada,R,26000000,2009,686,0.58,12000
Color,44,82,6,345,759,36696761,6808,2197,0,38,English,USA,G,23000000,2001,563,0.65,227
Color,127,105,248,147,673,10460089,34098,1442,1,214,English,USA,R,7500000,2002,466,0.72,1000
Color,63,104,30,635,1000,21800302,12164,4462,1,63,English,USA,PG-13,30000000,2004,962,0.55,491
Color,502,146,508,523,34000,424645577,498397,49355,1,706,English,USA,PG-13,130000000,2013,14000,0.76,82000
Color,474,126,230,2000,24000,89732035,188457,38873,2,867,English,USA,PG-13,155000000,2015,10000,0.66,82000
Black and White,351,93,91,566,21000,31501218,84070,22745,0,526,English,USA,PG,7500000,2005,650,0.75,7000
Black and White,114,113,11000,99,537,5032496,20576,943,0,161,English,USA,R,12000000,1998,255,0.63,652
Color,81,89,11,973,1000,12693621,10885,4060,0,271,English,USA,PG-13,17000000,2002,982,0.48,814
Color,222,111,79,287,26000,30028592,152247,27755,0,189,English,UK,R,20000000,2008,811,0.73,7000
Color,16,92,4,405,631,7680,704,2020,0,18,English,USA,R,2000000,1999,443,0.64,100
Color,596,187,16000,1000,46000,54116191,272839,49912,1,1018,English,USA,R,44000000,2015,1000,0.79,114000
Color,306,134,16000,204,13000,37479778,124222,24458,1,259,English,USA,PG-13,60000000,2009,11000,0.74,23000
Color,89,142,845,787,13000,43426961,93494,16580,1,394,English,USA,R,70000000,2003,1000,0.66,7000
Color,262,129,195,50,827,20167424,131831,1044,0,231,Spanish,Argentina,R,2000000,2009,88,0.82,33000
Color,121,113,25,129,49000,55350897,83560,49631,1,619,English,USA,PG-13,85000000,1998,448,0.7,32000
Color,487,94,11000,183,617,56816662,301149,1289,1,509,English,Spain,PG-13,17000000,2011,204,0.77,78000
Color,153,119,91,744,15000,115731542,151812,17768,2,556,English,USA,PG,65000000,1998,793,0.65,7000
Color,11,108,91,388,585,34746109,3122,3023,2,14,English,USA,R,8000000,1996,434,0.56,559
Color,298,115,79,820,18000,126149655,166693,36237,1,276,English,USA,R,85000000,2012,16000,0.68,19000
Color,83,132,130,80,29000,56876365,125219,29265,1,244,English,USA,PG-13,35000000,1998,130,0.64,7000
Color,253,114,71,313,14000,25977365,87950,15428,0,207,English,USA,R,28000000,2014,439,0.65,15000
Color,78,101,287,257,745,29500000,25613,1954,0,121,English,USA,PG,10000000,1983,730,0.65,7000
Color,44,97,19,977,40000,22200000,41310,52122,3,117,English,USA,PG-13,25000000,1994,10000,0.68,7000
Color,162,99,261,461,924,49494,8511,2862,0,87,English,USA,R,250000,2013,835,0.39,7000
Color,134,123,108,239,1000,100241322,175524,1690,0,752,English,USA,R,25000000,1998,264,0.72,7000
Color,51,119,350,418,18000,34700000,52846,35501,2,143,English,USA,R,14000000,1988,17000,0.77,7000
Color,109,110,19,39,25000,4040588,12233,25676,0,89,English,USA,PG-13,5000000,2008,579,0.68,7000
Color,450,94,91,223,11000,18329466,279179,11984,0,440,English,USA,R,18000000,2010,642,0.76,63000
Color,14,95,91,164,533,18435,1010,1082,5,15,French,France,R,1400000,2006,323,0.58,104
Color,98,117,260,441,1000,30981850,35834,3969,0,284,English,USA,R,40000000,2005,1000,0.5,7000
Color,93,101,26,266,838,24881000,57140,1812,0,195,English,USA,R,15000000,1996,328,0.62,6000
Color,157,102,79,27,925,101978840,77724,1018,0,162,English,USA,R,15000000,2013,38,0.66,26000
Color,117,147,179,646,40000,41954997,225122,56014,2,234,English,USA,R,35000000,1997,14000,0.78,7000
Color,511,172,670,1000,15000,27098580,284825,22686,5,828,English,Germany,R,102000000,2012,5000,0.75,124000
Color,39,91,29,322,2000,20400913,15455,3855,1,80,English,USA,R,45000000,1996,461,0.53,451
Color,148,128,323,489,13000,100012500,299258,14274,1,346,English,USA,R,90000000,1995,559,0.76,7000
Color,73,88,91,102,465,442638,5489,897,1,23,English,USA,R,850000,2007,140,0.73,337
Color,70,93,85,510,924,32055248,18723,2711,0,146,English,USA,PG-13,25000000,1994,595,0.6,7000
Color,140,96,474,82,1000,32131483,25870,2212,0,369,English,USA,PG-13,11000000,2003,970,0.49,2000
Color,20,193,160,860,8000,3275443,13998,10822,2,264,Hindi,India,R,700000000,2006,1000,0.6,659
Color,240,96,91,10000,18000,137850096,72809,48878,0,249,English,USA,PG,200000000,2009,14000,0.68,7000
Color,309,101,25,423,17000,18656400,86077,19673,1,195,English,USA,PG-13,5000000,2014,2000,0.75,45000
Color,434,138,91,8000,12000,101160529,200022,32355,2,1240,English,USA,PG-13,125000000,2014,9000,0.58,71000
Color,276,109,37,651,11000,51019112,155745,14073,0,1053,English,USA,PG,50000000,2005,2000,0.68,10000
Color,142,102,148,135,8000,93607673,47573,9176,4,343,English,USA,PG-13,48000000,2001,973,0.57,881
Color,423,106,1000,1000,19000,29997095,60926,38494,5,302,English,UK,PG-13,22000000,2016,17000,0.64,23000
Color,175,99,18,211,18000,52320979,114321,18693,0,548,English,USA,PG,40000000,2006,426,0.68,7000
Color,162,63,15,69,759,26687172,15600,1002,0,55,English,USA,G,30000000,2011,73,0.73,7000
Black and White,215,120,909,184,909,21244913,123090,1779,2,888,English,Germany,R,4000000,2002,504,0.8,4000
Color,35,97,18,742,834,4131640,5463,4091,2,20,English,USA,PG-13,7500000,2008,749,0.31,140
Color,284,110,91,559,3000,42272747,78635,5609,1,1040,English,USA,PG-13,70000000,2006,579,0.56,7000
Color,37,117,17,912,1000,49121934,6528,6554,9,32,English,USA,PG-13,13000000,2007,997,0.61,7000
Color,181,131,719,683,16000,20302961,49874,18913,0,450,English,France,NC-17,45000000,1995,893,0.46,7000
Color,739,120,750,943,27000,153629485,552503,40025,0,1588,English,Australia,R,150000000,2015,9000,0.81,191000
Color,69,90,25,138,231,1689999,3675,771,1,48,Spanish,USA,R,400000,2006,200,0.71,426
Color,419,123,120,149,13000,35887263,265507,14100,0,388,English,UK,PG-13,15000000,2014,876,0.77,90000
Color,12,121,35,473,4000,4700361,2047,6617,0,29,English,USA,PG-13,5000000,2015,849,0.46,7000
Black and White,108,90,153,427,11000,161487252,119450,13823,0,300,English,USA,PG-13,20000000,1998,1000,0.61,7000
Color,292,98,35,16,125,29975979,105797,189,0,281,English,Australia,R,20000000,2009,37,0.65,7000
Color,253,97,545,529,14000,60128566,131447,16098,1,410,English,Germany,R,60000000,2010,1000,0.59,19000
Color,165,94,12,183,17000,177343675,70121,17883,0,214,English,USA,PG,135000000,2015,523,0.67,26000
Color,205,85,52,489,1000,12610731,38985,3050,1,673,English,USA,R,11000000,2001,935,0.44,7000
Color,210,117,456,569,21000,31670931,44099,23745,0,143,English,UK,PG-13,60000000,2009,939,0.67,7000
Color,371,94,91,99,432,65069140,65299,1010,1,455,English,USA,PG-13,5000000,2015,309,0.62,27000
Color,303,136,3000,3000,14000,42615685,136093,28927,3,416,English,USA,R,40000000,2014,9000,0.61,24000
Color,168,121,274,157,273,30212620,35066,993,4,196,English,USA,PG-13,120000000,2010,216,0.53,7000
Color,112,91,18,307,935,15935068,19331,2899,0,317,English,USA,R,2500000,1993,805,0.43,949
Color,83,102,39,259,1000,6114237,19986,2664,4,207,English,USA,R,40000000,2001,1000,0.62,892
Color,30,100,34,541,10000,3275585,10735,13160,1,88,English,UK,R,11500000,1993,721,0.66,561
Color,36,97,4,150,446,62480,1048,928,1,7,English,USA,R,1000000,2015,171,0.55,793
Color,93,91,83,794,3000,1712111,7199,7875,0,53,English,USA,PG-13,8495000,2015,1000,0.45,7000
Color,256,117,487,769,1000,244052771,263853,4905,0,584,English,USA,G,120000000,2006,843,0.72,7000
Color,119,103,5,874,26000,22466994,72673,33565,0,166,English,USA,R,25000000,2007,5000,0.63,7000
Color,37,86,14,685,833,34308901,15939,4435,3,87,English,USA,PG-13,16000000,2003,807,0.51,7000
Color,262,92,167,702,11000,131920333,213275,15302,3,436,English,USA,PG,130000000,2007,2000,0.56,7000
Color,90,100,38,460,833,48637684,16979,2800,4,42,English,USA,R,12500000,2014,807,0.61,7000
Color,21,81,467,287,467,5228617,2770,1431,1,32,English,USA,R,100000,1987,322,0.7,471
Color,143,92,892,492,783,1550000,30628,2930,2,471,English,USA,R,25000000,2005,595,0.29,937
Color,56,81,91,6,121,2040920,52055,147,0,130,Spanish,USA,R,7000,1992,20,0.69,7000
Color,69,136,91,1000,25000,42700000,78392,41059,2,196,English,USA,PG,16500000,1995,14000,0.77,7000
Color,322,137,11000,465,769,115603980,103589,2938,0,351,English,USA,PG-13,65000000,2014,698,0.72,35000
Color,125,91,31,50,874,16298046,22207,1608,0,747,English,UK,PG-13,14000000,2005,613,0.5,7000
Color,82,96,70,163,883,4170647,14548,1616,0,161,English,UK,R,1900000,1999,183,0.69,1000
Color,425,92,22,159,648,25138292,66483,1122,0,452,English,USA,R,3500000,2015,191,0.68,43000
Color,94,97,27,522,601,31526393,22243,2730,0,144,English,USA,PG-13,25000000,2004,543,0.46,686
Color,216,128,241,898,11000,95001343,66511,16911,0,200,English,USA,PG-13,40000000,2013,3000,0.75,28000
Color,90,91,31,141,1000,10214013,23072,1564,2,89,English,USA,R,35000000,2015,249,0.54,7000
Color,68,120,91,693,49000,4956401,12601,51657,2,89,English,France,PG-13,15000000,1999,1000,0.65,7000
Color,330,126,91,745,2000,25592632,220475,5371,0,1066,English,USA,R,18000000,2007,850,0.72,20000
Color,141,117,179,403,8000,63695760,61490,12850,1,264,English,USA,PG-13,65000000,2003,4000,0.64,7000
Color,157,138,278,213,14000,63224849,182757,17423,3,483,English,USA,PG-13,85000000,2006,3000,0.69,19000
Color,92,107,521,80,773,768045,19732,976,0,120,English,UK,R,2000000,2002,89,0.77,7000
Color,107,108,529,83,11000,8535575,24033,11519,3,152,English,USA,PG-13,30000000,2005,329,0.7,7000
Color,79,95,13,430,1000,34099640,16651,2515,0,149,English,USA,PG,5000000,2000,934,0.7,7000
Color,134,106,58,973,23000,382946,43965,44969,0,99,English,USA,R,7000000,2010,20000,0.71,19000
Color,465,131,188,641,10000,195000874,232187,21840,0,440,English,China,PG-13,150000000,2015,10000,0.74,47000
Color,258,150,80,201,22000,141614023,149922,22697,4,438,English,USA,PG,225000000,2008,216,0.66,7000
Color,238,88,218,521,17000,80170146,243053,21863,0,488,English,USA,PG-13,85000000,2008,4000,0.61,7000
Color,229,138,16000,262,616,90135191,338415,1942,0,935,English,USA,R,25000000,2003,541,0.8,12000
Color,133,84,8,896,4000,14373825,63216,6954,0,196,English,USA,R,8600000,2007,922,0.65,7000
Color,4,160,5,219,724,49000,1524,2024,5,30,Hindi,India,R,1500000,2005,668,0.48,31
Color,57,115,168,322,697,183088,11704,2243,0,36,English,USA,R,15000000,2008,329,0.7,702
Color,107,109,7,1000,40000,10654581,45497,52621,0,260,English,USA,R,34000000,1999,9000,0.53,1000
Color,36,105,114,537,4000,17100000,7073,6152,1,29,English,USA,R,25000000,1996,561,0.53,204
Color,239,108,521,129,13000,176049130,348232,14161,1,806,English,USA,PG-13,75000000,2004,805,0.78,7000
Color,96,95,7,1000,23000,63319509,67115,28734,2,389,English,USA,PG-13,10000000,1999,1000,0.58,7000
Color,214,115,214,968,14000,12626905,32567,27214,3,106,English,USA,R,20000000,2016,12000,0.63,7000
Color,154,99,265,265,22000,63034755,16984,23562,1,96,English,USA,R,29000000,2016,779,0.53,7000
Color,371,114,171,284,6000,18996755,145270,7099,0,322,English,Spain,PG-13,45000000,2012,382,0.76,54000
Color,142,121,38,745,940,83892374,85720,4230,0,297,English,USA,PG-13,66000000,1998,826,0.7,7000
Color,218,92,11000,386,860,5306447,58967,2717,1,169,English,USA,PG-13,15000000,2009,658,0.72,10000
Color,72,106,148,471,900,395592,21202,2972,1,134,English,Spain,R,2000000,2003,648,0.76,7000
Color,77,155,14000,11000,12000,44175394,56509,37570,2,227,English,USA,R,36000000,1997,11000,0.72,7000
Color,222,107,36,118,283,127706877,142496,662,2,399,English,USA,PG,85000000,2007,142,0.71,7000
Color,574,126,91,105,19000,25556065,355126,19359,1,748,English,USA,R,23000000,2013,128,0.8,148000
Color,27,85,91,742,11000,70527,7690,14656,6,68,English,USA,R,6500000,2004,826,0.67,376
Color,28,120,91,702,1000,5731103,4100,5963,10,35,English,USA,R,2400000,1996,748,0.68,352
Color,199,102,503,795,13000,36883539,112769,15053,2,305,English,Germany,PG-13,52000000,2006,929,0.66,7000
Color,81,138,91,574,10000,141340178,181879,14619,0,319,English,USA,R,40000000,1992,2000,0.76,7000
Color,278,119,11000,400,19000,23089926,166269,20391,3,735,English,UK,R,15000000,2005,567,0.77,7000
Color,387,96,655,973,24000,143492840,414335,28817,0,881,English,USA,PG-13,7500000,2007,3000,0.75,10000
Color,83,109,97,355,13000,14060950,14354,14347,1,139,English,USA,PG-13,12500000,2002,795,0.69,7000
Color,84,90,91,518,681,25077977,10986,2486,0,84,English,USA,PG,20000000,2010,611,0.53,7000
Color,79,95,3,448,905,108662,26849,3185,0,107,English,USA,R,8000000,2008,513,0.6,3000
Color,150,124,78,4,6,439162,106160,28,0,430,Japanese,Japan,R,1100000000,1988,5,0.81,7000
Color,39,88,91,49,342,151389,774,483,0,7,English,USA,R,500000,2012,79,0.71,590
Color,31,110,49,427,1000,623374,4757,2120,2,67,English,USA,PG-13,38000000,2001,569,0.52,474
Color,29,79,2,551,855,279282,3806,2489,2,49,English,USA,PG-13,1000000,2003,577,0.61,150
Color,219,112,380,2000,15000,32357532,143368,31278,0,215,English,USA,R,30000000,2010,11000,0.67,24000
Color,38,115,16000,240,16000,41400000,39451,17209,0,138,English,USA,R,6900000,1985,455,0.73,7000
Color,22,104,91,498,1000,23031390,4345,2868,9,26,English,USA,R,4500000,1998,597,0.56,575
Color,177,135,456,241,422,38372662,193455,1083,2,1058,English,France,PG,28000000,2005,286,0.78,17000
Color,204,94,122,360,23000,1082044,281649,24994,0,458,English,Spain,R,5000000,2004,1000,0.77,21000
Color,201,94,52,214,683,38543473,84382,1488,2,158,English,USA,R,40000000,2014,392,0.51,7000
Color,288,116,108,120,23000,11326836,83171,24134,0,231,English,USA,R,22000000,2013,820,0.68,17000
Color,143,112,91,201,874,6197866,63733,1351,0,414,English,France,G,10000000,1999,262,0.8,7000
Color,274,118,65,638,11000,57981889,173848,13943,1,203,English,USA,R,40000000,2011,980,0.73,25000
Color,108,95,263,179,263,3029081,26300,993,0,231,English,USA,R,6000000,2001,261,0.78,7000
Color,389,137,508,14000,34000,281666058,166137,81385,1,383,English,USA,PG-13,160000000,2015,22000,0.66,38000
Color,163,112,52,688,10000,2445646,32382,12897,1,99,English,USA,R,5000000,2014,963,0.7,13000
Color,238,88,91,591,4000,31051126,36877,6254,0,101,English,UK,PG,55000000,2012,796,0.67,7000
Color,174,122,87,605,2000,22000,30511,4920,4,226,English,Germany,R,3000000,2011,683,0.58,7000
Color,393,100,127,250,1000,71588220,134869,1949,1,304,English,Canada,PG-13,20000000,2013,340,0.62,57000
Color,34,103,272,70,736,75078,1398,1403,4,26,English,USA,R,14000000,2000,450,0.63,132
Color,40,110,23,51,633,30102717,28736,874,2,72,English,USA,R,15000000,1991,67,0.55,7000
Color,270,108,251,296,826,20981633,78256,2351,0,492,English,USA,PG-13,30000000,2008,716,0.59,7000
Color,174,84,260,692,6000,21283440,46239,8018,0,137,English,USA,PG-13,55000000,2011,694,0.6,7000
Color,288,107,27,360,664,7918283,41574,2440,1,145,English,USA,R,12000000,2012,591,0.66,7000
Color,66,81,4,5,63,11835,1920,81,0,7,Icelandic,Iceland,R,10000000,2013,10,0.69,1000
Color,150,120,11,281,11000,18663911,46204,12554,1,151,English,UK,PG,16500000,2007,838,0.71,7000
Color,149,91,357,326,3000,35385560,27198,4807,1,131,English,USA,R,4000000,2015,465,0.46,8000
Color,106,115,597,597,893,32662299,16469,3946,1,275,English,USA,PG,24000000,2000,854,0.69,7000
Color,450,106,91,273,17000,32154410,148327,18469,0,274,English,USA,R,30000000,2013,681,0.71,29000
Color,37,85,12,23,354,12701880,2037,568,0,22,English,USA,G,15000000,2008,173,0.57,175
Color,186,127,12000,897,984,10137232,58015,5702,0,374,English,France,R,50000000,2005,940,0.6,7000
Color,151,120,17,808,22000,24375436,42547,33585,1,265,English,USA,R,42000000,2001,9000,0.61,748
Color,71,91,184,82,3000,7417210,59041,3310,1,408,English,USA,R,1500000,1995,202,0.7,7000
Color,248,102,1000,270,734,11169531,79855,1778,2,235,English,UK,PG-13,20000000,2008,563,0.64,7000
Color,210,120,91,210,579,7443007,24663,1500,12,71,English,USA,R,30000000,2009,489,0.67,7000
Color,634,95,246,751,26000,42043633,277172,29551,0,986,English,USA,R,30000000,2012,821,0.7,66000
Color,221,146,127,722,962,95328937,59581,4555,4,293,English,USA,R,100000000,2010,740,0.43,7000
Color,81,109,67,192,436,8134217,15412,1141,3,90,English,USA,R,12000000,2008,223,0.7,7000
Color,129,105,78,298,984,116735231,56646,2129,0,336,English,USA,R,70000000,1999,489,0.64,7000
Color,99,119,18,9,20,4234040,14301,64,0,45,English,USA,PG-13,20000000,2008,18,0.7,7000
Color,109,98,34,730,936,353743,20730,3578,1,111,English,UK,R,15000000,2001,826,0.69,664
Color,24,100,91,400,975,52528330,4265,3202,0,27,English,USA,PG-13,25000000,2013,521,0.47,7000
Color,65,112,28,215,555,4734235,8217,1227,0,123,English,USA,R,15000000,2000,403,0.6,573
Color,28,107,21,418,967,16118077,5817,3067,0,37,English,USA,R,25000000,1988,767,0.56,377
Color,476,109,662,1000,13000,93050117,338087,17689,0,814,English,USA,R,115000000,2013,2000,0.66,61000
Color,181,97,33,229,496,2508841,21746,994,1,93,English,USA,R,1000000,2008,238,0.72,7000
Color,5,93,18,181,400,11784000,6701,1151,0,26,English,USA,PG,20000000,1994,220,0.43,444
Color,119,97,164,308,436,12212417,30643,1172,3,144,English,USA,R,15000000,2003,324,0.67,622
Color,421,118,412,491,805,14677654,161288,2499,0,351,English,Ireland,R,13000000,2015,681,0.83,72000
Color,188,100,91,267,15000,665426,120798,16264,0,444,English,USA,G,165000000,2004,726,0.66,10000
Color,81,94,32,626,854,60573641,68406,4530,1,162,English,USA,PG,60000000,1996,628,0.54,7000
Color,42,108,232,353,10000,2961991,15885,11459,4,78,English,USA,R,3300000,1996,721,0.69,7000
Color,78,120,18,944,20000,33771174,27044,22383,2,240,English,USA,PG-13,15000000,2000,1000,0.68,7000
Color,590,132,14000,928,19000,228756232,395573,21411,0,1171,English,USA,PG-13,190000000,2013,981,0.78,92000
Color,76,90,138,263,373,4542775,18313,1831,2,73,English,USA,R,6000000,2009,308,0.51,985
Color,305,120,91,38,717,2181290,356181,852,0,809,Korean,South Korea,R,3000000,2003,78,0.84,43000
Color,103,89,91,470,87000,20916309,5332,88422,4,37,English,USA,PG,40000000,2009,570,0.49,431
Color,140,96,36,486,1000,37939782,62272,3294,0,207,English,USA,R,17000000,2002,580,0.56,2000
Color,294,106,91,963,18000,94999143,245152,33645,0,1344,English,USA,PG-13,75000000,2000,13000,0.72,7000
Color,136,91,446,660,1000,51475962,177828,3969,0,714,English,USA,R,30000000,2003,872,0.73,11000
Color,256,119,99,778,15000,121463226,422606,17584,2,555,English,USA,R,20000000,2007,833,0.76,7000
Color,222,150,91,855,23000,12712093,70771,27829,0,671,English,USA,PG-13,30000000,2005,909,0.67,7000
Color,71,91,132,225,400,4186931,6041,1330,3,85,English,USA,R,250000,2001,286,0.69,169
Color,304,106,487,776,1000,191450875,101178,4482,0,283,English,USA,G,200000000,2011,919,0.63,10000
Color,174,134,6000,745,893,2298191,221552,2710,0,570,Japanese,Japan,PG-13,2400000000,1997,851,0.84,11000
Color,351,97,89,329,920,150056505,216581,2771,3,397,English,USA,R,18000000,2014,798,0.64,21000
Color,208,122,91,567,883,2428883,21370,2896,1,132,English,USA,R,16000000,2014,596,0.66,7000
Color,65,101,3,120,448,12189514,30092,842,0,129,English,USA,PG-13,23000000,2004,143,0.61,7000
Color,140,118,869,21,134,34580635,100743,209,1,549,English,UK,R,52000000,1999,27,0.74,7000
Color,183,106,287,233,767,148170000,142293,2053,0,245,English,USA,PG,11000000,1984,281,0.72,14000
Color,180,101,21,317,22000,51097664,70205,23328,0,450,English,USA,R,30000000,2005,812,0.59,7000
Color,181,99,11,762,19000,17266505,43764,22554,1,291,English,USA,PG-13,30000000,2002,953,0.54,7000
Color,16,100,32,175,610,15369573,2580,1441,1,54,English,USA,PG,3000000,1990,232,0.53,710
Color,82,125,91,700,8000,178406268,213476,11135,2,271,English,USA,R,14000000,1990,995,0.69,11000
Color,490,143,1000,77,29000,144812796,362912,29770,4,753,English,Australia,PG-13,105000000,2013,509,0.73,115000
Color,145,99,5,966,2000,60269340,34079,6930,2,97,English,USA,PG-13,30000000,2008,1000,0.6,7000
Color,145,96,51,322,8000,150315155,54010,10886,2,130,English,USA,PG-13,50000000,2015,2000,0.61,13000
Color,34,100,91,364,723,19900000,17262,2348,1,53,English,USA,R,20000000,1995,422,0.45,1000
Color,98,83,2,137,591,22264487,41239,1729,0,166,English,USA,R,22000000,2005,489,0.46,887
Black and White,153,143,541,530,18000,51225796,96654,20660,0,2047,English,UK,PG-13,70000000,2004,893,0.74,7000
Color,137,103,350,99,5000,11034436,13505,5637,1,180,English,UK,R,20000000,2005,378,0.71,7000
Color,255,85,116,329,8000,86897182,106790,9271,0,177,English,USA,R,95000000,2012,331,0.62,18000
Color,152,113,17,759,87000,34636443,93790,103354,0,288,English,USA,R,52000000,2005,13000,0.66,7000
Color,96,135,25,553,902,3041803,6377,2735,0,181,English,UK,PG,10000000,2000,576,0.71,345
Color,77,94,163,2000,12000,82569532,42737,20348,6,128,English,USA,PG,60000000,2005,3000,0.54,781
Color,401,148,91,175,204,8093318,61935,707,0,242,English,USA,R,20000000,2014,178,0.67,18000
Color,185,154,776,933,10000,306124059,430055,16785,0,856,English,USA,PG-13,75000000,1996,2000,0.69,16000
Color,175,103,729,133,2000,14879556,73640,3516,0,441,English,USA,R,8000000,1999,841,0.73,7000
Color,46,90,7,711,87000,52166,2792,89263,3,22,English,USA,R,2000000,2008,781,0.67,371
Color,176,124,31,497,11000,118471320,86504,12556,0,568,English,USA,PG-13,68000000,2002,655,0.64,7000
Color,291,122,210,123,22000,17237244,57210,22574,3,158,English,UK,R,15000000,2014,164,0.68,13000
Color,222,113,127,373,3000,3014541,19616,4370,3,98,English,UK,R,8000000,2011,415,0.67,7000
Color,12,119,13,25,957,798341,983,1107,0,63,English,USA,PG-13,1000000,2001,81,0.72,100
Color,74,108,12,710,2000,568695,16617,3921,2,110,English,USA,R,8000000,2005,844,0.65,412
Color,148,134,377,812,22000,3000000,55329,36859,9,499,English,USA,R,3000000,1998,11000,0.78,7000
Color,51,110,99,960,4000,4301331,78241,7921,6,177,English,USA,R,4000000,1995,975,0.67,7000
Color,6,100,117,429,21,29233,75,24,0,2,English,USA,R,3500000,2015,3,0.7,121
Color,673,183,91,2000,15000,330249062,371639,24450,0,3018,English,USA,PG-13,250000000,2016,4000,0.69,197000
Color,273,112,108,175,12000,39462438,67760,13172,0,226,English,USA,R,7000000,2009,628,0.73,7000
Color,27,118,91,410,26000,46451,7663,27756,2,38,English,USA,R,7000000,2010,854,0.6,694
Color,137,129,258,163,2000,45356386,71574,2864,1,244,Spanish,USA,PG,75000000,2005,277,0.59,951
Color,60,102,4,882,17000,317040,6723,30978,1,36,English,USA,PG-13,15500000,2008,13000,0.68,1000
Color,238,122,91,11000,14000,117144465,256928,43499,3,288,English,USA,PG-13,85000000,2007,13000,0.69,7000
Color,179,102,221,4000,12000,162001186,181443,28497,4,311,English,USA,PG-13,80000000,2010,11000,0.6,12000
Color,198,125,91,350,11000,125531634,284852,19359,0,627,English,USA,PG-13,110000000,2004,8000,0.64,7000
Color,191,109,14,376,733,31990064,63390,2753,2,160,English,USA,PG-13,12000000,2015,558,0.64,7000
Color,275,138,91,30,234,281492479,421818,534,0,2789,English,USA,R,150000000,2003,198,0.72,7000
Color,133,104,93,878,11000,74058698,59232,17109,0,317,English,USA,R,60000000,2001,2000,0.63,7000
Color,220,101,52,332,510,32453345,31791,2161,0,155,English,USA,R,5000000,2014,358,0.5,10000
Color,137,101,48,531,775,30307804,43991,3001,2,695,English,USA,R,35000000,2002,541,0.52,7000
Color,180,95,83,1000,18000,20488579,113483,29926,1,245,English,USA,R,50000000,2009,8000,0.58,7000
Color,99,85,64,729,3000,48546578,50415,6539,0,613,English,USA,PG-13,20000000,2006,869,0.27,806
Color,56,139,17000,94,554,32000000,36267,1068,3,150,English,USA,PG,30000000,1993,382,0.72,7000
Color,401,97,171,846,11000,241407328,252257,15516,2,634,English,USA,PG,180000000,2014,2000,0.7,89000
Color,346,106,78,429,1000,6262942,59545,3852,0,312,English,USA,PG-13,9000000,2013,664,0.69,18000
Color,114,104,91,877,2000,20241395,42664,5123,0,403,English,USA,R,20000000,1998,1000,0.61,7000
Color,10,82,91,429,1000,21199,40,3852,1,10,English,USA,R,500000,2014,664,0.68,44
Color,270,109,175,733,24000,66489425,101977,26625,3,161,English,USA,R,25000000,2012,736,0.65,7000
Color,20,93,7,611,906,5561,4995,4725,1,34,English,USA,PG-13,10000000,2007,848,0.39,160
Color,190,104,235,1000,14000,97680195,271691,29505,1,243,English,USA,PG-13,70000000,2008,11000,0.68,7000
Color,75,98,61,83,649,32701088,10018,1400,1,108,English,USA,PG,32000000,2005,579,0.69,7000
Color,68,93,4,8,28,25240988,12383,52,0,50,English,USA,PG,12000000,2012,9,0.59,7000
Color,97,99,11,971,11000,37882551,80305,15369,0,393,English,USA,R,16000000,2001,983,0.57,7000
Color,46,88,30,366,13000,90443603,112167,15001,1,123,English,USA,PG,80000000,1996,967,0.63,7000
Color,170,123,55,956,3000,34543701,100001,5839,1,289,English,USA,PG-13,82000000,2000,975,0.59,7000
Color,589,119,91,502,23000,66468315,428916,37387,0,667,English,USA,R,30000000,2012,13000,0.74,75000
Color,5,87,84,331,702,252726,1289,2715,0,18,English,USA,PG,3000000,2006,366,0.72,76
Color,111,107,5,141,893,28014536,73347,2044,1,296,English,USA,R,15000000,1997,822,0.74,7000
Color,82,111,23,1000,3000,41407470,43378,9638,1,292,English,USA,PG,30000000,2003,3000,0.76,7000
Color,291,153,446,154,523,119518352,188637,1383,0,815,English,USA,PG-13,28000000,2005,405,0.79,11000
Color,42,94,91,664,1000,4693919,11011,4484,0,78,English,USA,R,6500000,2008,1000,0.46,422
Color,81,97,21,499,17000,11043445,27689,20312,0,74,English,USA,PG-13,10000000,2007,1000,0.65,1000
Color,22,106,8,315,611,115504,4820,1739,2,26,English,UK,PG-13,14000000,2008,397,0.62,7000
Color,43,83,88,348,3000,51109400,76850,4767,5,85,English,USA,PG-13,30000000,1994,459,0.64,1000
Color,59,95,40,342,663,35927406,36363,2266,0,256,English,USA,PG-13,30000000,1997,349,0.37,1000
Color,131,98,323,511,933,26536120,49926,3357,0,286,English,Germany,R,50000000,2003,631,0.65,7000
Color,129,132,24,506,967,40270895,121937,3152,0,431,English,USA,PG-13,22000000,2001,912,0.76,15000
Color,388,131,91,383,10000,15700000,332065,11114,0,876,English,USA,R,15000000,2008,602,0.76,16000
Color,151,90,68,100,328,32553210,88714,794,0,235,English,UK,PG,25000000,2007,132,0.63,7000
Black and White,61,100,91,429,5,1227508,15103,5,0,80,English,USA,R,23000,1991,664,0.71,2000
Color,23,115,91,266,12000,25842000,13455,13619,0,87,English,UK,PG,22000000,1993,1000,0.74,2000
Color,63,97,2,461,890,8586376,26598,3161,4,132,English,USA,R,20000000,2002,852,0.49,1000
Color,17,147,91,400,18000,5899797,9913,18855,0,51,English,UK,PG,29000000,1987,427,0.75,7000
Color,160,95,43,357,3000,56729973,88529,5286,0,262,English,USA,R,10800000,2008,723,0.58,7000
Color,72,88,20,429,58,592014,5709,78,3,114,English,USA,R,218,2003,20,0.72,754
Color,79,97,13,695,11000,19819494,26893,13628,0,126,English,USA,R,70000000,1998,893,0.58,815
Color,197,134,37,504,11000,309125409,681857,13649,0,647,English,USA,PG,32500000,1983,1000,0.84,14000
Color,180,98,80,708,22000,148383780,85531,24082,10,152,English,USA,PG-13,100000000,2010,713,0.55,7000
Color,68,135,407,111,11000,13269963,23202,11400,2,173,English,USA,R,5000000,1996,189,0.76,7000
Color,72,83,10,69,688,8326035,21933,1019,2,76,English,Germany,PG-13,33000000,2005,99,0.55,676
Color,201,117,125,168,10000,162586036,338383,11036,0,611,English,USA,PG-13,55000000,2006,617,0.8,32000
Color,27,88,22,120,174,9286314,4972,583,1,62,English,USA,R,17000000,1991,132,0.59,7000
Color,67,92,6,227,10000,23091,5664,11091,1,42,English,UK,R,15000000,2008,304,0.62,921
Color,166,97,17,74,158,32600000,29488,467,0,326,English,USA,R,1800000,1984,84,0.59,7000
Color,287,110,91,1000,3000,58885635,194422,10438,0,1057,English,USA,R,26000000,2004,2000,0.74,7000
Color,134,94,91,557,2000,16501785,469561,3559,4,514,English,UK,R,3500000,1996,887,0.82,21000
Color,149,91,17,670,1000,41867960,65512,3023,0,478,English,USA,R,20000000,2001,795,0.55,7000
Color,81,140,12000,619,10000,111544445,188116,11951,4,415,English,USA,R,90000000,1998,660,0.73,7000
Color,305,124,845,424,15000,52418902,147128,16881,0,277,English,USA,R,30000000,2015,1000,0.75,44000
Color,185,122,687,957,16000,52397389,132954,19764,0,514,English,USA,R,65000000,2004,1000,0.59,7000
Color,94,116,521,481,13000,177200000,77366,14701,1,194,English,USA,PG,22000000,1982,521,0.74,7000
Color,75,90,15,453,953,5844929,6000,2510,1,109,English,USA,PG-13,3000000,2002,625,0.7,595
Color,163,114,19,848,1000,28772222,33953,3962,1,163,English,USA,PG-13,105000000,2015,897,0.53,37000
Color,119,107,308,872,13000,11008432,43903,16651,0,194,English,USA,PG-13,25000000,2005,947,0.71,5000
Color,72,96,91,302,2000,60154431,122347,3718,1,345,English,USA,PG-13,47000000,1996,1000,0.6,7000
Color,391,109,91,120,1000,26236603,251349,1582,0,547,English,USA,R,6000000,2008,245,0.79,10000
Color,129,97,29,816,15000,48237389,63969,18789,1,126,English,USA,PG-13,25000000,2008,852,0.55,7000
Color,161,118,473,680,12000,55808744,59435,15889,4,323,English,USA,PG-13,53000000,2005,1000,0.57,7000
Color,131,137,70,464,4000,39143839,38658,5746,0,284,English,USA,PG-13,20000000,2006,884,0.5,930
