duration,num_voted_users,num_critic_for_reviews,num_user_for_reviews,director_facebook_likes,actor_1_facebook_likes,actor_2_facebook_likes,actor_3_facebook_likes,cast_total_facebook_likes,movie_facebook_likes,imdb_score,gross,facenumber_in_poster,budget,title_year
90,23021,137,220,65,1000,989,683,3155,816,0.5900000000000001,10042266,0,1000000,2005
87,97089,225,233,124,865,441,77,1417,20000,0.5700000000000001,29136626,0,60000000,2011
300,1666,31,47,6,7,6,6,32,124,0.6599999999999999,454255,3,400000000,2001
133,112175,57,329,380,12000,11000,918,26388,11000,0.75,66528842,2,30000000,1994
134,5603,73,45,45,9,2,429,11,607,0.71,195888,0,2500000000,2005
99,15877,93,102,26,720,669,650,3327,590,0.5900000000000001,25584685,5,20000000,2007
124,184637,293,498,171,21000,17000,10000,52547,29000,0.4900000000000001,300523113,3,68000000,2010
113,46480,211,115,88,22000,13000,785,36009,12000,0.64,29802761,1,40000000,2013
117,107923,84,197,179,1000,398,239,1862,7000,0.71,52700832,4,4500000,1994
123,192930,316,581,456,19000,1000,286,20499,12000,0.78,50921738,1,30000000,2007
99,21034,82,153,130,399,116,79,663,23000,0.58,91443253,1,12000000,2014
88,52069,184,95,65,3000,697,681,5706,7000,0.5599999999999999,19316646,3,30000000,2013
108,62271,93,277,79,650,293,268,1569,7000,0.58,67155742,1,116000000,1997
99,9376,114,74,4,1000,233,201,1558,7000,0.52,18378,0,900000,2008
97,184795,207,310,91,11000,2000,760,14868,22000,0.74,93452056,1,45000000,2007
96,22929,137,287,2,742,256,120,1308,926,0.52,11642254,1,3000000,1989
124,77673,163,463,42,11000,973,848,13073,7000,0.6,68642452,3,130000000,2005
94,12077,44,162,10,694,605,141,1668,433,0.6,13264986,2,35000000,2001
94,237848,487,377,91,13000,13000,559,27911,71000,0.78,45507053,2,16000000,2012
118,6476,98,71,650,1000,773,715,3389,7000,0.5700000000000001,30920167,4,25000000,2012
115,23302,110,181,234,3000,552,521,4713,1000,0.65,56702901,1,60000000,1998
104,235025,376,265,37,12000,779,760,14863,44000,0.73,268488329,0,200000000,2013
104,128593,181,867,91,8000,1000,898,11632,7000,0.6900000000000001,30059386,5,22000000,2001
124,49536,134,379,258,867,826,748,3424,7000,0.5900000000000001,68473360,0,75000000,2000
81,13523,159,95,26,2000,509,300,3344,7000,0.6900000000000001,56536016,0,4900000,2016
164,354228,422,802,91,5000,972,773,9152,65000,0.75,255108370,0,250000000,2014
89,10624,96,125,17,690,190,85,1160,7000,0.62,12947763,0,5000000,1986
121,235133,151,494,17000,22000,394,356,23008,7000,0.8300000000000001,45250,1,18000000,1980
107,60476,60,97,12000,10000,3000,695,14006,7000,0.5900000000000001,82670733,0,60000000,1990
121,63363,240,644,91,19000,972,854,22833,7000,0.5599999999999999,22518325,0,50000000,2006
106,106072,370,398,4000,19000,13000,591,32921,65000,0.78,362645141,0,175000000,2016
108,6838,76,117,54,786,567,463,2730,924,0.63,8054280,3,20000000,2004
215,392474,451,1229,91,986,745,413,2530,18000,0.77,107503316,1,130000000,2009
111,103230,237,143,101,966,919,681,3393,10000,0.5900000000000001,45045037,3,36000000,2011
120,217740,287,1641,91,103,21,5,129,7000,0.79,128067808,3,15000000,2000
111,60156,166,299,91,856,742,725,3309,7000,0.6799999999999999,9525276,0,20000000,2007
86,3080,43,44,302,893,798,428,3049,117,0.62,226792,2,10000000,2001
83,24216,75,162,7,2000,577,485,4024,401,0.41,10431220,0,24000000,1999
176,144337,91,309,58,711,60,60,1004,7000,0.61,88246220,0,175000000,1995
88,49820,131,311,55,506,449,150,1584,7000,0.6599999999999999,44793200,0,4500000,1987
115,173551,157,361,91,85,79,35,318,11000,0.8099999999999999,5383834,0,2000000,2000
123,71708,158,307,91,3000,745,23,3768,7000,0.7,37339525,1,48000000,1998
130,88270,141,420,317,18000,14000,256,32637,7000,0.75,19593740,0,50000000,2003
100,15169,129,213,17,669,429,86,1267,7000,0.62,6852144,0,22000000,2003
105,24657,213,71,91,1000,172,52,1342,7000,0.72,1260917,4,27000000,2009
111,94049,108,301,91,11000,995,529,13645,7000,0.62,108244774,2,37000000,2001
101,17309,104,388,37,2000,886,595,4262,612,0.33,13208023,1,42000000,2002
104,29517,97,79,38,801,727,690,2667,7000,0.58,3447339,7,1500000,2013
121,59462,229,300,353,45,30,18,142,7000,0.6599999999999999,3073392,0,25000000,2008
89,23476,73,181,18,658,257,226,1233,858,0.4400000000000001,66734992,0,60000000,2003
105,43013,71,104,96,509,294,35,888,7000,0.77,35811509,0,5500000,1996
107,600266,204,692,91,2000,663,255,3582,13000,0.8099999999999999,38400000,1,6500000,1984
101,437418,147,609,11000,13000,571,512,15500,38000,0.8099999999999999,70906973,1,14600000,1993
100,44885,103,107,91,12000,2000,1000,18291,478,0.51,85570368,1,38000000,2002
106,20810,139,100,102,14000,3000,970,18712,7000,0.71,5348317,0,10000000,2015
99,45394,121,72,35,3000,594,433,4863,19000,0.65,35057332,0,33000000,2012
100,43376,60,249,36,13000,773,554,15944,7000,0.5700000000000001,17218080,0,70000000,1991
99,47364,117,75,23,405,268,135,1066,7000,0.65,31136950,1,44000000,2010
105,34985,138,135,43,22000,14000,827,37766,7000,0.54,1796024,1,22000000,2010
116,5161,82,48,70,1000,876,706,5804,7000,0.5700000000000001,24397469,7,17000000,2012
108,77390,72,189,610,848,517,461,2913,7000,0.6,70450000,2,50000000,1996
142,1251222,149,1398,91,15000,294,194,15700,59000,0.8800000000000001,329691196,0,55000000,1994
89,29659,88,227,81,321,101,92,584,1000,0.51,22168359,0,8000000,1989
118,171882,80,292,529,40000,29000,472,69746,14000,0.78,9170214,1,11000000,1993
73,2045,44,37,11,1000,436,142,2020,339,0.58,11634458,0,17000000,1999
116,3536,31,44,500,12000,1000,530,14579,228,0.63,1292527,2,19000000,1996
121,45455,145,388,357,820,780,653,2705,7000,0.5,31704416,0,135000000,2005
112,41361,63,148,277,1000,530,327,2412,7000,0.73,62549000,0,2300000,1992
94,67296,178,133,62,14000,12000,722,27842,7000,0.58,103812241,3,79000000,2012
118,2676,41,33,50,968,844,655,4270,7000,0.7,1089445,0,12500000,2009
125,683,12,3,21,78,61,36,221,874,0.62,169379,1,10000000,2013
101,162701,80,962,163,683,548,488,2436,19000,0.74,41227069,1,11000000,2002
156,406020,556,1188,91,29000,27000,733,57108,190000,0.8099999999999999,183635922,0,135000000,2015
82,39095,122,187,82,759,401,354,2898,16000,0.35,36658108,7,20000000,2010
98,45775,74,112,41,13000,2000,900,18085,462,0.55,16323969,5,40000000,2004
104,43205,168,232,214,1000,509,430,2129,7000,0.74,1900725,1,2000000,2005
114,43027,75,214,91,524,517,452,2668,7000,0.6799999999999999,65000000,0,62000000,1995
114,147497,358,499,62,12000,2000,884,16718,52000,0.61,155181732,0,110000000,2015
105,48095,66,194,29,14000,1000,742,16400,7000,0.58,35990505,1,20000000,2003
89,761,23,14,269,489,26,24,539,26,0.6599999999999999,2223990,1,3000000,2003
120,97664,275,232,91,4000,904,680,5826,17000,0.5700000000000001,134455175,2,35000000,2013
92,56168,53,103,39,3000,562,458,4518,5000,0.54,105263257,0,55000000,1997
111,166610,230,211,545,26000,872,805,28643,7000,0.64,36064910,4,45000000,2008
121,8058,91,57,57,1000,837,664,3745,7000,0.6599999999999999,21569041,2,9000000,2014
105,21079,15,55,121,11000,3000,384,14677,818,0.52,13854000,0,20000000,1988
121,4670,63,27,91,974,643,187,1887,7000,0.6,127437,0,18000000,2011
107,62421,123,185,30,742,360,318,2341,10000,0.58,62933793,1,20000000,2010
123,118992,418,971,452,10000,336,329,11287,80000,0.6900000000000001,161087183,8,175000000,2016
112,21613,109,148,11000,11000,650,642,12766,762,0.6599999999999999,4839383,0,16000000,2002
172,6082,78,207,438,852,637,466,2397,853,0.5900000000000001,22843047,1,55000000,1998
142,31227,85,354,91,978,911,854,5386,7000,0.6599999999999999,19283782,0,22000000,1999
115,12596,50,64,49,116,110,100,525,7000,0.67,30127963,0,15000000,2014
107,58297,112,161,13,618,172,165,1095,7000,0.6599999999999999,21835784,3,30000000,2005
87,385943,304,296,275,7000,2000,975,11608,31000,0.77,251501645,0,69000000,2010
129,113065,166,337,468,919,691,183,2024,7000,0.6900000000000001,37567440,0,20000000,1982
89,46205,78,147,91,1000,627,500,3096,7000,0.58,9652000,0,40000000,2003
113,5744,61,57,9,402,222,42,787,381,0.71,9054736,1,2700000,1997
112,16445,111,99,63,2000,1000,422,4810,7000,0.61,26345,4,3000000,2012
133,91860,156,524,278,5000,117,107,5405,14000,0.74,24343673,0,45000000,2007
116,74274,103,255,91,8000,3000,995,12790,7000,0.55,152149590,2,70000000,1999
95,4598,28,29,48,1000,865,826,4837,375,0.61,14003141,1,7000000,1999
88,60295,110,232,387,436,25,18,479,7000,0.74,7362100,0,1500000,2005
98,63108,183,330,58,14000,537,242,15251,15000,0.5900000000000001,25464480,0,10000000,2009
100,94292,192,287,91,3000,2000,985,7252,13000,0.64,18439082,3,18500000,2009
121,4603,81,91,16,907,585,526,3633,489,0.62,12549485,4,15000000,2006
102,101411,85,546,323,845,372,241,1815,7000,0.6599999999999999,32694788,1,85000000,1999
109,181025,355,336,453,15000,10000,953,27788,38000,0.77,40983001,2,7000000,2012
109,286178,208,631,64,11000,11000,505,23923,7000,0.6799999999999999,124732962,0,35000000,2006
149,50311,75,212,15000,15000,9000,982,28713,7000,0.6900000000000001,25809813,6,26000000,1996
107,92599,290,225,78,18000,2000,969,22834,21000,0.71,5354039,8,3500000,2011
212,23996,83,161,91,12000,5000,805,21130,915,0.71,13560960,0,50000000,1995
90,83234,440,475,91,33000,1000,428,34779,30000,0.5700000000000001,778565,1,4800000,2013
96,6200,38,92,9,12000,11000,934,26961,398,0.5599999999999999,6044618,1,10000000,2002
104,138707,93,202,91,16000,12000,4000,33758,7000,0.72,25625110,0,7000000,1995
120,124941,195,488,91,865,851,221,2321,7000,0.61,101334374,5,24000000,1997
95,30771,46,164,19,1000,691,447,2643,7000,0.48,33422806,1,50000000,2001
110,50148,38,116,49,13000,279,20,13331,7000,0.54,57362581,2,45000000,1994
75,8693,93,71,91,4000,769,677,6863,261,0.45,15519841,3,47000000,2006
130,106528,80,257,323,670,442,330,2407,7000,0.62,50016394,1,70000000,1993
104,108076,170,1690,14,3000,762,203,4487,7000,0.51,75030163,0,100000000,2006
106,39260,259,129,50,17000,908,741,21711,7000,0.6599999999999999,3571735,2,10000000,2010
95,24089,156,82,25,989,664,439,2558,7000,0.55,108012170,0,63000000,2011
108,77415,100,139,287,4000,835,823,8610,7000,0.61,53955614,0,40000000,1998
116,33567,159,206,153,275,247,165,727,7000,0.74,22201636,1,8000000,2005
151,472488,568,1023,91,13000,801,372,14831,153000,0.8099999999999999,228430993,1,108000000,2015
106,2742,38,73,91,254,147,131,964,72,0.7,1027119,1,225000,2000
84,55928,141,157,180,510,297,58,962,7000,0.72,1197786,2,12000000,2004
154,317166,190,928,380,10000,956,445,11945,7000,0.77,111110575,1,140000000,2003
100,37785,58,95,91,828,531,65,1431,2000,0.72,24741700,2,1200000,1989
129,273108,230,646,91,18000,412,277,19148,7000,0.76,88504640,2,45000000,2006
130,181737,206,1015,91,13000,1000,769,16693,10000,0.74,30651422,8,10000000,1999
108,1747,44,28,28,1000,664,429,3852,353,0.75,505295,0,1800000,2003
133,146364,239,237,549,10000,796,343,11799,27000,0.74,21129348,0,35000000,2010
109,35990,157,157,80,14000,4000,835,20503,7000,0.5900000000000001,13838130,3,40000000,2009
82,36029,147,99,87,1000,581,444,3818,14000,0.61,6842058,0,10000000,2012
147,154487,73,259,272,22000,11000,893,37076,7000,0.75,53300852,3,44000000,1996
126,20449,136,370,37,12000,10000,883,25660,1000,0.7,17804273,0,20000000,2000
94,76467,91,236,6,16000,1000,804,19957,7000,0.6799999999999999,16101109,3,3000000,2005
112,59352,176,138,72,11000,1000,715,13827,7000,0.5599999999999999,70224196,0,70000000,2008
111,97838,143,286,906,1000,1000,906,6315,3000,0.76,92001027,2,45000000,1996
138,264047,449,491,91,18000,984,874,20952,64000,0.73,93749203,0,31000000,2012
96,110432,117,309,65,12000,11000,828,26826,7000,0.58,126203320,1,50000000,2002
105,68417,114,242,61,5000,827,708,7184,7000,0.51,93815117,2,55000000,2002
104,23767,137,111,272,22000,18000,17000,71973,845,0.5700000000000001,1089365,1,25000000,2008
97,14018,110,190,91,378,321,117,1173,682,0.67,7022940,1,1000000,2001
99,3579,61,14,29,117,64,64,298,7000,0.6900000000000001,19959,2,3800000,2009
109,60555,167,174,22,14000,716,355,15790,7000,0.62,13248477,1,27000000,2009
118,102248,371,403,91,13000,13000,559,27674,34000,0.61,78031620,7,70000000,2014
98,12263,58,132,70,462,444,223,1855,564,0.46,15361537,0,13000000,2002
103,22649,46,212,80,1000,872,782,4676,1000,0.5900000000000001,10411980,0,15000000,2004
107,38191,109,271,91,969,449,112,1775,7000,0.64,18090181,0,8000000,1994
99,6921,48,48,220,812,787,599,3337,344,0.6599999999999999,1227324,3,12500000,1996
101,145395,486,375,91,13000,898,726,15230,23000,0.73,4000304,0,6500000,2011
97,67604,130,218,272,22000,4000,957,29252,12000,0.71,43022524,0,15000000,1997
85,19986,99,186,91,1000,1000,849,4289,7000,0.6599999999999999,2199853,1,1200000,1999
138,887467,185,916,438,12000,826,173,13184,40000,0.86,130727000,0,19000000,1991
103,47968,218,154,11,2000,1000,543,5497,35000,0.64,80021740,4,58000000,2015
95,1268,66,23,8,529,423,399,2749,195,0.62,17580,3,1500000,2009
90,55008,161,93,12,786,651,587,2462,21000,0.63,35033759,4,19000000,2011
96,87739,45,133,37,801,760,542,3113,7000,0.67,81200000,0,4500000,1984
192,1215718,328,3189,91,5000,857,416,6434,16000,0.89,377019252,2,94000000,2003
107,16411,160,136,91,798,374,255,2537,7000,0.48,14637490,2,25000000,2010
87,11257,98,65,9,15000,2000,1000,20061,7000,0.42,33643461,0,50000000,2010
90,160440,127,394,420,191,165,141,664,7000,0.6599999999999999,226138454,2,90000000,2001
106,17443,25,56,323,472,47,429,519,694,0.6,45500797,2,40000000,1992
110,96690,146,293,9,485,110,95,939,7000,0.6599999999999999,56932305,2,55000000,2000
102,85237,208,274,234,20000,11000,11000,45202,18000,0.5599999999999999,21557240,3,49900000,2011
114,22797,45,96,73,695,654,563,3444,7000,0.6,15100000,1,15000000,1984
135,41685,146,754,91,3000,1000,715,5917,3000,0.7,29077547,1,40000000,2005
123,42315,57,140,36,10000,1000,631,12338,7000,0.6599999999999999,32051917,0,20000000,1995
89,58300,82,139,10,2000,919,442,3372,7000,0.6900000000000001,50802661,1,95000000,2000
102,148221,481,316,338,1000,342,60,1445,51000,0.76,4105123,0,1100000,2011
85,132,17,2,91,49000,931,924,54484,87,0.62,7826,10,1200000,2007
153,451803,599,1225,464,15000,10000,963,28489,56000,0.7,262030663,0,230000000,2012
123,223393,436,550,258,16000,368,326,17657,24000,0.5599999999999999,116593191,2,200000000,2011
119,9689,30,23,5,29,18,12,86,1000,0.78,4958,2,2000000,2008
93,65499,147,424,189,1000,177,38,1267,7000,0.5599999999999999,82226474,0,65000000,2006
96,20885,158,60,31,804,625,328,3013,7000,0.61,3590010,0,2000000,2015
77,3851,31,114,3,787,690,593,2185,346,0.28,7382993,0,20000000,2006
98,11074,40,56,7,289,38,17,362,442,0.74,95016,0,2700000,2004
88,42765,68,93,34,642,533,445,2501,7000,0.6,78656813,0,25000000,1991
91,18042,118,73,39,1000,591,562,3104,7000,0.5900000000000001,55747724,1,55000000,2013
186,12053,116,119,50,13000,1000,338,14638,7000,0.65,46495,1,14000000,2011
98,29994,68,86,36,10000,692,405,11770,7000,0.6900000000000001,117190,4,8000000,2010
107,42614,50,120,58,549,439,316,1747,7000,0.6799999999999999,44726644,5,13000000,1988
91,31130,151,243,244,538,363,244,1349,7000,0.74,3885134,0,2000000,2005
178,886204,723,3054,91,1000,936,855,4834,33000,0.79,760505847,0,237000000,2009
101,51326,132,116,17,35000,966,429,36892,8000,0.65,34017854,4,8500000,2015
101,106098,163,150,16,943,769,472,2786,20000,0.72,6350058,3,8000000,2010
107,47297,138,86,209,2000,594,357,4059,16000,0.62,42385520,0,30000000,2010
91,739,28,10,91,472,185,170,1047,339,0.65,12055,2,500000,2007
119,219008,123,418,91,22000,371,188,22767,7000,0.79,76270454,1,25000000,1987
97,53415,140,339,131,23000,81,62,23242,7000,0.6599999999999999,21973182,2,23000000,2001
125,189855,183,1018,541,920,890,409,2699,7000,0.37,107285004,3,125000000,1997
129,161168,335,287,91,12000,412,385,13573,43000,0.65,49874933,4,26000000,2013
117,2395,49,17,138,908,581,416,3204,636,0.5700000000000001,134904,9,25000000,2010
90,26609,135,148,5,449,332,297,1534,7000,0.52,25926543,1,8000000,2008
93,21530,111,159,16,567,326,258,1775,618,0.61,4919896,1,13000000,2001
165,79186,174,386,91,10000,851,780,14196,7000,0.6799999999999999,58183966,1,107000000,2001
113,18632,138,354,319,1000,65,48,1171,656,0.53,4717455,0,12000000,2003
92,47169,264,162,30,941,459,309,2348,17000,0.5900000000000001,49122319,0,14000000,2012
122,333847,470,2054,14000,11000,1000,1000,14959,5000,0.62,317011114,2,185000000,2008
109,9424,55,109,78,854,841,619,3394,7000,0.6900000000000001,33000000,1,10000000,1985
121,50656,125,416,91,989,888,244,2365,7000,0.75,16311763,1,17000000,1998
126,27191,100,232,226,12000,509,241,13406,7000,0.65,34098563,1,55000000,1999
81,143251,241,710,91,12000,11000,836,25489,7000,0.77,22245861,0,19000000,2002
95,20295,66,164,31,3000,695,683,6161,416,0.38,4411102,1,100000000,2002
109,9004,105,103,277,2000,378,345,2759,287,0.6599999999999999,3517797,0,25000000,2002
127,19126,37,155,16,565,441,399,1735,7000,0.67,35422828,1,20000000,1997
109,39391,94,171,88,611,592,571,2818,374,0.43,123307945,1,65000000,2000
105,74630,159,156,56,898,60,22,1026,13000,0.65,53021560,1,30000000,2010
101,10771,25,65,91,240,83,83,490,413,0.64,10696,8,6800000,2003
94,23928,34,100,36,13000,828,507,15183,7000,0.6599999999999999,13801755,1,20000000,1997
114,94407,110,322,52,12000,702,539,13905,7000,0.67,78745923,1,55000000,1998
124,103241,141,742,130,4000,973,841,6181,5000,0.71,78120196,0,75000000,2002
129,23480,113,83,51,427,234,89,952,21000,0.74,44469602,0,17000000,2015
86,14621,69,48,89,986,713,511,4073,7000,0.47,17314483,2,4000000,2014
120,5166,78,27,2,809,521,80,1651,815,0.73,634277,1,16000000,2007
86,12160,82,73,8,2000,424,357,3071,307,0.6900000000000001,5518918,0,750000,2007
91,7159,42,88,23,925,660,629,2913,247,0.5,10443316,2,15000000,1998
236,186485,92,382,91,933,839,232,2398,7000,0.8,184208848,1,22000000,1990
115,30077,114,175,73,11000,3000,505,15571,893,0.63,41543207,1,42000000,2002
95,9750,109,66,91,227,4,429,231,7000,0.72,1060591,0,1300000,2007
101,19234,159,258,365,237,28,14,302,7000,0.55,8025872,3,4700000,1986
154,88844,56,142,521,10000,1000,957,14244,7000,0.6799999999999999,158348400,0,42000000,1993
106,86902,131,411,212,578,563,389,2544,7000,0.64,59068786,2,40000000,2001
101,2189,24,31,31,690,457,448,1993,7000,0.46,6448817,0,35000000,1997
104,1177,31,10,10,507,236,196,1281,7000,0.6,143653,0,4000000,2014
80,16385,143,100,40,3000,642,375,4394,7000,0.46,100169068,0,80000000,2010
89,25960,140,389,19,526,392,349,1383,1000,0.41,46363118,0,20000000,2005
89,31915,183,159,10,852,707,704,5056,18000,0.4400000000000001,50820940,0,5000000,2014
97,3911,39,22,5,1000,426,349,2739,7000,0.53,2557668,1,2000000,2015
107,51459,60,113,71,967,455,304,1962,7000,0.65,80000000,0,8200000,1984
100,21468,285,164,91,640,550,389,2082,12000,0.54,7186670,0,6000000,2013
100,72867,140,120,126,19000,1000,925,25206,7000,0.54,47000485,2,75000000,2010
128,50041,117,116,88,989,970,954,3386,23000,0.71,37432299,0,34000000,2015
89,12339,52,32,91,555,484,405,1752,256,0.29,13235267,2,6000000,2007
96,35586,104,131,11000,11000,474,223,11867,7000,0.74,10569071,2,20000000,1997
114,53132,61,101,357,13000,10000,366,25126,7000,0.58,32885565,0,80000000,1996
106,15310,52,38,167,966,807,676,4830,3000,0.5700000000000001,65182182,8,24000000,2014
107,100821,102,554,368,2000,1000,1000,4046,7000,0.48,100685880,0,120000000,2003
90,38248,103,250,6,1000,650,458,2666,7000,0.61,31585300,0,15000000,2005
109,7116,66,79,200,21000,18000,1000,41645,494,0.5599999999999999,336456,2,8000000,2003
92,28041,177,111,89,17000,329,190,17860,7000,0.6,55291815,0,35000000,2016
105,24977,127,229,386,3000,258,248,4238,7000,0.75,6390032,2,3500000,1998
89,27882,46,130,373,36,35,27,100,7000,0.85,925402,0,180000,1997
86,12559,72,90,94,693,534,146,1373,423,0.64,333976,0,12000000,2002
105,342,9,15,28,426,294,131,1043,7000,0.47,123777,0,3500000,2016
156,383056,392,1902,91,24000,11000,4000,46055,7000,0.62,336530303,0,258000000,2007
110,108843,324,281,91,17000,15000,11000,46646,54000,0.61,113709992,1,7000000,2012
83,24958,17,103,3,16000,542,421,17469,321,0.33,126247,0,6200000,1994
117,200359,226,1009,91,15000,1000,818,16828,7000,0.77,104054514,0,80000000,2002
106,60232,161,110,34,3000,1000,466,5329,7000,0.61,17281832,3,60000000,2008
103,45890,139,177,91,629,561,504,2730,7000,0.7,42365600,0,5000000,1981
102,113918,153,165,22,1000,954,816,4065,7000,0.6599999999999999,38087366,2,12000000,2008
88,15880,75,93,5,11000,387,338,11972,288,0.4900000000000001,6471394,5,50000000,2004
92,219501,198,1236,394,693,595,527,2574,7000,0.5900000000000001,181166115,0,93000000,2001
90,106909,108,268,29,22000,923,650,24534,7000,0.5900000000000001,87856565,1,42000000,2004
121,134625,361,265,175,963,580,221,2131,40000,0.71,43247140,0,55000000,2015
96,26767,148,121,11,805,173,150,1411,7000,0.51,16027866,0,25000000,2015
107,56813,183,381,737,6000,718,678,8094,7000,0.67,12784713,11,22000000,2004
131,29715,117,161,53,14000,871,548,16252,7000,0.71,3752725,3,18000000,2004
136,259519,117,431,138,18000,14000,9000,45271,11000,0.75,60984028,2,57000000,1997
116,175960,362,360,91,15000,509,104,15735,43000,0.73,45434443,2,75000000,2015
102,19686,106,180,43,308,285,280,1440,689,0.5599999999999999,24044532,0,38000000,2001
138,355137,329,1108,282,21000,11000,687,33433,7000,0.75,292000866,3,150000000,2007
81,207934,216,629,541,991,465,328,2562,7000,0.71,46563158,0,13000000,2002
122,47203,131,197,151,24000,15000,11000,50950,7000,0.6799999999999999,9664316,2,27500000,2007
143,131227,272,346,285,11000,8000,7000,28176,41000,0.63,2175312,2,50000000,2013
94,114610,61,176,122,1000,619,617,4263,7000,0.7,121697350,2,20000000,1992
97,19709,92,167,956,20000,551,99,20798,7000,0.61,27338033,3,23000000,2001
91,40618,248,144,263,967,289,192,1582,7000,0.7,2221809,0,5000000,2010
103,36321,169,230,2,2000,508,226,3192,7000,0.74,9013113,2,1000000,2005
111,159198,417,438,456,157,33,21,257,38000,0.6799999999999999,40247512,0,30000000,2011
142,701607,673,1959,378,34000,14000,575,49942,140000,0.73,407999255,0,78000000,2012
108,61018,97,140,79,900,759,25,1715,7000,0.58,60054449,0,35000000,1995
103,44103,98,149,80,806,591,585,3211,7000,0.53,17324744,3,28000000,2006
112,93367,103,497,109,779,629,261,1823,7000,0.64,56607223,8,48000000,2001
100,32103,177,112,11,23000,727,561,25387,7000,0.5700000000000001,20285518,2,28000000,2014
82,52052,121,173,82,1000,642,418,3266,7000,0.45,25871834,6,35000000,2008
140,208817,159,296,2000,15000,968,552,17171,5000,0.76,172071312,0,62000000,1995
81,15047,43,160,54,8000,670,636,10792,2000,0.5,30628981,1,14000000,1999
206,138863,248,1390,91,12000,11000,591,24598,7000,0.55,34293771,3,155000000,2004
86,18566,218,154,9,120,44,32,218,7000,0.53,12555230,0,2000000,2011
122,64944,280,212,91,12000,463,407,13809,6000,0.67,1697956,2,20000000,2009
121,307539,308,577,91,21000,1000,918,23484,7000,0.7,110416702,3,92000000,2008
108,4360,47,148,2,772,232,30,1058,1000,0.7,11703287,3,10000000,2005
92,16646,66,104,226,1000,851,580,3931,7000,0.67,21088568,1,13000000,1995
97,96693,129,271,70,2000,528,512,3984,7000,0.61,110222438,2,26000000,2003
99,62468,164,374,192,347,301,282,1254,7000,0.7,21133087,0,12000000,1999
76,1727,21,21,91,991,575,62,1661,46,0.64,212285,1,250000,1996
128,61114,364,212,151,1000,1000,852,3869,22000,0.75,52066000,0,20000000,2014
101,81783,72,283,545,1000,1000,545,3816,7000,0.58,70360285,0,18000000,1995
85,56874,140,358,91,21000,860,490,22458,7000,0.64,66365290,2,55000000,1999
108,583341,334,626,480,14000,839,706,17623,24000,0.78,277313371,3,35000000,2009
103,48999,151,280,189,3000,967,766,6563,7000,0.6,7948159,1,35000000,2008
143,243799,285,908,91,11000,119,51,11248,7000,0.75,34300771,3,25000000,2006
101,77987,181,120,8,544,449,110,1292,7000,0.61,27758465,2,19000000,2010
109,270228,238,194,87,15000,3000,923,20956,41000,0.6599999999999999,55802754,2,35000000,2011
94,39798,29,69,23,400,255,148,1044,7000,0.5900000000000001,79817937,1,25000000,1986
147,178126,94,511,91,10000,898,877,12954,7000,0.6599999999999999,138396624,1,130000000,2003
93,7988,82,71,78,536,317,197,1467,7000,0.53,200803,3,3000000,2012
93,18109,133,150,187,631,163,158,1176,7000,0.63,197148,0,7500000,2003
106,109214,318,269,91,852,618,482,2975,35000,0.6599999999999999,83574831,0,5000000,2013
99,155532,166,543,57,20000,3000,820,25942,7000,0.65,69772969,4,80000000,2001
94,52244,131,377,383,13000,1000,886,15857,7000,0.6599999999999999,22751979,0,75000000,2000
129,86422,209,363,438,18000,1000,502,20056,7000,0.6599999999999999,65948711,1,80000000,2004
108,26100,110,97,480,970,931,579,4374,484,0.5900000000000001,17803796,1,20000000,2006
105,82327,331,350,58,11000,1000,583,12894,18000,0.64,29959436,1,13000000,2011
101,5936,49,91,3,14000,1000,826,17665,242,0.5700000000000001,1631839,0,10000000,2000
86,11156,34,67,7,10000,908,795,14275,7000,0.62,22717758,0,40000000,1998
154,239540,140,462,16000,22000,1000,889,25522,7000,0.75,39647595,5,12000000,1997
92,585659,250,593,91,12000,1000,773,15013,7000,0.8099999999999999,289907418,0,115000000,2001
100,5187,52,64,365,425,394,225,1661,902,0.55,4884663,0,12000000,1986
178,110394,209,433,138,904,876,748,5074,7000,0.77,75305995,0,40000000,2004
115,80580,55,375,293,49000,22000,878,74382,7000,0.67,135014968,1,50000000,1998
110,171151,126,513,42,355,155,111,911,7000,0.6799999999999999,14589444,2,25000000,2004
108,83786,97,392,72,982,935,559,4251,7000,0.61,127214072,1,38000000,2002
108,38513,214,127,218,6000,3000,405,10191,9000,0.6799999999999999,9528092,2,22000000,2010
95,3229,23,20,2,927,912,807,4990,83,0.41,4006906,7,15000000,2005
94,67191,189,108,70,1000,549,497,2820,14000,0.6,68218041,1,55000000,2011
89,27297,279,131,33,470,378,118,1233,7000,0.61,12843,0,6000000,2012
113,58184,167,805,101,14000,960,913,17786,7000,0.4900000000000001,91188905,0,80000000,1999
111,6318,78,50,62,89,13,6,115,817,0.74,94596,0,1000000,1997
98,45992,217,115,91,925,472,374,1997,7000,0.71,9430988,2,17000000,2009
124,24826,56,175,179,11000,617,551,13093,783,0.6,8406264,3,38000000,1999
133,74009,117,317,46,683,349,275,2371,7000,0.6599999999999999,34667015,0,32000000,1989
91,2419,31,55,18,954,767,597,3901,304,0.65,119841,1,1500000,2002
98,29385,67,86,11000,1000,979,967,4302,979,0.75,13383737,4,20000000,1994
87,37156,156,129,21,4000,3000,416,8353,7000,0.53,418268,3,3000000,2012
106,110616,323,291,450,14000,3000,712,18645,16000,0.71,20803237,1,3500000,2010
121,114407,153,225,31,65,51,43,200,11000,0.77,4063859,2,4800000,2003
122,146352,351,288,209,17000,12000,934,31958,42000,0.58,122512052,6,130000000,2013
167,119928,349,331,473,559,427,303,2702,76000,0.79,161029270,0,28000000,2015
97,86251,198,260,176,12000,11000,10000,36064,58000,0.65,45089048,3,25000000,2014
109,143628,247,1283,545,886,766,727,3222,7000,0.5599999999999999,80281096,0,60000000,2004
125,101178,321,779,252,40000,11000,10000,62837,90000,0.6,127997349,1,50000000,2014
143,400292,166,657,380,29000,3000,452,33160,14000,0.8,57366262,0,100000000,2006
107,177383,440,447,14000,2000,871,845,4631,44000,0.74,77564037,1,135000000,2011
101,165618,412,503,212,13000,787,476,15481,66000,0.53,67344392,2,92000000,2013
125,60326,97,142,91,10000,2000,957,15569,2000,0.58,48154732,1,50000000,1997
107,3843,9,25,58,699,533,324,1592,399,0.64,305070,1,20000000,1994
87,18571,58,120,29,1000,794,522,4218,847,0.53,6563357,4,20000000,2008
119,70292,94,274,7,18000,9000,903,29484,8000,0.67,25178165,1,40000000,2001
99,48245,125,154,15,12000,68,61,12166,7000,0.54,15279680,1,40000000,2008
98,59297,376,216,607,11000,414,251,11853,12000,0.67,1987762,0,11000000,2011
86,29661,81,179,92,744,489,466,3001,7000,0.58,38230435,3,25000000,2002
107,92712,300,294,45,24000,396,271,24805,6000,0.51,16204793,1,16000000,2009
86,2629,18,32,132,778,695,584,2400,227,0.6799999999999999,1277257,2,1000000,1996
112,94139,64,183,309,27,26,15,106,7000,0.78,57504069,2,6000000,1991
128,195333,474,409,310,745,168,77,1058,80000,0.8099999999999999,44988180,2,20000000,2015
95,32512,162,86,24,16000,10000,874,27575,7000,0.63,65804,1,12000000,2012
122,113152,288,1416,909,503,328,282,1448,7000,0.75,119078393,0,6000000,2004
109,86955,323,275,304,940,906,736,3277,12000,0.73,47536959,0,10000000,2009
98,15033,112,75,80,567,503,399,2016,7000,0.5900000000000001,8662318,1,17000000,2009
94,36666,97,144,23,2000,1000,582,4868,7000,0.53,30222640,2,25000000,2003
108,200260,142,431,6,3000,1000,1000,7872,7000,0.64,145096820,0,30000000,2001
123,63839,53,118,226,3000,941,796,5975,7000,0.64,104632573,1,32000000,1996
93,273556,488,428,56,2000,1000,838,5005,39000,0.72,237282182,0,185000000,2012
95,9693,40,33,10,706,266,111,1421,530,0.5700000000000001,25482931,2,14000000,2002
96,33287,97,201,221,240,226,110,664,739,0.5900000000000001,19351569,1,22000000,2001
113,138435,304,527,171,430,72,63,814,7000,0.6599999999999999,39568996,0,32000000,2007
95,1742,16,158,14,284,234,221,1185,409,0.5599999999999999,15278,1,825000,2002
98,403014,175,289,188,10000,826,602,12998,7000,0.73,250147615,0,90000000,1997
100,692482,301,866,475,1000,939,799,5641,11000,0.82,380838870,0,94000000,2003
98,151580,191,672,38,14000,919,706,16791,7000,0.62,50740078,1,45000000,2004
77,13319,89,53,25,304,253,16,575,347,0.63,45542421,0,30000000,2000
93,28377,33,261,14,1000,401,199,2176,7000,0.33,29247405,1,25000000,1997
97,9502,81,100,152,674,174,135,1395,812,0.65,7282851,1,3000000,1988
128,11232,55,106,34,978,886,685,3821,7000,0.5900000000000001,22326247,1,60000000,1999
107,36542,181,378,162,2000,258,135,2447,7000,0.74,15854988,2,13500000,2002
123,61651,128,271,278,4000,1000,898,7072,7000,0.74,25776062,0,12000000,2002
118,14066,47,75,150,24000,210,182,24547,352,0.61,17305211,0,38000000,1996
107,11709,51,101,48,1000,957,940,4971,650,0.53,12372410,1,24000000,2000
125,28130,105,215,159,3000,61,39,3142,7000,0.65,18306166,2,35000000,2002
100,91,3,3,10,655,157,107,1064,144,0.6599999999999999,118666,7,2500000,2006
107,54650,79,223,34,11000,922,472,13821,12000,0.62,7564000,1,20000000,1995
119,15230,20,97,23,25000,19000,748,45841,7000,0.6799999999999999,21413105,1,20000000,1990
98,89557,207,376,326,21000,534,416,22318,7000,0.58,59588068,1,40000000,2003
100,84824,50,95,12000,936,901,605,4121,7000,0.64,153665036,1,28000000,1987
107,8692,49,126,124,636,631,572,3374,754,0.42,14375181,2,51000000,1987
136,67856,140,345,394,24000,10000,1000,36925,7000,0.67,67286731,1,100000000,2004
100,158720,349,744,91,10000,943,894,14168,37000,0.4900000000000001,60522097,0,130000000,2013
114,45895,124,157,73,18000,886,323,19739,1000,0.65,40905277,3,50000000,2003
106,771,11,10,15,2,664,429,2,246,0.77,1111,0,200000,2006
128,303864,151,596,14000,15000,466,232,16199,16000,0.73,77032279,0,60000000,2004
102,17740,90,165,277,327,261,57,672,7000,0.72,10660147,0,23000000,1999
142,464310,284,3516,91,20000,16000,4000,42990,7000,0.67,310675583,3,115000000,2002
118,218771,185,651,22000,14000,509,319,15658,7000,0.72,67263182,0,46000000,2002
109,305340,280,1676,84,648,284,191,1769,7000,0.64,150350192,0,200000000,2003
98,184641,452,326,129,303,18,7,337,81000,0.6900000000000001,66359959,0,35000000,2013
119,172707,355,462,91,40000,11000,968,54031,37000,0.63,23014504,1,100000000,2014
96,4663,49,40,6,40,30,14,99,321,0.51,792966,2,2300000,1989
129,1758,74,30,776,25000,463,256,26176,7000,0.45,186354,0,13500000,2015
111,54314,79,127,17,13000,968,652,16536,7000,0.61,32940507,1,60000000,1998
103,1439,38,26,27,71,59,59,262,26,0.6900000000000001,206400,0,50000000,2001
95,30255,94,118,58,14000,8000,3000,27351,743,0.5599999999999999,52580895,1,45000000,2005
98,4996,21,62,70,876,324,90,1351,843,0.53,1953732,0,15000000,1986
102,357275,288,1061,126,23000,1000,517,25462,18000,0.76,15047419,1,7000000,2000
151,1347461,315,2968,21000,11000,783,637,13209,48000,0.8800000000000001,37023395,2,63000000,1999
115,320284,276,1361,13000,40000,16000,588,57844,7000,0.67,206456431,3,150000000,2005
90,9673,41,106,116,594,412,303,1836,7000,0.6,1602466,0,600000000,2010
121,128010,68,136,503,808,277,94,1446,7000,0.67,144731527,2,35000000,1992
98,286877,306,284,275,7000,2000,1000,11905,56000,0.75,368049635,0,76000000,2013
106,55567,221,144,34,11000,11000,683,23187,20000,0.6900000000000001,1939441,1,10000000,2012
96,7403,44,162,4,989,841,670,3142,648,0.51,10494147,1,15000000,2000
126,245333,682,678,17000,17000,16000,1000,36017,42000,0.75,73820094,0,170000000,2011
107,58871,212,156,50,293,117,58,621,7000,0.65,30993544,0,40000000,2010
120,4302,76,45,930,982,602,433,2942,375,0.61,349618,1,9000000,1990
99,11763,45,111,28,18000,1000,223,19649,7000,0.71,4600000,2,1900000,1986
98,4976,47,52,12,393,259,149,955,989,0.76,795126,1,6000000,2004
98,11816,113,35,969,969,529,433,2530,7000,0.63,389804,0,65000,2010
104,383427,334,1912,420,20000,808,560,21714,7000,0.6799999999999999,234360014,0,210000000,2006
103,54104,337,199,12,29,4,4,44,38000,0.7,252652,0,19900000,2010
108,21319,104,166,105,22000,11000,616,34377,416,0.62,22433915,1,60000000,2002
107,191912,150,370,309,23000,787,771,25296,7000,0.5900000000000001,127083765,5,76000000,2003
113,845580,274,2067,22000,716,651,379,1997,40000,0.85,25530884,0,9000000,2000
112,38142,195,270,91,12000,593,383,13528,7000,0.7,11204499,0,14000000,2006
96,110390,181,522,47,14000,11000,3000,28071,6000,0.72,82234139,3,17000000,2007
106,2601,28,35,19,844,2,429,846,260,0.73,64148,0,6500000,2000
122,17436,119,276,98,729,579,397,2321,7000,0.62,6601079,1,7000000,2004
91,12188,50,135,23,4000,756,660,6380,1000,0.53,96793,3,3500000,2004
132,87682,260,174,241,27000,154,151,27659,43000,0.7,1865774,2,30000000,2015
122,305929,109,633,845,18000,881,854,22370,7000,0.77,76261036,2,45000000,2001
81,8860,85,45,16,541,521,387,2268,279,0.45,30105968,0,37000000,2008
108,210680,204,479,91,2000,931,487,4403,7000,0.71,81257845,1,35000000,2003
116,92237,390,366,198,17000,1000,884,20258,25000,0.72,12134420,0,20000000,2010
178,169023,98,703,102,12000,11000,551,23950,10000,0.71,44606335,0,90000000,1998
139,2427,20,27,133,423,15,5,446,127,0.5700000000000001,2474000,1,14000000,1995
95,139749,462,509,43,11000,326,259,11946,29000,0.64,54322273,0,17000000,2012
109,156898,265,172,175,18000,497,459,20148,22000,0.67,75573300,1,61000000,2013
101,52286,197,345,119,334,4,429,338,24000,0.77,12995673,1,2500000,2008
112,247020,293,835,133,11000,392,365,12239,50000,0.6599999999999999,6105175,4,44000000,2014
105,23916,135,50,125,18000,2000,2000,23122,7000,0.5700000000000001,13101142,5,35000000,2012
131,28099,96,220,108,23000,243,58,23325,7000,0.5900000000000001,25528495,2,57000000,2001
90,12125,78,78,26,797,474,350,2073,1000,0.64,303439,2,8000000,2007
131,135246,169,498,91,8000,883,658,10003,7000,0.73,125548685,0,52000000,2000
130,26832,94,247,63,24,3,2,29,7000,0.77,9473382,3,10000000,1998
92,60230,153,118,35,19000,411,179,19963,11000,0.67,83348920,0,132000000,2014
90,42678,279,135,57,1000,235,92,1528,7000,0.71,258113,0,1066167,2013
146,728685,192,989,17000,22000,854,635,24783,25000,0.8699999999999999,46836394,3,25000000,1990
93,38399,72,218,84,551,284,263,1874,7000,0.6900000000000001,50129186,0,36000000,1997
90,128455,162,514,663,14000,631,521,16358,7000,0.8,23159305,1,70000000,1999
139,236000,283,1043,91,708,78,19,848,14000,0.78,50859889,0,40000000,2006
109,124185,235,238,226,12000,418,370,13388,11000,0.61,63143812,0,150000000,2010
99,1119,34,12,2,1000,690,455,2589,797,0.65,1889522,2,7000000,2009
127,31414,110,180,11000,306,164,116,796,7000,0.43,301305,0,13000000,2011
115,28005,111,236,272,49000,2000,1000,52571,7000,0.62,37442180,1,20000000,2006
84,47383,75,132,42,436,241,182,1203,1000,0.48,55762229,1,22000000,2001
90,7759,22,20,91,806,690,617,3124,1000,0.5900000000000001,100503,2,8000000,2009
116,65297,178,602,84,11000,919,563,14931,7000,0.6599999999999999,77086030,0,62000000,2000
100,43839,127,481,122,210,148,83,469,7000,0.65,373967,0,1500000,2001
89,200293,144,621,406,989,939,759,3462,16000,0.78,10824921,0,10000000,1999
125,143525,262,657,91,15000,383,210,15850,7000,0.71,62647540,0,70000000,2005
134,25465,249,190,16000,880,413,235,2281,16000,0.6900000000000001,47034272,1,40000000,2014
109,63548,298,134,90,1000,412,344,2073,7000,0.62,19692608,3,35000000,2013
102,28621,119,58,167,2000,874,655,5178,7000,0.5900000000000001,90835030,0,40000000,2016
112,9408,75,68,58,552,265,42,859,608,0.67,712294,1,1500000,2005
114,27664,186,120,91,142,117,110,589,472,0.6,31199215,8,58000000,2008
95,57479,97,205,189,500,308,306,2020,7000,0.54,56127162,2,18000000,2003
101,81523,164,214,326,14000,844,510,15990,7000,0.5599999999999999,22531698,0,70000000,2008
114,38215,94,125,44,827,22,7,856,7000,0.79,1221261,0,1500000,2000
139,54096,153,494,91,3000,693,648,5458,7000,0.75,58328680,0,22000000,2003
95,105591,220,178,53,8000,1000,478,10040,10000,0.71,6851969,1,2500000,2013
100,11003,62,148,277,21000,767,210,22006,654,0.55,11900000,0,30000000,1999
132,136954,327,346,76,3000,3000,464,7081,32000,0.65,43568507,1,66000000,2014
94,162909,194,795,116,645,522,481,2725,7000,0.62,213079163,2,63000000,2002
101,27260,292,247,243,969,128,74,1252,7000,0.55,77501,0,750000,2011
109,97045,218,285,101,13000,899,839,16179,55000,0.5700000000000001,86208010,1,35000000,2014
87,2038,29,20,38,552,533,445,2251,898,0.46,1332,6,500000,2012
116,15352,93,199,144,1000,482,477,3845,7000,0.6,69586544,4,27000000,2002
80,45984,169,331,10,11000,108,34,11218,7000,0.76,77413017,0,8000000,2005
107,83893,141,132,15,17000,1000,602,20466,15000,0.6799999999999999,50461335,3,11000000,2014
94,27580,66,172,13,925,738,566,3423,7000,0.53,42672630,1,17000000,2003
102,22449,130,191,6,22000,829,353,23352,387,0.48,14334645,1,25000000,2004
92,44130,172,156,91,17000,527,451,18765,7000,0.54,31397498,1,12000000,2008
85,7367,26,37,91,11000,826,499,14599,850,0.47,36497,0,6000000,2008
99,27378,122,365,71,18000,1000,1000,23344,7000,0.4900000000000001,33000377,0,28000000,2000
125,43651,112,196,40,13000,787,407,15916,997,0.63,19076815,0,60000000,2002
104,47097,232,310,335,114,28,16,206,7000,0.65,1487477,0,4200000,2004
106,6585,18,50,44,865,405,328,2724,990,0.6900000000000001,25047631,0,6000000,1999
120,160776,157,402,132,33000,18000,1000,54877,7000,0.78,115648585,1,30000000,2000
110,2508,47,24,96,887,886,554,2728,788,0.4400000000000001,190562,0,90000000,2010
148,142448,125,319,644,1000,809,326,2566,14000,0.79,54200000,1,27000000,1980
102,421658,406,904,69,1000,523,490,2582,58000,0.76,400736600,0,150000000,2013
114,54787,202,216,159,13000,2000,877,16899,7000,0.6900000000000001,16264475,1,55000000,2007
103,202967,350,378,65,17000,927,405,19168,36000,0.6599999999999999,28751715,0,28000000,2013
122,145422,149,572,287,22000,2000,135,24270,7000,0.73,41609593,2,55000000,1998
91,12324,64,173,91,3000,683,407,4409,580,0.4900000000000001,20035310,1,9000000,2000
104,19412,66,308,170,736,218,202,1854,7000,0.21,4273372,1,22000000,2001
139,98989,79,158,2000,960,848,808,3667,1000,0.6599999999999999,136448821,1,80000000,1996
113,1761,15,19,300,1000,979,787,3072,174,0.62,2832826,2,11000000,1995
90,120786,175,472,160,748,439,392,3172,7000,0.62,46455802,0,26000000,2003
138,32415,179,510,143,1000,874,783,3970,951,0.75,35918429,1,1700000,2001
118,54447,242,201,301,2000,1000,897,5697,18000,0.62,30523568,0,30000000,2014
102,573541,234,1916,91,1000,1000,167,2235,38000,0.8400000000000001,3609278,0,4500000,2000
93,33180,94,149,67,4000,2000,596,7800,567,0.4900000000000001,84185387,0,80000000,2004
106,271592,208,2335,91,710,529,242,1675,7000,0.67,227965690,0,72000000,2002
82,38438,145,241,91,1000,558,388,2945,7000,0.65,137748063,1,127500000,2000
90,190494,364,314,23000,23000,19000,694,44265,33000,0.6599999999999999,24475193,1,3000000,2013
113,113963,158,361,47,21000,541,238,22088,24000,0.72,19057024,0,16000000,2010
110,34356,146,260,16000,16000,1000,581,18635,705,0.64,26199517,1,50000000,2002
121,68211,359,219,337,982,463,41,1520,14000,0.74,1729969,0,5000000,2011
178,248354,192,564,101,918,653,471,2334,14000,0.8300000000000001,5501940,0,13500000,2004
110,68417,136,195,94,277,245,240,847,7000,0.5599999999999999,75604320,1,54000000,2006
99,5442,107,140,2,43,3,3,53,339,0.6,10037390,0,1000000000,1999
118,21767,101,127,3,1000,712,439,3797,7000,0.67,34703228,0,30000000,2006
121,121676,128,290,131,13000,940,599,14890,7000,0.74,22905674,2,12000000,1998
113,297250,224,1441,91,133,32,27,241,11000,0.76,45063889,0,8000000,2002
81,186786,360,3400,19,170,170,39,399,7000,0.64,140530114,0,60000,1999
100,102129,167,432,55,12000,1000,416,14611,7000,0.55,90341670,4,60000000,2002
102,69172,156,316,563,12000,442,385,13156,7000,0.6599999999999999,12469811,1,22000000,2005
113,88132,138,274,36,537,427,232,1302,7000,0.62,87704396,1,66000000,1999
104,60293,36,114,644,437,289,174,1093,669,0.55,42610000,1,55000000,1994
91,29967,223,126,157,490,259,224,1136,7000,0.63,7455447,2,7000000,2010
123,64595,125,316,446,20000,1000,821,22209,7000,0.64,47095453,1,48000000,2001
98,60910,97,164,425,11000,643,397,12729,7000,0.5700000000000001,74329966,2,70000000,1998
107,247289,171,611,101,931,852,743,4664,7000,0.71,176483808,1,23000000,1998
103,27149,44,96,91,12000,899,805,14672,7000,0.63,41382841,0,18000000,1986
85,19547,121,64,7,14000,3000,691,18795,7000,0.58,64238770,0,42000000,2014
135,101221,279,415,16000,23000,638,310,24468,7000,0.71,33574332,0,90000000,2006
144,513158,396,1782,91,662,599,581,2333,8000,0.71,318759914,0,150000000,2007
95,15427,75,121,5,1000,660,443,2729,449,0.53,13558739,0,11000000,2001
97,74626,20,157,473,826,723,624,3455,8000,0.73,27900000,1,3500000,1995
134,45703,58,156,133,12000,310,258,12749,7000,0.79,22954968,1,11500000,1993
129,132048,161,203,42,97,50,49,318,12000,0.64,93952276,7,40000000,2009
87,1622,32,83,91,1000,184,153,1362,30,0.53,536767,0,60000,1998
110,24570,110,72,91,64,45,7,134,7000,0.62,102055,0,300000000,2008
119,57831,59,115,17000,10000,970,638,11895,7000,0.7,52293982,1,13800000,1986
105,116762,91,261,99,17000,1000,960,20109,7000,0.64,33687630,0,20000000,2006
88,2735,33,52,29,499,230,117,1141,157,0.61,21210,0,1000000,1998
103,202800,445,752,91,852,618,588,3030,60000,0.6799999999999999,53991137,1,1500000,2010
82,10233,91,63,62,975,760,615,3326,7000,0.43,43575716,0,85000000,2010
137,102728,392,279,16000,29000,6000,363,36258,16000,0.6599999999999999,37304950,0,35000000,2011
86,6930,20,53,3,833,549,327,2753,323,0.6,475000,2,2800000,2006
120,148490,140,537,34,18000,12000,1000,33615,7000,0.74,50173190,1,48000000,2001
111,53341,183,185,91,523,468,234,1795,18000,0.71,4190530,0,22500000,2014
116,154955,355,800,473,833,697,464,4001,25000,0.58,83552429,0,70000000,2011
96,136667,103,273,91,1000,605,542,2936,13000,0.71,38119483,2,22700000,1987
108,4961,30,33,91,873,680,599,4497,251,0.5,4903000,3,12000000,1996
117,461609,302,1168,91,11000,759,521,13877,34000,0.82,27000000,2,28000000,1982
121,60508,94,285,212,394,380,263,1531,4000,0.67,33328051,2,65000000,1996
80,4518,28,66,121,836,624,587,2467,241,0.28,1646664,2,20000000,2003
122,130776,164,437,285,8000,1000,989,12410,7000,0.6599999999999999,148213377,5,73000000,2006
108,479047,579,1058,84,16000,805,361,18239,117000,0.8099999999999999,363024263,0,58000000,2016
106,34224,109,137,91,617,163,67,916,10000,0.7,58214,0,9500000,2010
98,81599,71,250,11000,13000,573,484,14921,7000,0.74,39800000,3,6000000,1980
119,177725,230,1368,13000,1000,658,567,2776,7000,0.5700000000000001,180011740,0,100000000,2001
119,136019,447,443,1000,11000,1000,741,13391,14000,0.58,98780042,0,120000000,2011
82,48458,63,239,12,8000,357,281,9271,7000,0.62,30324946,2,17000000,1998
98,51842,129,173,12,4000,4000,663,9330,7000,0.63,16831505,1,31000000,2004
89,15866,76,83,91,2000,734,640,4311,7000,0.36,38536376,5,27000000,2011
87,19079,61,122,129,979,891,560,2911,602,0.54,64172251,1,30000000,2001
145,3665,43,57,91,639,377,280,1807,7000,0.6599999999999999,5669081,1,10818775,2012
85,94108,224,673,91,332,285,178,1090,7000,0.65,57859105,0,26000000,2005
87,34948,155,118,98,472,328,253,1679,7000,0.51,34507079,2,35000000,2015
176,42296,50,286,147,8000,3000,1000,13762,12000,0.6900000000000001,3047539,4,7217600,2012
111,8708,73,56,24,374,181,83,768,345,0.73,228524,2,4000000,2004
106,200647,359,384,174,14000,664,660,16967,24000,0.7,91439400,0,50000000,2014
98,3943,22,49,16,687,233,222,1806,217,0.53,3902679,0,3000000,1993
112,18442,104,59,37,748,573,548,2417,689,0.6799999999999999,3169424,1,13000000,2007
150,20419,147,259,163,2000,716,636,4168,8000,0.67,140244,1,8500000,2008
107,59248,260,164,91,2000,749,99,2848,48000,0.5599999999999999,7268659,7,20000000,2013
106,26551,106,273,208,3000,1000,855,6558,7000,0.6,11146409,0,45000000,1998
108,6384,14,54,208,876,827,689,4840,391,0.62,24103594,0,6500000,1993
125,40511,90,213,46,368,303,249,1651,7000,0.72,58800000,0,5500000,1981
157,133526,209,521,91,14000,826,680,18216,7000,0.79,28965197,1,68000000,1999
110,33669,81,269,8,1000,692,322,3000,7000,0.46,16295774,1,35000000,1986
112,95529,389,301,159,3000,294,77,3547,38000,0.75,1738692,0,7000000,2011
94,40751,78,239,6,490,294,227,1195,881,0.22000000000000006,17010646,0,84000000,2005
101,99177,172,192,222,1000,788,698,3282,11000,0.77,327919,0,1500000,2006
122,73193,77,190,91,276,258,191,903,7000,0.76,39025000,0,11000000,1995
103,48675,203,214,66,155,78,13,259,16000,0.6799999999999999,27285953,0,5000000,2015
89,204327,414,471,128,963,465,371,2054,32000,0.71,64572496,0,12000000,2012
75,22811,118,71,45,61,5,4,75,11000,0.77,686383,0,6500000,2009
124,75306,264,266,108,1000,400,186,1898,48000,0.73,46377022,3,10000000,2011
128,29282,224,105,386,19000,17000,203,36337,11000,0.62,3254172,1,28000000,2013
132,228554,416,710,274,26000,17000,11000,72881,53000,0.61,155111815,0,170000000,2012
88,32049,122,179,50,691,569,441,2622,988,0.4900000000000001,75817994,0,90000000,2003
112,47876,101,320,49,656,363,237,1307,7000,0.61,91038276,0,13000000,2001
104,81800,296,211,71,12000,2000,982,16481,15000,0.55,10706786,1,50000000,2011
102,31089,254,261,91,40000,3000,387,43810,20000,0.54,1821983,0,3000000,2014
92,185338,191,392,43,989,939,936,4730,7000,0.67,114324072,0,20000000,2004
111,65474,77,211,91,1000,970,385,2612,7000,0.73,2869369,2,30000000,1994
98,267921,181,577,285,640000,8000,7000,656730,7000,0.72,84136909,5,26000000,2004
104,9494,49,109,71,1000,261,168,1795,515,0.6599999999999999,1789892,1,8000000,1998
100,266,8,8,27,1000,902,847,4374,348,0.5900000000000001,73678,1,3000000,2011
95,15053,81,165,4000,4000,585,334,5245,393,0.64,5308707,2,5000000,2001
117,20183,21,41,71,723,558,547,3841,7000,0.54,70100000,1,40000000,1992
80,104089,273,319,66,2000,904,816,5628,16000,0.63,33583175,0,10000000,2010
123,3119,14,35,5,556,475,338,2149,331,0.5900000000000001,18272447,1,10000000,1993
83,116625,106,469,8,3000,934,612,6454,7000,0.55,46729374,2,13000000,2000
124,14322,68,116,107,1000,886,865,5135,7000,0.72,27441122,0,15000000,2000
126,54042,77,215,102,22000,581,497,23866,7000,0.76,38413606,1,30000000,1988
117,98693,219,401,163,719,339,260,1673,7000,0.67,118823091,9,75000000,2007
138,283967,155,535,610,12000,1000,805,17087,11000,0.73,112225777,0,80000000,1997
86,34620,129,107,89,713,584,555,3421,7000,0.51,40041683,6,2500000,2013
96,25086,60,87,8,533,219,199,1254,1000,0.48,42660000,0,17000000,1993
98,25883,120,262,30,944,940,664,4879,7000,0.5900000000000001,43894863,2,30000000,2005
93,26773,114,277,75,701,461,446,2489,7000,0.67,145540,1,500000,2002
119,30890,93,106,91,627,508,434,2052,718,0.6,37486138,1,50000000,2004
139,34427,44,126,105,14000,1000,902,16125,7000,0.6900000000000001,31600000,1,28000000,1995
101,87677,333,388,91,925,468,279,1738,11000,0.6799999999999999,77222184,0,100000000,2009
101,41763,173,403,13,494,392,368,2013,7000,0.55,55865715,0,10000000,2005
102,59637,216,130,49,24000,14000,10000,51355,21000,0.71,11434867,1,6000000,2012
111,31898,217,111,655,24000,14000,405,39307,7000,0.6900000000000001,13362308,1,18000000,2013
121,89509,174,524,91,1000,1000,595,3903,2000,0.5700000000000001,66862068,0,83000000,1999
109,25549,103,171,7,835,787,450,2572,7000,0.72,16346122,0,16000000,2002
95,86556,57,99,293,851,773,744,3155,960,0.5599999999999999,128769345,1,54000000,1996
118,174578,250,534,208,23000,2000,570,26683,7000,0.58,150167630,4,175000000,2009
105,21176,139,107,99,3000,448,433,5740,7000,0.61,77264926,5,25000000,2012
89,29843,62,81,7,186,147,36,407,7000,0.67,32333860,1,7500000,1995
130,220758,299,919,129,21000,17000,12000,64040,13000,0.46,296623634,2,50000000,2009
128,277451,96,491,608,49000,1000,1000,51609,23000,0.8,95860116,0,16400000,1989
146,38690,136,130,611,23000,196,28,23240,13000,0.76,9213,2,94000000,2011
96,97938,207,605,132,49000,989,933,52138,7000,0.6799999999999999,31597131,0,12000000,2002
86,48,7,2,91,178,58,15,279,26,0.75,215185,3,200000,2008
95,72591,146,289,21,12000,802,503,15237,7000,0.6799999999999999,84037039,0,120000000,2001
98,29867,198,181,66,3000,658,562,4567,27000,0.62,42592530,0,15000000,2015
121,8161,81,94,608,149,44,25,251,484,0.76,112935,0,9000000,2002
85,30651,85,267,14,577,291,244,1653,1000,0.34,26096584,0,19000000,2003
99,28159,107,96,38,3000,837,390,4702,7000,0.51,12282677,4,14000000,2015
118,54147,217,127,76,3000,678,174,4253,7000,0.65,10880926,2,30000000,2013
87,73886,370,165,13000,940,925,787,4774,25000,0.7,35287788,0,39000000,2012
101,107859,138,569,38,23000,18000,11000,53024,7000,0.62,43060566,0,60000000,2002
102,187595,205,978,91,625,379,294,1655,7000,0.76,26781723,3,2500000,2004
93,7519,50,39,17,1000,165,66,1245,445,0.5900000000000001,20380,1,15000000,2007
178,1324680,215,2195,16000,13000,902,857,16557,45000,0.89,107930000,1,8000000,1994
111,28542,119,208,529,18000,826,505,19805,7000,0.6799999999999999,11405825,3,35000000,2001
92,708,29,22,99,793,605,181,1987,93,0.61,177840,2,250000,1999
109,17596,165,94,65,798,465,393,2480,7000,0.61,78845130,1,10000000,2016
94,70341,158,830,110,14000,829,277,15271,7000,0.4400000000000001,18500966,1,30000000,2006
80,58961,116,232,12,13000,258,58,13430,795,0.5,75367693,0,35000000,2004
134,35140,168,409,38,11000,8000,2000,24351,7000,0.64,19377727,3,45000000,2005
89,93748,151,410,119,2000,869,807,5855,1000,0.51,90703745,8,45000000,2006
107,5557,26,34,53,954,551,463,2512,294,0.64,53481,5,8000000,2006
116,14581,142,74,529,442,252,174,1134,348,0.67,7156933,0,25000000,2006
99,5159,32,27,387,8000,489,399,9608,143,0.55,127144,4,8000000,2005
96,63951,77,252,218,4000,135,31,4230,7000,0.74,4505922,0,200000,1996
85,117212,180,367,255,1000,533,443,3112,7000,0.72,145771527,0,80000000,2002
98,238671,358,461,118,14000,935,558,16410,63000,0.63,139852971,0,45000000,2012
114,41737,182,105,91,975,877,446,3014,7000,0.6900000000000001,3519627,4,20000000,2008
91,142403,308,275,22,7000,4000,1000,13616,70000,0.64,336029560,0,74000000,2015
72,13324,80,79,2,1000,677,434,3402,302,0.58,48423368,1,20000000,2002
122,7976,131,61,11000,11000,11000,188,22319,7000,0.53,531009,0,10000000,2015
109,104481,191,189,415,982,971,119,2357,16000,0.6,83906114,2,40000000,2014
122,51353,183,143,210,845,631,471,2614,13000,0.77,871577,1,4500000,2007
116,125036,234,205,23,13000,12000,110,25220,22000,0.67,53215979,7,84000000,2013
90,4117,88,118,56,126,76,56,284,7000,0.7,110536,1,40000,2001
102,221128,292,343,255,18000,3000,953,23378,46000,0.79,176997107,5,145000000,2014
78,128285,141,297,10,558,452,253,2039,7000,0.73,89296573,1,100000000,2000
90,160511,99,696,165,686,648,319,1743,11000,0.73,489220,0,365000,1997
94,3571,12,11,91,901,413,287,2523,232,0.51,19281235,0,5000000,1991
96,198111,275,365,11000,19000,581,252,19894,14000,0.72,23213577,0,15500000,2008
112,53508,202,131,91,717,126,38,907,4000,0.77,211667,0,4200000000,2005
103,3803,24,41,170,849,623,269,2457,68,0.4900000000000001,2154540,2,45000000,1997
102,29968,90,117,6,711,683,584,2913,445,0.58,33864342,1,40000000,1999
127,515306,149,477,14000,11000,844,440,12884,7000,0.8300000000000001,197171806,5,48000000,1989
100,61321,127,217,31,947,742,591,2968,7000,0.62,63939454,3,35000000,2005
135,77029,149,466,36,894,345,106,1439,7000,0.54,31111260,0,60000000,2003
107,14982,97,128,460,14000,1000,490,16090,507,0.65,871527,2,25000000,2005
103,13874,81,52,20,512,316,125,1002,7000,0.67,26161406,2,15000000,2010
102,53115,63,282,133,2000,1000,690,5443,7000,0.38,33423521,1,35000000,1994
93,20176,112,73,11,443,298,271,1452,7000,0.6799999999999999,48430,1,500000,2010
103,53864,223,290,436,19000,961,437,20881,2000,0.48,19781879,1,60000000,2008
75,1428,19,21,45,5,2,429,7,178,0.7,203134,0,250000,1997
91,24834,57,168,6,904,471,459,3353,934,0.61,27052167,5,13000000,1998
132,62981,61,84,503,45000,13000,282,58528,7000,0.63,30306268,0,50000000,1995
139,19114,115,115,179,267,202,50,538,7000,0.64,4584886,0,45000000,2007
117,293304,534,552,66,15000,241,85,15554,65000,0.79,32279955,1,8500000,2014
89,42182,178,230,687,10000,787,389,12183,7000,0.48,42638165,1,16000000,2009
97,9338,100,167,710,497,347,258,1805,209,0.48,16779636,2,28000000,2000
95,376600,331,494,464,23000,17000,11000,54075,40000,0.77,32391374,43,7500000,2009
101,4719,73,24,22,918,624,558,3317,851,0.67,17655201,1,10000000,2008
122,9171,54,68,4,25,20,3,48,689,0.78,713413,1,4500000,1997
115,62037,49,148,541,8000,1000,442,10493,7000,0.6599999999999999,61490000,5,26000000,1990
90,40481,194,134,120,41,27,429,68,7000,0.78,2957978,0,1000000,2008
103,222018,242,869,91,611,422,157,1212,11000,0.72,103001286,0,15000000,1996
88,30055,105,70,8,12000,11000,8000,33822,593,0.5900000000000001,28133159,1,50000000,2006
113,62770,254,396,197,165,107,43,391,7000,0.6,10955425,1,30000000,2008
105,74169,154,112,153,4000,828,491,6727,17000,0.65,45290318,2,42000000,2012
103,61317,108,229,163,11000,2000,968,17533,7000,0.52,60400856,2,35000000,2001
120,69860,187,214,278,11000,2000,963,15226,7000,0.6599999999999999,112703470,2,85000000,2009
111,107801,46,109,425,743,394,344,2403,7000,0.6,91457688,4,26000000,1990
99,158354,397,691,91,2000,1000,828,5642,11000,0.6599999999999999,42057340,0,30000000,2009
132,12549,30,109,91,769,713,252,1936,883,0.6599999999999999,74787599,1,30000000,1991
88,17590,132,112,25,921,562,433,2652,7000,0.54,21379315,0,150000000,2011
112,300110,511,807,91,6000,960,697,9049,131000,0.75,137387272,0,20000000,2013
93,196422,170,444,83,26000,725,501,28767,7000,0.7,27829874,1,12000000,2006
105,115649,285,1033,160,852,521,491,2604,4000,0.5599999999999999,34014398,0,33000000,2006
88,4769,26,26,91,539,53,46,708,406,0.65,7137502,0,175000,1986
104,14429,48,113,212,879,560,380,2795,2000,0.63,21413502,5,40000000,1990
93,2265,18,37,9,23000,284,254,24436,839,0.39,4308981,2,24000000,1998
42,172,9,5,91,844,664,429,844,28,0.65,7518876,0,6000000,2008
106,91377,173,385,91,269,43,19,361,7000,0.77,13622333,1,2000000,2001
101,24019,149,199,176,3000,268,83,3431,983,0.71,12987647,2,30000000,2002
114,57363,60,308,91,10000,919,699,12097,10000,0.72,25600000,0,10000000,1983
97,111625,414,369,181,11000,820,748,14025,20000,0.62,14938570,1,15000000,2012
104,34561,80,116,54,901,857,775,5265,1000,0.55,139225854,0,60000000,2002
152,45031,128,376,91,940,826,745,4310,7000,0.6900000000000001,27796042,1,72000000,2001
131,57100,110,281,37,968,848,507,3012,7000,0.6900000000000001,18208078,3,60000000,2001
124,63067,152,533,213,838,593,372,2583,7000,0.67,52752475,0,50000000,2002
113,21352,218,131,33,40000,25000,11000,80806,30000,0.64,76846624,1,170000000,2016
130,128306,443,497,663,2000,638,604,5046,37000,0.65,93417865,2,190000000,2015
94,12466,64,84,39,1000,611,506,3664,304,0.55,32095318,0,45000000,2001
78,2787,43,64,7,308,249,142,1008,98,0.55,191309,1,150000,2004
100,15385,129,84,10,826,622,415,2958,7000,0.64,20566327,2,15000000,2016
90,4285,43,84,16,86,23,16,163,456,0.6599999999999999,85222,0,1100,2004
88,5431,45,50,269,1000,489,384,2557,204,0.53,20218,2,24000000,2001
100,60596,260,158,35,12000,10000,7000,32094,13000,0.5900000000000001,22525921,4,30000000,2013
109,76267,261,687,91,1000,649,597,3544,7000,0.6900000000000001,16901126,0,7000000,2005
102,29285,90,174,4,14000,394,112,14625,7000,0.54,5932060,0,35000000,2007
96,248468,341,545,1000,24000,11000,681,36093,7000,0.7,60338891,0,37000000,2008
98,67653,97,108,209,158,152,129,816,7000,0.62,58006147,2,23000000,2008
112,7025,111,26,9,61,9,4,76,7000,0.79,375723,1,4000000,2015
115,77493,196,527,91,1000,900,716,2990,6000,0.6799999999999999,2840417,0,31000000,1999
84,13210,77,138,2,787,555,472,2915,269,0.58,15712072,0,20000000,2004
86,813,24,6,11,185,62,18,299,135,0.6599999999999999,13751,0,11400000,2006
106,26846,102,193,357,23000,1000,883,26652,7000,0.5599999999999999,35007180,0,15000000,2000
101,36431,117,168,23,660,651,541,2177,1000,0.47,66002004,1,50000000,2005
101,34942,109,185,43,5000,618,432,6867,1000,0.58,34604054,2,30000000,2003
137,92781,251,320,143,14000,617,280,15337,5000,0.76,5459824,0,26000000,2006
110,88542,228,254,545,14000,8000,5000,27694,19000,0.58,20315324,8,75000000,2011
103,43442,135,146,14,865,826,624,3639,7000,0.62,13395939,4,60000000,2004
86,53118,117,221,10,12000,795,348,14146,7000,0.62,45860039,1,56000000,2004
108,132501,206,548,750,49000,20000,971,70996,7000,0.65,197992827,0,100000000,2006
107,307639,300,513,454,65,49,39,173,32000,0.8,7757130,1,15000000,2008
86,64190,148,129,33,15000,976,583,17396,16000,0.5599999999999999,27854896,1,17000000,2011
98,150618,257,195,16,16000,15000,12000,43286,28000,0.73,187165546,3,135000000,2013
90,444,14,5,7,890,597,424,3138,68,0.43,92362,7,1500000,2005
84,186,23,3,91,3,664,429,3,111,0.72,34151,0,450000,2015
127,254841,327,426,189,20000,929,544,22254,36000,0.71,85463309,1,110000000,2011
100,76770,170,203,11000,10000,1000,485,12258,7000,0.4900000000000001,43337279,2,60000000,2009
108,145974,238,611,58,14000,11000,838,26002,10000,0.63,143704210,1,52000000,2008
113,3203,27,85,7,11000,43,35,11116,650,0.65,4720371,2,7000000,2001
93,60062,233,351,27,960,664,49,1749,7000,0.5900000000000001,17427926,0,8000000,2008
117,172878,204,203,221,11000,3000,503,16325,19000,0.64,103028109,1,80000000,2011
85,4265,60,16,91,324,15,11,369,7000,0.63,4091,0,34000000,2013
114,36455,189,229,611,879,52,10,949,7000,0.7,6565495,2,45000000,2006
90,14280,62,41,68,17000,14000,642,32814,7000,0.51,28870,5,15000000,2011
104,2253,18,111,53,2000,595,576,4221,158,0.41,5974653,0,22000000,2001
93,72646,394,397,91,17000,13000,947,31187,7000,0.58,18934858,5,23000000,2011
90,85362,81,181,65,18000,769,730,20795,7000,0.6900000000000001,40485039,6,10000000,1989
123,133177,270,380,176,975,815,749,4825,24000,0.6599999999999999,159578352,7,43000000,2013
79,12561,45,102,73,1000,1000,112,2404,7000,0.6,2275557,2,8000000,1991
120,4257,54,52,278,844,766,387,3286,188,0.62,763044,4,23000000,2003
107,22639,153,217,80,2000,2000,841,5992,300,0.55,7156725,6,19000000,2006
93,9380,59,91,38,1000,641,631,4604,531,0.43,48114556,1,26000000,2004
140,17124,32,68,91,436,263,210,1394,949,0.6599999999999999,24276500,2,35000000,1992
104,58227,84,181,81,3000,643,612,5062,2000,0.54,47474112,0,90000000,1997
85,131,15,13,91,66,664,429,66,30,0.72,381225,0,200000,2004
84,40227,93,188,91,13000,4000,2000,22935,681,0.41,111760631,3,38000000,2003
125,3548,36,21,125,60,29,11,132,282,0.65,223878,1,5000000,2003
126,269033,186,817,13000,920,549,488,2725,12000,0.76,251188924,0,35000000,1989
121,53028,163,382,17000,12000,368,245,13040,7000,0.6799999999999999,16640210,0,55000000,1999
154,118483,198,674,333,22000,20000,16000,61110,7000,0.72,95632614,3,79000000,2003
105,8560,60,69,91,975,909,506,3580,177,0.5,10014234,1,65000000,2000
97,78883,252,662,91,654,529,233,1876,7000,0.62,20433940,8,15000000,2005
103,8307,129,37,593,374,362,241,1283,5000,0.6599999999999999,3093491,0,5000000,2014
112,76498,201,203,118,877,738,674,3432,15000,0.64,36665854,0,40000000,2011
98,1400,25,41,28,372,262,102,927,346,0.5,8000000,0,18000000,1981
135,5321,64,78,133,898,708,258,2096,356,0.67,1666262,0,16000000,2005
91,8023,54,49,38,17000,632,362,18711,591,0.52,16702864,0,18000000,2004
87,41509,311,300,13,463,400,308,1958,7000,0.5599999999999999,40990055,0,1800000,2010
122,534262,242,1314,91,326,326,54,809,39000,0.8400000000000001,33201661,0,77000000,2001
139,80429,226,156,777,131,66,58,343,37000,0.82,6857096,0,6800000,2010
169,881236,219,2277,14000,15000,14000,13000,44998,22000,0.86,216119491,2,70000000,1998
95,62861,69,232,15,1000,852,528,3092,7000,0.5900000000000001,51431160,2,20000000,2004
123,305008,403,591,508,34000,22000,14000,81385,52000,0.67,337103873,1,125000000,2014
91,6884,81,53,12000,778,327,213,1440,238,0.6599999999999999,154077,0,500000,2005
113,143137,174,602,350,1000,960,619,3141,10000,0.76,27277055,0,20000000,2000
149,99558,71,236,541,18000,11000,1000,31349,7000,0.74,108706165,3,40000000,1996
101,195255,173,170,136,833,543,526,3400,7000,0.6900000000000001,67266300,1,28000000,2008
37,113451,252,537,91,634,328,199,1347,7000,0.78,5923044,0,3600000,1987
122,23696,199,135,91,18000,1000,939,21163,7000,0.7,11538204,0,25000000,2010
96,11729,37,106,91,3000,2000,654,6861,645,0.6,15062898,0,14000000,1998
130,69457,105,271,46,387,244,162,1233,7000,0.67,51185897,1,30000000,1987
126,167967,131,243,98,18000,631,37,18726,20000,0.71,53680848,1,30000000,2007
85,98160,209,307,9,567,269,100,1145,7000,0.75,56068547,0,30000000,2005
80,2541,10,47,18,742,83,73,1088,408,0.72,669276,0,28000000,1993
117,12572,252,106,14000,535,400,358,1950,27000,0.6799999999999999,52792307,0,140000000,2016
95,172754,233,187,96,24000,11000,8000,46120,13000,0.73,148337537,3,130000000,2010
96,23345,105,167,845,978,968,488,3072,629,0.61,18967571,2,30000000,1998
123,151812,354,264,91,786,712,620,2501,48000,0.8400000000000001,7098492,2,500000,2011
88,4122,63,48,26,487,298,236,1495,7000,0.41,143000,0,5000000,2009
125,417971,246,902,6000,17,10,7,44,28000,0.86,10049886,0,19000000,2001
123,14062,134,82,64,808,720,637,5734,7000,0.5,22452209,0,18000000,2009
91,9903,33,80,91,636,330,298,1852,541,0.6,21370057,0,12000000,1992
97,260607,415,485,91,18000,572,372,19404,47000,0.79,5009677,0,5000000,2009
97,39541,120,334,212,960,917,637,3261,3000,0.53,23292105,0,20000000,2006
97,64742,64,111,11,901,775,595,2790,7000,0.64,144833357,0,22000000,1994
93,134458,179,640,91,13000,933,766,15716,5000,0.77,17096053,2,9000000,1998
109,18140,25,60,6,1000,745,271,2419,855,0.61,69800000,1,10000000,1980
123,225282,139,339,165,12000,878,744,15362,7000,0.6799999999999999,101087161,6,75000000,1997
116,7900,16,34,425,954,568,204,2179,263,0.5900000000000001,49851591,3,40000000,1986
99,31968,65,82,14,17000,826,633,19334,663,0.46,70163652,0,40000000,2006
115,479166,283,815,663,1000,723,55,1901,7000,0.8,261437578,0,92000000,2004
118,150764,215,318,154,3000,982,915,5637,7000,0.6599999999999999,101111837,3,80000000,2008
99,27548,105,209,148,2000,843,660,6729,7000,0.52,73701902,1,60000000,2004
135,610568,205,1171,2000,1000,592,535,2827,29000,0.82,170708996,0,58000000,2001
113,172112,291,181,22,3000,1000,1000,8398,39000,0.67,56724080,7,50000000,2012
99,37412,190,178,81,327,253,135,960,7000,0.5700000000000001,25117498,0,40000000,2007
87,9010,30,199,67,871,118,67,1111,7000,0.51,33349949,0,2500000,2012
105,746,35,27,39,267,225,183,1231,88,0.65,3123749,8,1500000,2005
86,47227,228,323,17,520,270,205,1520,7000,0.52,17683670,0,5000000,2011
155,145257,67,322,58,25000,11000,720,38518,7000,0.6900000000000001,165500000,0,48000000,1991
99,69484,225,323,24,18000,992,864,20276,28000,0.5900000000000001,62401264,3,60000000,2016
123,69355,211,211,368,933,194,114,1286,10000,0.62,30688364,0,28000000,2014
103,667983,213,877,608,2000,617,576,3698,18000,0.8099999999999999,125603360,1,60000000,1998
106,32357,92,199,68,835,601,391,2110,3000,0.6799999999999999,410241,0,2000000,2002
101,29990,131,316,61,769,692,611,2543,7000,0.71,2060953,0,12000000,1999
106,220591,175,641,487,685,485,263,1942,17000,0.78,12339633,2,36000000,1997
112,273921,393,522,1000,10000,1000,719,12687,36000,0.75,31494270,0,60000000,2010
114,14786,36,103,61,20000,797,407,22040,638,0.61,18653615,2,23000000,1999
93,586,29,9,91,58,2,2,62,7000,0.74,155984,0,160000,2009
100,6304,87,21,3,74,52,9,143,7000,0.72,513836,1,4600000,2010
90,116910,152,520,91,4000,899,826,7103,7000,0.72,4859475,0,6000000,1999
101,24012,167,126,10,1000,668,472,3142,7000,0.51,11956207,2,16000000,2009
99,44394,62,115,91,664,655,186,2010,7000,0.58,44450000,1,27000000,1994
135,26156,152,74,419,398,149,7,569,7000,0.73,128486,0,10000000,2008
108,10832,60,102,25,1000,115,94,1263,7000,0.67,6000000,0,18000000,1981
119,214091,212,330,6000,23000,713,422,24263,13000,0.82,4710455,0,24000000,2004
107,225102,197,862,91,1000,596,577,3066,16000,0.78,45506619,3,26000000,2000
92,307029,266,360,54,11000,967,562,12754,6000,0.76,215395021,0,130000000,2008
103,5863,133,25,6,7000,1000,935,9660,7000,0.65,532988,0,7000000,2015
96,8391,39,75,6,206,192,38,493,7000,0.62,5430822,0,7000000,1992
123,44168,116,216,7,931,754,692,2912,989,0.62,40334024,3,35000000,2001
80,910,16,11,8,2000,245,183,2459,7000,0.5700000000000001,2833383,1,427000,2012
94,29971,97,71,32,1000,626,453,3436,7000,0.54,24268828,4,28000000,2010
194,793059,315,2528,91,29000,14000,794,45223,26000,0.77,658672302,0,200000000,1997
90,31489,328,140,26,1000,442,429,1442,7000,0.73,3442820,0,8000000,2015
96,40883,219,122,7,874,668,642,3151,11000,0.6799999999999999,50807639,3,60000000,2014
104,4195,38,86,122,22000,472,458,23461,392,0.67,3386698,1,1000000,1998
109,32370,74,196,19,1000,762,568,4231,7000,0.6900000000000001,52277485,1,35000000,2003
91,61151,195,134,19,968,934,260,2528,7000,0.6900000000000001,12055108,0,8000000,2008
156,211765,343,546,91,891,882,738,3244,17000,0.67,105219735,0,200000000,2010
145,16995,99,163,317,876,219,70,1282,7000,0.73,13038660,1,25000000,1999
90,17725,33,157,38,214,115,69,587,1000,0.6799999999999999,1310270,0,780000,2003
123,11600,56,64,92,1000,886,849,5306,7000,0.67,70492685,5,17000000,2013
91,71137,190,229,27,12000,970,925,17299,7000,0.6599999999999999,73661010,0,75000000,2006
100,14747,85,338,38,811,586,362,2497,858,0.41,11576087,3,30000000,1999
108,270238,391,452,655,24000,10000,940,35209,19000,0.74,83813460,0,25000000,2009
110,63599,120,208,134,23000,1000,795,25049,7000,0.58,18472363,3,50000000,2005
100,294810,324,387,15,799,553,284,2036,29000,0.78,200807262,1,260000000,2010
97,44151,112,110,25,517,86,57,745,7000,0.79,3629758,0,5500000,2004
92,11283,87,155,2,783,659,5,1447,7000,0.77,1677838,0,1000000,2006
121,142115,210,614,163,723,651,482,3189,7000,0.62,80150343,0,10000000,2006
101,73368,198,248,50,22000,14000,1000,38809,7000,0.6,40076438,2,60000000,2008
100,76560,161,322,91,436,399,210,1395,7000,0.63,35096190,1,60000000,2003
82,3135,38,78,12,23,12,8,49,184,0.6599999999999999,25571351,0,14000000,2002
92,1153,10,15,22,2,664,429,2,238,0.5700000000000001,2119994,0,19000000,1993
97,54190,242,183,482,852,542,482,2426,29000,0.61,52200504,0,10000000,2015
78,5178,91,101,56,376,346,184,1144,132,0.63,2882062,2,150000,2000
96,3611,52,62,2,960,12,429,972,131,0.27,3713002,1,8000000,2003
134,183909,207,666,123,14000,850,567,17159,7000,0.67,57637485,0,105000000,2004
89,327367,433,918,91,19000,11000,903,32325,83000,0.64,126546825,0,40000000,2014
190,170684,223,867,91,599,399,215,1418,7000,0.76,124107476,0,48000000,2000
112,86205,208,232,192,1000,915,844,3185,5000,0.62,30691439,0,35000000,2008
117,313866,517,549,235,2000,2000,680,5730,61000,0.74,180191634,6,130000000,2015
144,148238,201,529,2000,680,655,537,2523,7000,0.8,61644321,0,88000000,2005
112,2004,17,32,12,33000,1000,699,35294,183,0.61,13134,2,500000,2002
135,49300,134,265,138,324,192,184,1013,892,0.62,32598931,1,65000000,2000
117,58222,106,331,99,596,265,165,1293,7000,0.71,67325559,0,20000000,2003
107,54643,173,335,161,21000,826,549,22974,7000,0.74,19389454,5,55000000,2000
112,11983,111,147,52,15000,1000,347,16692,365,0.67,6830957,3,21000000,2002
86,2133,33,31,8,759,638,428,2805,182,0.63,185577,1,4000000,1999
116,732212,198,809,91,1000,690,459,3230,39000,0.85,210609762,0,19000000,1985
112,15352,184,82,97,577,416,231,1341,7000,0.7,6615578,2,13000000,2009
136,96385,76,119,218,11000,691,400,12226,7000,0.7,37901509,1,70000000,1997
74,17307,87,186,188,11000,1000,865,13917,892,0.65,7262288,2,40000000,2002
86,266636,181,385,35,851,436,179,1777,7000,0.6900000000000001,193136719,0,75000000,2005
92,28805,49,159,13,11000,489,301,12687,1000,0.5900000000000001,28972187,1,13000000,2002
135,46221,91,141,91,13000,936,913,16762,7000,0.71,45856732,1,40000000,1997
108,21409,18,63,7,699,63,51,936,7000,0.6799999999999999,54215416,1,6500000,1987
125,39306,63,119,91,939,255,237,1748,7000,0.6599999999999999,45645204,2,30000000,1989
114,44979,98,298,118,489,93,40,679,7000,0.7,12831121,0,30000000,2004
101,67707,136,202,4000,17000,14000,539,32232,7000,0.61,28045540,0,65000000,2005
95,118684,363,447,89,16000,517,263,17471,24000,0.7,1028658,0,3000000,2010
91,5613,51,102,4,33,3,429,36,7000,0.67,124494,1,2000000,1998
136,263329,257,899,91,19000,12000,3000,34839,7000,0.6900000000000001,35799026,1,126000000,2005
92,1768,27,37,4,754,324,311,1891,208,0.5599999999999999,3060858,4,10000000,1987
103,115813,276,216,214,7000,468,424,8375,22000,0.74,21501098,1,5000000,2013
87,87451,212,660,26,827,825,566,3144,7000,0.33,40198710,0,100000000,2004
91,57281,167,350,50,521,108,67,758,7000,0.65,66790248,0,45000000,2002
177,56403,79,376,91,766,674,582,4346,7000,0.6,17593391,1,80000000,1997
110,219171,173,388,12000,10000,1000,555,13069,19000,0.6900000000000001,176781728,2,15000000,1986
114,10791,76,39,92,940,706,436,3565,464,0.53,42168445,3,35000000,2008
106,10104,50,69,8,748,656,521,3956,265,0.5700000000000001,64955956,4,18000000,2004
95,66308,125,225,163,14000,799,650,16884,7000,0.55,113006880,0,56000000,2005
93,31209,118,106,18,9000,2000,903,13403,7000,0.61,50818750,0,60000000,2008
76,2724,24,53,9,595,417,47,1139,436,0.28,11144518,0,15000000,1998
135,411164,300,1303,91,24000,11000,4000,43388,7000,0.73,373377893,1,200000000,2004
107,42144,161,213,69,310,219,206,1352,690,0.61,36279230,0,60000000,2006
87,33884,91,79,41,1000,692,574,3287,266,0.46,112950721,0,72000000,2001
120,15079,131,79,91,1000,901,886,6212,1000,0.61,16284360,1,21000000,2008
96,56264,226,166,460,14000,153,73,14372,7000,0.63,3074838,2,11000000,2009
117,119807,144,340,69,10000,1000,1000,14486,7000,0.6,116643346,1,80000000,2003
88,1194,22,8,38,331,212,211,1546,324,0.62,76382,2,15000,2009
95,21212,52,107,91,899,849,650,3092,3000,0.67,7881335,4,13000000,1994
103,54242,156,145,189,2000,1000,949,4662,14000,0.6599999999999999,34290142,8,19800000,2014
100,44931,188,100,212,2000,1000,919,5890,7000,0.73,10991381,1,35000000,2009
119,133367,299,363,209,1000,896,521,3284,7000,0.73,49024969,0,25000000,2007
86,1038,17,21,204,659,529,474,2322,51,0.65,334041,3,500000,1997
95,44208,192,117,91,20000,329,20,20364,7000,0.67,866778,3,10000000,2007
113,55441,258,165,108,1000,100,22,1136,7000,0.6900000000000001,31146570,3,20000000,2010
120,55630,171,200,52,553,214,134,1082,7000,0.67,18317151,1,35000000,2007
84,8265,49,20,23,1000,927,706,4815,545,0.5900000000000001,10017041,3,3000000,2009
90,46158,99,403,16,44,28,16,132,7000,0.51,24430272,3,43000000,2002
163,176936,298,824,14000,745,486,412,2529,7000,0.76,47379090,0,70000000,2005
107,14580,35,252,6,23000,813,522,26017,7000,0.72,819939,2,850000,2003
121,264533,187,609,83,3000,460,242,4142,12000,0.8099999999999999,23472900,1,17500000,2004
105,39778,138,172,488,15000,14000,13000,44037,11000,0.54,20991497,1,37000000,2015
124,189683,192,559,91,6000,979,430,7567,7000,0.77,16248701,0,20000000,2003
128,86152,227,411,521,591,249,249,2100,7000,0.64,72515360,1,80000000,2005
115,5254,71,92,187,14000,900,887,17104,141,0.65,403932,4,20000000,2000
100,8983,44,84,91,995,879,745,3952,316,0.47,11466088,0,71000000,1997
97,2103,56,11,43,144,63,47,326,675,0.53,52961,1,8000000,2014
109,105568,185,533,260,9000,844,592,11736,7000,0.73,34468224,2,4500000,2003
90,12519,63,112,49,12000,215,191,12776,853,0.5900000000000001,5108820,5,24000000,2000
94,79141,127,355,160,550,216,167,1102,2000,0.65,32003620,1,25000000,2004
133,13543,34,94,10,690,24,19,774,7000,0.76,9910,15,25000000,2004
95,35888,163,125,434,1000,622,472,2618,7000,0.55,8460995,3,10000000,2010
108,306320,451,736,13000,40000,25000,11000,79957,24000,0.65,334185206,0,200000000,2010
130,213668,119,270,99,11000,1000,812,13357,7000,0.78,183875760,1,44000000,1993
103,4952,29,32,249,2000,298,261,3089,7000,0.58,8691,1,4500000,2014
111,12937,136,73,15,1000,767,121,2140,7000,0.75,7691700,2,10000000,2010
111,3479,54,87,35,980,505,482,3166,180,0.73,985341,0,500000,1999
103,49077,142,475,15,723,552,172,1615,7000,0.63,6061759,0,17000000,2005
112,26720,120,196,460,990,900,395,2820,920,0.77,4306697,0,5000000,1997
98,13174,94,81,129,749,252,221,2214,7000,0.72,1754319,0,10000000,2011
107,183208,362,337,563,40000,1000,939,43291,26000,0.72,123207194,0,135000000,2011
108,21998,110,227,631,631,199,95,1023,7000,0.6799999999999999,26525834,1,30000000,1998
99,1658,72,12,17,31,17,16,81,543,0.61,22770,0,5500000,2013
90,45859,119,340,378,957,925,658,4611,7000,0.75,18621249,9,6000000,2000
116,114294,196,187,51,18000,11000,465,30571,12000,0.63,54414716,7,42000000,2014
97,22748,29,41,420,695,635,585,2530,666,0.61,41067398,2,25000000,1997
125,20307,169,165,608,979,594,579,3133,7000,0.77,3753806,1,11000000,2004
135,229823,436,504,209,10000,826,602,12175,31000,0.67,113165635,0,125000000,2012
76,4423,88,57,129,52,44,26,132,594,0.67,255352,2,300000,2006
100,781,25,20,91,655,476,359,1906,157,0.63,2148212,0,7000000,1999
91,2941,23,11,7,12000,3000,875,16118,370,0.55,19348,2,10000000,2009
136,534658,320,3597,91,20000,14000,1000,37723,13000,0.65,474544677,1,115000000,1999
114,4293,69,53,22,572,548,413,1776,235,0.6900000000000001,2353728,5,20000000,2003
105,165792,391,392,20,22000,982,844,26233,44000,0.67,26589953,1,10500000,2010
92,57578,61,210,15,633,403,49,1168,7000,0.6799999999999999,11806119,1,1100000,1988
110,6147,92,36,278,3000,602,181,3785,7000,0.54,263365,2,20000000,2010
109,8904,12,31,309,592,556,279,1620,7000,0.5900000000000001,27515786,0,14000000,1993
102,55895,31,115,6,3000,2000,165,5433,7000,0.6799999999999999,59847242,1,16500000,1991
154,60988,70,199,14000,852,581,271,2592,6000,0.78,94175854,0,15000000,1985
87,11403,90,150,91,975,537,503,3059,795,0.62,1276984,2,10000000,2000
106,65044,180,173,309,327,73,63,561,13000,0.5,28064226,1,35000000,2011
118,44913,93,181,49,11000,216,155,11662,3000,0.6,16252765,1,42000000,2001
161,52339,66,200,521,11000,920,184,12518,7000,0.72,87100000,0,31000000,1985
103,78343,60,139,357,2000,663,40,2710,7000,0.64,51317350,0,57000000,1996
88,21359,110,270,152,935,448,181,1855,7000,0.53,19170001,0,2800000,1988
132,8429,149,62,14,52,32,3,91,7000,0.77,119922,0,12000000,2009
72,11634,85,58,91,3000,455,384,4480,227,0.54,47887943,0,20000000,2003
114,3740,52,61,46,818,649,292,1778,314,0.5599999999999999,6543194,1,34000000,2000
76,4564,33,43,14,1000,811,636,3752,227,0.5900000000000001,13684949,0,3000000,2002
171,131217,82,380,91,2000,650,638,4074,7000,0.76,54222000,0,69500000,1989
87,92106,84,171,10,13000,1000,349,14574,2000,0.5700000000000001,53715611,1,63000000,1988
100,39331,100,481,532,4000,796,711,6046,7000,0.63,9801782,0,10000000,1998
99,152826,310,253,473,14000,897,502,16184,19000,0.58,83640426,0,150000000,2012
100,4654,81,46,24,15000,1000,851,18786,18000,0.67,55461307,9,20000000,2016
99,213863,313,310,119,600,346,174,1375,59000,0.64,59617068,0,65000000,2012
91,22800,40,133,909,909,91,42,1048,667,0.75,6706368,0,160000,1989
87,43485,138,327,28,426,359,217,1472,7000,0.54,30000000,0,2200000,1985
133,249688,326,548,131,8000,1000,733,10565,93000,0.78,124868837,0,12000000,2014
98,181058,211,674,70,1000,847,591,3345,7000,0.67,53302314,1,23000000,2000
94,11212,69,94,906,2000,587,528,3917,874,0.52,36985501,0,26000000,2002
103,8215,90,132,45,489,181,107,949,445,0.5599999999999999,668171,0,60000000,2005
119,139535,259,632,91,13000,1000,639,15757,7000,0.73,24006726,8,50000000,2004
101,355810,270,889,36,7000,150,27,7227,15000,0.79,59889948,1,8000000,2006
104,18792,91,153,10,715,436,93,1315,1000,0.6599999999999999,1056102,0,5000000,2003
108,37714,173,204,191,597,541,336,1981,7000,0.71,19067631,1,2000000,2007
92,22521,160,342,13,42,27,17,170,1000,0.47,21300000,0,2200000,1985
88,91,12,4,91,268,44,3,318,27,0.61,58936,0,1200000,2001
129,23629,248,141,608,1000,579,386,2265,7000,0.73,3205244,0,10000000,2010
92,39247,279,131,394,13000,11000,565,25418,10000,0.5700000000000001,9483821,3,55000000,2012
95,35172,51,128,213,225,174,92,791,7000,0.61,94900000,0,4000000,1983
110,44723,151,130,17,11000,10000,418,21852,51000,0.76,56154094,0,20000000,2016
91,5312,32,40,10,890,578,574,3104,939,0.45,13571817,3,15600000,2002
123,5796,36,177,6,541,249,85,908,7000,0.63,13391174,0,20000000,2006
112,117927,264,501,357,5000,3000,595,9131,7000,0.52,102176165,2,145000000,2008
34,97,1,2,19,882,577,362,1967,16,0.71,333658,0,34000,1990
95,46417,133,297,91,934,655,643,3500,660,0.46,89808372,2,45000000,2003
97,56654,146,124,20,21000,569,442,22577,7000,0.7,3950294,5,12000000,2007
164,12980,52,89,767,358,223,162,1334,845,0.74,26400000,0,16000000,1984
100,1489,9,40,91,250,89,51,454,133,0.67,902835,2,250000,2001
88,3875,43,75,91,3000,968,939,8189,422,0.4,16988996,1,35000000,2002
115,84357,169,252,56,20000,19000,19000,77823,7000,0.67,26814957,3,35000000,2008
121,98348,62,131,272,49000,263,227,50141,7000,0.73,123922370,1,13000000,1987
97,27130,141,126,6,22000,1000,415,24350,14000,0.63,107225164,0,73000000,2016
99,29058,136,238,23,1000,710,471,2478,838,0.7,4681503,1,9000000,2002
91,17829,100,99,67,2000,641,597,4729,7000,0.37,94497271,1,20000000,2008
98,12675,39,158,13,3000,971,600,5185,7000,0.63,296665,1,5000000,2003
110,5176,15,30,278,3000,359,179,3864,350,0.53,4357000,3,30000000,1996
88,31191,124,120,12,49000,1000,931,53370,7000,0.54,49474048,2,35000000,2009
106,268154,451,341,188,10000,816,718,12572,40000,0.6799999999999999,179020854,1,225000000,2012
108,168717,245,178,425,20000,962,766,22739,24000,0.62,70625986,1,25000000,2011
140,57661,175,455,378,12000,947,599,13808,7000,0.73,120147445,0,87000000,2003
104,2801,16,28,28,962,826,582,3871,1000,0.74,12514138,0,10000000,1997
101,30339,135,268,96,12000,495,442,13811,7000,0.6900000000000001,24185781,1,31000000,2001
91,29147,138,115,26,3000,1000,638,5349,7000,0.48,37300107,1,16000000,2011
118,283480,111,263,91,1000,869,690,3986,7000,0.74,87666629,0,40000000,1990
96,7098,52,41,68,3000,1000,1000,8097,7000,0.5,21564616,9,8500000,2013
94,15665,88,35,42,975,569,517,3153,7000,0.64,49002815,2,22000000,2012
99,20219,67,100,32,773,664,521,2916,7000,0.51,81150692,1,35000000,2002
114,10410,10,71,503,2000,864,697,4334,892,0.6900000000000001,4651977,3,35000000,1992
216,314033,233,1166,17000,29000,14000,1000,47657,7000,0.75,77679638,3,100000000,2002
90,132415,143,288,10,22000,17000,11000,63165,7000,0.6,160762022,0,75000000,2004
116,402645,186,845,91,11000,1000,471,13028,7000,0.78,183405771,4,85000000,2001
104,82731,151,255,532,12000,3000,557,16930,7000,0.67,47592825,1,85000000,2003
139,18646,140,81,3000,3000,769,236,4211,1000,0.74,74205,1,14200000,2005
113,11158,163,73,13,5000,629,594,7692,7000,0.72,1094798,6,7200000,2010
95,23671,58,247,548,389,363,360,1792,7000,0.35,40066497,0,8000000,2004
123,312629,393,475,2000,26000,10000,471,37206,83000,0.8099999999999999,26903709,0,38000000,2013
293,168203,96,426,249,362,21,18,469,11000,0.8400000000000001,11433134,0,14000000,1981
129,26310,79,154,91,844,617,359,2330,7000,0.78,54000000,0,16000000,1982
102,85833,203,113,77,14000,151,120,14552,17000,0.67,107515297,2,100000000,2013
103,118951,280,1382,91,1000,756,346,2857,18000,0.42,131564731,0,150000000,2010
128,91092,145,402,278,18000,4000,343,22679,7000,0.67,124590960,1,80000000,2003
113,114070,147,500,91,13000,1000,781,15765,7000,0.73,12006514,5,250000,1997
99,66941,100,148,67,826,436,330,1790,1000,0.51,117559438,1,30000000,2000
94,31169,128,192,11000,11000,11000,975,23283,812,0.67,17071230,0,18000000,2000
108,129719,265,855,192,1000,1000,580,4500,7000,0.64,41777564,0,15000000,2006
115,205284,549,439,729,8000,727,552,9578,22000,0.73,82624961,0,20000000,2011
106,102125,341,324,1000,816,105,98,1120,10000,0.7,9190525,1,7000000,2009
97,114797,174,472,91,1000,898,657,2990,7000,0.74,24138847,3,5000000,2006
99,16194,32,79,5,1000,691,535,2960,319,0.43,13829734,0,26000000,1994
93,1220,43,11,91,20,8,429,28,7000,0.6799999999999999,100240,0,1000000,2014
124,256695,310,871,14000,22000,10000,979,34817,7000,0.6900000000000001,133382309,0,150000000,2006
109,5971,37,60,44,1000,886,458,3199,7000,0.65,27362712,1,8000000,2002
85,3662,46,79,49,719,405,401,2446,7000,0.41,4356743,2,16000000,2001
194,217373,239,942,91,14000,5000,195,19600,7000,0.72,47396698,1,130000000,2005
85,12218,38,33,91,1000,535,503,2908,187,0.52,39880476,0,25000000,2002
99,266103,147,456,88,11000,427,328,12952,11000,0.6799999999999999,120776832,2,75000000,2004
90,8398,73,56,176,931,839,825,4431,498,0.51,16647384,1,26000000,2006
103,123940,145,337,11000,22000,979,636,24333,7000,0.67,106694016,2,30000000,1999
93,5695,73,23,4,875,412,394,2305,7000,0.64,100675,0,3000000,2010
150,128682,314,657,91,23000,893,748,26490,51000,0.61,65007045,0,140000000,2014
97,38298,117,147,420,4000,3000,455,9814,782,0.63,28328132,2,58000000,2004
128,71754,41,166,545,15000,923,251,16751,7000,0.72,107458785,3,40000000,1992
111,156929,222,624,295,3000,882,531,4696,14000,0.77,14337579,1,27000000,1998
98,126746,231,600,124,931,507,354,2287,7000,0.62,89706988,1,55000000,2005
103,4894,60,122,35,548,495,482,2389,298,0.64,1420578,0,1900000,2003
85,36144,98,91,91,11000,102,82,11301,880,0.67,26288320,0,60000000,2003
91,102933,80,230,21,2000,700,542,4842,7000,0.6900000000000001,100117603,0,100000000,1996
133,146708,437,362,91,13000,597,531,15106,70000,0.77,109712885,1,35000000,2015
95,82082,289,236,4,788,447,80,1414,10000,0.61,14291570,2,20000000,2012
123,52533,84,235,98,2000,826,579,3994,10000,0.75,36581633,1,21000000,2007
127,2581,72,29,65,788,423,345,2104,7000,0.73,14946229,1,25000000,2016
78,8146,41,49,91,971,844,786,4527,181,0.61,76501438,0,30000000,2000
120,208422,345,342,91,3000,169,160,3632,3000,0.7,75754670,0,85000000,2008
108,65628,158,262,50,14000,975,494,16722,7000,0.5900000000000001,16930884,1,30000000,2007
93,70336,663,269,188,2000,458,168,2658,31000,0.73,12784397,0,1800000,2012
97,18966,104,141,32,14000,1000,692,16502,7000,0.6900000000000001,8378141,5,15000000,2002
162,301279,377,589,21000,21000,15000,495,36928,12000,0.77,33048353,0,65000000,2007
114,18366,60,219,160,1000,367,271,1816,7000,0.6900000000000001,18252684,2,30000000,1998
97,74691,213,165,41,11000,673,619,12841,7000,0.64,23527955,1,25000000,2010
118,503631,479,636,91,14000,1000,520,15732,64000,0.8,138795342,0,15000000,2010
98,53126,116,254,20,5000,888,872,7945,7000,0.6599999999999999,36833473,1,25000000,2001
100,51996,111,302,9,599,380,363,2389,7000,0.7,15500000,0,16000000,1999
100,5475,107,44,90,168,142,65,408,7000,0.8099999999999999,1134049,0,2000000,2007
81,6965,29,69,25,931,744,654,3848,262,0.5700000000000001,6982680,0,10000000,2000
116,91414,148,359,120,12000,980,664,16539,7000,0.77,78900000,2,11000000,1982
124,46451,93,156,75,294,273,258,1289,7000,0.5900000000000001,41256277,2,50000000,1997
109,95362,405,270,91,140,63,48,328,62000,0.79,8114507,1,3000000,2013
106,2720,78,37,33,341,5,3,358,57,0.67,304124,0,1400000,2004
96,112516,150,223,83,26000,968,926,30541,7000,0.62,13630226,0,20000000,2009
116,275869,410,389,737,23000,238,141,23811,36000,0.79,93571803,2,25000000,2010
116,54657,118,222,453,24000,23000,2000,50313,7000,0.7,3335839,2,2000000,2005
107,46961,119,132,34,23000,4000,1000,31529,7000,0.62,57744720,5,20000000,2010
90,467113,212,945,80,145,50,21,275,7000,0.79,267652016,1,60000000,2001
98,64121,117,241,91,12000,854,697,15269,880,0.5900000000000001,55585389,1,69000000,1998
90,111368,143,394,241,1000,495,416,3148,7000,0.71,81517441,1,50000000,1999
105,73349,261,142,101,1000,394,157,2016,15000,0.72,5776314,4,3200000,2010
122,11453,27,71,91,12000,592,292,13716,7000,0.65,41252428,0,42000000,1996
96,7569,35,65,22,1000,841,794,5282,978,0.52,20257000,2,7000000,1988
97,89351,228,214,63,852,578,525,2480,5000,0.71,104374107,0,105000000,2009
106,212499,173,277,285,8000,3000,105,11264,7000,0.6900000000000001,100468793,2,65000000,2008
109,28483,225,176,187,818,467,204,1813,7000,0.61,214966,0,13000000,2010
111,45602,66,114,79,11000,11000,2000,26088,979,0.61,42877165,0,86000000,1997
103,10220,62,110,24,127,10,10,163,560,0.61,5725,0,8400000,2000
119,361924,350,641,151,20000,16000,2000,40054,7000,0.67,179883016,0,150000000,2009
101,65785,188,160,91,2000,653,577,4286,16000,0.7,55673333,1,80000000,2010
102,2932,64,73,149,409,277,276,1986,121,0.67,1281176,1,312000,1999
110,28618,159,91,118,11000,1000,287,12876,11000,0.6,5773519,2,40000000,2015
109,6276,63,55,36,3000,3000,579,7833,16000,0.6799999999999999,61693523,0,13000000,2016
98,28570,120,160,7,805,766,507,2271,7000,0.55,23838,0,7000000,2013
142,321227,495,1067,464,15000,10000,825,28631,41000,0.67,202853933,0,200000000,2014
112,193962,214,805,123,14000,991,787,16196,5000,0.71,39235088,0,23000000,2000
93,154,29,5,91,399,169,59,660,287,0.6799999999999999,906666,1,500000,2011
93,110614,178,532,45,9000,460,352,10185,7000,0.55,25857987,0,62000000,2005
94,3291,60,63,87,87,70,37,256,400,0.6599999999999999,36830,0,1400000,2004
98,164608,224,383,541,8000,912,897,10938,10000,0.64,35063732,1,32000000,2007
97,591,23,10,4,1000,664,429,3852,5000,0.74,24784,0,1200000,2011
120,2919,16,50,6,22000,670,382,23769,181,0.51,42880,3,24000000,2004
196,381672,220,1694,249,11000,5000,844,17944,7000,0.72,133228348,2,175000000,2004
124,88225,83,227,105,24000,13000,460,38227,7000,0.63,54910560,0,60000000,1997
150,200556,159,611,91,11000,1000,135,12289,15000,0.74,100853835,2,90000000,1997
89,13913,137,120,14,971,479,270,2517,7000,0.4,15818967,0,7000000,2014
99,18355,117,106,60,4000,787,628,6526,3000,0.64,1654367,0,7000000,2006
124,13692,42,55,11000,11000,860,563,12685,877,0.64,10763469,0,15000000,1989
116,21394,115,147,13,203,172,140,773,11000,0.78,1050445,0,22000000,2005
105,56402,225,209,68,635,445,374,2423,17000,0.63,92401,0,2000000,2010
115,4795,13,39,468,605,367,150,1290,452,0.5700000000000001,14587732,3,35000000,1991
115,170155,349,249,346,74,69,26,216,60000,0.8300000000000001,610968,1,3800000,2012
144,105144,546,405,91,378,18,15,427,27000,0.71,16377274,31,32000000,2012
81,63912,161,251,10,925,729,397,2252,912,0.58,135381507,0,150000000,2005
123,99033,93,434,91,1000,898,781,3254,7000,0.72,2122561,6,6000000,1995
117,326494,471,340,212,11000,3000,896,17738,65000,0.8,27296514,0,5000000,2013
107,11476,125,50,234,1000,962,660,3944,7000,0.61,6998324,2,28000000,2015
98,11815,75,117,39,593,517,428,2713,320,0.5599999999999999,22734486,1,17000000,2003
102,146899,191,185,23,2000,2000,651,7009,7000,0.64,64149837,1,20000000,2009
112,258186,330,322,97,17000,920,584,19428,24000,0.71,191616238,2,50000000,2014
89,146019,167,119,35,1000,851,436,3285,7000,0.67,179982968,0,150000000,2008
94,149549,216,348,85,14000,706,443,16225,7000,0.63,50648679,1,45000000,2007
123,8309,63,39,91,11000,597,324,11969,315,0.6,10297897,4,27000000,1998
100,76151,100,333,422,816,577,422,2893,7000,0.71,18488314,0,1200000,2001
101,268581,239,1109,448,482,203,83,956,20000,0.76,96471845,0,17000000,2001
88,48500,141,124,91,4000,3000,982,9913,7000,0.5599999999999999,120136047,2,80000000,2008
117,182899,492,630,294,10000,2000,1000,14161,60000,0.62,58607007,0,100000000,2014
133,383784,100,331,272,10000,898,628,12285,12000,0.8,172825435,3,25000000,1988
105,1015,8,10,29,847,618,76,1668,566,0.39,178739,0,2450000,2011
111,238916,315,328,124,13000,11000,357,24928,32000,0.71,90356857,4,58000000,2010
94,25063,152,177,151,113,64,29,278,7000,0.73,2912363,1,3000000,2005
193,45271,80,170,133,2000,826,820,6341,7000,0.79,21500000,0,27000000,1983
127,26434,92,174,102,2000,1000,1000,6657,7000,0.7,75597042,0,20000000,2002
96,11520,73,105,91,372,206,130,977,625,0.5599999999999999,14208384,2,30000000,2003
91,39764,276,148,91,34000,242,220,34705,17000,0.67,958319,0,21000000,2011
110,299852,316,713,335,11000,11000,988,25763,7000,0.67,134568845,0,75000000,2008
110,10667,82,95,80,826,590,509,2466,260,0.52,14469428,2,26000000,2004
91,84209,167,201,41,567,402,328,2954,7000,0.52,20819129,1,26000000,2009
119,22250,74,123,116,738,428,385,2171,913,0.67,8888143,0,28000000,1999
92,276746,262,264,87,15000,1000,424,16982,19000,0.71,58401464,1,8000000,2010
133,17025,96,290,521,11000,1000,970,16710,295,0.51,31054924,1,64000000,1999
99,26126,158,325,91,1000,573,520,2535,7000,0.5,19294901,0,35000000,2005
99,29463,54,84,91,26000,1000,798,29325,7000,0.65,92191,1,2500000,2001
119,152591,323,414,91,29000,14000,10000,53895,7000,0.73,22877808,0,35000000,2008
96,28109,139,110,3,18000,82,35,18178,7000,0.6,48006503,3,37000000,2008
105,449,14,38,7,2000,783,548,3475,117,0.65,609042,2,1300000,1999
94,132963,103,302,480,1000,490,486,3889,7000,0.65,68525609,5,15600000,2000
106,35312,67,267,48,23000,255,35,23369,7000,0.64,52885587,0,16000000,1999
113,156348,198,380,221,11000,600,503,13446,7000,0.55,100018837,0,90000000,2008
81,13521,159,150,3,220,40,7,276,7000,0.42,22757819,0,100000,2015
72,31371,59,166,5,659,628,435,2646,7000,0.5700000000000001,28501605,0,13000000,1990
108,12993,50,107,19,973,954,505,3344,476,0.4900000000000001,19693891,2,34000000,2001
96,5228,66,38,3,2000,368,305,2802,7000,0.5700000000000001,162,5,9000000,2014
103,7833,100,63,38,745,591,316,1721,215,0.5700000000000001,1530535,3,9000000,2005
119,36372,220,491,91,908,764,593,3226,3000,0.4900000000000001,33386128,0,15000000,2009
125,9649,119,226,34,427,66,65,729,1000,0.6599999999999999,13337299,7,20000000,2004
145,399651,252,1331,14000,10000,798,533,12546,7000,0.77,132014112,0,102000000,2002
89,4288,21,21,23,1000,937,899,5535,517,0.54,8119205,3,28000000,1997
103,56605,180,89,44,637,256,190,1342,23000,0.73,17474107,3,7000000,2015
104,30836,138,137,91,14000,1000,329,15860,7000,0.5900000000000001,108229,1,4500000,2009
104,23986,121,201,91,754,567,517,2442,7000,0.71,31899000,0,6500000,1980
98,7143,71,52,89,88,74,3,173,865,0.75,2938208,1,225000,1990
94,29392,40,91,7,235,46,17,303,7000,0.6599999999999999,81525,1,15300000,2001
86,37495,272,230,59,694,324,104,1249,37000,0.61,703002,4,3000000,2011
124,198066,147,426,47,40000,1000,877,43453,13000,0.76,52937130,1,30000000,2001
118,892,2,21,76,902,488,249,2079,106,0.52,800000,0,14000000,1981
140,187170,417,376,310,33000,748,619,34413,47000,0.73,21383298,3,15000000,2012
154,326180,428,899,91,894,829,581,2593,46000,0.63,352358779,2,195000000,2011
94,76828,251,314,24,581,438,434,2371,24000,0.58,104007828,0,5000000,2011
127,212085,228,492,905,15000,588,271,16034,15000,0.77,38345403,8,70000000,2007
90,6246,75,76,234,552,61,15,642,451,0.75,241816,0,42000,2000
182,637246,645,1367,91,5000,972,773,9152,166000,0.79,303001229,1,180000000,2012
97,17461,121,78,3,24000,827,631,25792,7000,0.5599999999999999,16699684,1,8000000,2009
115,38202,222,135,13,20000,17000,642,38963,41000,0.5700000000000001,66009973,3,14800000,2015
101,149285,256,668,91,40000,852,574,42918,10000,0.75,26505000,1,1800000,1984
105,19655,211,280,500,11000,912,718,12946,683,0.6799999999999999,20338609,8,10000000,2006
95,82819,142,263,70,970,834,512,2876,7000,0.67,48291624,1,58000000,2005
112,23334,141,87,105,18000,6000,748,25269,7000,0.62,317125,0,16000000,2013
122,348007,350,1535,308,17000,12000,10000,44060,19000,0.52,191449475,1,37000000,2008
115,28429,224,110,180,1000,535,87,1686,7000,0.58,10640645,0,40000000,2015
120,281842,215,515,14000,861,725,548,2811,34000,0.79,434949459,0,10500000,1982
86,76407,203,335,385,266,209,100,673,7000,0.7,14564027,0,1000000,1987
111,48559,175,145,81,3000,571,81,3784,7000,0.6,33631221,1,25000000,2014
90,24038,56,123,119,869,779,636,3007,411,0.46,15549702,2,14000000,2003
107,9051,97,68,24,10000,566,85,10691,7000,0.5700000000000001,26284475,13,17000000,2015
120,95367,279,260,508,21000,11000,1000,36062,33000,0.6900000000000001,58700247,1,38000000,2011
133,313797,217,546,91,7000,966,218,8341,7000,0.71,109243478,1,26000000,2005
94,83097,258,134,132,26000,828,317,27759,12000,0.65,17120019,2,30000000,2012
99,44891,156,202,212,576,358,182,1520,12000,0.42,18821279,0,70000000,2014
139,341058,459,713,168,14000,5000,1000,22226,49000,0.67,150832203,2,85000000,2014
103,20201,101,180,643,24000,1000,586,26938,7000,0.55,37752931,2,40000000,2000
96,11768,84,148,22,8000,2000,324,11078,492,0.5599999999999999,15427192,0,16000000,2000
101,9845,31,77,154,1000,816,497,3174,613,0.61,53146000,1,20000000,1996
100,198701,226,1138,545,14000,2000,766,17902,7000,0.67,39532308,0,33000000,2002
152,292022,200,1103,91,2000,820,557,4270,10000,0.77,108638745,0,92000000,2001
86,16349,124,103,84,680,46,34,763,869,0.6799999999999999,992238,0,1700000,2004
111,96129,122,488,72,19000,12000,722,34106,5000,0.74,6200756,0,7000000,2001
102,2705,68,38,212,10000,633,195,11083,314,0.5900000000000001,354704,0,1300000,1987
90,23606,60,304,7,525,281,251,1445,7000,0.21,4922166,2,12000000,2003
101,321283,265,1848,91,19000,13000,11,32015,17000,0.78,44566004,0,4000000,2003
103,16747,108,349,57,541,451,132,1228,1000,0.54,22160085,0,10600000,2002
123,79264,252,277,91,11000,935,923,13321,13000,0.7,94125426,2,40000000,2009
106,70838,382,208,763,8000,886,809,11454,18000,0.5599999999999999,64933670,1,85000000,2012
136,496749,576,742,94,19000,11000,2000,36188,55000,0.78,259746958,1,170000000,2014
220,11388,85,183,91,13000,861,820,15006,652,0.58,15527125,2,57000000,2000
97,39508,28,96,117,851,582,556,3036,7000,0.75,27900000,2,3500000,1993
98,67223,154,126,189,49000,3000,1000,53587,11000,0.62,113733726,7,127000000,2014
125,178731,68,261,438,18000,15000,372,33865,7000,0.77,77324422,2,26000000,1993
95,30394,147,103,98,405,358,78,1070,7000,0.58,37101011,1,40000000,2012
136,1217752,313,3646,91,18000,145,99,18563,25000,0.8699999999999999,171383253,3,63000000,1999
151,873649,352,2054,17000,29000,13000,1000,45648,29000,0.85,132373442,0,90000000,2006
114,137854,150,560,737,2000,490,393,3743,3000,0.71,60652036,1,48000000,1999
100,80870,226,315,124,2000,850,534,3889,7000,0.52,40168080,0,26000000,2010
92,9509,59,53,89,729,706,355,2848,11000,0.35,11675178,4,5000000,2016
103,5931,88,58,365,907,365,49,1411,7000,0.62,23000,0,500000,2006
82,48225,40,164,33,744,503,475,2400,7000,0.67,17278980,0,8000000,1998
110,5917,76,50,534,865,534,511,2972,177,0.53,5881504,2,39000000,2004
99,91093,120,353,59,770,263,145,1195,7000,0.7,101217900,2,70000000,1998
131,69676,124,131,911,5000,234,232,5954,31000,0.78,85433,2,13500000,2013
101,85589,256,144,6000,6,3,2,13,7000,0.77,15081783,0,34000000,2008
114,87331,148,364,59,49000,702,403,50927,18000,0.75,31655091,0,30000000,2007
103,328159,193,467,77,1000,939,835,5437,3000,0.76,176387405,0,59000000,2002
123,81026,82,194,12000,18000,10000,665,30132,7000,0.73,91400000,0,53000000,1995
98,27492,55,84,41,723,706,525,3939,7000,0.61,57176582,1,9500000,2000
101,30474,155,172,13,280,11,6,308,7000,0.75,6517198,0,3000000,2004
109,74476,148,184,415,673,489,228,1775,15000,0.74,49185998,2,30000000,2009
109,2794,39,78,9,767,380,280,2187,7000,0.73,3050934,1,1800000,2000
99,26390,76,176,272,1000,87,62,1189,713,0.48,12181484,1,40000000,2004
105,7470,11,35,6,723,422,371,2368,7000,0.55,8508843,1,18000000,1989
93,49680,43,117,12,18000,769,636,20188,7000,0.62,38037513,2,20000000,1991
129,89972,48,126,81,970,854,164,2551,7000,0.61,121945720,0,25000000,1992
95,109855,251,888,91,11000,876,98,11994,7000,0.73,17791031,0,25000000,2002
95,3624,65,27,49,702,616,261,2007,313,0.62,2955039,1,9000000,2007
94,3174,47,19,258,721,463,424,2453,376,0.51,11508423,2,23000000,2008
128,44816,148,259,91,955,869,754,5404,7000,0.64,37036404,3,30000000,2000
110,300542,154,378,91,10000,1000,898,12760,7000,0.71,180965237,0,80000000,1996
68,4180,45,32,91,304,286,253,861,264,0.64,18081626,0,20000000,2005
145,76842,72,173,91,10000,854,560,12098,4000,0.72,70001698,0,14000000,1989
133,137722,172,638,2000,40000,903,541,42344,7000,0.67,18653746,1,38000000,1999
121,190786,144,539,541,920,710,680,2880,7000,0.54,184031112,4,100000000,1995
88,3914,53,47,12,327,281,249,1509,153,0.5599999999999999,13019253,4,23000000,2000
113,172080,223,1017,252,539,151,90,813,7000,0.72,170684505,0,45000000,2002
86,9682,77,38,6,1000,857,843,5393,7000,0.48,10134754,0,30000000,2011
86,12197,144,150,378,957,925,783,3535,650,0.63,5542025,0,12000000,2006
87,18711,49,183,18,3000,2000,844,9555,7000,0.54,3071947,3,3500000,1999
105,21481,183,175,91,845,552,308,2355,559,0.61,1304837,2,32000000,2006
101,31918,166,142,57,1000,603,230,1947,7000,0.55,10268846,1,35000000,2009
147,235992,252,1768,91,6000,889,669,8484,16000,0.8,7219578,1,15000000,2001
121,53970,125,435,18,1000,855,776,3986,7000,0.6,29655590,4,65000000,1999
110,15358,91,131,164,258,218,45,571,328,0.6,15156200,2,30000000,1999
96,62424,166,90,13,16000,881,463,17416,13000,0.65,83024900,0,135000000,2013
93,11487,115,226,787,787,96,429,883,952,0.5,365734,0,10000000,2003
87,22838,91,56,31,1000,1000,733,4073,7000,0.4400000000000001,133103929,0,75000000,2011
120,59524,103,418,91,782,652,388,2892,7000,0.79,27545445,2,6500000,1989
115,30667,98,234,150,970,919,789,3770,7000,0.5599999999999999,39177215,1,38000000,2002
109,23728,104,213,128,11000,2000,1000,14995,813,0.61,13491653,0,18000000,2001
126,51892,184,273,295,18000,934,284,19769,24000,0.55,31141074,4,140000000,2016
133,7295,12,49,12,464,374,106,1045,504,0.72,199228,0,150000000,2009
94,10883,49,73,80,1000,417,230,2151,448,0.4900000000000001,36830057,2,65000000,1999
109,48973,157,214,80,19000,3000,2000,28493,736,0.65,45489752,2,26000000,2004
113,199039,526,479,13000,40000,17000,16000,80849,82000,0.62,79711678,7,100000000,2012
114,184561,326,554,151,11000,635,430,12908,123000,0.67,61656849,4,110000000,2013
115,86664,349,252,212,2000,820,612,4896,38000,0.71,37877959,1,15000000,2014
101,54421,128,101,10,1000,689,681,4298,3000,0.58,46012734,2,40000000,2008
85,4067,51,71,157,830,224,10,1064,297,0.6599999999999999,192467,0,15000,2005
102,22147,91,156,167,656,528,436,2754,770,0.63,75074950,0,12000000,2002
93,14280,74,171,253,3000,889,637,5580,683,0.47,5409517,0,75000000,2001
100,29322,176,104,21,14000,618,552,15922,7000,0.61,13746550,5,2000000,2012
120,200077,37,189,91,3000,1000,1000,7860,7000,0.6599999999999999,173585516,2,18000000,1992
106,149998,267,285,12000,18000,464,385,19906,7000,0.64,65452312,1,100000000,2009
98,24438,56,194,10,10000,1000,912,13433,7000,0.6599999999999999,16115878,0,8000000,1995
110,54710,91,177,422,33000,459,422,35345,7000,0.63,19179969,2,17500000,2006
90,10446,62,105,39,607,322,210,1335,279,0.53,28535768,2,40000000,1999
82,1938,29,54,82,2000,571,490,3905,210,0.6,12996,0,1000000,2000
129,221521,192,1049,719,660,475,423,2031,7000,0.72,54700065,0,105000000,1997
97,4081,21,28,3,400,193,161,805,154,0.3,2315683,0,17000000,1986
81,10369,100,153,63,63,3,429,66,1000,0.8,10762178,0,160000000,2001
125,33067,85,134,21,12000,2000,581,15811,7000,0.6900000000000001,38432823,1,30000000,2006
102,88451,269,289,91,22000,15000,15000,60646,7000,0.71,66636385,1,75000000,2007
100,4052,24,88,98,1000,849,604,3250,242,0.6599999999999999,12902790,1,12000000,1998
96,7394,63,50,19,1000,943,71,2163,7000,0.67,115862,2,6000000,2009
92,1123,4,31,4,93,31,12,168,638,0.51,425899,0,400000,2010
93,73501,172,333,91,355,151,133,837,27000,0.73,13008928,0,4000000,1988
105,62986,96,150,188,848,808,482,3439,7000,0.6900000000000001,72077000,4,30250000,1995
130,16673,86,45,39,2000,898,534,5162,7000,0.73,9589875,0,40000000,2008
103,1207,13,44,34,811,522,227,1789,40,0.33,16066,0,5000000,2004
113,1466,24,35,9,71,65,12,159,63,0.54,19184015,1,3000000,2002
97,9294,97,140,745,12000,821,745,15209,251,0.5599999999999999,11614236,2,15000000,1999
180,270790,134,549,869,692,670,521,3076,16000,0.8300000000000001,51600000,0,18000000,1984
111,124501,175,154,98,2000,805,71,2978,7000,0.61,76806312,1,30000000,2008
89,70194,242,158,10,963,545,106,1754,14000,0.8,4443403,0,7300000,2007
135,143696,104,241,323,826,692,495,2575,7000,0.76,122012643,1,30000000,1990
89,37493,133,108,16,49000,22000,2000,74181,7000,0.5599999999999999,21784432,8,35000000,2013
142,537442,147,851,91,14000,670,638,16464,19000,0.8300000000000001,44700000,0,25000000,1983
94,25681,138,77,42,12000,9000,668,23365,7000,0.63,19548064,1,65000000,2009
95,71527,127,217,63,23000,770,720,26940,7000,0.71,38120554,0,140000000,2002
111,32544,42,69,161,11000,894,132,12161,7000,0.63,46815748,1,45000000,1994
104,42324,127,180,13,961,691,343,2422,846,0.55,23020488,3,52000000,2003
88,270207,208,606,188,10000,3000,826,14823,2000,0.61,190418803,2,140000000,2002
117,5841,28,57,162,2000,878,745,4351,942,0.72,777423,0,25000000,1998
88,11498,97,53,96,24000,971,360,25637,7000,0.53,6373693,1,15000000,2009
90,13371,116,60,34,966,681,506,2661,7000,0.64,4360548,7,15000000,2009
105,11387,97,147,261,783,658,617,2684,357,0.6599999999999999,2062066,3,7000000,2002
135,326286,354,643,255,3000,1000,882,5811,7000,0.6799999999999999,134518390,0,150000000,2008
120,179235,406,2814,91,260,252,113,705,13000,0.71,499263,0,30000000,2004
112,67893,275,163,11000,385,223,159,1205,18000,0.63,16684352,0,17000000,2012
121,183247,269,440,91,10000,1000,919,14165,7000,0.71,83077470,0,75000000,2008
116,4387,38,67,91,109,67,50,245,204,0.6,325491,0,17500000,2002
108,37700,72,50,18,714,701,433,2785,7000,0.63,11702090,2,16500000,2007
186,483540,509,951,91,5000,972,773,9152,83000,0.79,258355354,6,225000000,2013
129,94241,332,309,91,492,392,213,1450,25000,0.63,110008260,1,35000000,2015
113,6183,99,27,44,61,12,4,92,1000,0.74,617228,1,84450000,2006
98,13190,66,114,17,1000,887,770,3827,616,0.45,14114488,0,10500000,1988
114,16260,56,88,65,743,730,440,2367,296,0.4900000000000001,12065985,1,60000000,1998
87,39690,242,394,49,309,121,59,707,7000,0.61,19100000,0,1250000,1981
137,40568,172,185,79,27000,254,194,27666,18000,0.64,1206135,3,50000000,2015
89,16437,169,68,41,2000,1000,847,5470,7000,0.4900000000000001,9639242,0,24000000,2011
107,47320,181,188,192,40000,2000,280,42683,12000,0.55,7605668,2,60000000,2015
88,72552,365,374,192,3000,859,847,5737,13000,0.55,25003072,0,24000000,2010
172,1100446,294,2417,91,16000,5000,857,23052,10000,0.8699999999999999,340478898,1,94000000,2002
114,2039,11,28,9,159,143,86,423,81,0.72,1001437,1,800000,1993
90,86890,190,985,108,1000,322,270,1982,7000,0.61,37470017,0,10000000,2001
93,1633,40,17,148,549,269,170,1373,7000,0.4400000000000001,7017178,5,17500000,2013
119,87768,197,187,238,1000,561,447,2925,12000,0.63,13763130,0,32000000,2010
96,62364,184,337,9,826,626,107,1825,7000,0.5900000000000001,47852604,0,20000000,2007
115,16215,93,138,115,9000,1000,977,11433,401,0.64,882710,2,24000000,2000
90,4086,19,22,48,940,595,376,2465,246,0.53,15091542,2,25000000,1996
134,21606,85,117,17000,2,2,429,4,7000,0.7,5532301,0,28000000,1997
91,41664,78,205,29,861,593,459,2543,7000,0.5900000000000001,27087695,0,17700000,2001
105,128629,393,348,335,3000,3000,911,8281,98000,0.5900000000000001,37516013,0,69000000,2012
118,42689,188,204,386,14000,1000,812,17490,7000,0.71,10214647,0,11000000,2004
104,27301,149,101,20,3000,591,130,3825,7000,0.74,6670712,6,6000000,2009
101,651,3,34,91,69,34,17,155,44,0.6,1111615,0,500000,2003
144,470483,400,2301,258,6000,1000,834,9125,7000,0.8,167007184,1,150000000,2006
91,17722,70,111,29,976,799,762,3974,849,0.48,14018364,1,30000000,2004
116,334345,401,2741,14000,10000,1000,807,12758,7000,0.65,234277056,0,132000000,2005
78,216486,61,242,293,759,595,567,2462,7000,0.6900000000000001,72217000,1,12000000,1994
109,65979,152,220,25,954,739,431,3148,999,0.63,19976073,1,20000000,2005
106,32507,216,119,452,20000,732,141,21195,15000,0.75,15785632,3,23000000,2016
93,34219,111,578,33,1000,188,135,1531,7000,0.33,37188667,1,12000000,2002
109,121058,186,482,248,16000,988,968,19410,3000,0.67,35635046,0,17000000,2006
99,17322,37,93,675,902,424,164,1582,853,0.65,418953,0,1500000,1993
96,40514,191,234,47,3000,497,442,4053,808,0.6799999999999999,12570442,0,10000000,2005
96,64794,261,131,51,3000,482,28,3569,17000,0.73,5359774,0,6000000,2011
94,23473,76,123,99,598,557,377,3552,8000,0.4400000000000001,71038190,1,30000000,2015
132,18209,81,183,131,11000,298,242,12133,7000,0.67,10166502,0,80000000,2005
106,68428,105,148,287,16000,823,767,19610,7000,0.63,41482207,0,50000000,1990
111,177401,355,504,214,10000,9000,3000,23566,32000,0.73,56692,2,25000000,2009
121,67797,322,285,53,19000,11000,8000,39690,30000,0.73,37738400,3,25000000,2013
132,87785,93,362,91,49000,1000,957,55254,7000,0.6799999999999999,58220776,0,100000000,1999
118,44453,123,154,101,13000,390,327,14036,7000,0.58,33828318,2,55000000,2003
130,98403,185,683,91,11000,627,568,12890,7000,0.6599999999999999,155370362,0,100000000,2000
102,52029,167,224,52,8000,735,526,10552,7000,0.54,49392095,1,100000000,2009
88,386217,445,553,181,15000,13000,11,28011,26000,0.77,75590286,4,23600000,2009
118,37446,205,232,252,529,48,30,619,7000,0.58,19673424,4,80000000,2009
107,49007,57,97,42,1000,854,808,3435,7000,0.72,49797148,3,11000000,1989
96,117606,96,217,170,13000,738,668,15662,7000,0.64,150415432,0,44000000,1985
104,99236,293,321,53,22000,11000,652,33903,7000,0.75,33422556,0,20000000,2008
140,332276,317,514,149,27000,798,581,29692,77000,0.82,13651662,1,25000000,2011
115,50653,83,143,39,11000,956,685,14322,7000,0.6599999999999999,60491560,1,27000000,1997
101,120795,173,308,480,881,869,767,3943,7000,0.61,88200225,5,60000000,2004
97,35446,190,78,6,1000,579,561,2707,7000,0.71,46440491,1,100000000,2011
89,1229,50,2,91,31,24,3,58,407,0.7,11278,0,1300000,2013
95,5143,12,62,43,1000,788,611,5213,724,0.23,306715,1,10000000,1998
100,44502,22,46,65,633,613,577,3362,7000,0.64,50752337,8,10000000,1992
108,94456,228,576,174,730,716,324,2178,7000,0.53,32048809,0,30000000,2005
101,1649,34,21,324,678,541,28,1256,33,0.6599999999999999,231417,0,60000000,1997
97,6632,37,69,18000,10000,1000,977,13718,225,0.61,326308,3,5000000,1996
101,51349,77,213,93,287,233,218,993,7000,0.43,26082914,2,87000000,2005
103,109873,328,320,132,10000,882,844,12867,33000,0.72,2412045,0,15000000,2010
128,68119,201,230,395,283,206,161,904,7000,0.76,15797907,0,20000000,2007
116,40126,65,107,380,18000,13000,826,33233,975,0.6599999999999999,58918501,1,46000000,1996
84,17169,133,70,4,8000,806,546,10123,9000,0.55,5895238,1,6000000,2012
98,39471,78,187,322,979,862,723,6334,7000,0.43,58255287,1,64000000,2006
123,239752,120,406,277,11000,10000,4000,25697,11000,0.76,105264608,0,60000000,1994
91,15664,112,149,13,803,587,140,1921,7000,0.58,38916903,0,13000000,2014
103,147641,241,238,368,27000,1000,520,29808,18000,0.63,54758461,3,65000000,2012
131,127258,320,351,385,26000,13000,11000,52610,56000,0.61,39292022,15,90000000,2014
98,36253,49,92,176,742,658,468,2457,7000,0.67,44455658,2,25000000,1997
85,54077,154,112,9,12000,11000,970,25590,7000,0.6799999999999999,58867694,0,100000000,2007
90,5699,47,40,8,426,399,35,862,7000,0.5900000000000001,75727,0,2500000,2008
116,170179,223,656,91,1000,720,672,3090,7000,0.63,47748610,0,75000000,1997
103,31798,116,178,11000,11000,893,277,12534,826,0.6799999999999999,7496522,0,26000000,2001
84,25541,47,181,2,15000,816,690,18864,7000,0.5599999999999999,5002310,0,13000000,2001
94,13661,67,134,7,3000,240,95,3451,487,0.53,20627372,3,16000000,2000
111,104119,420,518,91,2000,741,687,4486,26000,0.62,38176892,0,40000000,2011
103,175962,223,336,1000,21000,1000,611,23932,7000,0.76,4235837,2,15000000,2005
110,36657,106,318,787,1000,787,642,4762,7000,0.75,2365931,2,1500000,1998
118,2302,27,20,14,2000,769,400,3384,7000,0.7,2246000,4,20000000,2015
129,41496,194,210,91,878,643,576,2378,7000,0.75,261481,0,12000000,2004
115,43574,136,302,58,33000,455,401,34606,7000,0.61,31874869,0,50000000,2002
85,74343,73,98,84,1000,1000,595,4166,694,0.53,144156464,0,71500000,1998
99,29203,115,26,766,595,486,269,1519,7000,0.73,274385,3,4000000,2009
96,1180,12,9,23,927,509,503,3552,740,0.45,9658370,6,5000000,2016
121,63931,83,241,319,1000,18,11,1051,7000,0.76,40158000,1,7000000,1993
103,62009,77,109,130,691,476,406,2481,2000,0.58,26400000,1,18000000,1984
123,95860,157,660,75,18000,3000,754,23920,16000,0.72,33508922,2,40000000,2000
153,744891,210,983,91,780,604,539,2829,13000,0.85,204843350,0,102000000,1991
96,186606,441,1125,91,10000,917,882,12754,7000,0.75,31493782,1,32000000,2005
120,291603,120,505,91,40000,854,576,42028,9000,0.8099999999999999,137963328,0,6000000,1986
90,24969,148,258,2,16000,1000,807,19952,7000,0.47,20259297,0,20000000,2006
113,44763,233,172,163,131,60,27,264,14000,0.79,1185783,0,590000,2007
91,163130,323,1264,91,11000,946,751,13654,6000,0.5,64505912,0,48000000,2008
120,293662,299,836,91,10000,851,680,13581,7000,0.76,100003492,0,65000000,2004
109,49671,158,166,11,22000,851,411,24063,11000,0.6,35537564,1,11500000,2016
102,59474,137,418,218,900,563,376,2475,7000,0.73,16842303,3,6500000,1999
100,270441,327,378,129,23000,10000,3000,39807,40000,0.77,34963967,2,8000000,2011
95,8005,30,49,45,578,341,267,1363,417,0.53,3559990,0,3000000,1997
116,69757,464,1211,176,783,370,322,2097,62000,0.55,118099659,4,144000000,2016
96,10282,78,78,38,363,223,85,774,474,0.6599999999999999,198407,1,2000000,2006
116,11191,71,37,107,893,664,658,3110,7000,0.6900000000000001,14612840,1,7000000,2014
148,31080,91,217,72,582,103,99,804,7000,0.67,39251128,2,75000000,1999
135,36636,129,289,149,639,617,250,1845,7000,0.75,64371181,0,28000000,2004
140,68159,82,209,91,720,576,552,3044,7000,0.72,35183792,1,38000000,1991
86,4407,43,75,3,643,606,513,2864,672,0.7,617172,1,375000,1997
169,928227,712,2725,22000,11000,11000,6000,31488,349000,0.86,187991439,1,165000000,2014
114,109445,109,426,101,700,655,398,2842,7000,0.5900000000000001,70836296,2,40000000,2001
113,186977,253,529,395,8000,189,77,8362,13000,0.76,40137776,1,38000000,2006
104,88049,206,279,50,5000,962,947,7247,7000,0.6599999999999999,25040293,0,55000000,2008
116,260981,114,373,101,18000,946,780,20966,7000,0.72,121248145,0,25000000,1994
95,58412,143,242,9,14000,11000,11000,37967,2000,0.5599999999999999,88658172,2,50000000,2006
132,87665,304,323,304,15000,1000,898,20035,41000,0.72,116631310,0,30000000,2013
84,87494,191,540,36,2000,683,648,3416,7000,0.61,15417771,1,12600000,2003
99,65037,232,273,101,1000,422,327,2323,7000,0.5900000000000001,15071514,2,80000000,2007
99,66123,204,219,91,26000,12000,816,40312,28000,0.61,58879132,4,31000000,2015
108,9233,88,126,234,11000,552,463,12385,571,0.6900000000000001,548712,0,2500000,2003
107,33354,177,110,43,12000,919,569,14569,10000,0.6599999999999999,126088877,2,50000000,2016
123,20827,160,136,130,826,638,426,2259,7000,0.72,59699513,0,35000000,2010
118,80196,245,190,670,6000,450,294,7654,7000,0.65,25450527,0,50000000,2009
101,16340,90,355,36,1000,786,377,2764,356,0.46,12801190,1,15000000,2000
112,141425,377,283,310,33000,2000,616,35941,25000,0.74,9701559,0,3500000,2010
95,45580,156,102,34,17000,995,679,19513,18000,0.73,50150619,1,50000000,2014
118,9866,253,73,91,18000,860,500,19879,7000,0.7,1330827,2,7000000,2016
45,14247,80,44,28,573,197,104,1098,7000,0.73,145109,1,45000000,2008
113,130070,134,316,88,11000,437,421,13693,7000,0.64,158115031,11,82000000,2005
102,26755,79,104,91,1000,934,434,3037,542,0.5,47285499,3,26000000,2003
114,16582,124,125,15,851,680,650,3485,7000,0.4900000000000001,26896744,4,16500000,2008
99,27266,147,75,129,976,617,362,2748,7000,0.7,2077046,2,6000000,2008
92,35131,282,255,34,383,333,322,1945,16000,0.48,34334256,0,11000000,2013
99,105585,140,419,13,45000,4000,681,50284,7000,0.5599999999999999,72219395,1,17000000,1997
113,210542,349,332,174,14000,903,767,17152,29000,0.6900000000000001,61094903,3,30000000,2011
101,40964,195,245,40,2000,648,398,3612,7000,0.62,28687835,1,35000000,2008
82,85423,122,374,23,11,9,6,37,12000,0.6900000000000001,49968653,0,28000000,2001
91,5794,37,69,25,833,626,611,4551,371,0.53,17292381,0,12000000,2001
102,120036,152,408,91,14000,1000,787,18643,10000,0.77,7993039,1,6900000,1993
124,46482,65,252,91,8000,818,701,9988,7000,0.67,91030827,2,50000000,1998
103,14112,53,83,460,991,971,900,2990,619,0.72,5132222,1,2000000,1994
86,12983,186,139,174,619,350,2,971,7000,0.6799999999999999,54257433,0,17000000,2016
115,185394,322,329,386,21000,17000,12000,59177,65000,0.55,292298923,3,120000000,2012
111,33158,136,223,197,433,208,6,679,7000,0.73,71844424,0,60000000,2009
97,27265,77,321,31,4000,980,551,6388,7000,0.65,10561238,0,10000000,1999
118,90046,224,141,138,26000,968,458,28479,17000,0.62,17609982,0,35000000,2013
125,447979,384,629,255,11000,988,963,13312,105000,0.73,117698894,6,75000000,2013
85,56923,246,243,91,478,83,51,700,7000,0.73,488872,2,10000000,2001
97,22220,103,181,10,18000,223,178,18688,463,0.53,28927720,0,33000000,2000
121,41620,131,418,102,117,62,43,286,2000,0.24,5660084,0,54000000,2003
106,58752,202,117,42,14000,788,612,16922,21000,0.6,27356090,0,90000000,2015
121,544665,291,2012,91,24000,11000,4000,40484,5000,0.73,403706375,0,139000000,2002
105,11347,122,28,91,716,648,223,1843,5000,0.71,99462,1,33000000,2013
100,27648,60,148,23,1000,642,579,3855,7000,0.4900000000000001,17300889,0,45000000,1996
123,202341,274,391,628,565,555,171,1595,105000,0.78,15294553,1,12000000,2013
119,45798,39,94,541,821,577,551,4043,1000,0.67,92115211,3,45000000,1994
100,85903,26,92,52,795,419,394,2638,7000,0.6,100328194,0,50000000,1995
189,155496,250,532,91,16000,3000,1000,22186,7000,0.76,25031037,0,53000000,2007
101,54021,104,227,91,12000,898,764,15935,7000,0.5700000000000001,25407250,0,50000000,1996
140,63493,213,302,708,11000,8000,745,20440,26000,0.5700000000000001,80574010,1,60000000,2010
86,11693,61,104,70,878,834,169,2165,613,0.54,10397365,5,14000000,2001
103,66593,172,153,67,383,113,111,692,31000,0.55,142614158,3,110000000,2011
114,102123,174,660,335,11000,577,530,12624,7000,0.76,41597830,3,25000000,2002
132,52852,197,138,847,3000,960,625,6317,4000,0.67,27154426,1,17000000,2009
165,242420,378,918,91,974,956,808,3988,56000,0.5700000000000001,245428137,2,210000000,2014
93,314630,205,483,80,692,309,48,1148,7000,0.72,436471036,1,150000000,2004
148,426359,274,760,91,17000,882,826,18752,76000,0.82,18352454,0,15000000,2007
113,9913,64,38,58,331,27,9,387,7000,0.77,146402,1,4000000,2002
113,270226,424,741,13000,26000,13000,5000,46355,57000,0.65,102981571,9,80000000,2010
99,58349,235,194,160,330,119,72,701,7000,0.64,38105077,0,40000000,2009
174,314253,294,1966,2000,15000,574,362,16008,7000,0.6599999999999999,217536138,2,125000000,2006
131,86374,209,392,73,879,184,163,1344,3000,0.62,27667947,0,50000000,2007
94,75152,104,288,189,3000,2000,597,7014,7000,0.58,138614544,15,40000000,2003
120,4583,20,55,3,984,801,234,2563,7000,0.71,3773863,1,1000000,2009
99,67005,164,119,3,8000,509,490,10026,7000,0.58,33472850,3,55000000,2008
117,48629,52,134,425,13000,11000,901,27378,7000,0.6900000000000001,85300000,1,10000000,1981
125,28807,144,273,143,1000,664,519,4416,7000,0.5900000000000001,49875589,0,58000000,2012
114,67822,241,279,29,956,878,616,3861,7000,0.6599999999999999,32721635,0,15000000,2009
104,26066,69,216,134,585,495,64,1165,7000,0.5599999999999999,40118420,3,30000000,2002
92,5548,67,67,9,636,210,71,1033,352,0.67,6239558,0,5000000,2003
97,9541,49,64,105,982,503,269,2603,7000,0.33,2331318,1,10000000,2011
112,414070,486,532,230,26000,20000,12000,59803,63000,0.71,206360018,3,170000000,2013
94,89128,96,258,12,16000,876,583,19341,7000,0.64,21005329,0,6000000,2002
132,791783,525,2042,160,20000,979,443,22417,48000,0.82,70496802,1,54000000,2005
108,227824,224,273,98,16000,896,723,18656,10000,0.67,163947053,1,40000000,2009
86,52642,270,271,18,1000,466,300,2665,24000,0.5,18112929,0,1000000,2012
130,53053,154,132,149,1000,807,798,5101,7000,0.67,15709385,0,30000000,2008
83,44143,106,216,21,13000,503,495,14261,4000,0.7,73215310,0,80000000,2002
103,9230,111,37,12,163,20,19,219,7000,0.71,542860,1,4000000,2008
100,1976,16,51,12,245,38,6,295,603,0.72,982214,0,1000000,1998
101,174591,226,632,395,40000,14000,2000,58823,7000,0.78,51676606,1,25000000,2004
101,139184,265,243,38,496,390,318,1272,12000,0.64,50213619,8,36000000,2010
119,242599,276,1594,91,2000,505,279,2853,14000,0.8,25335935,0,40000000,2005
280,13215,84,497,33,789,640,67,1671,953,0.63,12870569,0,56000000,2003
130,107028,212,457,91,5000,2000,1000,10247,44000,0.6,31165421,3,60000000,2013
95,1338,14,14,91,296,205,133,690,413,0.64,4584,1,9000,2011
80,45900,142,247,19,11000,979,854,14385,7000,0.65,51053787,1,17500000,2005
132,172792,267,1740,50,992,495,368,1933,7000,0.6599999999999999,46982632,0,50000000,2006
121,352695,285,687,1000,175,115,108,485,17000,0.79,23618786,1,8000000,2007
118,60504,98,249,18,1000,946,906,6427,7000,0.6599999999999999,75668868,0,35000000,1994
107,103,2,6,91,752,282,236,1763,102,0.65,10508,4,700000,1998
84,111526,151,347,119,807,780,750,3629,7000,0.55,110000082,7,48000000,2003
84,5156,67,21,64,2000,892,748,4617,7000,0.54,11860839,0,9000000,2011
96,146766,225,178,59,17000,759,699,20007,7000,0.6900000000000001,114053579,0,150000000,2008
100,6025,18,15,28,945,756,501,2924,995,0.5700000000000001,20186,8,930000,2011
92,83788,277,227,77,703,682,495,3074,20000,0.5900000000000001,42575718,0,40000000,2011
96,115099,186,257,293,87000,11000,7000,108016,2000,0.54,100289690,0,175000000,2007
90,74887,166,129,6,904,715,617,2807,7000,0.67,31487293,2,9000000,2008
106,70885,208,189,31,33000,519,71,33734,7000,0.72,2694973,2,700000,2006
125,77656,143,220,43,2000,594,7,2608,7000,0.75,8047690,0,19400000,2006
107,114925,214,234,124,152,142,100,568,13000,0.71,63411478,1,39000000,2009
104,84131,193,400,1000,24000,15000,939,41701,7000,0.62,39692139,1,35000000,2004
116,98899,129,394,415,18000,669,644,20970,7000,0.7,71026631,1,36000000,2002
133,28247,46,149,759,826,130,67,1154,7000,0.72,33200000,4,26000000,1985
138,53251,91,188,78,12000,3000,968,17524,7000,0.63,10269307,0,8000000,2009
149,569841,568,1127,21000,835,812,625,4348,146000,0.8099999999999999,167735396,0,61000000,2014
133,208092,226,806,235,955,593,105,1777,7000,0.7,51483949,0,22000000,2003
114,7748,11,48,19,1000,883,842,3688,7000,0.58,69700000,2,35000000,1982
88,29629,144,374,27,742,120,101,1136,7000,0.5900000000000001,17768000,0,5000000,1988
91,14904,59,147,13,452,442,292,1760,7000,0.5700000000000001,17843379,2,8000000,1999
80,168398,211,492,91,50,8,3,65,13000,0.8,5792822,0,2700000,2004
202,63923,61,156,91,18000,848,318,20143,7000,0.77,48169908,0,33000000,1992
102,16474,113,301,91,1000,307,212,1890,785,0.42,1891821,0,52000000,2005
95,11148,76,229,906,956,579,287,2260,437,0.42,6768055,0,57000000,2004
144,137003,167,658,241,13000,3000,996,18761,7000,0.6900000000000001,56083966,1,65000000,2001
107,90539,155,379,18,811,625,560,3106,7000,0.5599999999999999,60786269,5,45000000,2000
136,84118,297,245,91,903,592,17,1579,13000,0.63,52474616,2,70000000,2010
89,23408,74,105,10,811,636,231,2167,810,0.46,29302097,8,15000000,2004
94,294,16,16,37,318,157,104,751,26,0.55,40542,0,300000,1997
101,167085,348,491,473,833,809,429,2690,62000,0.5900000000000001,190871240,0,125000000,2014
113,88146,237,814,43,12000,585,452,13517,7000,0.52,28031250,0,60000000,2005
96,3788,48,31,3,472,39,38,561,1000,0.53,27445,5,9000000,2011
100,4682,39,206,91,488,488,440,2428,129,0.35,12610552,0,7500000,1999
97,74435,224,224,12,788,698,641,2486,7000,0.72,1818681,1,7300000,2009
100,71276,134,181,14,3000,547,356,4094,13000,0.64,12561,2,19000000,2010
116,38533,50,89,12000,22000,617,552,24618,7000,0.58,18573791,3,55000000,1996
120,63084,165,123,107,12000,530,280,13208,7000,0.73,4857376,0,13000000,2006
102,341,15,12,95,1000,664,429,3852,379,0.76,16892,0,300000,2001
90,182718,284,209,90,11000,10000,15,21015,20000,0.73,165230261,0,150000000,2011
118,14143,129,102,41,2000,812,442,3474,7000,0.71,1150403,4,13000000,2006
95,1977,63,64,31,944,886,450,2928,133,0.53,2954405,0,36000000,2000
240,780588,606,1138,17000,29000,11000,4000,46057,138000,0.82,116866727,3,100000000,2013
105,59805,168,95,31,390,311,110,1006,7000,0.64,30659817,10,26000000,2013
107,21506,93,364,26,889,618,535,3274,7000,0.36,10956379,0,35000000,2007
189,782610,186,1377,91,15000,745,693,17716,30000,0.85,136801374,0,60000000,1999
122,237872,295,560,446,23000,8000,600,33548,7000,0.78,53574088,1,55000000,2007
141,190439,94,351,91,2000,1000,618,4528,7000,0.72,146282411,0,115000000,1994
107,9227,50,70,607,2000,979,602,5461,422,0.51,9795017,0,50000000,1995
87,14637,70,100,25,1000,670,611,3243,619,0.62,16290976,0,24000000,1999
142,382255,274,1504,91,11000,10000,10000,33284,11000,0.78,249358727,3,130000000,2004
97,35654,159,155,19,4000,334,130,4687,20000,0.6,35794166,0,10000000,2016
91,54478,83,184,91,387,96,65,648,7000,0.71,1040879,0,7000000,1996
96,131801,163,548,126,2000,788,584,4380,7000,0.62,95001351,1,18000000,2001
98,43006,156,460,91,26000,1000,900,28867,7000,0.4900000000000001,8434601,5,28000000,2001
99,40776,298,250,24,3000,441,155,3744,10000,0.5599999999999999,24042490,1,25000000,2010
100,37885,76,247,4,982,945,678,4259,7000,0.65,25339117,4,10000000,1998
94,8895,107,48,91,712,341,197,1673,3000,0.5700000000000001,15155772,2,18000000,2014
125,9727,161,65,127,6000,941,798,8876,7000,0.72,1110286,6,4825000,2009
115,110364,266,261,521,13000,537,95,13761,7000,0.6900000000000001,35024475,1,100000000,2010
178,736638,132,1065,91,906,466,403,1976,17000,0.8400000000000001,75600000,1,72000000,1995
100,112899,533,631,421,314,189,159,1062,45000,0.6900000000000001,14673301,0,2000000,2014
83,65270,107,100,28,4000,650,624,6081,863,0.62,84303558,1,85000000,2006
98,28589,162,532,24,381,128,67,684,7000,0.46,14400000,0,2500000,1982
95,11369,43,65,12000,12000,680,636,14420,872,0.72,695229,1,1300000,1996
85,83269,43,87,119,3000,348,144,3847,7000,0.6799999999999999,86930411,6,23000000,1991
128,69759,210,235,160,8000,327,81,8532,27000,0.8,4018695,2,12000000,2010
122,533607,539,692,737,34000,22000,14000,72115,117000,0.78,132088910,0,21000000,2012
114,75864,267,197,101,12000,3000,2000,19904,23000,0.6,33037754,1,37000000,2011
95,21268,100,53,4,939,702,655,3651,518,0.52,7563670,0,10000000,2008
135,57873,284,414,91,690,107,87,902,7000,0.61,43929341,0,120000000,2008
145,207686,210,776,21000,534,273,243,1543,7000,0.64,55473600,0,50000000,1992
91,11512,67,141,85,635,316,105,1352,471,0.48,10076136,0,35000000,1998
162,142067,116,457,333,14000,1000,362,15912,7000,0.74,78651430,0,27000000,1996
130,844052,341,1100,22000,23000,20000,19000,63986,49000,0.85,53082743,1,40000000,2006
107,28573,150,87,80,2000,257,252,3004,5000,0.5700000000000001,18004225,2,13000000,2013
84,1520,23,20,18,1000,851,744,3352,204,0.38,8026971,0,13000000,1998
100,68222,126,545,308,1000,482,374,2186,7000,0.6799999999999999,4599680,2,1500000,2003
135,54631,69,192,16000,16000,11000,86,27237,7000,0.75,70960517,0,35000000,1995
112,14612,78,105,541,22000,22000,638,46022,7000,0.64,4485485,1,15000000,1999
112,3322,30,32,44,1000,580,533,2115,265,0.6,77231,0,25000000,2005
105,9427,205,87,141,1000,103,56,1172,7000,0.64,613556,1,15000000,2015
141,104301,339,269,91,749,463,404,1948,28000,0.65,47307550,4,45000000,2012
109,41138,120,208,91,3000,441,126,3668,2000,0.74,3798532,0,4500000,1996
120,14031,181,114,64,144,110,72,474,7000,0.7,5004648,1,10000000,2009
106,55539,325,147,13000,11000,430,309,12418,20000,0.7,14479776,3,10000000,2014
103,75176,398,252,33,970,91,84,1336,26000,0.71,88625922,3,45000000,2011
104,90938,107,271,98,17000,2000,920,21380,7000,0.65,65269010,0,12000000,2006
100,35965,148,144,265,989,830,265,2654,11000,0.4900000000000001,84518155,0,20000000,2014
97,1524,28,29,4,611,394,301,1692,166,0.7,464655,0,1000000,1997
101,7772,42,55,30,1000,854,223,2228,145,0.61,1075288,3,22000000,1996
99,83182,281,247,192,14000,343,292,14816,16000,0.76,9166863,2,7000000,2009
103,105478,119,291,81,2000,683,636,4722,7000,0.62,30669413,0,35000000,1990
105,41273,91,136,99,2000,938,518,4813,7000,0.58,25677801,6,20000000,2010
91,60370,156,264,221,14000,11000,553,27405,7000,0.34,74158157,2,79000000,2011
116,42705,113,274,165,577,501,475,2321,885,0.63,102678089,0,95000000,1999
80,42462,167,312,162,23,6,429,29,7000,0.78,7002255,0,9500000,2003
98,69733,39,97,226,953,730,496,2496,7000,0.6900000000000001,68856263,1,15000000,1993
103,26730,79,180,154,1000,783,576,4094,2000,0.72,676698,0,18000000,2002
116,52421,197,200,153,3000,788,539,5012,7000,0.7,9396487,0,15000000,2006
215,138941,156,1448,91,648,568,463,1937,7000,0.76,36385763,0,52000000,1998
117,63459,62,185,101,13000,852,743,16937,3000,0.6900000000000001,24944213,2,27000000,1996
98,34263,215,141,53,530,238,65,1038,7000,0.65,18469,1,650000,2010
99,71679,386,216,64,13000,2000,918,17204,17000,0.7,14597405,1,6400000,2011
93,19805,73,122,85,1000,855,514,2777,7000,0.5700000000000001,15171475,0,8500000,1996
119,44838,88,223,42,2000,953,917,6862,7000,0.6599999999999999,39008741,0,25000000,2005
134,104005,285,248,91,529,130,120,1050,18000,0.62,67523385,2,35000000,2012
82,385871,191,515,487,15000,1000,967,21275,7000,0.79,245823397,2,90000000,1999
83,56269,196,366,473,20000,4000,597,26402,7000,0.5900000000000001,39511038,0,16000000,2006
95,188679,250,864,163,1000,654,651,4134,7000,0.6599999999999999,87025093,0,4000000,2005
109,19505,86,162,41,997,826,748,3544,7000,0.52,61356221,0,14000000,2007
112,89806,161,438,98,883,528,397,2201,7000,0.67,32541719,0,3500159,2002
116,52136,64,184,176,192,117,84,475,7000,0.62,61355436,0,68000000,1997
92,48873,149,105,17,14000,257,231,14617,11000,0.63,2963012,1,22000000,2014
99,2541,40,54,379,456,278,251,1356,7000,0.35,5333658,2,20000000,1982
121,682155,653,1097,571,14000,14000,3000,32438,96000,0.8099999999999999,333130696,3,170000000,2014
113,173530,415,264,181,33000,301,300,34738,40000,0.67,45996718,3,60000000,2013
92,40274,121,324,12,3000,835,797,5668,7000,0.6900000000000001,8786715,5,5000000,2004
87,2308,15,35,101,721,576,324,1700,550,0.48,800000,0,4000000,1987
128,116994,218,324,47,18000,1000,982,20965,35000,0.63,38297305,2,175000000,2013
130,25474,127,138,2000,268,85,25,450,7000,0.6900000000000001,1987287,0,50000000,2005
115,491077,329,820,521,13000,897,883,17369,7000,0.8099999999999999,227137090,0,110000000,2007
80,260,18,2,91,1000,664,429,3852,116,0.71,5858,0,150000,2014
102,351274,364,457,139,8000,3000,850,13631,131000,0.8,17738570,2,13000000,2012
98,36145,223,108,11000,12000,6000,557,19310,7000,0.63,3247816,0,22000000,2010
95,23383,58,68,216,1000,1000,968,4755,1000,0.5900000000000001,6739141,0,8000000,1992
118,77551,123,434,108,173,148,103,563,7000,0.76,11533945,0,2000000,1999
100,18693,70,187,57,181,151,92,582,7000,0.64,10114315,0,25000000,1999
152,207287,149,822,488,22000,11000,947,36897,15000,0.79,32522352,1,60000000,2000
120,14831,69,75,7,662,345,289,1952,7000,0.75,214202,0,12000000,2007
85,16300,86,217,21,931,855,782,3819,720,0.5,28563926,0,8500000,2002
106,330784,403,1243,395,451,412,393,2023,7000,0.67,168368427,1,200000000,2008
100,59982,161,463,91,11000,472,303,12237,5000,0.73,13103828,0,11000000,2001
88,524,18,22,14,142,23,3,168,73,0.73,110720,0,1200000,1999
108,23775,225,134,23,2000,860,845,4710,73000,0.58,10907291,0,28000000,2016
99,15074,39,72,13,1000,889,837,3679,1000,0.51,51432423,7,30000000,2002
74,162331,153,332,58,3000,864,729,5713,7000,0.63,104354205,3,55000000,2003
110,101386,234,289,532,3000,638,461,5187,7000,0.71,47456450,1,70000000,2007
101,188652,421,288,91,33000,22000,1000,57077,22000,0.71,40962534,1,12500000,2011
106,5673,23,37,23,1000,273,200,1610,7000,0.6799999999999999,532190,2,8000000,1997
110,185845,401,284,454,2000,906,816,4757,52000,0.72,14989761,7,15000000,2012
86,12437,66,107,4,960,448,424,2415,405,0.53,4814244,4,11000000,2002
93,13506,161,68,8,45000,541,400,46868,7000,0.4,15152879,0,5000000,2013
100,55398,125,418,41,45000,1000,970,49847,891,0.46,39989008,2,24000000,1998
87,38503,110,180,23,826,816,748,4473,7000,0.48,480314,4,21000000,2006
115,536314,516,738,91,26000,20000,12000,60059,63000,0.7,181015141,1,150000000,2011
104,530870,323,1413,508,10000,1000,558,13076,11000,0.72,256386216,0,150000000,2007
115,142440,287,505,91,18000,12000,964,31523,3000,0.63,82161969,1,150000000,2007
90,17478,274,159,91,648,529,231,1951,7000,0.5,101055,0,4000000,2009
110,191437,184,582,45,886,650,595,3174,7000,0.71,70001065,1,45000000,1998
90,4792,21,43,73,848,643,26,1526,999,0.65,882290,2,10000000,1989
132,142569,191,737,357,14000,223,212,14790,10000,0.58,141204016,0,70000000,2002
129,220020,362,1360,456,1000,935,716,4585,101000,0.41,166147885,0,40000000,2015
93,117999,252,181,165,26000,956,350,27834,16000,0.6599999999999999,29113588,0,40000000,2011
100,3924,8,26,322,851,543,534,3190,368,0.58,29392418,2,10000000,1994
102,21672,161,93,91,3000,966,555,5592,7000,0.65,25277561,10,12000000,2014
125,117719,405,306,102,15000,2000,825,19809,39000,0.75,83299761,2,35000000,2013
86,88518,111,409,82,869,759,362,3854,7000,0.27,38232624,0,30000000,2008
104,99430,283,182,109,480,12,7,517,43000,0.74,16168741,1,8000000,2013
146,238747,281,2153,14000,3000,882,681,6217,11000,0.71,78616689,0,100000000,2001
103,31817,50,117,37,944,893,452,3143,7000,0.62,105444419,3,26000000,1996
103,54390,131,398,9,826,724,573,3004,7000,0.62,50041732,0,29000000,1999
111,93894,123,286,81,12000,898,687,14823,7000,0.76,31968347,0,3600000,1995
104,145852,214,164,23,17000,359,281,18322,32000,0.6799999999999999,125014030,0,30000000,2012
88,33042,145,90,12,730,607,182,2217,7000,0.51,119420252,0,150000000,2009
138,49311,136,278,91,14000,602,123,15149,7000,0.67,35168677,1,100000000,2002
160,32671,173,238,219,1000,876,215,2340,7000,0.55,273420,6,17000000,2006
102,343648,318,590,532,10000,9000,979,21584,7000,0.64,227946274,0,150000000,2008
117,87165,173,184,153,35000,11000,734,49743,12000,0.65,46280507,0,40000000,2014
129,8295,23,30,91,18000,269,203,19065,720,0.65,16153600,1,10000000,1990
115,2412,35,40,98,341,26,4,371,539,0.72,1687311,3,700000000,1998
90,17983,69,127,13,882,874,613,2661,7000,0.67,19158074,2,15000000,2002
119,61680,197,222,59,2000,828,676,4315,19000,0.64,39440655,1,55000000,2010
130,55901,241,503,386,912,549,525,2856,7000,0.65,103338338,0,70000000,2006
100,75675,120,365,164,18000,14000,99,32288,7000,0.78,10725228,1,12500000,1992
112,606,2,5,74,260000,984,891,263584,706,0.5599999999999999,96734,3,1000000,2012
93,15267,205,41,592,232,67,36,391,7000,0.72,611709,1,3850000,2011
132,482064,268,1106,16000,16000,11000,567,28830,14000,0.8099999999999999,100422786,1,30000000,2004
108,25165,128,155,11000,11000,944,922,14843,827,0.64,3203044,2,18000000,2003
148,72443,104,309,91,3000,324,263,3967,7000,0.8,24475416,0,890000,1996
106,34774,59,162,835,1000,967,458,3598,1000,0.6799999999999999,21200000,0,20000000,1995
94,32002,111,103,87,17000,975,569,20154,7000,0.62,64001297,1,15000000,2010
132,518537,500,698,905,34000,13000,1000,50983,54000,0.78,146405371,3,160000000,2011
90,15517,57,85,32,1000,891,809,6299,500,0.36,35231365,0,60000000,2000
124,21102,61,169,212,1000,903,810,3611,1000,0.5599999999999999,11000000,3,98000000,1995
86,52467,190,248,62,390,258,59,727,7000,0.58,23993605,1,18000000,2009
115,97697,221,185,91,10000,1000,751,13159,40000,0.65,183436380,8,29000000,2015
123,396396,177,1111,415,33000,638,545,34495,57000,0.79,64286,0,29000000,2004
118,9740,38,81,11,37,12,12,74,389,0.64,6482195,1,37000000,1997
105,99043,199,643,212,1000,975,811,3697,7000,0.58,73648142,1,60000000,1999
142,152306,230,513,91,22000,5000,1000,29475,16000,0.8,9929000,0,15000000,1985
85,296787,459,2192,198,2000,1000,387,3958,7000,0.7,80034302,0,25000000,2008
107,12276,122,117,58,141,76,47,389,21000,0.63,36874745,2,20000000,2016
129,52972,134,124,395,18000,1000,313,19620,21000,0.6799999999999999,537580,1,30000000,2011
136,92702,127,209,49,17000,807,730,20299,7000,0.72,67253092,0,30000000,2005
144,14612,91,41,91,15000,960,745,18442,7000,0.65,41229,6,25500000,2013
110,7894,65,25,9,997,941,826,3177,7000,0.5,8888355,19,20000000,2013
90,26407,126,154,9,710,634,595,2655,1000,0.73,603943,0,500000,2004
104,11612,56,88,12,21000,1000,1000,23962,7000,0.75,2600000,3,6000000,1995
123,115216,391,289,108,40000,19000,3000,63769,44000,0.7,62563543,7,53000000,2015
99,44248,67,373,545,933,722,533,2542,7000,0.6,14567883,1,75000000,1998
185,865020,174,1273,14000,14000,795,212,15233,41000,0.89,96067179,0,22000000,1993
144,8369,52,165,91,786,228,195,1674,957,0.67,2483955,0,9600000,2005
92,15200,129,76,26,1000,1000,611,3767,1000,0.64,4881867,1,9000000,2008
119,89816,196,347,610,834,780,716,3637,7000,0.63,53789313,0,60000000,2003
123,87351,125,344,563,24000,11000,8000,43917,2000,0.61,66808615,0,34000000,2001
85,90827,232,329,109,200,96,18,332,26000,0.79,9437933,0,180000,2007
134,3466,25,40,91,15,6,4,30,355,0.75,48856,0,11900000,1993
120,69576,131,207,446,22000,13000,1000,40117,2000,0.6900000000000001,44886089,3,10000000,1997
100,22961,129,291,6,935,120,65,1327,1000,0.45,14343976,0,5000000,1989
130,128729,439,551,3000,10000,4000,844,15835,50000,0.71,3029870,1,7400000,2011
104,87447,193,371,34,545,351,280,1274,7000,0.65,47806295,0,43000000,2005
94,19918,186,278,17,607,318,179,1611,7000,0.45,16235293,0,9000000,2006
98,10483,49,125,10,589,416,402,2705,7000,0.54,10429707,1,5000000,2014
106,17349,20,42,277,22000,2000,383,24887,855,0.6,10555348,0,20000000,1989
87,39788,97,619,374,826,503,484,2689,7000,0.45,14249005,1,15000000,2001
94,23486,74,249,176,116,93,46,312,7000,0.75,6165429,1,6000000,2002
93,211971,227,326,50,3000,795,692,4705,7000,0.61,320706665,2,160000000,2007
109,408302,375,345,97,17000,971,839,19968,39000,0.72,138447667,2,42000000,2012
104,19707,113,128,35,24000,912,844,27806,862,0.63,10996440,0,13000000,2006
101,89568,152,142,32,219,141,104,661,17000,0.63,8129455,1,45000000,2011
105,98199,84,169,29,8000,1000,692,12344,7000,0.63,126805112,1,46000000,1997
82,42761,152,366,49,1000,888,429,3313,2000,0.5599999999999999,31768374,0,27000000,1999
107,704766,234,2073,91,13000,3000,766,17540,14000,0.8099999999999999,293501675,0,40000000,1999
148,1468200,642,2803,22000,29000,27000,23000,81115,175000,0.8800000000000001,292568851,0,160000000,2010
99,3116,39,39,7,3000,1000,730,6485,251,0.6,5871603,3,13000000,1999
91,582917,738,1885,91,39,23,13,87,147000,0.78,274084951,0,100000000,2013
96,91640,208,210,124,16000,12000,1000,31549,20000,0.5599999999999999,33592415,2,130000000,2013
108,16299,74,129,3,710,697,436,2119,1000,0.7,49526,1,6800000,2005
143,23940,117,157,91,509,317,210,1409,688,0.67,38966057,0,65000000,1998
108,11913,46,97,350,8000,115,77,8349,616,0.58,5600000,1,47000000,1996
92,3571,90,34,14,14000,1000,291,15848,429,0.6900000000000001,1071240,2,8000000,2007
90,80639,87,237,65,11000,11000,658,25190,7000,0.53,39442871,0,80000000,2000
87,4182,35,53,4,2000,1000,624,6227,3000,0.62,19539,1,1000000,2003
110,29613,190,98,115,812,580,103,1540,7000,0.71,3148482,0,12000000,2008
99,47814,101,426,9,975,912,648,3500,7000,0.55,38048637,4,14000000,1998
146,266310,171,690,12000,18000,992,451,20454,14000,0.77,77862546,2,70000000,2004
115,6011,25,39,91,1000,848,534,3267,905,0.6900000000000001,13640000,0,14000000,1994
116,41856,200,119,129,10000,918,782,13180,12000,0.6900000000000001,2268296,4,6500000,2013
115,387632,225,789,295,10000,981,466,12068,7000,0.71,144795350,1,120000000,2004
99,859,5,31,11,665,446,327,2272,119,0.64,125169,2,10500000,1994
113,288451,84,438,137,879,854,481,2985,7000,0.73,127175354,2,16000000,1994
117,255257,232,374,234,11000,989,919,15590,7000,0.7,87341380,3,27000000,2008
165,102338,245,450,1000,309,284,165,921,7000,0.6599999999999999,49551662,0,130000000,2008
133,298590,251,559,91,11000,985,529,12874,7000,0.7,148734225,2,30000000,2007
94,145350,181,643,368,13000,1000,466,15419,7000,0.55,125305545,0,92000000,2000
86,3562,46,74,7,328,27,17,407,7000,0.65,1114943,0,500000,2000
87,133966,177,294,750,745,531,41,1396,7000,0.76,9003011,0,2000000,1981
113,22897,106,61,31,5000,755,483,6267,7000,0.71,128978,2,40000000,2007
98,15684,175,126,91,358,156,123,1114,13000,0.6799999999999999,18381787,4,11000000,2012
110,141533,202,786,45,1000,872,845,4714,7000,0.58,66462600,3,78000000,2003
102,28209,107,80,91,946,800,529,4072,7000,0.53,14793904,1,18000000,2009
123,40123,267,297,521,13000,365,265,13752,31000,0.71,108521835,0,120000000,2016
112,206104,233,850,21000,17000,324,237,18141,7000,0.6799999999999999,95308367,0,48000000,2002
96,87745,287,331,83,12000,1000,1000,16121,18000,0.43,51774002,1,57000000,2011
98,19611,268,103,91,8000,698,638,10894,7000,0.67,41008532,1,27000000,2016
110,40469,165,135,119,1000,931,332,2382,7000,0.61,39263506,1,22000000,2008
87,62038,142,281,85,311,189,118,760,7000,0.65,33244684,0,9000000,1988
112,46396,124,287,91,805,223,177,1466,7000,0.75,7837632,0,18000000,1997
99,5049,41,48,30,480,257,209,1234,226,0.64,398420,3,8000000,2007
99,36108,102,260,212,130,125,54,450,7000,0.5700000000000001,49369900,0,7000000,1988
81,4862,56,37,91,975,645,394,2694,7000,0.6900000000000001,6387,0,1000000,2006
117,203111,408,755,248,14000,798,726,16606,32000,0.6799999999999999,51533608,1,25000000,2011
116,105556,189,157,5,26000,22000,748,49608,17000,0.65,25093607,2,35000000,2011
113,240241,196,391,719,605,308,217,1441,7000,0.75,119412921,0,65000000,1990
159,444683,258,1571,91,11000,687,645,13191,16000,0.75,317557891,4,125000000,2001
112,24921,135,166,66,150,28,21,253,7000,0.77,3432342,2,6000000,2003
78,12845,87,118,5,8000,2000,1000,11124,624,0.6599999999999999,58336565,0,50000000,2006
124,31113,126,212,287,9000,1000,475,10838,852,0.5700000000000001,23360779,0,34000000,2000
131,68565,108,300,46,1000,439,433,2943,7000,0.63,50300000,2,30000000,1985
104,12702,83,32,18,1000,962,741,5190,7000,0.54,10106233,0,8000000,2011
96,90070,132,248,31,651,610,536,3119,11000,0.71,16667084,0,11000000,1990
90,19586,146,109,31,210,193,179,676,4000,0.4400000000000001,10494494,1,18000000,2013
116,222403,306,453,179,15000,567,236,16149,23000,0.6599999999999999,90755643,2,200000000,2010
122,23023,115,148,91,697,394,221,1517,7000,0.7,8596914,0,6000000,2000
83,15015,63,113,12,2000,826,690,5022,494,0.42,11631245,5,35000000,2006
102,77305,242,162,43,170,157,113,931,11000,0.6599999999999999,2035566,0,13000000,2009
91,14786,100,144,14,14000,1000,548,16768,7000,0.71,1292119,1,5500000,2001
115,133436,222,323,118,14000,794,482,16967,38000,0.6,89253340,0,48000000,2014
111,11958,79,39,650,690,224,181,1573,1000,0.64,5205343,3,20000000,2009
109,98794,62,251,322,1000,960,861,6313,7000,0.54,69148997,4,37000000,2004
112,43795,128,171,197,755,734,632,3507,7000,0.45,90556401,1,11000000,2008
114,18973,65,162,91,970,631,545,2860,7000,0.5900000000000001,60033780,1,30000000,1998
174,387616,232,858,91,11000,10000,9000,35672,7000,0.74,261970615,1,100000000,2002
117,537419,249,1028,91,22000,12000,12000,47728,35000,0.82,17439163,1,15000000,1998
106,344,94,19,5,416,403,356,1611,655,0.5700000000000001,2436,2,2000000,2012
124,256213,198,338,845,650,467,295,1640,7000,0.72,46975183,0,61000000,2007
84,140499,187,358,91,579,530,206,1817,7000,0.7,106793915,0,45000000,2000
89,9104,37,112,91,690,400,323,2135,110,0.31,15655665,2,4000000,2006
153,100837,230,301,91,11000,561,130,11852,7000,0.64,51814190,1,75000000,2009
101,58366,224,160,13,34000,924,261,35717,10000,0.5599999999999999,31607598,1,6900000,2012
117,24757,43,81,11000,905,484,451,2348,7000,0.6,20101861,0,45000000,1996
107,34194,172,199,91,572,324,289,1627,7000,0.75,5023275,2,15000000,2005
92,71387,242,228,135,574,399,259,1303,21000,0.7,1316074,1,100000,2011
90,8824,133,108,91,343,29,15,408,559,0.62,65087,0,5000000,2007
150,21416,59,198,3,859,448,448,3942,7000,0.7,6157157,1,5000000,1989
96,147504,195,531,192,40000,534,501,41293,7000,0.6599999999999999,47781388,1,40000000,2004
101,368,5,8,91,574,327,165,1335,174,0.5,3105269,2,3000000,2016
96,4662,59,136,44,625,487,129,1378,170,0.6599999999999999,1050600,0,250000,2000
92,1686,12,28,19,18000,759,599,20135,161,0.58,12836,1,4000000,1997
141,10672,73,84,11,56,36,8,105,802,0.77,6173485,0,7000000,2001
129,338635,382,412,91,21000,979,154,22403,39000,0.75,186830669,2,125000000,2011
121,163492,122,460,12000,11000,10000,975,23602,15000,0.8,12281500,3,13000000,1993
104,45102,167,316,108,296,270,177,1340,7000,0.5599999999999999,35143332,0,17000000,2003
150,30618,85,224,91,597,591,401,1645,7000,0.78,4414535,0,18000000,1996
68,183425,129,425,116,8000,503,481,10557,7000,0.7,53868030,2,17000000,1997
134,303185,406,701,452,11000,8000,697,20411,82000,0.76,85707116,4,68000000,2014
124,35130,62,283,91,2000,553,535,5122,7000,0.78,54800000,3,6000000,1980
98,22264,151,289,323,1000,841,390,2763,584,0.3,18990542,3,70000000,2002
89,21283,98,190,17,12000,708,303,13390,361,0.55,45207112,1,53000000,2001
90,46813,206,150,52,34000,487,224,34983,12000,0.67,3388210,1,250000,2011
98,12388,92,147,7,931,797,73,1917,744,0.5599999999999999,30306281,2,10000000,2002
140,124242,192,622,36,669,403,336,2114,4000,0.65,33682273,1,33000000,2004
91,75920,156,474,17,534,385,78,1083,7000,0.55,30079316,0,35000000,2002
95,28845,322,125,57,727,442,233,1836,10000,0.71,3219029,0,5000000,2015
100,111658,365,297,81,34000,248,179,34446,20000,0.72,6531491,2,2000000,2010
101,28714,157,215,47,658,636,407,3086,762,0.7,8243880,1,3200000,2003
110,96565,161,135,72,18000,1000,789,21554,7000,0.55,67061228,1,40000000,2010
124,55842,245,274,91,22000,1000,631,24732,13000,0.75,3081925,0,21000000,2008
92,237248,171,460,255,26000,1000,447,27572,7000,0.6799999999999999,25296447,0,21000000,2002
105,50170,171,306,12,87000,11000,935,101383,773,0.58,48745150,1,50000000,2006
91,95274,248,178,192,23000,1000,346,24669,20000,0.65,20275446,0,35000000,2012
119,89442,357,432,394,12000,490,162,13071,7000,0.58,61937495,0,150000000,2010
118,286095,422,974,368,23000,3000,988,27468,7000,0.6599999999999999,125320003,0,200000000,2009
113,310903,297,524,47,988,149,129,1783,38000,0.6799999999999999,102413606,0,34000000,2014
115,16562,59,73,333,972,713,317,2606,697,0.62,10556196,2,50000000,1997
90,1245,16,29,11,767,529,316,2370,7000,0.5700000000000001,399611,2,6000000,2010
150,280228,378,420,91,10000,4000,206,14296,29000,0.76,92173235,7,37000000,2010
106,91017,201,284,91,742,602,381,2270,7000,0.72,25244700,1,6000000,1981
141,525801,194,667,14000,29000,15000,3000,48153,15000,0.8,164435221,0,52000000,2002
88,4743,59,135,6,302,270,68,663,219,0.72,2073984,1,800000,2002
141,69663,42,133,176,11000,913,672,14178,7000,0.6900000000000001,122012710,1,62000000,1994
95,211226,117,317,487,18000,1000,1000,24205,7000,0.72,162792677,0,120000000,1998
100,19147,160,97,11,13000,3000,970,19330,7000,0.71,9176553,1,7500000,2009
110,240962,493,724,1000,13000,12000,538,25964,36000,0.77,171031347,0,38000000,2010
100,108242,359,371,108,17000,2000,534,20051,39000,0.5900000000000001,35266619,1,30000000,2013
133,62607,186,239,91,226,52,46,405,7000,0.77,6167817,1,47000000,2004
100,154938,342,1100,197,513,239,159,1379,10000,0.72,26005908,0,3500000,2005
111,37269,41,165,91,18000,18000,591,37645,7000,0.74,22551000,0,8000000,1993
103,44966,196,411,179,794,329,87,1467,7000,0.5599999999999999,25472967,2,30000000,2005
126,181472,488,514,584,11000,557,398,12286,58000,0.7,4563029,5,39200000,2013
112,48621,95,239,37,3000,874,480,5709,7000,0.6599999999999999,26494611,0,35000000,1999
143,522030,750,1498,91,883,563,393,2039,80000,0.78,304360277,0,200000000,2012
123,10139,29,70,473,890,851,685,3661,7000,0.6799999999999999,36049108,4,9000000,1996
172,55516,280,124,667,211,98,70,456,29000,0.77,2835886,2,9200000,2013
112,55617,194,266,5,17000,1000,724,19974,14000,0.52,34912982,0,38000000,2016
100,505,13,32,91,844,625,268,2289,24,0.36,428535,1,1000000,2000
99,28855,129,190,53,4000,3000,491,8297,7000,0.72,2207975,0,6000000,2003
107,43743,98,293,91,12000,664,643,14710,7000,0.54,55210049,1,27800000,1989
91,21245,94,213,52,773,588,482,1965,7000,0.74,24788807,0,3000000,1998
91,6562,49,66,6,8000,625,596,10732,647,0.5599999999999999,8080116,0,15000000,2006
82,1389,66,22,32,968,407,128,2046,7000,0.5599999999999999,40557,0,60000,2011
114,19397,137,214,300,307,209,73,809,7000,0.74,13876974,0,7000000,2001
131,46951,96,175,368,11000,529,383,12088,7000,0.71,43532294,0,65000000,2006
115,15817,68,210,13,757,220,111,1201,7000,0.67,17174870,2,18000000,2000
146,116159,388,488,14000,25000,19000,979,46726,28000,0.72,79883359,1,66000000,2011
118,41288,189,126,167,20000,882,778,22447,17000,0.62,22451,0,60000000,2014
122,52894,180,185,529,820,201,171,1484,55000,0.73,54235441,3,22000000,2014
134,11622,95,157,3000,205,130,77,428,1000,0.72,20733485,1,5000000,1997
112,66966,83,175,608,11000,10000,733,22479,7000,0.74,65500000,1,12000000,1985
99,52805,88,278,29,711,427,161,1462,7000,0.6799999999999999,11883495,1,9000000,1998
96,61787,238,203,571,2000,973,370,4590,19000,0.6799999999999999,322157,0,2500000,2010
93,3299,40,24,7,1000,1000,922,4329,191,0.5900000000000001,1181197,0,15500000,2005
131,98741,252,236,33,876,526,326,1985,53000,0.76,21483154,1,19000000,2013
146,207839,298,435,2000,15000,745,294,16948,7000,0.67,133375846,2,150000000,2009
124,18310,106,63,161,21000,3000,681,26334,672,0.5900000000000001,5755286,1,55000000,2007
108,104356,162,186,529,17000,861,690,19945,14000,0.63,80014842,1,25000000,2010
97,76199,221,944,25,929,927,861,3679,13000,0.4400000000000001,21371425,0,10000000,2010
115,78008,184,160,529,576,447,325,1554,23000,0.67,71346930,0,28000000,2013
135,533200,214,749,353,1000,69,40,1211,28000,0.8699999999999999,7563397,0,3300000,2002
108,74315,143,259,17,14000,1000,186,15634,7000,0.5900000000000001,40203020,1,40000000,2004
97,75365,45,149,96,13000,549,403,14432,7000,0.63,63408614,1,55000000,1989
84,12676,58,84,12,1000,345,334,2297,7000,0.5599999999999999,52543632,2,13200000,2014
104,59068,171,128,96,943,763,559,3497,7000,0.63,43097652,2,28000000,2007
78,3228,71,31,91,262,163,61,509,244,0.61,10018,0,1000000,2006
77,2448,28,18,91,2000,804,73,2908,122,0.5,19421271,1,5000000,1999
118,217507,253,325,89,15000,975,344,16758,7000,0.72,62877175,1,30000000,2008
110,24854,169,374,179,12000,1000,734,15044,31000,0.31,13998282,1,16000000,2014
108,22823,113,113,212,969,794,347,2799,7000,0.5599999999999999,12232937,1,22000000,2009
89,20615,83,44,7,3000,190,91,3361,7000,0.5900000000000001,57011847,2,40000000,2013
99,80617,345,190,91,13000,10000,691,23755,36000,0.65,5702083,3,15000000,2011
87,114692,122,285,29,427,304,252,1461,2000,0.61,27972410,1,35000000,2003
107,246492,173,685,153,11000,1000,233,12700,7000,0.64,137340146,1,70000000,2006
122,124765,208,541,117,40000,1000,140,41636,7000,0.6799999999999999,31598308,1,35000000,2001
76,13581,104,88,6,12000,513,421,13607,304,0.54,50026353,0,110000000,2004
92,138582,261,423,28,3000,692,423,5178,37000,0.63,55942830,1,70000000,2014
98,30314,84,159,21,33000,243,76,33441,7000,0.72,406035,0,1500000,2001
105,32224,40,62,29,584,220,97,1132,617,0.5599999999999999,35324232,1,68000000,1995
97,8509,64,109,52,80,67,36,209,420,0.72,1141829,1,700000,2001
110,295375,236,645,168,3000,979,96,4210,15000,0.76,39825798,3,16000000,2006
120,397,7,30,91,178,69,40,359,32,0.33,1098224,1,2000000,2003
98,6375,36,36,91,138,111,73,388,265,0.6599999999999999,10246600,0,25000,1995
251,221000,111,495,91,22000,683,642,24719,12000,0.8400000000000001,5300000,8,30000000,1984
169,240396,434,2367,91,18000,10000,903,29991,7000,0.61,200069408,0,209000000,2006
128,109188,358,625,79,13000,903,414,14747,7000,0.7,50815288,0,50000000,2005
101,47794,156,81,79,608,362,218,1787,7000,0.71,117224271,1,20000000,2010
125,5153,63,51,4,177,66,36,333,687,0.73,927107,1,15000000,1999
128,980946,478,2685,22000,23000,14000,11000,59558,15000,0.8300000000000001,205343774,0,150000000,2005
92,57276,131,146,25,1000,718,639,2847,7000,0.52,217326336,0,60000000,2007
97,2599,41,45,91,922,374,230,1835,128,0.42,1046166,4,9000000,2005
170,264318,267,799,17000,29000,3000,827,34582,7000,0.75,102608827,0,110000000,2004
138,328067,440,533,446,20000,992,929,23755,68000,0.67,132550960,1,120000000,2013
107,290949,217,629,323,1000,1000,794,4223,13000,0.78,59735548,1,15000000,1987
83,7559,105,77,6,30,664,429,30,7000,0.74,1127331,1,46000,2003
137,512749,304,935,16000,890,387,348,1959,7000,0.8,66207920,0,30000000,2004
80,2963,32,28,522,813,522,423,2179,7000,0.62,194568,0,1500000,2006
124,42621,150,531,91,723,44,19,793,7000,0.6799999999999999,19719930,0,45000000,2001
81,119622,288,396,119,468,442,412,2134,7000,0.58,59992760,1,42000000,2009
173,995415,703,1722,91,26000,21000,19000,87697,123000,0.8099999999999999,623279547,3,220000000,2012
123,57038,132,261,272,13000,450,193,13934,7000,0.6599999999999999,41523271,2,80000000,2001
100,806,18,18,91,640,261,249,1491,140,0.5700000000000001,71904,1,2500000,2006
120,37750,231,134,19,26000,11000,9000,46719,16000,0.61,47952020,2,115000000,2016
113,8346,36,59,91,607,269,256,1465,1000,0.41,51697449,6,13000000,2009
90,28964,160,457,31,193,184,162,608,949,0.4,26421314,0,15000000,2000
128,197584,435,918,91,4000,2000,826,7067,42000,0.61,36381716,4,82000000,2011
89,58260,154,286,310,22000,833,587,24419,7000,0.77,5739376,0,500000,2003
119,172405,63,203,91,10000,345,244,11013,7000,0.6799999999999999,65807024,0,19000000,1995
93,483756,309,974,180,14000,816,485,16461,29000,0.79,145000989,0,25000000,2008
100,4191,28,32,3,2000,228,88,2450,7000,0.54,4756,4,25000000,2013
108,28276,119,64,54,12000,11000,6000,30230,31000,0.78,1339152,1,81200000,2015
105,257,4,4,91,421,96,45,622,9,0.51,129319,4,70000000,2005
137,23441,46,108,91,591,520,130,1341,7000,0.77,10161099,1,9000000,1989
95,8008,23,26,91,442,95,26,616,504,0.52,20047715,1,25530000,1996
94,13622,70,128,18,658,463,183,1559,550,0.54,3034181,3,11000000,2002
102,2295,16,40,18,670,419,186,1562,284,0.58,15593,1,21000000,1999
109,6595,9,61,62,584,552,518,2024,345,0.6,5100000,0,7500000,1984
111,1618,22,40,1000,2000,163,127,2564,63,0.54,2580,2,1650000,2003
88,50337,153,177,92,31000,881,636,34319,13000,0.35,32014289,8,20000000,2013
113,83506,166,144,91,4000,722,721,8172,7000,0.55,109176215,6,60000000,2009
111,43709,185,141,2000,17000,1000,244,18510,7000,0.53,48430355,2,70000000,2011
94,13562,156,103,52,567,312,261,2259,19000,0.61,59573085,10,18000000,2016
94,85333,280,421,350,326,48,39,486,7000,0.73,56437947,0,9800000,2006
102,54501,175,154,44,12000,3000,766,17098,16000,0.55,17176900,4,95000000,2014
104,18286,34,73,80,8000,960,658,10430,7000,0.62,12793213,4,6000000,1988
104,110073,236,194,420,2000,906,535,3768,7000,0.62,78009155,5,75000000,2011
99,16555,101,139,54,748,489,398,1721,817,0.5900000000000001,8712564,0,27000000,2004
90,63625,53,64,10,49000,570,159,50005,7000,0.52,92969824,1,80000000,1997
94,76791,164,100,19,363,342,117,1024,7000,0.61,26049082,3,8000000,2014
77,72639,143,371,291,291,45,8,368,19000,0.7,424760,0,7000,2004
107,7973,29,65,8,926,400,268,2383,7000,0.63,12200000,0,5000000,1983
130,120416,172,857,545,722,585,552,2525,10000,0.67,26616590,0,60000000,1997
75,5600,18,49,10,3000,2000,826,7394,643,0.6900000000000001,3562749,0,32000000,1997
119,407601,249,849,218,13000,147,73,13249,7000,0.79,121468960,1,60000000,2002
107,68935,198,125,70,770,419,330,1614,7000,0.6599999999999999,71148699,0,90000000,2008
178,333542,133,533,17000,22000,721,574,24183,11000,0.82,42438300,2,52000000,1995
79,10476,15,52,157,4000,248,219,4908,7000,0.65,4350774,3,8000000,1994
138,414219,177,625,161,18000,398,210,19129,11000,0.8300000000000001,64604977,2,35000000,1997
123,44788,219,138,15,10000,979,745,13371,23000,0.71,34531832,0,35000000,2015
95,203458,432,588,38,409,107,20,578,46000,0.71,13401683,0,35000000,2012
79,111117,263,245,30,940,271,265,1594,13000,0.71,31743332,0,30000000,2009
98,107815,195,485,72,1000,624,566,3151,10000,0.71,60057639,2,18000000,2003
119,65464,174,1308,64,743,117,41,971,7000,0.24,21471685,0,44000000,2000
105,79461,333,463,210,978,191,101,1454,10000,0.63,35596227,1,20000000,2010
91,121084,162,221,420,268,268,173,1125,7000,0.62,140080850,2,140000000,2007
100,34809,108,125,64,734,574,296,2085,11000,0.62,7204138,0,41000000,2011
102,34964,226,150,91,14000,8000,1000,24107,28000,0.48,28837115,4,50000000,2016
88,26513,74,174,377,529,502,236,1502,7000,0.75,4771000,1,800000,1995
110,61777,194,140,10,3000,2000,844,6420,7000,0.6900000000000001,13823741,3,13500000,2008
112,93767,214,209,43,11000,2000,1000,15327,34000,0.72,42478175,1,25000000,2015
124,189812,299,370,335,14000,388,50,14504,15000,0.76,34180954,0,32000000,2008
93,28606,140,262,2,849,787,258,2178,7000,0.51,14888028,0,30000000,2005
85,15956,95,118,10,3000,273,178,3617,1000,0.6,14000000,0,3500000,1987
89,12244,67,95,16,117,21,14,155,7000,0.76,313436,0,15500000,2001
155,189032,153,560,91,3000,360,170,3677,7000,0.79,26384919,15,15000000,1997
93,30765,91,252,54,40000,618,581,42002,963,0.4900000000000001,34872293,0,8500000,1991
115,90677,69,389,39,13000,481,254,14275,7000,0.65,29753944,3,20000000,1998
135,12037,34,90,596,10000,3000,2000,15820,943,0.51,10400000,1,50000000,1995
135,29205,76,194,317,57,40,34,164,7000,0.63,49994804,1,55000000,1996
123,77394,335,195,91,23000,22,6,23031,24000,0.74,10137502,0,35000000,2015
88,26236,107,110,190,137000,459,163,137712,7000,0.5700000000000001,15988876,6,27000000,2009
131,255447,193,692,226,12000,625,341,13679,7000,0.6900000000000001,173005002,0,100000000,2004
99,33186,22,78,32,1000,619,479,2949,7000,0.5900000000000001,16671505,1,50000000,1994
91,24183,101,160,287,3000,739,695,5593,665,0.5700000000000001,20950820,4,80000000,2003
88,28632,148,214,64,1000,857,363,2567,7000,0.4900000000000001,17016190,0,12000000,2004
104,38203,36,290,5,5000,922,687,7723,7000,0.4,20915465,0,42000000,1993
147,272670,516,1022,94,21000,19000,11000,64798,72000,0.82,407197282,0,250000000,2016
176,324671,300,458,91,18000,782,561,20354,7000,0.78,130127620,0,100000000,2007
88,12796,193,52,3,3000,982,307,4729,7000,0.6799999999999999,59379,3,200000,2013
93,42644,34,102,58,995,729,722,6105,7000,0.62,31155435,2,12000000,2001
120,4501,29,102,18,634,420,295,1810,7000,0.34,20773070,11,5000000,2016
110,6919,98,26,143,155,96,76,398,528,0.73,49413,0,35000000,2006
110,18697,97,263,342,623,508,393,1722,578,0.73,10200000,0,10000000,1997
91,54601,224,200,75,35,16,13,116,23000,0.64,41709,0,800000,2009
100,56451,130,524,70,473,315,99,1100,7000,0.27,9353573,0,45000000,2009
100,7721,114,72,1000,989,744,220,2165,635,0.72,11694528,0,3000000,2005
114,18520,81,133,91,865,685,403,2126,7000,0.72,447750,0,10000000,2000
106,740918,162,1182,91,18000,979,574,20821,28000,0.86,23272306,4,6000000,1995
114,121259,142,361,12000,11000,577,307,12499,7000,0.7,26871,2,92000000,2001
106,35514,110,114,80,2000,795,723,5024,15000,0.71,43853424,1,18000000,2011
102,44662,178,127,153,3000,1000,269,5392,7000,0.52,80360866,1,80000000,2011
81,161471,181,709,670,486,37,34,623,7000,0.78,7267324,1,3500000,1998
330,23181,12,129,138,848,674,672,3227,6000,0.8,4496583,2,35000000,1993
119,23823,66,201,422,861,499,422,3306,713,0.5599999999999999,4992159,2,8550000,2004
118,244840,171,372,72,10000,975,681,13426,7000,0.6599999999999999,177575142,1,70000000,2005
95,49207,224,174,17,838,722,594,3697,30000,0.72,76137505,0,55000000,2014
112,7973,52,59,70,1000,912,826,5959,7000,0.5700000000000001,37295394,8,6600000,2011
93,379462,522,571,91,15000,491,355,16034,56000,0.75,54696902,3,32000000,2011
111,12399,31,382,589,589,150,51,916,7000,0.67,10174663,0,100000,2006
136,75573,175,662,759,11000,599,354,12194,4000,0.55,33685268,1,68000000,2003
105,3668,49,85,52,477,397,275,2312,157,0.46,5217498,4,15000000,2000
91,8294,97,160,38,730,461,91,1405,342,0.36,10149779,0,6500000,1999
110,39357,159,113,425,3000,466,148,3757,14000,0.6799999999999999,28831145,1,25000000,2014
112,8134,65,123,759,11000,1000,933,17873,209,0.6900000000000001,4554569,4,28000000,1999
94,10132,82,130,91,374,258,235,1238,390,0.47,36037909,3,60000000,2000
126,32815,155,214,51,10000,9000,874,20563,7000,0.73,18324242,4,35000000,2005
82,20033,32,117,799,721,359,294,1805,679,0.64,9975684,0,13000000,1998
124,456260,775,2326,91,13000,9000,641,24098,97000,0.7,126464904,0,130000000,2012
107,399138,535,731,141,24000,970,535,26495,129000,0.85,13092000,0,3300000,2014
104,96233,535,313,1000,3000,275,272,4082,26000,0.74,13214255,1,11000000,2013
97,123390,88,248,143,927,281,201,1724,7000,0.6799999999999999,56631572,1,12000000,1995
99,8535,41,113,60,979,665,444,3130,872,0.7,562059,4,4000000,2002
120,82743,54,201,36,886,655,633,3280,7000,0.75,52929168,1,11000000,1992
123,12771,36,84,91,12000,5000,886,18793,828,0.65,25900000,1,58000000,1984
120,44296,181,144,124,6000,5000,943,12452,12000,0.58,66002193,3,110000000,2016
100,246698,435,471,97,11000,8000,2000,22128,64000,0.78,257756197,0,60000000,2014
85,11211,52,92,54,985,637,455,3065,215,0.51,13973532,1,25000000,2002
325,9830,102,189,517,12000,849,678,14255,1000,0.6799999999999999,1500000,0,44000000,1980
170,32353,96,263,91,19000,1000,380,20683,7000,0.65,75370763,0,60000000,1998
126,119150,114,219,91,826,508,168,1607,7000,0.74,43848100,2,15000000,1987
89,33850,75,147,53,227,94,84,534,7000,0.77,27281507,0,12000000,1992
107,13026,138,75,14,403,368,311,1577,7000,0.51,1183354,1,20000000,2010
94,92850,161,263,11,1000,948,566,5085,7000,0.71,6301131,0,29000000,2005
104,30462,66,150,20,836,826,717,3963,7000,0.53,18595716,3,12000000,2006
99,7909,72,157,79,16000,11000,956,28987,261,0.4900000000000001,10719367,3,25000000,2002
108,121432,219,310,22,12000,2000,61,14127,10000,0.6799999999999999,10326062,0,33000000,2009
139,136367,584,975,91,11000,1000,687,13021,39000,0.67,13303319,0,32000000,2011
116,10472,62,202,91,907,637,476,2723,7000,0.5599999999999999,50382128,0,5500000,2005
120,84641,198,205,91,23000,342,294,24270,7000,0.73,5484375,0,10000000,2006
124,11370,34,54,50,1000,944,672,3653,829,0.61,51045801,2,60000000,1996
83,56005,182,112,157,2000,616,581,3374,7000,0.65,4244155,5,10000000,2011
94,26905,151,614,28,2000,864,731,5440,7000,0.41,30259652,5,15000000,2002
112,471644,457,623,3000,15000,3000,1000,21773,74000,0.7,218628680,1,50000000,2012
140,107227,68,279,473,18000,822,294,20152,3000,0.73,44484065,2,50000000,1998
98,82380,231,629,249,87000,2000,702,92456,7000,0.5599999999999999,60655503,0,160000000,2006
105,5668,20,50,121,3000,624,354,5023,491,0.62,10070000,3,25000000,1996
125,95437,186,211,91,14000,12000,11000,45696,9000,0.5700000000000001,110476776,12,52000000,2010
125,92461,298,347,487,430,329,201,1300,43000,0.5900000000000001,26616999,3,40000000,2013
118,17261,71,125,41,556,463,274,1873,455,0.6599999999999999,9059588,1,15000000,2002
111,42792,150,162,122,918,278,25,1252,7000,0.67,2203641,0,15000000,2008
129,72715,102,103,51,948,822,630,4324,7000,0.65,8396942,1,19000000,2008
137,16832,106,267,102,2000,973,877,5780,701,0.6,22406362,0,107000000,2004
135,37911,48,73,41,982,843,808,3648,1000,0.63,53854588,0,45000000,1996
94,88241,285,266,122,873,461,383,2812,23000,0.67,51872378,0,13000000,2013
102,36918,21,42,12000,19000,875,801,21499,3000,0.5900000000000001,167780960,4,11000000,1987
114,7354,31,50,91,982,618,582,2753,7000,0.48,65623128,5,20000000,2012
116,58023,120,281,380,18000,13000,774,32563,7000,0.63,40932372,0,70000000,1998
109,720,13,23,3,54,53,25,185,30,0.6599999999999999,5199,0,200000,2004
120,357579,185,1100,19,8000,902,829,12755,15000,0.77,23947,0,13000000,2004
115,22345,52,144,39,12000,970,642,14889,7000,0.6799999999999999,529766,2,7000000,1995
114,48909,53,166,34,649,327,287,1725,7000,0.58,50728000,0,22000000,1995
103,13727,105,79,78,488,336,101,991,973,0.6900000000000001,410388,1,2127519898,2004
112,254404,242,840,91,512,216,213,1171,7000,0.78,22858926,2,13000000,1999
88,128850,221,604,91,901,888,795,3913,10000,0.76,11501093,0,13000000,1992
118,98472,233,492,91,13000,13000,871,27114,7000,0.5900000000000001,37899638,2,88000000,2005
131,28942,85,223,43,18000,652,362,19815,7000,0.61,52799004,0,55000000,1999
108,666937,273,1514,1000,14000,4000,1000,19364,52000,0.8300000000000001,34126138,1,20000000,2004
87,259083,299,763,30,745,440,433,3086,7000,0.74,183132370,0,75000000,2007
88,29008,69,99,189,934,927,799,3707,896,0.54,47811275,1,15000000,2002
122,34579,77,62,167,997,966,807,5165,7000,0.6599999999999999,91547205,8,12000000,2012
81,336,8,7,91,119,24,5,154,67,0.63,18195,0,250000,1997
90,7319,56,131,23,847,591,560,3004,327,0.53,6755271,4,5000000,2001
110,3924,81,39,107,576,133,45,776,171,0.6900000000000001,136007,1,4500,2004
84,819,25,36,21,465,170,48,714,161,0.65,2301777,2,650000,1997
110,42372,248,239,282,11000,10000,103,21175,29000,0.6599999999999999,124051759,2,180000000,2016
105,403836,529,646,81,11000,1000,779,13118,47000,0.76,176740650,0,93000000,2011
117,36494,232,118,234,12000,1000,221,13607,11000,0.6900000000000001,371897,2,4000000,2013
110,55513,112,188,120,12000,1000,664,16230,7000,0.72,74888996,0,30000000,1991
96,23836,248,107,50,3,3,429,6,20000,0.82,484221,1,1000000,2012
102,27305,102,284,19,13000,530,351,14463,604,0.51,14967182,1,40000000,2000
81,45729,178,176,39,13000,541,364,14619,7000,0.47,10539414,1,47000000,2010
117,29610,55,94,133,687,443,249,1665,7000,0.74,20966644,0,3000000,1985
100,2725,76,48,87,887,805,420,2721,305,0.6900000000000001,396035,0,1000000,2004
135,8720,57,186,91,1000,975,851,4266,1000,0.65,2185266,0,10000000,2000
97,2330,36,29,781,596,206,90,1081,224,0.62,117560,0,6000000,2006
105,166194,215,215,29,24000,4000,257,28928,7000,0.71,71347010,2,40000000,2009
105,186982,253,491,154,884,617,502,2288,7000,0.6900000000000001,80050171,0,20000000,2007
89,49721,161,211,7,919,557,399,2559,7000,0.51,20801344,0,15000000,2007
119,203154,358,698,845,18000,11000,992,31782,45000,0.65,98895417,3,70000000,2013
105,120189,300,308,171,382,273,143,954,11000,0.75,7159147,0,3400000,2007
124,2998,26,74,42,801,174,161,1462,1000,0.45,2000000,0,20000000,1980
92,18271,75,150,29,939,881,618,3935,7000,0.4400000000000001,13922211,9,16000000,2004
105,149337,279,221,43,10000,806,523,11943,23000,0.6599999999999999,53846915,0,50100000,2015
97,49676,128,181,52,14000,2000,579,17278,7000,0.6599999999999999,47124400,0,25000000,2005
138,358416,538,751,737,34000,23000,14000,83012,63000,0.73,150117807,5,40000000,2013
94,31260,75,152,84,110,95,95,582,7000,0.62,105500000,0,4000000,1981
127,9283,64,112,73,11000,882,433,12785,592,0.7,23209440,3,30000000,1998
94,114553,219,187,11,1000,973,459,2579,7000,0.65,198332128,2,175000000,2009
94,21542,64,88,394,922,855,565,2880,977,0.61,12398628,2,20000000,2002
108,149528,202,454,91,22000,3000,346,26050,7000,0.77,13060843,0,15000000,2002
122,20000,132,188,708,433,398,316,1291,7000,0.62,6754898,0,12000000,2006
97,41663,105,141,84,989,229,150,1576,531,0.54,33105600,1,70000000,2002
130,153468,99,204,545,15000,11000,697,28018,7000,0.73,114968774,1,18000000,1988
113,45815,114,222,212,2000,845,568,4397,1000,0.61,21009180,4,45000000,2004
102,3865,77,53,596,877,794,785,3497,2000,0.5900000000000001,1068392,0,36000000,2011
102,54346,164,358,91,939,854,769,3592,7000,0.62,25266129,5,35000000,2004
115,91082,433,274,729,1000,844,622,3798,28000,0.78,17613460,0,12000000,2013
156,97047,171,452,91,14000,2000,1000,20761,7000,0.6799999999999999,75530832,5,55000000,1999
105,60709,202,922,91,1000,340,303,2444,7000,0.6,12583510,0,7000000,2003
127,440084,552,755,91,774,358,341,2121,122000,0.8,124976634,0,120000000,2012
89,14656,37,90,2,799,711,651,4291,7000,0.63,13903262,0,11000000,2001
99,92464,180,331,91,400,223,52,896,19000,0.73,11100000,1,25000000,1986
96,7479,46,86,91,49000,1000,902,51441,857,0.7,371081,2,6000000,2004
131,202382,377,751,532,14000,10000,627,26679,44000,0.5900000000000001,65173160,0,209000000,2012
86,102861,216,571,70,440,346,318,2420,7000,0.58,54098051,0,25000000,2006
90,110788,135,258,23,957,550,233,1997,2000,0.61,110332737,1,100000000,2005
97,30325,270,96,387,6000,139,64,6322,7000,0.63,7574066,2,10000000,2014
155,143835,181,654,91,18000,12000,10000,42220,14000,0.75,82522790,0,40000000,1992
106,200035,413,407,53,13000,963,593,14607,36000,0.71,62453315,2,50200000,2011
95,18404,99,150,91,13000,559,323,14706,7000,0.5900000000000001,27067160,1,50000000,1999
106,30284,242,102,835,13000,826,363,14544,10000,0.6599999999999999,7556708,1,15000000,2012
94,7392,51,53,14,1000,1000,635,4194,393,0.54,33357476,0,35000000,2001
102,92789,211,998,25,1000,741,473,4324,7000,0.47,41797066,0,40000000,2007
141,136973,276,275,71,21000,3000,3000,30183,47000,0.74,47105085,1,50000000,2014
101,74622,127,150,7,1000,562,440,2822,7000,0.5599999999999999,35000629,1,25000000,2007
102,1275,50,27,4,634,537,60,1262,7000,0.64,2000000,0,17000000,1981
84,536,16,13,11,489,469,249,2196,43,0.43,6026908,0,2000000,1999
102,111102,339,239,436,23000,13000,6000,49433,32000,0.65,13750556,3,65000000,2014
160,136104,273,415,181,11000,10000,820,22516,7000,0.75,3904982,0,30000000,2007
143,394317,221,1051,91,15000,410,272,15838,23000,0.77,233630478,1,90000000,2000
111,314,1,10,91,1000,445,247,2059,26000,0.75,14616,1,12000000,2015
107,15231,125,66,42,875,596,171,1702,7000,0.65,20113965,3,40000000,2012
104,35018,75,180,87,1000,826,691,3148,716,0.39,10696210,0,23500000,1993
93,49240,231,142,132,434,265,216,1183,12000,0.71,17536788,2,8000000,2013
93,119213,211,154,35,851,770,436,2444,17000,0.6900000000000001,216366733,0,145000000,2012
95,7242,38,38,34,554,439,368,2216,7000,0.5700000000000001,13555988,1,22000000,2000
83,77935,220,122,181,731,579,459,1987,7000,0.61,37053924,3,28000000,2011
95,53884,147,203,425,973,776,560,2737,1000,0.51,22526144,1,30000000,2006
92,9418,70,53,12,35000,1000,1000,38450,7000,0.5,85884815,0,90000000,2015
95,40800,280,332,91,569,529,192,1797,7000,0.5700000000000001,952620,0,2000000,2007
136,370704,448,484,252,40000,11000,1000,54083,58000,0.67,241063875,4,250000000,2011
157,385670,295,1896,179,21000,11000,10000,53413,7000,0.76,289994397,1,150000000,2005
118,136680,215,149,71,16000,10000,634,28045,13000,0.64,37035845,2,52000000,2011
88,24256,64,91,11000,854,410,233,1653,7000,0.76,14792779,0,16000000,1987
111,34383,88,149,82,809,447,269,1858,7000,0.73,3895664,0,5300000,2002
103,56741,160,515,906,1000,906,748,6207,1000,0.64,70117571,0,58000000,1998
93,81888,125,254,11000,3000,575,484,5390,7000,0.6,37879996,2,48000000,2000
100,11092,55,44,8,1000,934,588,3742,167,0.45,23222861,4,26000000,2004
94,25843,101,64,91,563,80,14,683,941,0.6,15131330,0,86000000,2006
117,75201,258,256,258,2000,1000,896,7053,7000,0.6599999999999999,43290977,1,80000000,2010
110,100571,271,416,152,22000,68,27,22140,7000,0.74,28747570,1,7000000,2005
125,8087,67,33,55,991,10,2,1003,1000,0.71,1027749,4,40000000,2008
87,26624,141,189,2,741,297,270,1834,7000,0.39,26876529,1,27000000,2008
102,130094,178,471,91,40000,4000,876,46186,7000,0.64,55845943,1,29000000,2003
98,14473,30,81,23,1000,1000,982,3671,7000,0.6,7434726,2,23000000,1991
82,297014,343,1198,119,332,165,6,505,7000,0.73,128505958,1,18000000,2006
101,112669,120,226,343,581,571,384,2373,7000,0.6599999999999999,38122105,1,27000000,1987
128,136673,324,281,835,11000,896,755,13189,10000,0.76,31838002,1,20000000,2008
130,34488,288,136,776,898,584,358,2452,15000,0.6900000000000001,4463292,3,30000000,2011
95,315549,145,789,80,3000,1000,1000,8134,7000,0.7,101736215,6,11000000,1999
80,18035,131,177,54,1000,806,543,3010,7000,0.71,2360184,3,300000,2003
100,190030,576,583,405,996,897,628,4606,30000,0.8,44667095,0,15000000,2011
124,96096,74,172,212,13000,730,369,15229,7000,0.64,84049211,1,70000000,1993
107,310540,418,669,133,17000,11000,9000,38751,97000,0.67,101470202,6,32000000,2013
111,5612,23,122,60,823,759,699,5262,7000,0.55,3333823,0,10000000,2012
122,96569,233,522,301,1000,539,457,2759,7000,0.67,75072454,0,20000000,2005
120,414976,116,523,91,26000,1000,452,28294,21000,0.82,3650677,1,960000,1998
87,89547,168,199,91,22000,557,548,24324,7000,0.74,8579684,0,9000000,2007
100,9868,42,81,3,14000,506,442,15612,217,0.55,121972,3,22000000,2002
116,39659,128,189,541,12000,405,384,12993,792,0.5599999999999999,30157016,2,70000000,2002
92,12399,101,84,16,3000,1000,734,6327,7000,0.38,17596256,1,35000000,2010
142,207613,192,1144,776,13000,2000,1000,19454,4000,0.71,113330342,1,110000000,2000
118,13995,28,62,13,23000,2000,643,26907,353,0.5599999999999999,44834712,1,44000000,1996
170,18980,53,74,23,7,6,2,15,7000,0.8300000000000001,7830611,0,700000,1994
98,52805,70,209,20,2000,2000,968,7039,7000,0.52,54967359,0,40000000,1997
92,41170,227,298,91,11000,10000,10000,32875,7000,0.62,14998070,3,35000000,2007
158,243834,488,845,91,20000,13000,11000,46204,144000,0.76,148775460,1,61000000,2012
153,383591,454,620,777,20000,15000,1000,37321,86000,0.8099999999999999,60962878,2,46000000,2013
92,161448,220,1473,100,970,759,482,3950,7000,0.6900000000000001,44540956,0,400000,2004
118,48322,118,261,41,18000,4000,585,24024,7000,0.65,44737059,1,50000000,2000
97,89101,273,885,31,918,782,662,4692,3000,0.58,82163317,0,30000000,2003
124,101899,141,445,91,22000,10000,580,32871,7000,0.6799999999999999,71069884,0,68000000,2001
92,65709,308,194,72,623,593,568,3165,15000,0.51,19059018,0,65000000,2014
145,119286,229,548,252,879,691,210,2380,7000,0.73,57010853,1,85000000,2005
153,885175,486,1527,16000,13000,11000,11000,36741,42000,0.8300000000000001,120523073,1,75000000,2009
121,60573,79,248,101,673,368,202,2027,894,0.37,48068396,0,160000000,1997
96,20688,25,47,91,1000,845,563,2965,7000,0.5900000000000001,35617599,1,45000000,1995
105,21912,78,45,25,461,79,51,615,12000,0.72,2126511,0,36000000,2015
102,31760,131,140,23,1000,1000,635,4516,7000,0.42,79566871,2,30000000,2009
80,57,3,2,6,1000,664,429,3852,88,0.72,2245,0,560000,2011
111,55665,230,118,91,796,787,727,2633,10000,0.6900000000000001,13034417,1,15000000,2009
101,34232,149,346,51,446,20,8,497,7000,0.76,20772796,1,6000000,2002
107,261317,146,1137,110,23000,876,722,25088,20000,0.75,1190018,2,20000000,2002
107,24438,16,78,8,106,54,39,215,7000,0.7,700000,1,50000000,1993
91,8014,121,50,60,60,46,18,141,314,0.63,1506998,4,12000000,2007
127,21098,120,56,36,562,499,399,2230,7000,0.6900000000000001,12188642,7,26000000,2015
127,70382,447,190,91,678,432,319,1557,33000,0.79,225377,1,8900000,2012
111,2618,43,111,58,482,362,258,1526,411,0.58,1066555,0,11000000,2007
108,234480,179,444,189,49000,3000,1000,55486,3000,0.64,250863268,2,110000000,2006
106,2877,31,70,81,2000,811,687,4343,111,0.54,399793,0,4000000,1999
107,85629,173,144,164,8000,2000,723,12556,14000,0.6,90353764,2,40000000,2015
98,18900,93,242,4,3000,486,83,3769,7000,0.53,14252830,0,22000000,2001
118,11088,85,110,12,201,163,67,546,544,0.6799999999999999,5709616,0,1800000,2002
119,63677,166,460,89,650,537,395,1651,7000,0.65,35228696,0,32000000,2002
105,34592,107,191,65,628,316,108,1265,7000,0.62,16991902,0,57000000,2001
99,18727,103,45,42,975,569,557,3567,7000,0.6599999999999999,52691009,2,21000000,2011
97,1167,5,24,91,374,145,40,602,66,0.33,100358,2,1500000,2005
96,189249,356,398,91,10000,6000,509,17211,7000,0.77,17114882,1,25000000,2007
150,17933,262,165,608,149,44,43,390,7000,0.6799999999999999,3958500,0,8200000,2014
85,85086,135,122,42,20000,14000,586,35161,7000,0.67,64459316,0,149000000,2006
147,190490,226,482,670,177,27,16,253,26000,0.75,2208939,0,50000000,2006
121,186879,279,791,295,12000,748,329,13421,7000,0.62,79948113,0,50000000,2009
100,912,4,17,26,898,391,385,2895,502,0.36,163591,5,13400000,2010
96,179,8,18,14,361,14,6,387,39,0.47,11798,2,100000,2003
120,58137,286,520,776,890,812,535,3233,67000,0.55,102315545,0,165000000,2016
96,13949,43,98,91,385,356,111,995,453,0.61,9449219,2,3500000,1996
169,471220,302,1238,563,40000,5000,1000,48350,7000,0.71,309404152,0,300000000,2007
98,16234,106,113,541,214,96,71,409,7000,0.6900000000000001,1569918,1,17000000,2003
85,53919,327,168,91,282,270,88,687,17000,0.75,16097842,0,900000,2013
102,8367,68,94,3,372,248,239,1274,120,0.52,11227940,0,34000000,1999
107,66382,144,612,422,631,534,379,2297,7000,0.51,80270227,5,50000000,2005
90,21396,98,155,176,677,560,523,2055,605,0.5599999999999999,72601713,1,51000000,2006
110,61269,135,98,53,480,261,87,858,7000,0.65,2775593,4,27000000,2008
104,10680,93,112,109,405,204,202,847,562,0.71,7739049,2,18000000,2004
90,114287,246,137,50,4000,442,397,5046,16000,0.67,149234747,0,130000000,2011
105,65951,98,258,346,280,278,141,821,5000,0.8099999999999999,1647780,1,1300000,1998
104,24790,60,173,54,6000,923,919,9662,7000,0.52,4064333,0,25000000,1995
146,76016,65,265,278,18000,584,494,20516,7000,0.76,50668906,0,38000000,1999
184,254111,191,1999,91,3000,961,691,5401,7000,0.61,198539855,0,140000000,2001
117,113068,89,382,91,855,363,322,2144,7000,0.78,72455275,1,40000000,1992
96,165333,240,186,107,11000,560,350,12071,19000,0.7,143618384,0,90000000,2011
108,289508,489,611,232,149,145,123,430,109000,0.77,25440971,0,15000000,2015
124,269858,142,316,212,13000,982,576,16595,7000,0.71,117541000,0,70000000,1990
91,164148,256,168,266,12000,11000,11000,37142,28000,0.71,148313048,2,85000000,2012
110,27117,190,140,37,10000,826,268,11431,7000,0.58,10324441,1,25000000,2011
84,10143,365,54,3,10000,651,446,12496,7000,0.71,379122,0,450000,2005
134,18395,118,48,91,541,173,92,890,7000,0.71,183662,6,25000000,2010
130,58402,102,370,81,10000,882,427,12186,7000,0.51,69102910,0,80000000,1998
127,149066,466,517,140,19000,14000,10000,46241,24000,0.71,24104113,1,20000000,2011
101,93272,308,251,42,991,894,219,2609,7000,0.65,39103378,0,20000000,2010
110,262153,202,507,118,13000,11000,1000,26451,10000,0.78,22494487,3,27000000,2006
86,10966,62,100,5,584,580,532,3850,365,0.46,23978402,1,11000000,2001
92,37530,192,106,406,24000,15000,968,41867,7000,0.62,10814185,6,8000000,2009
88,82331,399,297,115,1000,305,304,2011,18000,0.6599999999999999,1024175,6,13000000,2011
84,21379,100,88,91,634,328,158,1238,7000,0.63,173066,1,1500000,2007
106,86627,183,204,87,8000,956,918,10882,28000,0.5900000000000001,68558662,0,90000000,2013
110,98629,112,316,85,1000,309,186,1852,7000,0.72,5900000,1,16000000,1986
102,375879,383,402,480,14000,670,461,16143,56000,0.65,254455986,0,80000000,2011
98,4582,25,52,38,1000,475,360,3221,985,0.61,11797927,0,6000000,1995
135,125109,308,593,91,873,560,310,2370,16000,0.67,43982842,1,65000000,2009
97,1201,26,14,3,679,537,204,1426,7000,0.62,883887,3,9000000,2009
89,16222,42,39,12,1000,409,373,2056,7000,0.58,22359293,0,29000000,1997
111,54723,43,99,2000,15000,161,51,15361,7000,0.62,69800000,2,8000000,1984
100,16271,107,57,87,3000,576,446,5174,1000,0.54,73023275,4,35000000,2009
104,36996,63,153,835,18000,595,535,19923,7000,0.71,6401336,2,2500000,1991
94,3513,23,36,4,360,273,10,656,423,0.65,1977544,0,250000,1995
119,154621,263,258,124,14000,5000,1000,22622,27000,0.63,129995817,0,110000000,2015
98,168314,212,903,91,20000,8000,23,28027,12000,0.73,33987757,2,27000000,2004
91,5061,9,70,38,584,399,117,1218,7000,0.62,2850263,0,2600000,1993
140,79330,177,690,3000,963,595,322,2894,7000,0.8,4157491,0,12800000,2000
93,161858,112,289,221,12000,11000,781,26760,7000,0.64,163479795,0,34200000,1999
92,19336,34,90,11,26000,11000,1000,39518,7000,0.6599999999999999,12667,2,14000,2005
80,1138,28,30,91,191,12,5,210,7000,0.71,99851,0,2500000,2010
104,16831,98,54,144,939,875,290,2453,687,0.58,20668843,3,22000000,2008
87,67992,106,327,79,608,362,218,1770,7000,0.6599999999999999,64267897,0,5000000,2002
121,4756,22,38,91,413,282,182,1284,624,0.58,14545844,4,6500000,1988
91,2482,31,16,9,53,24,9,86,7000,0.76,287761,1,1000000,2013
97,11550,80,197,119,136,108,7,254,489,0.73,2856622,0,25000,1997
120,479453,556,696,21000,10000,349,81,10555,74000,0.77,96917897,0,40000000,2010
118,375456,310,292,43,33000,15000,7000,57426,44000,0.74,84244877,7,50000000,2011
74,27543,129,186,11,340,243,62,814,607,0.73,60507228,0,80000000,1999
83,127345,166,250,12,13000,7000,925,22813,7000,0.6799999999999999,155019340,1,80000000,2006
134,323353,491,527,521,15000,535,186,16281,65000,0.79,107100855,0,55000000,2013
110,44339,143,425,675,16000,977,968,19928,7000,0.67,6525762,2,4000000,2002
91,9427,60,79,84,1000,778,572,2691,462,0.6599999999999999,5480318,0,5000000,1998
69,61753,24,133,383,912,320,191,1833,5000,0.73,48092846,0,12500000,1988
100,5900,65,26,3,79,68,55,285,7000,0.65,129115,2,25000000,2014
88,25371,32,129,84,650,384,177,1343,7000,0.19,9109322,3,20000000,2004
90,160321,59,178,176,531,461,460,2203,7000,0.63,108360000,0,30000000,1995
100,26413,84,77,36,2000,795,439,4182,372,0.48,66941559,1,85000000,2000
123,58658,190,495,488,5000,4000,2000,12700,7000,0.64,26838389,0,57000000,2005
91,30842,70,93,48,61,46,39,222,7000,0.5900000000000001,18438149,8,40000000,2012
105,357581,111,588,13000,40000,967,658,42330,16000,0.79,56362352,0,20000000,1990
98,7228,50,53,9,11000,8000,405,20009,414,0.64,101228,4,3500000,2005
75,40651,90,209,221,11000,970,553,13125,7000,0.5599999999999999,57651794,2,33000000,2006
115,51252,111,156,11,1000,759,642,4305,621,0.5,48472213,2,45000000,2005
109,6915,31,209,148,2000,434,426,3843,599,0.73,14821531,2,6000000,1997
106,272223,187,988,357,23000,14000,4000,45327,14000,0.67,144512310,2,38000000,2001
122,88682,302,241,2000,2000,1000,1000,6161,7000,0.77,18593156,1,35000000,2008
108,340085,125,327,91,1000,869,690,3660,12000,0.78,118500000,0,40000000,1989
122,612060,488,1518,1000,2000,939,883,4738,21000,0.8099999999999999,74273505,0,25000000,2007
108,50056,172,152,79,775,614,537,3033,7000,0.63,24984868,2,15000000,2014
109,25344,111,77,7,2000,980,827,4947,7000,0.5599999999999999,22927390,0,18000000,2009
105,106755,222,173,226,22000,11000,966,35694,27000,0.6599999999999999,63910583,2,28000000,2013
130,199025,137,416,258,394,387,345,1784,7000,0.72,106635996,2,58000000,1995
90,260939,124,244,63,49000,2000,631,52970,7000,0.8,217350219,0,28000000,1992
97,123553,256,174,52,20000,315,161,20645,25000,0.73,103400692,0,145000000,2012
100,89383,232,293,91,21000,18000,407,39507,7000,0.71,5480996,0,8700000,2006
106,211296,141,428,116,22000,713,708,24938,7000,0.63,279167575,6,80000000,2004
119,2933,32,70,5,521,372,249,1883,328,0.47,7000000,0,36000000,1980
136,19832,43,98,16000,16000,281,216,16805,7000,0.5900000000000001,46700000,1,21000000,1982
130,248045,202,890,208,12000,3000,591,15972,7000,0.63,202007640,5,98000000,2001
109,13320,88,415,11,471,308,159,1069,327,0.4900000000000001,16459004,1,15000000,1999
109,361767,372,1206,91,16000,430,18,16479,17000,0.79,35286428,0,76000000,2006
104,3024,56,22,61,974,595,451,2430,7000,0.61,1346503,0,6000000,2011
92,27486,78,284,8,472,239,129,1045,7000,0.47,18843314,1,20000000,2006
177,97087,144,569,91,913,362,202,2449,11000,0.6599999999999999,27400000,3,40000000,1984
96,163665,174,169,126,18000,957,954,22436,9000,0.65,88915214,2,38000000,2009
106,15978,45,122,38,1000,1000,975,5705,15000,0.74,6420319,0,20000000,2015
88,145321,233,139,20,22000,1000,916,25354,14000,0.6599999999999999,161317423,0,95000000,2012
92,28573,159,72,91,1000,585,539,3608,7000,0.65,2926565,0,3000000,2008
118,24104,146,88,369,1000,418,295,1889,7000,0.72,2849142,1,16000000,2007
101,20275,116,151,21,420,291,161,1215,7000,0.6900000000000001,864959,0,4000000,2005
94,86347,78,191,383,4000,808,753,6017,7000,0.71,58297830,1,50000000,1997
129,40941,242,320,91,2000,826,655,4264,7000,0.64,25517500,1,25100000,2008
90,60460,87,104,91,1000,872,767,4377,14000,0.77,1752214,0,14000000,2010
102,3709,9,83,329,611,329,280,1834,7000,0.6,4239767,3,7500000,2002
141,21223,211,108,56,113,98,38,301,13000,0.71,8324748,1,35000000,2013
98,14888,76,83,48,21000,936,722,24664,747,0.4400000000000001,61112916,0,50000000,2006
165,955174,765,1193,16000,29000,11000,265,40978,199000,0.85,162804648,1,100000000,2012
107,8962,46,137,91,1000,907,685,5264,676,0.5,63231524,4,6000000,2006
125,181380,57,223,91,49000,1000,711,52201,7000,0.6900000000000001,219200000,5,25000000,1993
271,21940,22,256,33,854,702,251,2107,7000,0.77,10769960,0,25000000,1993
98,150082,415,384,11000,594,268,218,1353,36000,0.73,33404871,1,18000000,2013
128,13830,12,61,545,783,754,353,3126,680,0.61,24332324,1,40000000,1994
106,35508,118,211,23,1000,593,418,2325,7000,0.61,57887882,2,50000000,2004
95,36381,337,126,20,422,374,365,1899,11000,0.72,5997134,3,1000000,2012
115,361169,287,1624,549,3000,912,911,5732,18000,0.79,54557348,0,6500000,2004
167,2715,1,19,10,353,186,97,773,92,0.62,610991,3,1000000,2000
101,127571,247,207,189,15000,11000,7000,39822,7000,0.63,98711404,2,55000000,2010
118,24735,176,213,87,2000,1000,929,4796,16000,0.52,85911262,6,65000000,2014
109,137377,140,370,80,545,337,213,1574,7000,0.62,106807667,1,45000000,2000
118,833,6,33,91,373,266,249,1233,31,0.6900000000000001,3347439,1,7500000,2004
99,58416,160,301,309,23000,1000,577,26527,7000,0.5900000000000001,70327868,0,46000000,2000
119,176169,118,548,91,29000,414,39,29461,7000,0.6599999999999999,39778599,0,50000000,2000
107,69197,63,216,91,29000,165,159,29743,7000,0.64,18636537,0,32000000,1995
133,24145,44,93,277,25000,14000,8000,48482,7000,0.71,11030963,2,28000000,1996
88,5116,51,54,6,2000,1000,854,6946,5000,0.5599999999999999,8460990,1,70000000,2013
92,97775,203,211,180,211,135,75,488,7000,0.65,23324666,1,52000000,2010
95,31836,78,90,89,963,654,388,2658,7000,0.6799999999999999,37606,0,3500000,2009
97,35848,301,198,91,227,218,106,684,7000,0.63,1768416,0,7000000,2010
143,30230,42,154,65,975,345,320,2223,7000,0.73,82528097,1,6500000,1995
98,709,25,34,71,22000,1000,658,24382,139,0.6,295468,1,500000,2001
114,28584,149,232,91,548,298,115,1005,675,0.63,6592103,1,35000000,2002
104,12856,107,291,91,964,931,327,2888,299,0.47,27053815,0,40000000,2001
114,236421,362,515,91,3000,806,423,5095,70000,0.73,58229120,1,90000000,2013
84,22697,50,202,378,925,729,611,3559,7000,0.76,2892582,0,4000000,1996
101,43358,132,228,126,3000,949,586,6292,7000,0.55,82931301,0,60000000,2005
120,6525,32,79,92,1000,886,862,5420,7000,0.67,34074895,6,9000000,1999
89,52509,252,84,14,902,291,215,1980,13000,0.71,3325638,3,2500000,2012
94,69989,252,384,91,1000,683,658,4707,7000,0.54,17544812,0,10000000,2007
159,62756,44,410,50,218,133,72,554,21000,0.8400000000000001,6498000,1,18026148,2015
144,148379,396,622,91,34000,13000,1000,49684,54000,0.73,154985087,6,178000000,2016
131,218711,371,485,176,722,655,460,3229,27000,0.6799999999999999,169076745,6,32500000,2011
91,22773,161,195,287,1000,823,725,4438,7000,0.6599999999999999,17986000,0,1000000,1981
98,90374,129,318,36,13000,2000,900,17582,7000,0.67,57262492,4,24000000,2000
99,75903,146,109,167,655,521,460,2394,7000,0.62,134141530,1,25000000,2014
129,67395,242,564,91,12000,1000,625,14421,7000,0.6,70236496,0,63000000,2006
115,5275,34,30,88,1000,1000,890,4737,508,0.6900000000000001,43490057,6,7500000,1997
105,99035,313,289,91,539,394,288,1411,17000,0.62,50549107,3,60000000,2014
132,22447,89,210,545,919,811,807,4796,7000,0.64,29781453,1,48000000,2001
95,8465,29,65,4,641,168,152,1389,491,0.32,7888703,1,3000000,1987
131,78974,232,141,89,2000,401,372,3479,11000,0.62,28644770,2,30000000,2012
108,6790,70,80,6,54,44,43,194,491,0.76,2047570,3,500000,1999
85,19284,26,66,7,723,706,615,3712,981,0.58,32983713,0,20000000,2002
102,34520,77,146,32,483,147,75,768,7000,0.76,11546543,1,2000000,1994
119,21360,222,110,319,2000,552,179,3279,7000,0.7,4440055,0,8500000,2009
82,5507,65,23,217,10000,969,442,11642,812,0.5599999999999999,30084,3,70000,2014
96,7736,72,100,30,761,412,407,2018,7000,0.64,7292175,3,7000000,1999
141,462669,635,1117,91,26000,21000,19000,92000,118000,0.75,458991599,4,250000000,2015
108,219091,165,592,91,16000,4000,844,23296,12000,0.73,25753840,2,19000000,1996
143,548573,733,2536,91,15000,3000,748,20495,118000,0.72,291021565,0,225000000,2013
106,10413,54,111,22,2000,642,613,4327,579,0.63,13376506,1,40000000,1999
113,2417,10,32,29,890,848,449,2681,7000,0.6,2859955,2,1200000,2013
117,158267,224,559,91,12000,919,845,15371,7000,0.67,81645152,1,54000000,2002
90,13223,130,45,293,16000,14000,808,32405,7000,0.6599999999999999,638476,1,1500000,2011
141,132149,251,316,16000,378,85,78,751,5000,0.79,13753931,0,19000000,2006
94,64682,325,203,655,9000,786,390,10575,7000,0.63,16300302,1,12000000,2011
91,9607,60,174,38,625,464,377,2747,7000,0.74,8108247,0,3300000,2006
107,6782,47,114,956,10000,233,113,10368,860,0.6599999999999999,4741987,1,14000000,1999
92,19699,71,119,23,460,442,162,1315,387,0.48,25590119,0,21150000,2001
100,91151,291,283,308,10000,2000,913,15369,20000,0.54,37652565,2,42000000,2011
104,106820,129,147,42,839,756,613,3627,14000,0.65,82389560,1,17000000,2014
95,22679,75,149,32,826,642,563,3558,773,0.46,82301521,2,32000000,2005
90,31640,127,109,48,973,400,196,1865,791,0.4900000000000001,11802056,1,60000000,2008
113,149019,251,666,129,16000,6000,1000,24106,7000,0.61,70083519,2,180000000,2007
212,35314,40,145,759,2000,925,812,5708,7000,0.6599999999999999,25052000,0,63000000,1994
100,143121,310,279,253,309,229,57,647,10000,0.77,75280058,1,60000000,2009
95,17333,92,153,596,1000,835,697,3300,7000,0.62,16017403,2,5000000,2001
120,48806,118,263,155,23000,984,249,24300,11000,0.73,81593527,1,40000000,2006
128,132423,343,349,2000,854,766,501,2507,15000,0.72,15523168,2,45000000,2010
110,155153,411,524,301,1000,419,412,2239,58000,0.6799999999999999,48056940,0,3000000,2012
87,58906,89,186,47,19000,542,217,20097,7000,0.7,85416609,0,30000000,2004
109,32951,94,44,15,3000,775,350,4257,6000,0.58,23179303,3,20000000,2011
118,120202,75,397,176,18000,11000,308,29748,7000,0.67,66488090,2,48000000,1999
89,12706,52,75,18,7000,2000,2000,13626,7000,0.53,8070311,9,10000000,2004
108,29861,98,132,4,687,312,96,1134,505,0.52,22108977,1,41000000,2003
95,22212,178,142,49,413,98,57,721,7000,0.67,3478,0,1500000,2008
88,74945,111,359,82,869,624,329,2857,7000,0.19,14174654,0,25000000,2008
111,32003,165,65,105,527,86,64,735,7000,0.67,6109075,1,19430000,2009
117,607235,460,2073,91,18000,13000,447,32360,13000,0.77,210592590,0,65000000,2006
113,20539,88,125,91,995,975,949,4039,681,0.5900000000000001,18882880,3,20000000,2007
108,14757,117,51,60,18000,322,168,18739,7000,0.62,1039869,5,15000000,2010
93,20201,66,187,13,15000,460,173,15638,823,0.51,652526,3,40000000,2006
102,125198,258,153,20,107,81,54,362,11000,0.6599999999999999,18600911,6,42000000,2012
99,84620,469,235,91,3000,1000,520,5074,27000,0.6799999999999999,1702277,4,12000000,2013
144,47764,204,219,91,769,726,681,3580,44000,0.74,52822418,0,50000000,2016
118,43084,85,99,97,775,523,437,3197,19000,0.67,26761283,0,26000000,2014
103,29523,133,121,30,963,935,727,3150,7000,0.47,29580087,2,58000000,2009
124,5427,29,51,8,508,270,232,1660,7000,0.55,37672350,1,20000000,1998
126,348861,233,798,218,11000,11000,322,22722,7000,0.65,186336103,2,120000000,2005
136,259492,122,415,91,12000,2000,904,15999,51000,0.74,134006721,1,75000000,1996
95,241,10,5,91,685,665,309,2048,261,0.48,2468,3,300000,2014
100,212167,274,713,35,10000,1000,306,11471,7000,0.7,28637507,1,15000000,2007
127,224013,209,2319,1000,1000,691,653,2601,10000,0.76,57386369,1,52500000,2001
102,50199,146,101,65,1000,613,490,3239,702,0.5700000000000001,32853640,1,40000000,2008
118,7147,8,16,8,106,56,11,182,136,0.6,146072,0,140000000,1998
117,26493,121,159,18000,18000,638,543,20456,7000,0.73,21078145,0,12500000,2002
119,55101,94,201,213,886,276,249,1639,3000,0.6900000000000001,156645693,0,14000000,1987
98,8697,77,122,3,349,347,327,2095,374,0.63,1943649,3,1700000,1999
107,190132,308,801,91,11000,372,167,11623,15000,0.73,3675072,0,26000000,2007
97,1290,40,13,10,102,7,5,118,587,0.73,144431,0,1000000,2006
132,5648,28,50,44,1000,653,241,2004,329,0.67,1508689,2,16000000,1997
127,837759,223,900,883,11000,504,441,12643,17000,0.8800000000000001,290158751,0,18000000,1980
113,106446,228,227,150,531,82,59,764,11000,0.63,104383624,4,155000000,2010
140,520104,359,3286,91,20000,16000,4000,44042,10000,0.76,380262555,4,113000000,2005
141,206776,153,1248,488,10000,834,509,11458,7000,0.6900000000000001,100614858,1,68000000,2001
119,395087,588,1101,91,15000,6000,529,21668,114000,0.78,42335698,8,18000000,2014
102,49349,63,165,91,13000,854,413,15308,7000,0.6900000000000001,38747385,2,25000000,1986
85,2855,47,119,2,1000,539,402,2429,663,0.36,15911333,1,19000000,2000
92,65551,163,441,100,678,635,327,1729,7000,0.5700000000000001,80197993,1,32000000,2006
103,5721,71,20,44,953,849,625,3299,1000,0.4900000000000001,20246959,2,14000000,2010
94,6084,51,120,112,1000,826,428,3085,671,0.7,1744858,1,1000000,2000
115,90,2,1,32,14000,81,29,14133,139,0.6799999999999999,31662,1,12620000,2016
97,19547,45,168,84,899,842,782,2936,7000,0.25,27141959,2,18000000,1999
80,149414,283,841,611,5000,643,576,6229,7000,0.79,84961,4,31000000,2002
109,53977,167,125,93,31000,3000,521,35561,14000,0.71,1357042,1,15000000,2011
86,101287,271,260,365,934,830,522,2714,31000,0.7,4007792,0,750000,2012
93,1721,19,38,91,625,118,78,987,280,0.39,10305534,2,3500000,1998
112,578,14,34,9,860,130,125,1252,588,0.76,173783,0,2500000,2008
101,107817,139,255,221,12000,11000,11000,39269,14000,0.54,133668525,4,80000000,2013
118,81866,168,510,40,2000,702,617,4045,7000,0.73,44983704,0,31000000,2000
146,318955,373,460,150,15000,3000,2000,23227,75000,0.8099999999999999,169705587,2,25000000,2011
112,4767,61,69,83,2000,370,8,2389,186,0.73,3058380,1,100000000,2000
89,149108,114,273,91,227,73,62,485,7000,0.76,92823600,0,16000000,1989
129,261069,157,506,21000,495,294,283,1397,25000,0.78,48265581,1,50000000,1997
98,1351,14,11,102,563,485,360,2628,212,0.61,105943,0,1500000,2015
116,156717,140,357,80,11000,1000,651,14087,7000,0.64,105807520,2,50000000,2003
90,4702,51,23,21,53,30,27,137,7000,0.73,155972,0,1500000,2006
122,17068,50,215,589,848,153,150,1164,7000,0.65,33451479,0,500000,2008
131,381148,575,1106,91,16000,968,919,19166,83000,0.7,101785482,0,190000000,2013
78,143,3,9,6,32,17,17,72,13,0.41,243768,0,30000,2007
88,783,8,12,53,563,288,176,1284,42,0.41,721,2,1000000,2006
101,14147,81,92,13,651,555,499,2698,401,0.5599999999999999,15408822,3,20000000,2003
107,114241,376,258,419,971,236,165,1643,24000,0.64,12026670,2,45000000,2013
92,30396,59,168,406,406,203,194,904,7000,0.62,582024,0,1000000,1997
121,39529,76,142,16000,16000,1000,826,19139,1000,0.67,50007168,0,50000000,1997
103,37681,85,151,27,1000,809,534,4441,7000,0.55,28435406,2,12000000,2006
100,79353,284,121,77,286,52,27,385,23000,0.76,1196752,3,30300000,2011
97,5928,45,49,4,1000,1000,826,5006,243,0.43,31179516,5,12000000,2004
117,435864,447,801,905,553,488,385,2357,36000,0.77,48043505,1,30000000,2010
103,107772,228,398,212,15000,552,248,16249,7000,0.54,40687294,1,35000000,2008
112,71495,153,522,395,13000,595,80,13707,7000,0.71,31252964,1,4000000,2001
97,43867,136,83,31,2000,2000,562,5519,7000,0.63,6923891,4,23000000,2011
77,188785,267,467,13000,40000,16000,973,60683,7000,0.74,53337608,1,40000000,2005
86,575,22,6,15,2,664,429,2,801,0.75,111300,0,225000,2012
84,17328,96,237,119,989,982,918,4660,673,0.55,17411331,3,15000000,1998
153,322395,167,1171,91,13000,12000,537,26029,11000,0.6599999999999999,201573391,0,140000000,1998
96,2280,21,14,15,433,396,357,1929,448,0.5900000000000001,5005,2,3000000,2009
115,116681,180,320,64,2000,899,664,4811,11000,0.71,143151473,0,60000000,2008
91,103022,163,269,77,1000,311,208,1804,7000,0.63,128200012,1,75000000,2005
41,296,7,4,91,55,664,429,55,89,0.6900000000000001,4074023,0,5000000,2010
101,30083,69,140,11000,1000,612,2,1614,7000,0.6799999999999999,9714482,0,20000000,1996
106,17436,118,71,43,1000,506,460,2495,7000,0.6799999999999999,7486906,0,27000000,2007
80,12241,189,112,129,375,44,26,460,7000,0.71,856942,1,200000,2008
129,81298,283,341,335,15000,467,64,15595,39000,0.6900000000000001,31836745,1,40000000,2011
113,73068,152,419,323,1000,977,835,4660,7000,0.6799999999999999,69304264,0,48000000,1999
110,36491,70,231,16,2000,710,692,5320,509,0.41,97360069,0,75000000,1999
125,159931,246,281,189,1000,847,839,5081,22000,0.63,44665963,2,58000000,2013
99,19194,47,160,8,798,472,78,1430,7000,0.71,104257,2,2200000,1999
119,101834,180,628,719,833,624,423,2356,7000,0.5700000000000001,73209340,0,95000000,2000
104,179500,158,378,681,584,227,159,1235,7000,0.6,62494975,5,85000000,2006
108,61417,135,339,99,672,174,172,1460,941,0.55,40048332,1,85000000,2002
126,149966,285,835,729,912,306,284,2170,7000,0.75,71502303,0,12000000,2004
115,4687,53,83,91,1000,436,360,1964,290,0.6599999999999999,38168022,0,3000000,2000
117,57674,178,126,763,16000,543,523,17847,11000,0.65,12276810,0,26000000,2015
88,160281,134,427,104,628,575,318,2726,16000,0.78,83400000,0,3500000,1980
92,189413,109,306,13000,925,692,217,1953,15000,0.75,73326666,3,15000000,1988
83,8560,45,205,119,885,816,633,2907,797,0.43,7001720,2,12000000,2008
94,11202,122,123,187,1000,887,427,3690,750,0.6799999999999999,1247453,0,2800000,2005
126,126907,81,235,80,668,641,225,2004,7000,0.72,90800000,0,8000000,1984
121,150308,152,498,529,541,399,163,1323,18000,0.73,71309760,1,25000000,2000
93,157051,229,261,166,971,329,281,2043,29000,0.67,54724272,0,12000000,2012
80,18254,56,307,11,911,521,499,3058,1000,0.33,40363530,2,16000000,2002
129,364948,245,2121,91,309,269,233,1062,7000,0.67,139259759,0,150000000,2003
87,3407,52,48,9,818,636,503,2164,309,0.51,37566230,1,17000000,2003
133,580999,283,2110,219,15000,933,701,17040,33000,0.8099999999999999,727883,1,4500000,2001
116,12366,81,151,52,624,385,102,1209,507,0.7,1980338,2,5000000,1998
83,1231,56,10,5,413,197,98,843,932,0.5700000000000001,1521,0,1500000,2012
93,60572,40,144,10,789,744,405,2986,7000,0.63,68208190,1,65000000,1999
93,5612,27,38,69,522,231,69,955,842,0.46,10097096,2,4000000,2001
170,15448,61,174,25,329,134,55,775,15000,0.5599999999999999,59696176,1,22000000,2014
93,13815,25,46,70,692,585,442,3128,446,0.2,5694308,0,7000000,2007
107,6069,54,33,188,11000,641,631,13904,7000,0.64,42019483,0,36000000,2014
195,557489,608,1187,1000,21000,4000,3000,30426,95000,0.72,408992272,3,200000000,2013
128,157519,197,683,150,766,536,244,2037,2000,0.64,126930660,2,135000000,1999
114,194489,209,192,91,27000,18000,1000,46944,12000,0.73,5694401,4,18000000,2008
98,4288,65,74,85,265,194,186,901,7000,0.5700000000000001,7369373,1,2000000,1986
102,104066,265,207,82,622,591,537,2488,15000,0.5700000000000001,34350553,4,68000000,2012
110,80556,140,184,65,3000,427,149,4089,7000,0.6599999999999999,24848292,1,20000000,2008
110,138190,284,405,763,15000,1000,222,16691,30000,0.61,83503161,1,75000000,2011
94,140780,193,376,87,866,794,280,2124,7000,0.63,39687528,1,24000000,2007
87,34711,152,468,165,1000,431,383,2452,7000,0.5,47860214,0,15000000,2006
103,34597,116,194,84,12000,10000,664,23864,7000,0.6,37035515,1,43000000,2000
115,74351,84,233,209,569,69,41,714,62000,0.16,73000942,1,13000000,2011
101,782437,162,1420,194,1000,816,602,3858,35000,0.86,6712241,2,7500000,1998
109,47498,233,212,453,1000,206,120,1458,10000,0.5700000000000001,10499968,3,35000000,2014
116,58450,172,842,53,27000,1000,906,31224,7000,0.64,43119879,0,60000000,2002
102,60516,210,147,192,346,41,31,500,7000,0.67,13214030,3,20000000,2008
93,28629,119,113,19,15000,13000,619,30134,7000,0.4900000000000001,3749061,3,20000000,2012
101,17997,47,140,91,854,643,158,1860,812,0.4400000000000001,38590500,1,50000000,1994
109,25558,123,221,29,779,240,91,1297,7000,0.61,10965209,2,30000000,2001
150,323207,366,1439,91,894,581,464,3218,7000,0.6,402076689,0,200000000,2009
89,54101,228,210,77,490,298,159,1367,15000,0.58,47553512,0,50000000,2014
108,50197,93,265,91,14000,433,88,14574,7000,0.74,3049135,2,5000000,1994
134,405973,289,1055,91,20000,505,346,20952,7000,0.75,214948780,4,110000000,2003
142,182802,75,363,14000,49000,8000,5000,64259,13000,0.67,119654900,1,70000000,1991
158,283418,367,1055,776,1000,468,310,2144,13000,0.58,166112167,0,200000000,2009
114,42987,83,201,9,623,472,466,2484,7000,0.65,30050028,1,17000000,1989
107,6221,74,87,7,745,631,442,2125,500,0.7,1282084,1,2500000,1999
123,104564,138,587,541,12000,638,173,12970,7000,0.65,36283504,1,40000000,1999
108,4124,104,29,30,474,403,281,2029,916,0.5900000000000001,453079,4,7000000,2010
133,283563,419,312,152,22000,18000,11000,53094,27000,0.76,75605492,1,50000000,2011
123,182661,276,681,160,12000,701,402,14017,7000,0.52,115802596,1,110000000,2007
105,14325,112,90,2,805,306,69,1185,7000,0.67,63260,0,14000000,2006
96,665575,408,704,91,1000,848,262,2635,27000,0.8300000000000001,292979556,1,175000000,2009
107,171418,351,619,190,2000,1000,520,4243,17000,0.64,52000688,0,40000000,2010
124,75973,141,409,159,288,249,240,1006,7000,0.75,30012990,1,25000000,1998
139,189923,109,318,488,10000,743,597,12182,7000,0.73,153620822,0,50000000,1996
87,15617,63,180,13,15000,4000,869,22485,7000,0.58,11560259,1,22000000,2001
101,4057,25,90,9,973,872,201,2306,250,0.51,978908,0,2400000,2006
95,6095,46,76,15,1000,786,461,3845,1000,0.62,20998709,0,15000000,2006
122,93548,412,307,91,14000,13000,816,28933,23000,0.72,17750583,0,30000000,2015
94,4377,45,85,24,834,625,545,2662,309,0.58,2800000,3,4000000,1999
122,22369,158,100,108,220,186,111,583,21000,0.6599999999999999,33071558,6,10000000,2015
81,42892,63,154,406,13000,2000,616,17035,7000,0.6799999999999999,63071133,0,12000000,1996
126,215255,153,610,13000,920,811,390,2899,7000,0.7,162831698,0,80000000,1992
108,56338,160,215,123,26000,14000,690,41359,4000,0.65,15483540,4,14000000,2009
113,28951,71,257,179,119,14,11,167,7000,0.8,5595428,0,2900000,1998
104,85688,336,339,59,972,407,202,2071,23000,0.65,27689474,0,5000000,2013
101,15814,50,68,17,900,246,218,1634,503,0.54,14095303,1,25000000,1996
128,127503,120,261,17000,22000,1000,387,24006,7000,0.73,79100000,0,35000000,1991
100,34258,234,178,64,11000,7000,329,19420,7000,0.63,63536011,2,30000000,2012
105,103737,343,322,91,2000,520,502,4671,56000,0.7,201148159,1,95000000,2015
99,72324,61,134,78,11000,509,325,12619,3000,0.74,106593296,1,7500000,1989
103,92364,285,244,65,2000,971,908,6807,15000,0.65,71519230,0,9000000,2014
126,37635,160,165,44,627,12,9,653,7000,0.73,5701643,0,20000000,2007
98,71183,55,183,11000,816,695,624,3617,7000,0.74,61400000,1,15000000,1983
114,81444,165,192,71,154,131,55,428,955,0.62,60470220,2,50000000,2003
98,16372,81,121,4,2000,1000,677,4843,311,0.61,10544143,2,20000000,1999
105,130272,185,209,189,49000,3000,1000,54039,2000,0.5900000000000001,177243721,2,150000000,2009
86,11233,77,32,90,962,925,635,3715,7000,0.54,9402410,1,14000000,2012
104,2256,29,79,37,574,573,501,1983,130,0.65,144583,0,800000,1999
103,3665,19,39,261,722,280,145,1201,247,0.6799999999999999,1100000,0,5000000,1992
102,7314,79,55,117,393,21,17,446,7000,0.8300000000000001,1430185,0,2000000,2007
110,6555,97,82,22,434,95,48,645,7000,0.61,56129,1,1100000,2010
111,285623,155,497,473,26000,9000,82,35084,7000,0.7,106126012,6,60000000,2003
129,223127,261,420,102,768,734,624,3389,38000,0.77,255950375,0,29000000,2009
100,7984,25,42,15,694,558,388,2486,833,0.5900000000000001,26539321,1,13000000,1996
110,168172,265,380,88,13000,12000,11000,44798,7000,0.65,130313314,1,80000000,2008
107,75347,203,176,91,13000,642,574,14483,7000,0.5599999999999999,44867349,2,37000000,2010
99,6705,43,53,13,419,254,159,975,167,0.6599999999999999,302204,3,3000000,1997
96,60494,36,132,197,580,336,115,1275,16000,0.67,39514713,0,28000000,1993
111,473887,318,626,663,1000,1000,954,4764,10000,0.8,206435493,0,150000000,2007
84,94172,101,179,50,979,886,692,3382,7000,0.5900000000000001,140015224,0,133000000,1999
109,258078,297,911,91,957,163,145,1757,23000,0.82,13782838,0,15000000,1982
107,1427,25,12,91,941,754,745,3099,88,0.6,141853,2,12000000,1997
86,25332,158,307,41,956,316,155,1862,7000,0.5900000000000001,19472057,0,3000000,1986
96,4303,86,35,24,646,441,374,1780,7000,0.71,28876924,0,20000000,2016
98,136048,233,700,406,860,523,406,2609,7000,0.72,32774834,5,30000000,2004
91,9785,53,26,10,716,537,436,2700,233,0.45,8104069,3,20000000,2007
104,4102,62,89,23,752,631,591,3133,53,0.4400000000000001,6712451,0,90000000,2001
121,11747,50,99,55,1000,1000,918,3125,561,0.64,2221994,1,35000000,1997
104,40654,148,97,16,1000,700,584,3356,7000,0.53,37481242,0,35000000,2010
92,191998,239,323,655,24000,829,88,25092,7000,0.76,24792061,0,6500000,2005
106,8427,96,88,61,907,807,649,3462,1000,0.64,32645546,5,14000000,2005
104,8603,79,115,11,11000,813,194,12250,430,0.71,3287435,2,4500000,2001
111,735784,354,2105,16000,926,890,640,3983,13000,0.8099999999999999,70098138,0,30000000,2003
111,30210,112,214,64,778,635,380,2205,7000,0.71,11905519,0,200000000,2005
140,35565,123,247,23,11000,779,579,12634,2000,0.6599999999999999,13082288,1,60000000,2006
102,156225,206,502,235,956,845,520,2998,7000,0.6799999999999999,62318875,1,50000000,2006
85,4617,51,93,91,945,774,209,2282,614,0.63,265107,1,1500000,2000
96,125016,543,789,201,394,150,58,673,70000,0.65,54239856,0,17000000,2013
83,14005,45,67,5,971,503,368,3438,418,0.5900000000000001,100491683,0,24000000,1998
80,589,35,35,91,1000,664,429,3852,74,0.63,70071,0,7000,2005
98,12942,35,34,188,2000,970,693,4277,902,0.51,24629916,0,3000000,1997
92,49486,81,116,41,1000,955,522,4050,886,0.55,104148781,1,60000000,2003
93,16224,121,76,131,497,113,90,776,830,0.65,2426851,1,4000000,2007
95,102071,168,756,38,567,312,249,1495,5000,0.6599999999999999,241437427,3,5000000,2002
81,29738,119,85,44,35000,7000,3000,47677,12000,0.62,66950483,6,28000000,2014
119,92295,248,420,611,755,483,4,1244,7000,0.76,11041228,3,100000000,2004
110,14995,42,87,272,801,796,551,2943,7000,0.72,14100000,6,5000000,1982
93,162067,92,316,17,13000,634,360,14180,7000,0.6599999999999999,17718223,5,25000000,2004
110,10073,40,78,91,721,246,237,1966,816,0.73,3468572,0,4000000,1988
89,55040,251,539,192,447,236,142,923,7000,0.6799999999999999,3645438,1,2200000,2003
104,13065,85,253,52,711,490,484,3162,897,0.46,17757087,1,21000000,1999
150,197412,538,720,14000,23000,826,655,25517,71000,0.74,182204440,0,65000000,2012
109,17770,112,172,13,3000,796,480,5977,7000,0.6900000000000001,2706659,0,2000000,2006
105,126464,94,175,102,901,605,383,3464,7000,0.73,234760500,1,14000000,1984
99,18561,158,119,342,1000,518,501,2158,7000,0.6799999999999999,2344847,0,7000000,2008
121,196217,478,461,777,455,221,219,1467,59000,0.76,46875468,2,30000000,2015
117,34896,51,118,31,2000,472,210,3016,877,0.43,32800000,1,40000000,1996
127,125305,302,343,123,14000,924,904,17551,39000,0.64,41997790,0,38000000,2013
81,13086,125,156,5,49000,780,710,50831,576,0.5900000000000001,7825820,0,4000000,2006
101,85673,118,269,30,1000,976,268,2636,7000,0.61,93307796,2,60000000,2002
103,311075,102,305,91,3000,1000,925,7521,20000,0.75,285761243,5,18000000,1990
158,372990,398,1107,91,272,111,104,533,16000,0.8099999999999999,40218903,0,25000000,2007
95,64387,169,85,18,622,161,18,848,15000,0.65,119793567,0,78000000,2013
126,56665,158,469,26,638,624,385,2282,7000,0.76,13005485,0,15000000,2003
113,35718,111,317,22,727,171,148,1310,7000,0.67,43601508,1,18000000,2003
101,115687,245,269,420,12000,3000,467,16235,21000,0.6,72660029,0,100000000,2014
94,17074,25,55,11,1000,605,232,2210,466,0.55,22189039,0,15000000,1993
107,9264,160,69,91,962,266,240,1591,7000,0.6799999999999999,1186957,3,25000000,2008
116,31293,132,254,41,11000,982,541,14028,648,0.53,30013346,2,75000000,2003
95,30160,238,193,243,969,962,725,3833,7000,0.64,100659,0,900000,2009
105,2236,19,40,24,776,595,125,1732,193,0.45,22723,1,25000000,2001
128,36587,55,95,272,2000,812,383,3888,7000,0.6,83000000,0,55000000,1994
89,79094,152,129,56,11000,826,545,13794,7000,0.54,58715510,2,30000000,2009
84,5933,54,102,56,21000,104,13,21124,387,0.5599999999999999,1950218,3,1000000,1997
96,190990,274,915,91,20000,1000,1000,24640,23000,0.73,10139254,0,35000000,2006
101,1950,30,24,91,827,729,681,3574,360,0.65,220234,3,3500000,2006
136,135404,156,318,258,12000,174,94,12396,7000,0.67,93771072,0,65000000,1998
89,73539,119,271,49,2000,902,514,3717,7000,0.46,65557989,0,45000000,1997
102,9003,100,58,346,947,526,488,2572,532,0.6599999999999999,23106,0,50000000,2004
99,99353,377,354,91,264,62,59,537,7000,0.78,17104669,1,20000000,2004
150,36894,160,105,610,755,643,478,2172,7000,0.74,626809,4,553632000,2008
155,31751,91,216,16000,18000,461,229,19689,7000,0.6599999999999999,25078937,2,30000000,1997
99,49855,160,117,52,22000,1000,148,23409,10000,0.72,8855646,1,21000000,2009
87,43300,150,250,12,3000,966,645,6658,7000,0.38,32178777,6,62000000,2008
98,80574,196,157,88,12000,854,706,14699,12000,0.65,23225911,1,24000000,2010
104,55749,92,257,165,1000,967,944,4294,7000,0.61,46611204,1,48000000,1998
97,171568,168,571,11,14000,1000,887,16999,7000,0.67,71500556,3,26000000,2001
105,37398,169,110,54,3000,2000,988,9069,11000,0.6599999999999999,51853450,0,25000000,2012
110,209133,220,962,91,13000,1000,327,14609,7000,0.76,52353636,1,21000000,2001
141,3433,68,81,407,688,659,501,2584,160,0.6900000000000001,3064356,6,5600000,2002
82,36033,109,456,34,760,743,434,2762,946,0.38,100446895,1,109000000,2003
130,175409,525,511,91,44000,15000,11000,73441,60000,0.64,234903076,4,215000000,2013
119,24285,277,110,33,3000,2000,518,6089,10000,0.64,51178893,4,50000000,2014
91,41259,156,72,2,12000,10000,480,22668,7000,0.61,42194060,1,70000000,2009
77,36471,71,69,50,886,799,537,2682,459,0.54,64736114,0,120000000,2002
103,299127,287,1509,91,2000,878,651,5161,7000,0.77,55153403,0,1200000,2004
139,15843,165,104,150,521,491,400,2060,11000,0.6900000000000001,30513940,0,30000000,2014
89,39768,114,292,31,285,81,71,667,7000,0.53,32368960,0,25000000,1998
127,158864,149,395,278,2000,955,912,5838,7000,0.64,182805123,1,70000000,2000
80,12029,99,32,2,6000,637,186,6829,7000,0.79,71442,0,9600000,2012
99,14315,64,101,71,2000,719,584,4169,201,0.53,16930185,2,29000000,2002
100,23527,65,104,15,1000,962,804,4789,767,0.55,16247775,3,25000000,2005
114,467613,454,608,77,19000,393,305,20295,165000,0.8099999999999999,91121452,1,14000000,2014
109,33856,203,147,64,16000,638,553,17866,34000,0.73,33305037,2,11000000,2015
90,1560,27,15,6,3000,1000,940,4987,777,0.73,124720,0,5000000,2008
110,27,1,1,91,3,2,429,5,75,0.72,3830,3,1200000,2013
84,1656,35,12,681,239,172,143,734,155,0.62,52850,0,500000,2007
125,107557,217,612,729,442,344,322,1556,7000,0.72,65010106,1,30000000,2002
99,26051,70,164,287,10000,368,44,10469,7000,0.4400000000000001,27663982,2,40000000,1996
126,604904,161,682,835,49000,13000,893,63710,31000,0.8300000000000001,138339411,2,10000000,1997
120,641997,418,1017,91,668,56,40,820,13000,0.8,141319195,0,15000000,2008
97,222099,133,549,19,23000,13000,835,37907,10000,0.72,38176108,6,16000000,1999
103,176598,321,374,207,40000,11000,3000,55175,25000,0.6,67631157,0,100000000,2010
95,345198,536,773,91,1000,767,384,2944,118000,0.8300000000000001,356454367,1,175000000,2015
91,34203,127,169,30,922,786,497,3301,19000,0.53,26404753,1,40000000,2012
103,94,131,4,91,23,20,20,85,11,0.5599999999999999,23616,4,600000,2007
102,14962,112,204,241,13000,891,127,14165,704,0.51,7659747,1,38000000,2003
104,79517,368,354,165,900,686,559,2222,12000,0.58,16999046,0,26000000,2009
82,6808,44,38,6,759,563,345,2197,227,0.65,36696761,0,23000000,2001
105,34098,127,214,248,673,466,147,1442,1000,0.72,10460089,1,7500000,2002
104,12164,63,63,30,1000,962,635,4462,491,0.55,21800302,1,30000000,2004
146,498397,502,706,508,34000,14000,523,49355,82000,0.76,424645577,1,130000000,2013
126,188457,474,867,230,24000,10000,2000,38873,82000,0.6599999999999999,89732035,2,155000000,2015
93,84070,351,526,91,21000,650,566,22745,7000,0.75,31501218,0,7500000,2005
113,20576,114,161,11000,537,255,99,943,652,0.63,5032496,0,12000000,1998
89,10885,81,271,11,1000,982,973,4060,814,0.48,12693621,0,17000000,2002
111,152247,222,189,79,26000,811,287,27755,7000,0.73,30028592,0,20000000,2008
92,704,16,18,4,631,443,405,2020,100,0.64,7680,0,2000000,1999
187,272839,596,1018,16000,46000,1000,1000,49912,114000,0.79,54116191,1,44000000,2015
134,124222,306,259,16000,13000,11000,204,24458,23000,0.74,37479778,1,60000000,2009
142,93494,89,394,845,13000,1000,787,16580,7000,0.6599999999999999,43426961,1,70000000,2003
129,131831,262,231,195,827,88,50,1044,33000,0.82,20167424,0,2000000,2009
113,83560,121,619,25,49000,448,129,49631,32000,0.7,55350897,1,85000000,1998
94,301149,487,509,11000,617,204,183,1289,78000,0.77,56816662,1,17000000,2011
119,151812,153,556,91,15000,793,744,17768,7000,0.65,115731542,2,65000000,1998
108,3122,11,14,91,585,434,388,3023,559,0.5599999999999999,34746109,2,8000000,1996
115,166693,298,276,79,18000,16000,820,36237,19000,0.6799999999999999,126149655,1,85000000,2012
132,125219,83,244,130,29000,130,80,29265,7000,0.64,56876365,1,35000000,1998
114,87950,253,207,71,14000,439,313,15428,15000,0.65,25977365,0,28000000,2014
101,25613,78,121,287,745,730,257,1954,7000,0.65,29500000,0,10000000,1983
97,41310,44,117,19,40000,10000,977,52122,7000,0.6799999999999999,22200000,3,25000000,1994
99,8511,162,87,261,924,835,461,2862,7000,0.39,49494,0,250000,2013
123,175524,134,752,108,1000,264,239,1690,7000,0.72,100241322,0,25000000,1998
119,52846,51,143,350,18000,17000,418,35501,7000,0.77,34700000,2,14000000,1988
110,12233,109,89,19,25000,579,39,25676,7000,0.6799999999999999,4040588,0,5000000,2008
94,279179,450,440,91,11000,642,223,11984,63000,0.76,18329466,0,18000000,2010
95,1010,14,15,91,533,323,164,1082,104,0.58,18435,5,1400000,2006
117,35834,98,284,260,1000,1000,441,3969,7000,0.5,30981850,0,40000000,2005
101,57140,93,195,26,838,328,266,1812,6000,0.62,24881000,0,15000000,1996
102,77724,157,162,79,925,38,27,1018,26000,0.6599999999999999,101978840,0,15000000,2013
147,225122,117,234,179,40000,14000,646,56014,7000,0.78,41954997,2,35000000,1997
172,284825,511,828,670,15000,5000,1000,22686,124000,0.75,27098580,5,102000000,2012
91,15455,39,80,29,2000,461,322,3855,451,0.53,20400913,1,45000000,1996
128,299258,148,346,323,13000,559,489,14274,7000,0.76,100012500,1,90000000,1995
88,5489,73,23,91,465,140,102,897,337,0.73,442638,1,850000,2007
93,18723,70,146,85,924,595,510,2711,7000,0.6,32055248,0,25000000,1994
96,25870,140,369,474,1000,970,82,2212,2000,0.4900000000000001,32131483,0,11000000,2003
193,13998,20,264,160,8000,1000,860,10822,659,0.6,3275443,2,700000000,2006
96,72809,240,249,91,18000,14000,10000,48878,7000,0.6799999999999999,137850096,0,200000000,2009
101,86077,309,195,25,17000,2000,423,19673,45000,0.75,18656400,1,5000000,2014
138,200022,434,1240,91,12000,9000,8000,32355,71000,0.58,101160529,2,125000000,2014
109,155745,276,1053,37,11000,2000,651,14073,10000,0.6799999999999999,51019112,0,50000000,2005
102,47573,142,343,148,8000,973,135,9176,881,0.5700000000000001,93607673,4,48000000,2001
106,60926,423,302,1000,19000,17000,1000,38494,23000,0.64,29997095,5,22000000,2016
99,114321,175,548,18,18000,426,211,18693,7000,0.6799999999999999,52320979,0,40000000,2006
63,15600,162,55,15,759,73,69,1002,7000,0.73,26687172,0,30000000,2011
120,123090,215,888,909,909,504,184,1779,4000,0.8,21244913,2,4000000,2002
97,5463,35,20,18,834,749,742,4091,140,0.31,4131640,2,7500000,2008
110,78635,284,1040,91,3000,579,559,5609,7000,0.5599999999999999,42272747,1,70000000,2006
117,6528,37,32,17,1000,997,912,6554,7000,0.61,49121934,9,13000000,2007
131,49874,181,450,719,16000,893,683,18913,7000,0.46,20302961,0,45000000,1995
120,552503,739,1588,750,27000,9000,943,40025,191000,0.8099999999999999,153629485,0,150000000,2015
90,3675,69,48,25,231,200,138,771,426,0.71,1689999,1,400000,2006
123,265507,419,388,120,13000,876,149,14100,90000,0.77,35887263,0,15000000,2014
121,2047,12,29,35,4000,849,473,6617,7000,0.46,4700361,0,5000000,2015
90,119450,108,300,153,11000,1000,427,13823,7000,0.61,161487252,0,20000000,1998
98,105797,292,281,35,125,37,16,189,7000,0.65,29975979,0,20000000,2009
97,131447,253,410,545,14000,1000,529,16098,19000,0.5900000000000001,60128566,1,60000000,2010
94,70121,165,214,12,17000,523,183,17883,26000,0.67,177343675,0,135000000,2015
85,38985,205,673,52,1000,935,489,3050,7000,0.4400000000000001,12610731,1,11000000,2001
117,44099,210,143,456,21000,939,569,23745,7000,0.67,31670931,0,60000000,2009
94,65299,371,455,91,432,309,99,1010,27000,0.62,65069140,1,5000000,2015
136,136093,303,416,3000,14000,9000,3000,28927,24000,0.61,42615685,3,40000000,2014
121,35066,168,196,274,273,216,157,993,7000,0.53,30212620,4,120000000,2010
91,19331,112,317,18,935,805,307,2899,949,0.43,15935068,0,2500000,1993
102,19986,83,207,39,1000,1000,259,2664,892,0.62,6114237,4,40000000,2001
100,10735,30,88,34,10000,721,541,13160,561,0.6599999999999999,3275585,1,11500000,1993
97,1048,36,7,4,446,171,150,928,793,0.55,62480,1,1000000,2015
91,7199,93,53,83,3000,1000,794,7875,7000,0.45,1712111,0,8495000,2015
117,263853,256,584,487,1000,843,769,4905,7000,0.72,244052771,0,120000000,2006
103,72673,119,166,5,26000,5000,874,33565,7000,0.63,22466994,0,25000000,2007
86,15939,37,87,14,833,807,685,4435,7000,0.51,34308901,3,16000000,2003
92,213275,262,436,167,11000,2000,702,15302,7000,0.5599999999999999,131920333,3,130000000,2007
100,16979,90,42,38,833,807,460,2800,7000,0.61,48637684,4,12500000,2014
81,2770,21,32,467,467,322,287,1431,471,0.7,5228617,1,100000,1987
92,30628,143,471,892,783,595,492,2930,937,0.29,1550000,2,25000000,2005
81,52055,56,130,91,121,20,6,147,7000,0.6900000000000001,2040920,0,7000,1992
136,78392,69,196,91,25000,14000,1000,41059,7000,0.77,42700000,2,16500000,1995
137,103589,322,351,11000,769,698,465,2938,35000,0.72,115603980,0,65000000,2014
91,22207,125,747,31,874,613,50,1608,7000,0.5,16298046,0,14000000,2005
96,14548,82,161,70,883,183,163,1616,1000,0.6900000000000001,4170647,0,1900000,1999
92,66483,425,452,22,648,191,159,1122,43000,0.6799999999999999,25138292,0,3500000,2015
97,22243,94,144,27,601,543,522,2730,686,0.46,31526393,0,25000000,2004
128,66511,216,200,241,11000,3000,898,16911,28000,0.75,95001343,0,40000000,2013
91,23072,90,89,31,1000,249,141,1564,7000,0.54,10214013,2,35000000,2015
120,12601,68,89,91,49000,1000,693,51657,7000,0.65,4956401,2,15000000,1999
126,220475,330,1066,91,2000,850,745,5371,20000,0.72,25592632,0,18000000,2007
117,61490,141,264,179,8000,4000,403,12850,7000,0.64,63695760,1,65000000,2003
138,182757,157,483,278,14000,3000,213,17423,19000,0.6900000000000001,63224849,3,85000000,2006
107,19732,92,120,521,773,89,80,976,7000,0.77,768045,0,2000000,2002
108,24033,107,152,529,11000,329,83,11519,7000,0.7,8535575,3,30000000,2005
95,16651,79,149,13,1000,934,430,2515,7000,0.7,34099640,0,5000000,2000
106,43965,134,99,58,23000,20000,973,44969,19000,0.71,382946,0,7000000,2010
131,232187,465,440,188,10000,10000,641,21840,47000,0.74,195000874,0,150000000,2015
150,149922,258,438,80,22000,216,201,22697,7000,0.6599999999999999,141614023,4,225000000,2008
88,243053,238,488,218,17000,4000,521,21863,7000,0.61,80170146,0,85000000,2008
138,338415,229,935,16000,616,541,262,1942,12000,0.8,90135191,0,25000000,2003
84,63216,133,196,8,4000,922,896,6954,7000,0.65,14373825,0,8600000,2007
160,1524,4,30,5,724,668,219,2024,31,0.48,49000,5,1500000,2005
115,11704,57,36,168,697,329,322,2243,702,0.7,183088,0,15000000,2008
109,45497,107,260,7,40000,9000,1000,52621,1000,0.53,10654581,0,34000000,1999
105,7073,36,29,114,4000,561,537,6152,204,0.53,17100000,1,25000000,1996
108,348232,239,806,521,13000,805,129,14161,7000,0.78,176049130,1,75000000,2004
95,67115,96,389,7,23000,1000,1000,28734,7000,0.58,63319509,2,10000000,1999
115,32567,214,106,214,14000,12000,968,27214,7000,0.63,12626905,3,20000000,2016
99,16984,154,96,265,22000,779,265,23562,7000,0.53,63034755,1,29000000,2016
114,145270,371,322,171,6000,382,284,7099,54000,0.76,18996755,0,45000000,2012
121,85720,142,297,38,940,826,745,4230,7000,0.7,83892374,0,66000000,1998
92,58967,218,169,11000,860,658,386,2717,10000,0.72,5306447,1,15000000,2009
106,21202,72,134,148,900,648,471,2972,7000,0.76,395592,1,2000000,2003
155,56509,77,227,14000,12000,11000,11000,37570,7000,0.72,44175394,2,36000000,1997
107,142496,222,399,36,283,142,118,662,7000,0.71,127706877,2,85000000,2007
126,355126,574,748,91,19000,128,105,19359,148000,0.8,25556065,1,23000000,2013
85,7690,27,68,91,11000,826,742,14656,376,0.67,70527,6,6500000,2004
120,4100,28,35,91,1000,748,702,5963,352,0.6799999999999999,5731103,10,2400000,1996
102,112769,199,305,503,13000,929,795,15053,7000,0.6599999999999999,36883539,2,52000000,2006
138,181879,81,319,91,10000,2000,574,14619,7000,0.76,141340178,0,40000000,1992
119,166269,278,735,11000,19000,567,400,20391,7000,0.77,23089926,3,15000000,2005
96,414335,387,881,655,24000,3000,973,28817,10000,0.75,143492840,0,7500000,2007
109,14354,83,139,97,13000,795,355,14347,7000,0.6900000000000001,14060950,1,12500000,2002
90,10986,84,84,91,681,611,518,2486,7000,0.53,25077977,0,20000000,2010
95,26849,79,107,3,905,513,448,3185,3000,0.6,108662,0,8000000,2008
124,106160,150,430,78,6,5,4,28,7000,0.8099999999999999,439162,0,1100000000,1988
88,774,39,7,91,342,79,49,483,590,0.71,151389,0,500000,2012
110,4757,31,67,49,1000,569,427,2120,474,0.52,623374,2,38000000,2001
79,3806,29,49,2,855,577,551,2489,150,0.61,279282,2,1000000,2003
112,143368,219,215,380,15000,11000,2000,31278,24000,0.67,32357532,0,30000000,2010
115,39451,38,138,16000,16000,455,240,17209,7000,0.73,41400000,0,6900000,1985
104,4345,22,26,91,1000,597,498,2868,575,0.5599999999999999,23031390,9,4500000,1998
135,193455,177,1058,456,422,286,241,1083,17000,0.78,38372662,2,28000000,2005
94,281649,204,458,122,23000,1000,360,24994,21000,0.77,1082044,0,5000000,2004
94,84382,201,158,52,683,392,214,1488,7000,0.51,38543473,2,40000000,2014
116,83171,288,231,108,23000,820,120,24134,17000,0.6799999999999999,11326836,0,22000000,2013
112,63733,143,414,91,874,262,201,1351,7000,0.8,6197866,0,10000000,1999
118,173848,274,203,65,11000,980,638,13943,25000,0.73,57981889,1,40000000,2011
95,26300,108,231,263,263,261,179,993,7000,0.78,3029081,0,6000000,2001
137,166137,389,383,508,34000,22000,14000,81385,38000,0.6599999999999999,281666058,1,160000000,2015
112,32382,163,99,52,10000,963,688,12897,13000,0.7,2445646,1,5000000,2014
88,36877,238,101,91,4000,796,591,6254,7000,0.67,31051126,0,55000000,2012
122,30511,174,226,87,2000,683,605,4920,7000,0.58,22000,4,3000000,2011
100,134869,393,304,127,1000,340,250,1949,57000,0.62,71588220,1,20000000,2013
103,1398,34,26,272,736,450,70,1403,132,0.63,75078,4,14000000,2000
110,28736,40,72,23,633,67,51,874,7000,0.55,30102717,2,15000000,1991
108,78256,270,492,251,826,716,296,2351,7000,0.5900000000000001,20981633,0,30000000,2008
84,46239,174,137,260,6000,694,692,8018,7000,0.6,21283440,0,55000000,2011
107,41574,288,145,27,664,591,360,2440,7000,0.6599999999999999,7918283,1,12000000,2012
81,1920,66,7,4,63,10,5,81,1000,0.6900000000000001,11835,0,10000000,2013
120,46204,150,151,11,11000,838,281,12554,7000,0.71,18663911,1,16500000,2007
91,27198,149,131,357,3000,465,326,4807,8000,0.46,35385560,1,4000000,2015
115,16469,106,275,597,893,854,597,3946,7000,0.6900000000000001,32662299,1,24000000,2000
106,148327,450,274,91,17000,681,273,18469,29000,0.71,32154410,0,30000000,2013
85,2037,37,22,12,354,173,23,568,175,0.5700000000000001,12701880,0,15000000,2008
127,58015,186,374,12000,984,940,897,5702,7000,0.6,10137232,0,50000000,2005
120,42547,151,265,17,22000,9000,808,33585,748,0.61,24375436,1,42000000,2001
91,59041,71,408,184,3000,202,82,3310,7000,0.7,7417210,1,1500000,1995
102,79855,248,235,1000,734,563,270,1778,7000,0.64,11169531,2,20000000,2008
120,24663,210,71,91,579,489,210,1500,7000,0.67,7443007,12,30000000,2009
95,277172,634,986,246,26000,821,751,29551,66000,0.7,42043633,0,30000000,2012
146,59581,221,293,127,962,740,722,4555,7000,0.43,95328937,4,100000000,2010
109,15412,81,90,67,436,223,192,1141,7000,0.7,8134217,3,12000000,2008
105,56646,129,336,78,984,489,298,2129,7000,0.64,116735231,0,70000000,1999
119,14301,99,45,18,20,18,9,64,7000,0.7,4234040,0,20000000,2008
98,20730,109,111,34,936,826,730,3578,664,0.6900000000000001,353743,1,15000000,2001
100,4265,24,27,91,975,521,400,3202,7000,0.47,52528330,0,25000000,2013
112,8217,65,123,28,555,403,215,1227,573,0.6,4734235,0,15000000,2000
107,5817,28,37,21,967,767,418,3067,377,0.5599999999999999,16118077,0,25000000,1988
109,338087,476,814,662,13000,2000,1000,17689,61000,0.6599999999999999,93050117,0,115000000,2013
97,21746,181,93,33,496,238,229,994,7000,0.72,2508841,1,1000000,2008
93,6701,5,26,18,400,220,181,1151,444,0.43,11784000,0,20000000,1994
97,30643,119,144,164,436,324,308,1172,622,0.67,12212417,3,15000000,2003
118,161288,421,351,412,805,681,491,2499,72000,0.8300000000000001,14677654,0,13000000,2015
100,120798,188,444,91,15000,726,267,16264,10000,0.6599999999999999,665426,0,165000000,2004
94,68406,81,162,32,854,628,626,4530,7000,0.54,60573641,1,60000000,1996
108,15885,42,78,232,10000,721,353,11459,7000,0.6900000000000001,2961991,4,3300000,1996
120,27044,78,240,18,20000,1000,944,22383,7000,0.6799999999999999,33771174,2,15000000,2000
132,395573,590,1171,14000,19000,981,928,21411,92000,0.78,228756232,0,190000000,2013
90,18313,76,73,138,373,308,263,1831,985,0.51,4542775,2,6000000,2009
120,356181,305,809,91,717,78,38,852,43000,0.8400000000000001,2181290,0,3000000,2003
89,5332,103,37,91,87000,570,470,88422,431,0.4900000000000001,20916309,4,40000000,2009
96,62272,140,207,36,1000,580,486,3294,2000,0.5599999999999999,37939782,0,17000000,2002
106,245152,294,1344,91,18000,13000,963,33645,7000,0.72,94999143,0,75000000,2000
91,177828,136,714,446,1000,872,660,3969,11000,0.73,51475962,0,30000000,2003
119,422606,256,555,99,15000,833,778,17584,7000,0.76,121463226,2,20000000,2007
150,70771,222,671,91,23000,909,855,27829,7000,0.67,12712093,0,30000000,2005
91,6041,71,85,132,400,286,225,1330,169,0.6900000000000001,4186931,3,250000,2001
106,101178,304,283,487,1000,919,776,4482,10000,0.63,191450875,0,200000000,2011
134,221552,174,570,6000,893,851,745,2710,11000,0.8400000000000001,2298191,0,2400000000,1997
97,216581,351,397,89,920,798,329,2771,21000,0.64,150056505,3,18000000,2014
122,21370,208,132,91,883,596,567,2896,7000,0.6599999999999999,2428883,1,16000000,2014
101,30092,65,129,3,448,143,120,842,7000,0.61,12189514,0,23000000,2004
118,100743,140,549,869,134,27,21,209,7000,0.74,34580635,1,52000000,1999
106,142293,183,245,287,767,281,233,2053,14000,0.72,148170000,0,11000000,1984
101,70205,180,450,21,22000,812,317,23328,7000,0.5900000000000001,51097664,0,30000000,2005
99,43764,181,291,11,19000,953,762,22554,7000,0.54,17266505,1,30000000,2002
100,2580,16,54,32,610,232,175,1441,710,0.53,15369573,1,3000000,1990
125,213476,82,271,91,8000,995,700,11135,11000,0.6900000000000001,178406268,2,14000000,1990
143,362912,490,753,1000,29000,509,77,29770,115000,0.73,144812796,4,105000000,2013
99,34079,145,97,5,2000,1000,966,6930,7000,0.6,60269340,2,30000000,2008
96,54010,145,130,51,8000,2000,322,10886,13000,0.61,150315155,2,50000000,2015
100,17262,34,53,91,723,422,364,2348,1000,0.45,19900000,1,20000000,1995
83,41239,98,166,2,591,489,137,1729,887,0.46,22264487,0,22000000,2005
143,96654,153,2047,541,18000,893,530,20660,7000,0.74,51225796,0,70000000,2004
103,13505,137,180,350,5000,378,99,5637,7000,0.71,11034436,1,20000000,2005
85,106790,255,177,116,8000,331,329,9271,18000,0.62,86897182,0,95000000,2012
113,93790,152,288,17,87000,13000,759,103354,7000,0.6599999999999999,34636443,0,52000000,2005
135,6377,96,181,25,902,576,553,2735,345,0.71,3041803,0,10000000,2000
94,42737,77,128,163,12000,3000,2000,20348,781,0.54,82569532,6,60000000,2005
148,61935,401,242,91,204,178,175,707,18000,0.67,8093318,0,20000000,2014
154,430055,185,856,776,10000,2000,933,16785,16000,0.6900000000000001,306124059,0,75000000,1996
103,73640,175,441,729,2000,841,133,3516,7000,0.73,14879556,0,8000000,1999
90,2792,46,22,7,87000,781,711,89263,371,0.67,52166,3,2000000,2008
124,86504,176,568,31,11000,655,497,12556,7000,0.64,118471320,0,68000000,2002
122,57210,291,158,210,22000,164,123,22574,13000,0.6799999999999999,17237244,3,15000000,2014
113,19616,222,98,127,3000,415,373,4370,7000,0.67,3014541,3,8000000,2011
119,983,12,63,13,957,81,25,1107,100,0.72,798341,0,1000000,2001
108,16617,74,110,12,2000,844,710,3921,412,0.65,568695,2,8000000,2005
134,55329,148,499,377,22000,11000,812,36859,7000,0.78,3000000,9,3000000,1998
110,78241,51,177,99,4000,975,960,7921,7000,0.67,4301331,6,4000000,1995
100,75,6,2,117,21,3,429,24,121,0.7,29233,0,3500000,2015
183,371639,673,3018,91,15000,4000,2000,24450,197000,0.6900000000000001,330249062,0,250000000,2016
112,67760,273,226,108,12000,628,175,13172,7000,0.73,39462438,0,7000000,2009
118,7663,27,38,91,26000,854,410,27756,694,0.6,46451,2,7000000,2010
129,71574,137,244,258,2000,277,163,2864,951,0.5900000000000001,45356386,1,75000000,2005
102,6723,60,36,4,17000,13000,882,30978,1000,0.6799999999999999,317040,1,15500000,2008
122,256928,238,288,91,14000,13000,11000,43499,7000,0.6900000000000001,117144465,3,85000000,2007
102,181443,179,311,221,12000,11000,4000,28497,12000,0.6,162001186,4,80000000,2010
125,284852,198,627,91,11000,8000,350,19359,7000,0.64,125531634,0,110000000,2004
109,63390,191,160,14,733,558,376,2753,7000,0.64,31990064,2,12000000,2015
138,421818,275,2789,91,234,198,30,534,7000,0.72,281492479,0,150000000,2003
104,59232,133,317,93,11000,2000,878,17109,7000,0.63,74058698,0,60000000,2001
101,31791,220,155,52,510,358,332,2161,10000,0.5,32453345,0,5000000,2014
101,43991,137,695,48,775,541,531,3001,7000,0.52,30307804,2,35000000,2002
95,113483,180,245,83,18000,8000,1000,29926,7000,0.58,20488579,1,50000000,2009
85,50415,99,613,64,3000,869,729,6539,806,0.27,48546578,0,20000000,2006
139,36267,56,150,17000,554,382,94,1068,7000,0.72,32000000,3,30000000,1993
97,252257,401,634,171,11000,2000,846,15516,89000,0.7,241407328,2,180000000,2014
106,59545,346,312,78,1000,664,429,3852,18000,0.6900000000000001,6262942,0,9000000,2013
104,42664,114,403,91,2000,1000,877,5123,7000,0.61,20241395,0,20000000,1998
82,40,10,10,91,1000,664,429,3852,44,0.6799999999999999,21199,1,500000,2014
109,101977,270,161,175,24000,736,733,26625,7000,0.65,66489425,3,25000000,2012
93,4995,20,34,7,906,848,611,4725,160,0.39,5561,1,10000000,2007
104,271691,190,243,235,14000,11000,1000,29505,7000,0.6799999999999999,97680195,1,70000000,2008
98,10018,75,108,61,649,579,83,1400,7000,0.6900000000000001,32701088,1,32000000,2005
93,12383,68,50,4,28,9,8,52,7000,0.5900000000000001,25240988,0,12000000,2012
99,80305,97,393,11,11000,983,971,15369,7000,0.5700000000000001,37882551,0,16000000,2001
88,112167,46,123,30,13000,967,366,15001,7000,0.63,90443603,1,80000000,1996
123,100001,170,289,55,3000,975,956,5839,7000,0.5900000000000001,34543701,1,82000000,2000
119,428916,589,667,91,23000,13000,502,37387,75000,0.74,66468315,0,30000000,2012
87,1289,5,18,84,702,366,331,2715,76,0.72,252726,0,3000000,2006
107,73347,111,296,5,893,822,141,2044,7000,0.74,28014536,1,15000000,1997
111,43378,82,292,23,3000,3000,1000,9638,7000,0.76,41407470,1,30000000,2003
153,188637,291,815,446,523,405,154,1383,11000,0.79,119518352,0,28000000,2005
94,11011,42,78,91,1000,1000,664,4484,422,0.46,4693919,0,6500000,2008
97,27689,81,74,21,17000,1000,499,20312,1000,0.65,11043445,0,10000000,2007
106,4820,22,26,8,611,397,315,1739,7000,0.62,115504,2,14000000,2008
83,76850,43,85,88,3000,459,348,4767,1000,0.64,51109400,5,30000000,1994
95,36363,59,256,40,663,349,342,2266,1000,0.37,35927406,0,30000000,1997
98,49926,131,286,323,933,631,511,3357,7000,0.65,26536120,0,50000000,2003
132,121937,129,431,24,967,912,506,3152,15000,0.76,40270895,0,22000000,2001
131,332065,388,876,91,10000,602,383,11114,16000,0.76,15700000,0,15000000,2008
90,88714,151,235,68,328,132,100,794,7000,0.63,32553210,0,25000000,2007
100,15103,61,80,91,5,664,429,5,2000,0.71,1227508,0,23000,1991
115,13455,23,87,91,12000,1000,266,13619,2000,0.74,25842000,0,22000000,1993
97,26598,63,132,2,890,852,461,3161,1000,0.4900000000000001,8586376,4,20000000,2002
147,9913,17,51,91,18000,427,400,18855,7000,0.75,5899797,0,29000000,1987
95,88529,160,262,43,3000,723,357,5286,7000,0.58,56729973,0,10800000,2008
88,5709,72,114,20,58,20,429,78,754,0.72,592014,3,218,2003
97,26893,79,126,13,11000,893,695,13628,815,0.58,19819494,0,70000000,1998
134,681857,197,647,37,11000,1000,504,13649,14000,0.8400000000000001,309125409,0,32500000,1983
98,85531,180,152,80,22000,713,708,24082,7000,0.55,148383780,10,100000000,2010
135,23202,68,173,407,11000,189,111,11400,7000,0.76,13269963,2,5000000,1996
83,21933,72,76,10,688,99,69,1019,676,0.55,8326035,2,33000000,2005
117,338383,201,611,125,10000,617,168,11036,32000,0.8,162586036,0,55000000,2006
88,4972,27,62,22,174,132,120,583,7000,0.5900000000000001,9286314,1,17000000,1991
92,5664,67,42,6,10000,304,227,11091,921,0.62,23091,1,15000000,2008
97,29488,166,326,17,158,84,74,467,7000,0.5900000000000001,32600000,0,1800000,1984
110,194422,287,1057,91,3000,2000,1000,10438,7000,0.74,58885635,0,26000000,2004
94,469561,134,514,91,2000,887,557,3559,21000,0.82,16501785,4,3500000,1996
91,65512,149,478,17,1000,795,670,3023,7000,0.55,41867960,0,20000000,2001
140,188116,81,415,12000,10000,660,619,11951,7000,0.73,111544445,4,90000000,1998
124,147128,305,277,845,15000,1000,424,16881,44000,0.75,52418902,0,30000000,2015
122,132954,185,514,687,16000,1000,957,19764,7000,0.5900000000000001,52397389,0,65000000,2004
116,77366,94,194,521,13000,521,481,14701,7000,0.74,177200000,1,22000000,1982
90,6000,75,109,15,953,625,453,2510,595,0.7,5844929,1,3000000,2002
114,33953,163,163,19,1000,897,848,3962,37000,0.53,28772222,1,105000000,2015
107,43903,119,194,308,13000,947,872,16651,5000,0.71,11008432,0,25000000,2005
96,122347,72,345,91,2000,1000,302,3718,7000,0.6,60154431,1,47000000,1996
109,251349,391,547,91,1000,245,120,1582,10000,0.79,26236603,0,6000000,2008
97,63969,129,126,29,15000,852,816,18789,7000,0.55,48237389,1,25000000,2008
118,59435,161,323,473,12000,1000,680,15889,7000,0.5700000000000001,55808744,4,53000000,2005
137,38658,131,284,70,4000,884,464,5746,930,0.5,39143839,0,20000000,2006
