duration,director_facebook_likes,actor_1_facebook_likes,actor_2_facebook_likes,actor_3_facebook_likes,cast_total_facebook_likes,movie_facebook_likes,imdb_score,suitable_for_kids,gross,facenumber_in_poster,budget,title_year,num_voted_users,num_critic_for_reviews,num_user_for_reviews
0.1925675675675676,0.001174015131750587,0.0015218797558742372,0.005817603176688711,0.03304635185668319,0.006048166059616767,0.00240693886088753,0.39189189189189183,0,0.018432737948566418,0.023255813953488372,0.007142805608840863,0.6666666666666643,0.010474971918789969,0.08497536945812809,0.02174342755485274
0.1722972972972973,0.0038699017305852687,0.034371982412445046,0.08757792084555979,0.04191668840768763,0.056161759510786814,0.0011404305555157582,0.527027027027027,1,0.00013215811792386534,0.023255813953488372,0.0009047100469587596,0.80555555555555,0.0014795158077386963,0.054187192118226604,0.00197667523225934
0.3141891891891892,0.5216975389164276,0.0015343797949368592,0.006846815281974919,0.03891642751543613,0.008679392381625269,0.02003203521007705,0.554054054054054,1,0.01332938096314165,0.0,0.01190471061791117,0.6944444444444429,0.03432062409527609,0.22783251231527094,0.07372998616327338
0.4189189189189189,0.03365510044351683,0.0015593798730621034,0.0034015095110877533,0.013392468910340032,0.0032616242949897066,0.037224455644987976,0.527027027027027,0,0.21842309436516574,0.0,0.04761899818593848,0.80555555555555,0.1677155447399662,0.45073891625615764,0.2083415694801344
0.23310810810810811,0.03930776589268632,0.0015593798730621034,0.006598636476444912,0.032437603269849555,0.009448356092628911,0.0028396147751661217,0.6081081081081081,0,0.09219840217236508,0.0,0.013809472621539294,0.5,0.03356666283965245,0.1958128078817734,0.10160110693813007
0.20608108108108109,0.0002608922515001305,0.0003781261816443177,0.0016642578723776989,0.0005652665449169494,0.0007415551034827204,0.0008023129536291766,0.527027027027027,1,0.002662801922381422,0.06976744186046512,0.0014285195979564936,0.5833333333333286,0.005661811093054443,0.1022167487684729,0.020557422415497136
0.195945945945946,0.009522567179754762,0.017184428701339693,0.0036569876932509965,0.021262718497260632,0.020038737498629573,0.02003203521007705,0.689189189189189,0,0.05078704704225847,0.023255813953488372,0.002857091100677586,0.44444444444444287,0.09239339496798919,0.09359605911330049,0.05692824668906899
0.4222972972972973,0.0038699017305852687,0.015621923818511933,0.004219039694010131,0.022567179754761284,0.01739228417244278,0.028628245427532513,0.7297297297297296,1,0.07315858263439542,0.023255813953488372,0.0154761393747139,0.5277777777777715,0.1343690338525053,0.3435960591133005,0.29630361731567506
0.20608108108108109,0.0004783024610835726,0.0015593798730621034,0.006803019022175507,0.01861031394034264,0.0038265461500042635,0.02003203521007705,0.689189189189189,0,0.04483790019268561,0.0,0.0011904243475029783,0.55555555555555,0.009841147346754711,0.09605911330049262,0.029254793437438233
0.15540540540540543,0.0051743629880859204,0.001303129072278351,0.004540212265872494,0.02543699452126272,0.003753456529948472,0.0006647735901498893,0.12162162162162166,1,0.00216500945683266,0.046511627906976744,0.004761853104305709,0.6388888888888857,0.002660761228637271,0.0332512315270936,0.01284838900968571
0.29391891891891897,0.014566484042090619,0.0015312547851712036,0.0033650126279215755,0.001695799634750848,0.002311459234264414,0.04008985905080646,0.7432432432432432,1,0.002274548414453996,0.0,0.0011904243475029783,0.8611111111111072,0.04035468136555758,0.4408866995073891,0.04309152006325361
0.29054054054054057,0.0006957126706670146,0.03124697264678952,0.007284777879969051,0.04096008348552048,0.03407955805143073,0.02003203521007705,0.6621621621621621,0,0.044405995466029954,0.046511627906976744,0.003571376852038132,0.55555555555555,0.01599179046268602,0.09482758620689656,0.04724253805099823
0.20270270270270274,0.0038699017305852687,0.0031218847558898625,0.006459948320413437,0.02413253326376207,0.005416245386217734,0.06014768289153588,0.8513513513513513,1,0.021698224386054392,0.09302325581395349,0.000833281471822705,0.44444444444444287,0.27787614913992786,0.16379310344827586,0.10140343941490414
0.18243243243243246,0.001174015131750587,0.0007765649267653962,0.0016642578723776989,0.005000434820419167,0.001734355775907225,0.0004240797040611362,0.5675675675675675,1,2.7676321709547772e-05,0.0,0.00023804334568891652,0.5,0.0016055705545580331,0.03940886699507389,0.010081043684522634
0.39864864864864874,0.0038699017305852687,0.0014656295800924378,0.00601468634578607,0.032307157144099485,0.006559793400007309,0.02003203521007705,0.6756756756756757,0,0.0365492073869244,0.023255813953488372,0.01714280612788851,0.5833333333333286,0.02663661079620439,0.1564039408866995,0.07412532120972525
0.26689189189189194,0.0038699017305852687,0.00624689452154538,0.005255551175929575,0.031263588138098965,0.012440462413662886,0.02003203521007705,0.48648648648648657,0,0.1435571819558456,0.13953488372093023,0.014285663122446324,0.80555555555555,0.049406359077302925,0.20320197044334976,0.028266455821308562
0.19932432432432434,0.007131054874336899,0.0015140672314600983,0.0023868961590680156,0.012131489694756067,0.003107831552788978,0.08307091013808379,0.6486486486486487,1,0.07195752915377615,0.0,0.002857091100677586,0.8888888888888857,0.09293075510935989,0.28078817733990147,0.051393556038742835
0.24324324324324326,0.00013044612575006522,0.0006468770214906922,0.0029270500299274443,0.015392642838507699,0.0024500249722868525,0.0018510506001587434,0.5135135135135136,1,2.9901157149140837e-06,0.046511627906976744,0.00047613859614243194,0.8888888888888857,0.00019056163603674406,0.1145320197044335,0.003558015418066812
0.25000000000000006,0.0038699017305852687,0.004684389638717621,0.014584154513204573,0.0382641968866858,0.01107155473803462,0.02003203521007705,0.6216216216216217,0,0.15015728777885468,0.0,0.014285663122446324,0.6666666666666643,0.11466129148710276,0.32019704433497537,0.39573038149831985
0.25000000000000006,0.565179580833116,0.0624970703033447,0.18246981707762155,0.47821549699973914,0.12174751190751727,0.06874389310899134,0.6216216216216217,0,0.4394247808943072,0.0,0.04761899818593848,0.8333333333333286,0.18126909315149886,0.5541871921182265,0.14528562957106148
0.2972972972972973,0.00904426471867119,0.034371982412445046,0.0011824990145841545,0.0052613270719192974,0.03437039383123607,0.037224455644987976,0.6621621621621621,1,0.022665290135207863,0.06976744186046512,0.003571376852038132,0.9444444444444429,0.03384422000518422,0.3571428571428571,0.031033801146471637
0.39527027027027034,0.0038699017305852687,0.02030943846699521,0.005832201929955182,0.01608835550917471,0.022580124495986165,0.43838093245957627,0.8378378378378377,0,0.30036702618468925,0.023255813953488372,0.025714235144215065,0.9722222222222214,0.2796083662476283,0.6982758620689655,0.2020162087369045
0.24662162162162166,0.003304635185668319,0.028121962881134003,0.014584154513204573,0.04204713453343769,0.03476629593987161,0.06014768289153588,0.7027027027027026,1,0.0070398908326372335,0.18604651162790697,0.000833281471822705,0.8611111111111072,0.054787653973210115,0.35591133004926107,0.04427752520260921
0.29391891891891897,0.0038699017305852687,0.0015593798730621034,0.007284777879969051,0.02578485085659623,0.005940054329950908,0.005705018180984609,0.5135135135135136,1,0.0879176938697046,0.0,0.01976185388287718,0.5277777777777715,0.052958972434845084,0.21305418719211824,0.10338011464716348
0.22297297297297297,4.3482041916688424e-05,0.0031218847558898625,0.001649659119111228,0.0037394556048352032,0.003727570622845379,0.02003203521007705,0.47297297297297297,0,6.040717499698901e-06,0.09302325581395349,0.005952329356573286,0.9166666666666643,0.0024672405609850495,0.0332512315270936,0.0061276932200039535
0.320945945945946,0.03365510044351683,0.039059497060928317,0.0033650126279215755,0.011044438646838857,0.03985516073625611,0.02003203521007705,0.35135135135135137,1,0.0002448265722037305,0.0,0.003214233976357859,0.9722222222222214,0.0010273757768937508,0.08990147783251232,0.005732358173552086
0.20945945945945948,0.024741281850595705,0.0031218847558898625,0.007087694710871692,0.016001391425341335,0.006986149516999427,0.0544168760798989,0.6621621621621621,1,0.0004233959145223221,0.0,0.0005951862213691896,0.8333333333333286,0.03655291754599223,0.291871921182266,0.039928839691638664
0.22635135135135137,0.0026524045569179928,0.010934409170028657,0.002562081198265668,0.0073919471258370294,0.011793314736085563,0.07160929651480984,0.6486486486486487,1,0.008703433952633767,0.046511627906976744,0.0023809005997705553,0.8888888888888857,0.05159426705378691,0.3251231527093596,0.04348685510970548
0.1891891891891892,0.0013044612575006523,0.0015593798730621034,0.0064891458269463785,0.03509000782676754,0.00958844453106918,0.0014069130722568777,0.22972972972972971,0,0.046326021875825955,0.0,0.014285663122446324,0.55555555555555,0.009170038976364439,0.06896551724137931,0.016604071950978457
0.1925675675675676,0.039438212018436385,0.0014171919287247774,0.0006496445203579615,0.0017392816766675365,0.0015927446370491284,0.0018854354410285652,0.7567567567567568,1,0.008818087927902868,0.0,3.80433353079636e-05,0.25,0.013480164427468808,0.04802955665024631,0.026092113065823288
0.24662162162162166,0.0038699017305852687,0.02030943846699521,0.021883531146440094,0.033220280024349944,0.02670511992788491,0.04008985905080646,0.8378378378378377,0,0.38592941353226046,0.0,0.009523758113376017,0.5277777777777715,0.41707195536359987,0.28694581280788173,0.40956710812413527
0.3141891891891892,0.008131141838420734,0.03124697264678952,0.006766522139009329,0.02356726671884512,0.033883129697530795,0.10312873397881321,0.7027027027027026,0,0.11237673653945138,0.023255813953488372,0.026190425645122094,0.8611111111111072,0.1508034954448667,0.4014778325123152,0.08400869737102194
0.23310810810810811,0.026350117401513176,0.0031218847558898625,0.004489116629439846,0.024958692060179147,0.005627900744295964,0.05155147267408042,0.8378378378378377,0,0.16515747413512105,0.023255813953488372,0.014285663122446324,0.5,0.3953035433811789,0.2610837438423645,0.17315675034591815
0.3040540540540541,0.0019566918862509784,0.0624970703033447,0.007284777879969051,0.03804678667710236,0.06616285585508765,0.037224455644987976,0.7702702702702702,1,0.06960759011288653,0.023255813953488372,0.007142805608840863,0.5833333333333286,0.11720369145112094,0.17980295566502463,0.08400869737102194
0.30743243243243246,0.004348204191668841,0.02343444823265073,0.014584154513204573,0.03578572049743456,0.0301601271759389,0.11172494419626867,0.7567567567567568,0,0.10953185576778429,0.046511627906976744,0.00833328186110844,0.9166666666666643,0.06965382880936853,0.4975369458128079,0.060288594583909866
0.2837837837837838,0.0038699017305852687,0.021871943349822967,0.007284777879969051,0.022523697712844598,0.02395207757245009,0.18336002934173087,0.8243243243243243,1,0.18250380337393535,0.0,0.003571376852038132,0.8333333333333286,0.2980389905677908,0.5886699507389163,0.12551887724846808
0.3141891891891892,0.001478389425167406,0.000875002734383545,0.0036277901867180543,0.017262370640925298,0.003392576530923,0.02003203521007705,0.6756756756756757,0,0.016026809845609502,0.16279069767441862,0.006190424607026801,0.9722222222222214,0.012472910065560304,0.14655172413793105,0.01087171377742637
0.18581081081081086,0.0038699017305852687,0.000978128056650177,0.003613191433451583,0.013914253413340292,0.0031352401603099,0.02003203521007705,0.6486486486486487,1,0.010208819149063955,0.0,0.0023809005997705553,0.9166666666666643,0.022747259640820906,0.1539408866995074,0.02332476774066021
0.1891891891891892,0.018175493521175756,0.00029531342285444645,0.00118979839121739,0.006044003826419689,0.0010080276766027945,0.02003203521007705,0.6351351351351351,0,0.29735253326870265,0.046511627906976744,0.021428520636051787,0.5833333333333286,0.09493638673833046,0.15517241379310345,0.07768333662779206
0.22635135135135137,0.0038699017305852687,0.0624970703033447,0.0062044701382501935,0.02487172797634577,0.06534821113154914,0.028628245427532513,0.7567567567567568,1,0.03485159746044502,0.023255813953488372,0.0004285195460517289,0.11111111111110716,0.0883347872042004,0.31403940886699505,0.13184423799169795
0.347972972972973,0.0033481172275850075,0.04218450682658384,0.0018394429115753514,0.008348552048004176,0.04212398435882131,0.05155147267408042,0.6081081081081081,1,0.001585751459569957,0.06976744186046512,0.01190471061791117,0.9722222222222214,0.023995379176229268,0.2105911330049261,0.036370824273571856
0.21283783783783788,0.018175493521175756,0.00624689452154538,0.021883531146440094,0.01969736498825985,0.014940736499738096,0.0022149568326976913,0.5945945945945945,0,0.037248860276435675,0.046511627906976744,0.013809472621539294,0.6666666666666643,0.022651978822802534,0.14285714285714285,0.028859458390986362
0.3614864864864865,0.6956257065831812,0.0005875018359432374,0.0006058482605585483,0.003304635185668319,0.001140502612953917,0.014301228398440073,0.8108108108108107,1,0.018085031146085385,0.0,0.004523757853852194,0.7222222222222214,0.07819359405163628,0.30788177339901474,0.06226526981616921
0.16891891891891891,0.007739803461170537,0.0007937524804765016,0.002153316106804479,0.0024349943473345507,0.001461792401115835,0.02003203521007705,0.7162162162162162,1,0.0015747732378884188,0.046511627906976744,0.002857091100677586,0.6666666666666643,0.03308552429897582,0.1724137931034483,0.030836133623245703
0.18581081081081086,0.0006957126706670146,0.010934409170028657,0.014584154513204573,0.08687711974954344,0.020745270492502226,0.02003203521007705,0.4594594594594595,0,0.010611556440896298,0.20930232558139533,0.0023809005997705553,0.6666666666666643,0.007506471402143049,0.06280788177339902,0.014627396718719116
0.3614864864864865,0.0075658752935037835,0.017184428701339693,0.006649732112877561,0.029132968084181237,0.02158580112314383,0.02003203521007705,0.6756756756756757,0,0.16043607616161346,0.023255813953488372,0.014761853623353355,0.38888888888888573,0.041213984146692216,0.050492610837438424,0.026092113065823288
0.35472972972972977,0.004478650317418906,0.021871943349822967,0.007284777879969051,0.03913383772501957,0.024550498836656883,0.02003203521007705,0.6756756756756757,1,0.04155108715590995,0.023255813953488372,0.006666615107933832,0.4166666666666643,0.020361096546099935,0.05295566502463055,0.02470844040324175
0.3310810810810811,0.015436124880424387,0.021871943349822967,0.0016131622359450502,0.009131228802504566,0.022517693778855177,0.028628245427532513,0.527027027027027,0,0.18567100389262706,0.0,0.01666661562698148,0.6111111111111072,0.08436021593829117,0.23399014778325122,0.1454832970942874
0.2972972972972973,0.6086616227498044,0.017184428701339693,0.007284777879969051,0.04339507783285503,0.022775030149468276,0.014301228398440073,0.5810810810810811,0,0.41684231722738535,0.046511627906976744,0.04404756942913575,0.7777777777777715,0.19755974580734809,0.5775862068965517,0.4058114251828425
0.23310810810810811,0.0003043742934168189,0.0012875040234500733,0.0052701499291960465,0.02482824593442908,0.004571146654322642,0.02003203521007705,0.5810810810810811,1,0.0658003891187217,0.0,0.006904710358387347,0.5277777777777715,0.032175326174054976,0.16009852216748768,0.0784740067206958
0.24662162162162166,0.0038699017305852687,0.02030943846699521,0.004671601045270734,0.02487172797634577,0.022050224750581673,0.02003203521007705,0.49999999999999994,1,0.0589965175605492,0.046511627906976744,0.00880947236201547,0.8333333333333286,0.04457781128716692,0.24876847290640394,0.03459181656453845
0.27702702702702703,0.019610400904426475,0.03749699217810056,0.16787106381115052,0.08687711974954344,0.07660858072139455,0.02003203521007705,0.689189189189189,1,0.004386130262786924,0.046511627906976744,0.00047613859614243194,0.6944444444444429,0.03233333846232147,0.1440886699507389,0.04368452263293141
0.31081081081081086,0.0038699017305852687,0.0031218847558898625,0.006189871384983722,0.032307157144099485,0.008175378543323873,0.05728227948571739,0.7162162162162162,1,0.033651911490970646,0.0,0.004285662603398677,0.75,0.1304654793453675,0.4051724137931034,0.2105159122356197
0.22635135135135137,0.0006087485868336378,0.0014703170947409211,0.005598621877691645,0.020436559700843553,0.004239197963235921,0.05728227948571739,0.7162162162162162,0,0.008349570720171541,0.06976744186046512,0.0019047100988635244,0.8333333333333286,0.06277644752867598,0.19950738916256158,0.029452460960664166
0.18581081081081086,0.0003478563353335073,0.0015015671923974763,0.003963561511846889,0.004522132359335594,0.0026677711320363985,0.04008985905080646,0.8243243243243243,0,0.005842482295184946,0.0,0.0017380434235460636,0.75,0.04152823330425592,0.29679802955665024,0.031033801146471637
0.6114864864864865,0.0038699017305852687,0.0015375048047025148,0.005423436838493992,0.017871119227758938,0.0038493866562716987,0.05155147267408042,0.7837837837837838,1,0.1413574626993091,0.023255813953488372,0.030952330654192402,0.80555555555555,0.2322555751114667,0.5541871921182265,0.24273571852144693
0.16216216216216217,0.006870162622836768,0.25624767577398677,1.0,0.032437603269849555,0.46246695740093313,0.02003203521007705,0.445945945945946,1,0.0873973874370183,0.0,0.009523758113376017,0.80555555555555,0.044576627674520725,0.270935960591133,0.057125914212294925
0.21283783783783788,0.0012609792155839638,0.0031218847558898625,0.014584154513204573,0.02434994347334551,0.008400738205162564,0.02003203521007705,0.5945945945945945,1,0.009104112088261378,0.09302325581395349,0.005476138855666255,0.8611111111111072,0.025947748236121254,0.16625615763546797,0.016208736904526587
0.1891891891891892,0.00017392816766675367,0.0015593798730621034,0.004729996058336618,0.019827811114009917,0.004056473913096442,0.02003203521007705,0.5675675675675675,0,0.04153175791184257,0.0,0.003571376852038132,0.6944444444444429,0.02262238850664776,0.12561576354679804,0.04921921328325756
0.20608108108108109,0.0010000869640838335,0.001542192319350998,0.004832187331201916,0.019001652317592835,0.0038920222679709104,0.02003203521007705,0.48648648648648657,0,0.14202656223404828,0.0,0.01499994887380687,0.8611111111111072,0.01424300277793888,0.19088669950738918,0.016011069381300654
0.28040540540540543,0.004304722149752152,0.02030943846699521,0.0062044701382501935,0.03222019306026611,0.02578693157593403,0.008570421586803097,0.6756756756756757,0,0.0327992959053291,0.046511627906976744,0.0064285198574803165,0.44444444444444287,0.03754241771820787,0.07512315270935961,0.036370824273571856
0.3040540540540541,0.009131228802504566,0.0015593798730621034,0.006576738346545205,0.03513348986868423,0.005495425807944842,0.0028396147751661217,0.49999999999999994,0,0.014463847170320628,0.06976744186046512,0.02333328263967991,0.4166666666666643,0.012475277290852686,0.07389162561576355,0.033208143901956914
0.28716216216216217,0.5216975389164276,0.01874693358416745,0.004832187331201916,0.02787198886859727,0.02352115335420448,0.02003203521007705,0.7297297297297296,0,0.14426318193794962,0.11627906976744186,0.005952329356573286,0.1666666666666643,0.03645467769635838,0.12931034482758622,0.04309152006325361
0.32432432432432434,0.0038699017305852687,0.06874708983465574,0.10947605074526637,0.47821549699973914,0.11182559598494354,0.17189841571845693,0.6081081081081081,0,0.3088772623704976,0.09302325581395349,0.05119042694274121,0.9166666666666643,0.10379513558874669,0.645320197044335,0.10081043684522634
0.22635135135135137,0.0038699017305852687,0.001289066528332901,0.005306646812362224,0.02952430646143143,0.005439085892485169,0.0010057565954422892,0.6216216216216217,1,0.0002893758775780881,0.06976744186046512,0.000833281471822705,0.7222222222222214,0.0011410025909280826,0.03571428571428572,0.004546353034196481
0.16891891891891891,0.0013479432994173408,0.0015593798730621034,0.007284777879969051,0.04339507783285503,0.007669842004604646,0.02003203521007705,0.2837837837837838,0,0.027844841159865887,0.0,0.009523758113376017,0.6666666666666643,0.014040605015440227,0.10467980295566502,0.040719509784542404
0.20945945945945948,0.0082615879641708,0.0624970703033447,0.0038832683688812975,0.021697538916427516,0.06287382295257701,0.02003203521007705,0.6351351351351351,0,0.06282822987707186,0.023255813953488372,0.009523758113376017,0.6666666666666643,0.08728078014276736,0.23891625615763548,0.10476378730974502
0.28716216216216217,0.0038699017305852687,0.034371982412445046,0.0026934699776639077,0.008087659796504046,0.03466427501187706,0.02003203521007705,0.8108108108108107,1,0.10028891762985309,0.023255813953488372,0.005952329356573286,0.19444444444444287,0.12959729946938645,0.15024630541871922,0.08242735718521448
0.18243243243243246,0.0004348204191668842,0.0011375035546986084,0.004416122863107491,0.007826767545003915,0.003372781425491223,0.02003203521007705,0.4324324324324324,0,0.1570272153849843,0.0,0.03571423566326271,0.80555555555555,0.019541444788612698,0.17733990147783252,0.017592409567108124
0.2736486486486487,0.0026958865988346813,0.0031218847558898625,0.006547540840012263,0.02878511174884773,0.007322666309339636,0.031493648833351,0.7027027027027026,0,0.188231743461589,0.0,0.014285663122446324,0.7777777777777715,0.06903953384599543,0.2204433497536946,0.06305593990907295
0.29054054054054057,0.012001043569006001,0.017184428701339693,0.014584154513204573,0.04178624228193756,0.023181591161028615,0.02003203521007705,0.6351351351351351,1,0.1481952209206694,0.046511627906976744,0.02023804438378421,0.80555555555555,0.041330569992342026,0.229064039408867,0.04210318244712394
0.18581081081081086,0.0004783024610835726,0.0005796893115290986,0.0024233930422341934,0.009392121054004698,0.00172674227381808,0.0016705301855921785,0.6621621621621621,1,0.0008592427550360784,0.0,0.00047613859614243194,0.6944444444444429,0.003309972765073011,0.15024630541871922,0.012453053963233842
0.3614864864864865,0.019392990694843033,0.0009562529882905885,0.0032774201083227493,0.014436037916340553,0.002781973663373573,0.08307091013808379,0.7162162162162162,1,0.0008121937970785847,0.046511627906976744,0.01666661562698148,0.80555555555555,0.031054444998112135,0.2204433497536946,0.033801146471634715
0.35135135135135137,0.0038699017305852687,0.02030943846699521,0.08027854421232428,0.04339507783285503,0.04232345811355691,0.06874389310899134,0.4594594594594595,1,0.022313085010008834,0.09302325581395349,0.005952329356573286,0.9166666666666643,0.047841031352715384,0.41256157635467977,0.08499703498715162
0.2533783783783784,0.00382641968866858,0.0015593798730621034,0.002992744419626564,0.014870858335507437,0.003153512565323848,0.02003203521007705,0.5810810810810811,1,0.025893884014818375,0.06976744186046512,0.00833328186110844,0.9166666666666643,0.037595088480963365,0.3657635467980295,0.02628978058904922
0.18243243243243246,0.003913383772501957,0.04843452635789487,0.006416152060614024,0.027567614575180453,0.052254510238637614,0.037224455644987976,0.21621621621621617,0,0.04209584179505509,0.18604651162790697,0.004761853104305709,0.9166666666666643,0.029776735146548997,0.18719211822660098,0.03478948408776438
0.2364864864864865,0.0038699017305852687,0.02030943846699521,0.08027854421232428,0.03522045395251761,0.03897656259516878,0.02289743861589554,0.6081081081081081,0,0.07682058024326274,0.06976744186046512,0.013095186870178747,0.3333333333333286,0.04672429282103422,0.05911330049261084,0.03399881399486065
0.20270270270270274,0.0009566049221671452,0.0009046903271572724,0.0031825282120906875,0.018784242108009393,0.0036072772898368883,0.06874389310899134,0.527027027027027,1,0.1367611946253893,0.0,0.0011904243475029783,0.8611111111111072,0.04545427645167132,0.30788177339901474,0.06186993476971734
0.1722972972972973,0.0038699017305852687,0.032809477529617284,0.006262865151316078,0.021219236455343946,0.03419376058276791,0.02003203521007705,0.6081081081081081,0,0.08726447324322105,0.046511627906976744,0.013095186870178747,0.5277777777777715,0.033645373080624146,0.17118226600985223,0.07056730579165843
0.3040540540540541,0.010740064353422039,0.017184428701339693,0.07297916757908875,0.040612227150186975,0.035937252561182104,0.02003203521007705,0.6081081081081081,1,0.22698129074472337,0.023255813953488372,0.02023804438378421,0.47222222222222143,0.08647000548012655,0.17364532019704434,0.07748566910456613
0.21959459459459463,0.0017392816766675365,0.0015203172509914093,0.004138746551044541,0.02413253326376207,0.005428426989560366,0.02003203521007705,0.6351351351351351,0,0.0692839620258723,0.046511627906976744,0.004999948354759224,0.8611111111111072,0.011069737273500925,0.12561576354679804,0.008697371021941095
0.347972972972973,0.0038699017305852687,0.00092031537598555,0.003781077096016,0.0055657013653361165,0.0020388958594730238,0.02003203521007705,0.7837837837837838,0,0.013360764029002624,0.023255813953488372,0.0021428053493170395,0.25,0.01385951228057301,0.05541871921182266,0.02115042498517494
0.21283783783783788,0.0012609792155839638,0.00624689452154538,0.0071387903473043406,0.023871641012261937,0.00972396486825596,0.02003203521007705,0.6216216216216217,0,0.013886912627089699,0.0,0.0023809005997705553,0.5277777777777715,0.01612257966009012,0.09359605911330049,0.06325360743229888
0.27702702702702703,0.0004783024610835726,0.00031406348144837954,0.0012408940276500387,0.006000521784503001,0.0011740020221461549,0.031493648833351,0.7972972972972974,0,0.0013810324113487725,0.0,0.00523804360521274,0.6944444444444429,0.012648084737196566,0.14039408866995073,0.028859458390986362
0.20608108108108109,0.0022175841377511086,0.012496914052856417,0.007284777879969051,0.020697451952343685,0.015284866794167448,0.028628245427532513,0.7027027027027026,1,0.009009540803103925,0.023255813953488372,0.0005951862213691896,0.9166666666666643,0.062476401722866566,0.2697044334975369,0.034987151610990315
0.29391891891891897,0.03369858248543352,0.0007078147119209748,0.0015985634826785793,0.009435603095921386,0.002230756112119477,0.16903301231263843,0.7702702702702702,1,0.06163702247669589,0.046511627906976744,0.007142805608840863,0.9722222222222214,0.1161094415597174,0.5874384236453202,0.09092706068392964
0.2398648648648649,0.006609270371336638,0.0013781293066540833,0.004489116629439846,0.021741020958344206,0.0034808931551570817,0.02003203521007705,0.6756756756756757,0,0.10525892255493133,0.0,0.004761853104305709,0.75,0.11064411016593066,0.31034482758620685,0.09685708638070765
0.22635135135135137,0.001478389425167406,0.0015593798730621034,0.005722711280456649,0.016305765718758154,0.004205698554043683,0.0009942949818190154,0.36486486486486486,1,0.01683225813098294,0.023255813953488372,0.003571376852038132,0.55555555555555,0.009657095580272017,0.10960591133004927,0.06997430322198063
0.32770270270270274,0.009392121054004698,0.007809399404373138,0.00024087942889677223,0.001174015131750587,0.007767294831345702,0.02003203521007705,0.7702702702702702,1,0.06758216278159708,0.023255813953488372,0.016190425126074447,0.5833333333333286,0.11177150121142754,0.229064039408867,0.13065823285234235
0.29054054054054057,0.004609096443168971,0.0009875030859471435,0.0031679294588242164,0.017305852682841988,0.004067132816021245,0.02003203521007705,0.7297297297297296,0,0.0013878818013043517,0.023255813953488372,0.0023809005997705553,0.7222222222222214,0.012075216216440142,0.05295566502463055,0.034394149041312515
0.22972972972972977,0.010087833724671712,0.03124697264678952,0.08027854421232428,0.47821549699973914,0.06882605888587055,0.05155147267408042,0.49999999999999994,1,0.02834571578514893,0.06976744186046512,0.011880901092865818,0.8611111111111072,0.0504307758225812,0.25492610837438423,0.05396323384067998
0.17905405405405406,0.011870597443255937,0.010934409170028657,0.014584154513204573,0.04230802678493782,0.017672461049323313,0.08880171694972076,0.7837837837837838,0,0.33070296246371916,0.0,0.016428520376527964,0.8333333333333286,0.22839048801533013,0.37315270935960587,0.058311919351650525
0.2533783783783784,0.010696582311505349,0.024996953115478487,0.007197185360370224,0.042003652491521,0.02955256970922513,0.008570421586803097,0.6486486486486487,1,0.04685682790129307,0.0,0.004047567352945162,0.7222222222222214,0.07162987012218433,0.22783251231527094,0.09507807867167425
0.34121621621621623,0.6956257065831812,0.024996953115478487,0.08027854421232428,0.003652491521001826,0.041470745879572675,0.02003203521007705,0.7567567567567568,0,0.09330680414308802,0.0,0.00833328186110844,0.4166666666666643,0.03231795149792099,0.08374384236453203,0.03775449693615339
0.20945945945945948,0.0038699017305852687,0.015621923818511933,0.006678929619410502,0.0382641968866858,0.01941747572815534,0.02003203521007705,0.7567567567567568,1,0.04141141956092018,0.023255813953488372,0.007618996109747893,0.6944444444444429,0.11042159098844676,0.541871921182266,0.2221782961059498
0.3310810810810811,0.006870162622836768,0.03124697264678952,0.007131490970671105,0.01917558048525959,0.03413132986563692,0.13751357484863505,0.8513513513513513,1,0.09269705853678135,0.023255813953488372,0.012857091619725232,0.6944444444444429,0.4685691661803991,0.645320197044335,0.40343941490413127
0.40540540540540543,0.01643621184450822,0.015621923818511933,0.006963605308106688,0.019262544569092967,0.018185611090131684,0.02003203521007705,0.7837837837837838,1,0.1461007000887837,0.023255813953488372,0.03333328315872756,0.6388888888888857,0.18768782453179242,0.23275862068965517,0.1832377940304408
0.36824324324324326,0.01643621184450822,0.045309516592239356,0.021883531146440094,0.019566918862509785,0.05048970045437381,0.04008985905080646,0.8243243243243243,1,0.07543152027851047,0.0,0.023809473140586943,0.7222222222222214,0.23688231694542716,0.20320197044334976,0.1296698952362127
0.3006756756756757,0.003913383772501957,0.0015593798730621034,0.006452648943780202,0.03682928950343508,0.008076403016164987,0.02003203521007705,0.6486486486486487,1,0.09269164503352792,0.11627906976744186,0.004047567352945162,0.9166666666666643,0.006851933608799449,0.06773399014778325,0.012453053963233842
0.26351351351351354,0.0004783024610835726,0.007809399404373138,0.006065781982218719,0.03465518740760066,0.012644504269651972,0.034359052239169484,0.5945945945945945,0,0.10734766828205893,0.023255813953488372,0.03214280690645998,1.0,0.010363120523724923,0.22167487684729065,0.022534097647756476
0.3378378378378379,0.0038699017305852687,0.0015593798730621034,0.004182542810843954,0.01452300200017393,0.004071700917274732,0.11459034760208715,0.7972972972972974,1,0.13452892597377494,0.0,0.009523758113376017,1.0,0.03844788139254395,0.36822660098522164,0.05495157145680965
0.2398648648648649,0.0038699017305852687,0.0015593798730621034,0.0024671893020336063,0.013088094616923212,0.0037184344203384048,0.02003203521007705,0.554054054054054,1,0.016546027529038127,0.0,0.001666614848410009,0.6388888888888857,0.03591495032969531,0.24753694581280788,0.1820517888910852
0.3344594594594595,0.003956865814418645,0.001198441245128891,0.005576723747791939,0.032350639186016175,0.0038615682596143306,0.02003203521007705,0.5675675675675675,0,0.2106505541769882,0.0,0.03380947365963459,0.6111111111111072,0.10054315984333703,0.3238916256157635,0.23403834749950583
0.2567567567567568,0.006130967910253066,0.00023906324707264712,0.000686141403524139,0.003217671101834942,0.0006029893654602819,0.0014871443676197952,0.7297297297297296,1,6.476085711311941e-05,0.0,0.00833328186110844,0.7222222222222214,0.004081688210389515,0.11945812807881774,0.00494168808064835
0.20945945945945948,0.03665536133576833,0.0015250047656398926,0.007051197827705514,0.02113227237151057,0.004674690282735014,0.0017765501116074626,0.5675675675675675,1,0.024940522305234313,0.046511627906976744,0.007142805608840863,0.5,0.013802698873555844,0.12807881773399016,0.03281280885550504
0.21283783783783788,0.0017827637185842248,0.00022187569336154175,0.00044526197462736684,0.0019566918862509784,0.0004933549353765943,0.001908358668275113,0.4594594594594595,1,6.942617398054034e-05,0.023255813953488372,0.0019047100988635244,0.9444444444444429,0.0012315489583616908,0.06773399014778325,0.00197667523225934
0.20945945945945948,0.0018262457605009133,0.0009734405420016937,0.003540197667119228,0.005522219323419428,0.0020952357749326966,0.0004613299483367766,0.6351351351351351,1,0.0013812362231059455,0.0,5.9471907848779985e-05,0.55555555555555,0.00274598133916302,0.07142857142857142,0.026685115635501088
0.21959459459459463,0.04339507783285503,0.0013234416357551118,0.00420444094074366,0.017697191060092182,0.003451961847218331,0.0020888790828416776,0.5675675675675675,0,0.013902039404215631,0.023255813953488372,0.0019047100988635244,0.80555555555555,0.0013635217684119824,0.054187192118226604,0.003953350464518679
0.1891891891891892,0.017175406557091922,4.6875146484832766e-06,0.004832187331201916,0.01856683189842595,4.5681012534869835e-06,0.00197139754320312,0.7567567567567568,1,0.0008857501176996462,0.0,2.3290477399362875e-06,0.55555555555555,0.002682658062591804,0.07758620689655173,0.00494168808064835
0.19932432432432434,0.0,0.0013234416357551118,0.005730010657089885,0.011131402730672233,0.0033133961091958925,0.02003203521007705,0.4324324324324324,0,0.019576271806567756,0.0,0.007142805608840863,0.6944444444444429,0.016916191939361155,0.17118226600985223,0.051591223561968776
0.37162162162162166,0.0038699017305852687,0.001225003828136963,0.001649659119111228,0.008392034089920864,0.002545955098610079,0.0027164024287159266,0.6486486486486487,1,0.003265975585705188,0.0,0.002285662499589149,0.6944444444444429,0.004939807378877959,0.06280788177339902,0.032417473809053174
0.1891891891891892,0.006870162622836768,0.0015015671923974763,0.006817617775441978,0.03695973562918515,0.007537367068253524,0.02003203521007705,0.2837837837837838,0,0.024799605541410252,0.0,0.005952329356573286,0.8611111111111072,0.012310163326709048,0.2832512315270936,0.025499110496145484
0.320945945945946,0.003435081311418384,0.0015125047265772706,0.006219068891516665,0.007044090790503522,0.003881363365046107,0.02003203521007705,0.5675675675675675,1,0.1603479900350778,0.0,0.005952329356573286,0.3333333333333286,0.05323297876243829,0.05788177339901478,0.02470844040324175
0.37500000000000006,0.0033481172275850075,0.0015296922802883759,0.001985430444240062,0.007870249586920603,0.002775882861702257,0.02003203521007705,0.7297297297297296,0,0.04545210467427341,0.023255813953488372,0.019047568131516635,0.55555555555555,0.026754972060823487,0.19827586206896552,0.06206760229294327
0.24324324324324326,0.0101313157665884,0.00624689452154538,0.006970904684739924,0.04039481694060353,0.012658208573412433,0.02003203521007705,0.527027027027027,0,0.15605796950748635,0.023255813953488372,0.012380901118818202,0.7222222222222214,0.06045005687258765,0.22413793103448276,0.09527574619490019
0.22635135135135137,0.0027828506826680583,0.0015203172509914093,0.0067811208922758,0.03613357683276806,0.006774494158921197,0.11459034760208715,0.7972972972972974,0,0.24906127427568148,0.023255813953488372,0.03928566442006544,0.8888888888888857,0.161274324719395,0.4630541871921182,0.0679976279897213
0.14864864864864868,0.0038699017305852687,0.00040625126953521733,0.001175199637950919,0.002565440473084616,0.0007720091118393003,0.0006733698003673447,0.5675675675675675,1,1.2959797927085844e-05,0.0,0.00023804334568891652,0.7222222222222214,0.001897331071844104,0.08620689655172414,0.005930025696778019
0.25000000000000006,0.0009566049221671452,0.0031218847558898625,0.00686141403524139,0.028306809287764155,0.0059233046253547895,0.031493648833351,0.5405405405405406,1,0.030334925109731428,0.0,0.007142805608840863,0.8611111111111072,0.027803652865348673,0.29926108374384236,0.04230084997034987
0.195945945945946,0.0004783024610835726,6.250019531311034e-05,0.00018248441583088807,0.0006522306287503262,0.0002558136701952711,0.0028396147751661217,0.37837837837837834,1,0.02800746716311529,0.0,0.000523757646233135,0.13888888888888573,0.01331505046332517,0.1958128078817734,0.0674046254200435
0.36824324324324326,0.0038699017305852687,0.017184428701339693,0.0008540270660885561,0.002130620053917732,0.017124288898904876,0.02003203521007705,0.7567567567567568,1,0.04510237027353714,0.06976744186046512,0.005952329356573286,0.7222222222222214,0.14426877002524643,0.34975369458128075,0.17928444356592213
0.20270270270270274,0.0004783024610835726,0.0014421920068500213,0.005372341202061344,0.024523871641012263,0.0052091581293929904,0.02003203521007705,0.4594594594594595,0,0.05611064958705733,0.023255813953488372,0.004047567352945162,0.6388888888888857,0.016308998651865195,0.08004926108374384,0.033801146471634715
0.2567567567567568,0.0015218714670840944,0.015621923818511933,0.00601468634578607,0.011566223149839117,0.01740294307536758,0.02003203521007705,0.527027027027027,1,0.01357554480345535,0.023255813953488372,0.005952329356573286,0.8611111111111072,0.01603499232427199,0.23275862068965517,0.027475785728404825
0.29054054054054057,0.9130359161666233,0.015621923818511933,0.002532883691732726,0.003435081311418384,0.016069057509349383,0.21201406339991574,0.7837837837837838,0,0.1274385411070267,0.0,0.009523758113376017,0.8333333333333286,0.2837302972879883,0.6834975369458128,0.1373789286420241
0.21621621621621623,0.0024349943473345507,0.021871943349822967,0.003905166498781004,0.010435690060005219,0.023219658671474342,0.042955262456624954,0.5405405405405406,0,0.03348340255996903,0.0,0.0023809005997705553,0.80555555555555,0.03733469369880136,0.22413793103448276,0.06503261514133228
0.1756756756756757,0.0037829376467518917,0.0015375048047025148,0.005189856786230456,0.0221323593355944,0.0061989134009818375,0.02003203521007705,0.37837837837837834,1,0.022766852821093638,0.046511627906976744,0.0009523290970494627,0.9444444444444429,0.00863978051087089,0.08374384236453203,0.009290373591618897
0.34121621621621623,0.018132011479259066,0.0006187519335997926,0.0010730083650856218,0.00021741020958344207,0.00086337113690904,0.02003203521007705,0.7297297297297296,1,0.0001687350963063478,0.0,0.0023809005997705553,0.7777777777777715,0.015466266447777235,0.18596059113300492,0.014429729195493181
0.195945945945946,0.0038699017305852687,0.026559457998306245,0.003832172732448649,0.0195234368205931,0.02857042793972543,0.02003203521007705,0.47297297297297297,0,0.041284814327193366,0.023255813953488372,0.002857091100677586,0.7777777777777715,0.026103393299095362,0.2105911330049261,0.03063846610001977
0.18243243243243246,0.0020871380120010435,0.0010765658642683258,0.004138746551044541,0.019088616401426214,0.003989475094711966,0.0028052299342963,0.40540540540540554,0,0.0996939713869463,0.0,0.021428520636051787,0.6388888888888857,0.01895378110977889,0.14901477832512317,0.03518481913421625
0.23310810810810811,0.0027393686407513698,0.026559457998306245,0.006751923385742858,0.01752326289242543,0.029184076208110515,0.10312873397881321,0.6351351351351351,1,0.037805835731523824,0.0,0.006666615107933832,0.9166666666666643,0.12010413424061188,0.42980295566502463,0.07452065625617711
0.2533783783783784,0.0038699017305852687,0.0014921921631005097,0.001175199637950919,0.006217931994086443,0.0026723392332898854,0.06587848970317287,0.8513513513513513,1,0.01812304138134089,0.0,0.003571376852038132,0.05555555555555003,0.1527191725127268,0.3645320197044335,0.17987744613559992
0.22297297297297297,0.0023915123054178626,0.00027968837402616887,0.0010876071183520926,0.003913383772501957,0.0008831662423408169,0.02003203521007705,0.6081081081081081,0,0.013299247066114964,0.0,0.005952329356573286,0.5277777777777715,0.011049615858515677,0.08497536945812809,0.03676615932002372
0.29391891891891897,0.0038699017305852687,0.03749699217810056,0.08027854421232428,0.17384120358292027,0.061641958314553366,0.014301228398440073,0.7297297297297296,0,0.5308391784079826,0.0,0.033095187908274044,0.6111111111111072,0.3223231712296907,0.3571428571428571,0.3975093892073533
0.320945945945946,0.01895817027567615,0.028121962881134003,0.007284777879969051,0.021741020958344206,0.03053623417914266,0.02003203521007705,0.6351351351351351,1,0.08671670744972801,0.023255813953488372,0.019047568131516635,0.6666666666666643,0.051132066315449344,0.25615763546798026,0.07155564340778811
0.21959459459459463,0.011261848856422299,0.0014406295019671936,0.00608038073548519,0.019958257239759983,0.004354923194990925,0.02003203521007705,0.27027027027027034,1,6.48673651926744e-05,0.0,5.9471907848779985e-05,0.9166666666666643,0.0050238438767575165,0.19827586206896552,0.016999406997430324
0.27702702702702703,0.0009131228802504567,0.02030943846699521,0.08757792084555979,0.004696060527002348,0.038399459136811594,0.06301308629735437,0.6486486486486487,0,0.06997425272369923,0.16279069767441862,0.019999949133330697,0.9166666666666643,0.07398407567545814,0.28694581280788173,0.04032417473809054
0.2702702702702703,0.004304722149752152,0.01874693358416745,0.021883531146440094,0.08687711974954344,0.030304783715632656,0.06587848970317287,0.554054054054054,0,0.04344161082766922,0.023255813953488372,0.00880947236201547,0.8611111111111072,0.044883775156207284,0.3275862068965517,0.03874283455228306
0.3783783783783784,0.0054352552395860515,0.0015000046875146484,0.005386939955327815,0.031307070180015655,0.006932855002375413,0.02003203521007705,0.3243243243243243,1,0.1253491944639441,0.09302325581395349,0.023809473140586943,0.8333333333333286,0.03524739279724361,0.270935960591133,0.057718916781972725
0.527027027027027,0.0038699017305852687,0.0009328154150481721,0.002897852523394502,0.009261674928254632,0.002156143791645856,0.02003203521007705,0.7702702702702702,1,0.16319051447984903,0.0,0.01142852011700414,0.55555555555555,0.10099885071212054,0.2733990147783251,0.17118007511365882
0.21621621621621623,0.0008261587964170799,0.000681252128912903,0.0024087942889677223,0.008131141838420734,0.0016429937508374852,0.04008985905080646,0.5135135135135136,1,0.11143864361776598,0.0,0.0007142338465959473,0.8333333333333286,0.048593808995692836,0.3238916256157635,0.07076497331488436
0.2837837837837838,0.0038699017305852687,0.028121962881134003,0.006262865151316078,0.02165405687451083,0.03026671620518693,0.02003203521007705,0.689189189189189,1,0.0017497107861856416,0.046511627906976744,0.001666614848410009,1.0,0.00582574144455189,0.31034482758620685,0.014232061672267248
0.26013513513513514,0.025523958605096098,0.0009171903662198945,0.001080307741718857,0.002130620053917732,0.0013917481818957011,0.02003203521007705,0.6486486486486487,0,0.013378599530127116,0.0,2.375762028075267e-05,0.7222222222222214,0.007324786860952737,0.03694581280788178,0.07531132634908085
0.16891891891891891,0.0038699017305852687,0.017184428701339693,0.0062044701382501935,0.007826767545003915,0.018759669147653216,0.02003203521007705,0.5675675675675675,0,0.03679030749125827,0.046511627906976744,0.0019523291489542275,0.36111111111110716,0.02224540787883594,0.022167487684729065,0.014034394149041314
0.32432432432432434,0.0026524045569179928,3.4375107422210696e-05,7.29937663323552e-06,0.0,4.1112911281382855e-05,0.02003203521007705,0.7837837837837838,1,0.012456474930887598,0.06976744186046512,0.0023809005997705553,0.5,0.015866327522189777,0.1145320197044335,0.04862621071357976
0.20270270270270274,0.0075658752935037835,0.0001781255566423645,0.0006642432736244325,0.0019132098443342901,0.0004720371295269884,0.02003203521007705,0.7567567567567568,0,0.008106799359428853,0.023255813953488372,0.0014285195979564936,0.6111111111111072,0.013886143565112306,0.08990147783251232,0.04902154576003163
0.21283783783783788,0.00021741020958344207,0.012496914052856417,0.007146089723937576,0.04074267327593704,0.016011194893471883,0.02003203521007705,0.6081081081081081,1,0.0035647964945850472,0.023255813953488372,0.0011904243475029783,0.8333333333333286,0.02383973411325516,0.1896551724137931,0.01680173947420439
0.21959459459459463,0.016392729802591533,0.0007093772168038025,0.002014627950773004,0.010827028437255415,0.0020617363657404585,0.02003203521007705,0.21621621621621617,0,0.007013091558940812,0.046511627906976744,0.004761853104305709,0.05555555555555003,0.0014907601278775103,0.04802955665024631,0.010476378730974503
0.29054054054054057,0.0038699017305852687,0.0013484417138803558,0.006197170761616958,0.009522567179754762,0.0035311422689454385,0.02003203521007705,0.5675675675675675,1,0.1332458310288634,0.11627906976744186,0.00571423410611977,0.47222222222222143,0.07392785407476407,0.23891625615763548,0.09626408381102985
0.22635135135135137,0.003956865814418645,0.0004453138916059113,0.0016861560022774055,0.009392121054004698,0.0015089961140685338,0.02003203521007705,0.3243243243243243,0,0.034296590432456794,0.046511627906976744,0.020714234884691242,0.6944444444444429,0.030375643145521623,0.09359605911330049,0.041905514923898005
0.18581081081081086,0.00021741020958344207,0.004684389638717621,0.001372282807048278,0.0038699017305852687,0.005114750703487593,0.02003203521007705,0.5405405405405406,0,0.07496549483387491,0.046511627906976744,0.009523758113376017,0.9166666666666643,0.012187067611505188,0.10098522167487685,0.008499703498715162
0.320945945945946,0.9130359161666233,0.0007703149072340852,0.0021314179769047724,0.012218453778589444,0.0021241670828714473,0.07160929651480984,0.7972972972972974,1,0.06346490230378751,0.023255813953488372,0.01190471061791117,0.47222222222222143,0.15448926522510537,0.19211822660098524,0.09982209922909667
0.22635135135135137,0.0033481172275850075,0.000946877958993622,0.0026277755879647877,0.009392121054004698,0.0027180202458247553,0.02003203521007705,0.7027027027027026,1,0.15413968798931466,0.023255813953488372,0.004761853104305709,0.8333333333333286,0.028271771666917196,0.19088669950738918,0.01581340185807472
0.3175675675675676,0.9565179580833116,0.0359344872952728,0.10217667411203084,0.47821549699973914,0.0906859460842236,0.042955262456624954,0.8648648648648649,0,0.2700093057161039,0.0,0.03571423566326271,0.6944444444444429,0.5805170256761092,0.5874384236453202,0.5305396323384068
0.20945945945945948,0.00021741020958344207,0.0013625042578258057,0.004861384837734858,0.027828506826680584,0.004794983615743504,0.031493648833351,0.6621621621621621,0,0.06680749138647135,0.06976744186046512,0.014285663122446324,0.9444444444444429,0.024181798168004344,0.26847290640394084,0.023917770310338014
0.15878378378378383,0.0038699017305852687,0.0001859380810565033,0.0001313887793982394,0.00017392816766675367,0.00022079156058520425,0.02003203521007705,0.6756756756756757,1,0.0026834224125490925,0.0,1.6147619885757414e-06,0.3333333333333286,0.03079345840962703,0.06773399014778325,0.025499110496145484
0.2398648648648649,0.0038699017305852687,0.0013171916162238006,0.004014657148279537,0.013305504826506654,0.0035829140831516245,0.0015759718732001684,0.5675675675675675,1,0.0017155361567086772,0.046511627906976744,0.007618996109747893,0.7222222222222214,0.012699571887305873,0.22413793103448276,0.034394149041312515
0.15540540540540543,0.0038699017305852687,7.500023437573242e-05,4.379625979941313e-05,4.3482041916688424e-05,9.593012632322666e-05,0.037224455644987976,0.8243243243243243,1,0.007616852989073973,0.0,0.0006428052714598926,0.6666666666666643,0.09964598145752429,0.2586206896551724,0.09705475390393359
0.30743243243243246,0.0013914253413340291,0.024996953115478487,0.029182907779675617,0.04339507783285503,0.032920783033462866,0.02003203521007705,0.7567567567567568,1,0.020461996940890716,0.0,0.004285662603398677,0.5833333333333286,0.023129566525540584,0.1206896551724138,0.07076497331488436
0.28716216216216217,0.010261761892338465,0.0015593798730621034,0.004080351537978657,0.019349508652926343,0.004450853321314152,0.034359052239169484,0.5945945945945945,1,0.01809712704514497,0.0,0.007618996109747893,0.8333333333333286,0.05192863762633586,0.2413793103448276,0.03676615932002372
0.22635135135135137,0.009131228802504566,0.0015593798730621034,0.007051197827705514,0.03248108531176624,0.006370978548196514,0.005705018180984609,0.6081081081081081,1,0.005885653570097901,0.0,0.0064285198574803165,0.6666666666666643,0.029225171653424014,0.15517241379310345,0.044475192725835146
0.15540540540540543,0.0038699017305852687,0.0015593798730621034,0.004832187331201916,0.01856683189842595,0.005862396608641629,0.0001862512213782017,0.5945945945945945,1,9.192436214332836e-05,0.0,1.6147619885757414e-06,0.6944444444444429,0.0003355541851951363,0.041871921182266014,0.006720695789681755
0.26689189189189194,0.007000608748586834,0.0002015631298847809,0.0004233638447276603,0.0010870510479172102,0.00039894750947119665,0.04008985905080646,0.8108108108108107,1,0.0015589903183958447,0.0,0.0001404242930029752,0.75,0.026478006701614803,0.2857142857142857,0.033801146471634715
0.31081081081081086,0.009913905557004958,0.03749699217810056,0.07297916757908875,0.08687711974954344,0.05918888794143085,0.23493729064646365,0.6351351351351351,0,0.11798974651977782,0.046511627906976744,0.03690471191553029,0.9722222222222214,0.11151702449249648,0.5825123152709359,0.17118007511365882
0.3310810810810811,0.0038699017305852687,0.07655961424879454,0.007284777879969051,0.041525350030437426,0.08413224348588762,0.02003203521007705,0.6621621621621621,0,0.07655513318089134,0.0,0.023809473140586943,0.5277777777777715,0.05193869833382848,0.11330049261083744,0.07135797588456218
0.22635135135135137,0.0012609792155839638,0.001075003359385498,0.0033212163681221626,0.019392990694843033,0.003031696531897528,0.02003203521007705,0.36486486486486486,0,0.008479430367440317,0.0,0.00833328186110844,0.47222222222222143,0.001282444302147902,0.02832512315270936,0.005930025696778019
0.2837837837837838,0.0030002608922515,0.024996953115478487,0.07297916757908875,0.027480650491347076,0.0427010878171785,0.037224455644987976,0.6081081081081081,1,0.048698758905398584,0.046511627906976744,0.012380901118818202,0.8611111111111072,0.0808750685015819,0.2635467980295566,0.029254793437438233
0.26351351351351354,0.0003043742934168189,9.218778808683778e-05,5.1095636432648645e-05,8.696408383337682e-05,0.0001126798309193456,0.02003203521007705,0.8108108108108107,1,0.0004938306279722288,0.023255813953488372,0.0009523290970494627,0.9722222222222214,0.0041444196806376355,0.1354679802955665,0.00494168808064835
0.21959459459459463,0.0014349073832507176,0.004684389638717621,0.004321230966875429,0.018740760066092706,0.007401846731066743,0.0544168760798989,0.6216216216216217,0,0.04609718334978653,0.0,0.007857091360201409,0.8888888888888857,0.026851436491488048,0.1477832512315271,0.014034394149041314
0.195945945945946,0.001043569006000522,0.0015593798730621034,0.007284777879969051,0.026480563527263242,0.005732967073126165,0.0028396147751661217,0.6081081081081081,1,0.006419024993876278,0.023255813953488372,0.0021428053493170395,0.7777777777777715,0.008982436371943172,0.15763546798029557,0.01482506424194505
0.2837837837837838,0.0017827637185842248,0.05155953612355039,0.10947605074526637,0.3042873293329855,0.08743954879341219,0.1260519612253611,0.7432432432432432,0,0.11077460255934839,0.16279069767441862,0.01190471061791117,0.8611111111111072,0.22218421510502784,0.3805418719211822,0.05752124925874679
0.320945945945946,0.0038699017305852687,0.01874693358416745,0.007284777879969051,0.042612401078354636,0.024721041283453732,0.002584593872048276,0.6351351351351351,0,0.013543406976635553,0.09302325581395349,0.009047567612468986,0.44444444444444287,0.010556049385054049,0.04433497536945813,0.01739474204388219
0.4256756756756757,0.009435603095921386,0.0015593798730621034,0.006379655177447846,0.009261674928254632,0.0035600735768841893,0.02003203521007705,0.48648648648648657,1,0.00035931092349428,0.13953488372093023,0.004047567352945162,0.7222222222222214,0.019321884642744275,0.21182266009852216,0.04684720300454635
0.21621621621621623,0.005522219323419428,0.001167191147472336,0.0018248441583088805,0.009522567179754762,0.003368213324237736,0.02003203521007705,0.7162162162162162,0,0.0023065665840486123,0.0,0.0023809005997705553,0.8611111111111072,0.007783436761351733,0.1145320197044335,0.01581340185807472
0.20270270270270274,0.01643621184450822,0.0010281282129006653,0.002029226704039475,0.004826506652752413,0.0016993336662971582,0.0544168760798989,0.6081081081081081,1,0.0003118175244146926,0.0,0.00011899572046215883,0.8333333333333286,0.04476837292320366,0.42241379310344823,0.08895038545167029
0.21959459459459463,0.0037394556048352032,0.017184428701339693,0.0031022350691250968,0.014175145664840422,0.019718970410885484,0.031493648833351,0.6621621621621621,0,0.1588110021820547,0.046511627906976744,0.017857091879249058,0.6666666666666643,0.15746841825556798,0.17980295566502463,0.08993872306779997
0.3445945945945946,0.0038699017305852687,0.039059497060928317,0.10217667411203084,0.04339507783285503,0.06251751105480503,0.02003203521007705,0.7837837837837838,0,0.05614663879863042,0.046511627906976744,0.003928519727718405,0.4166666666666643,0.04637986154099265,0.08374384236453203,0.03854516702905713
0.26689189189189194,0.004304722149752152,0.021871943349822967,0.00699280281463963,0.03961214018610314,0.027079704230670843,0.02003203521007705,0.40540540540540554,0,0.11990540609831207,0.0,0.019047568131516635,0.5277777777777715,0.03442063936387922,0.2044334975369458,0.15892468867365092
0.22635135135135137,0.0038699017305852687,0.0013312541601692505,0.00467890042190397,0.006783198539003392,0.002829177376326272,0.002300918934872246,0.337837837837838,1,0.05074299740441783,0.023255813953488372,0.01190471061791117,0.38888888888888573,0.010637718657641225,0.05665024630541872,0.027475785728404825
0.320945945945946,0.0038699017305852687,0.0007656273925856019,0.0028467568869618536,0.009174710844421256,0.0022048702050163843,0.07160929651480984,0.5945945945945945,1,0.14465125004292376,0.023255813953488372,0.00833328186110844,0.9722222222222214,0.05575939995573289,0.40763546798029554,0.06088159715358767
0.1722972972972973,0.00021741020958344207,0.0011265660205188141,0.005138761149797807,0.026654491694929998,0.00564921855014557,0.0027851721104555703,0.527027027027027,1,0.043370551529802175,0.0,0.004761853104305709,0.6111111111111072,0.011399373395465106,0.030788177339901482,0.01284838900968571
0.2837837837837838,0.0004348204191668842,0.00031093847168272404,0.001175199637950919,0.0028263327245847463,0.0008283490272989731,0.0015329908221128911,0.6621621621621621,1,0.0075074442079943165,0.0,0.0004285195460517289,0.6111111111111072,0.006548928771374565,0.10344827586206896,0.021545760031626806
0.22635135135135137,0.012392381946256198,0.0011609411279410247,0.00531394618899546,0.011087920688755545,0.0029723112156021976,0.02003203521007705,0.6216216216216217,0,0.03878976657485473,0.0,0.0023809005997705553,0.0833333333333286,0.01514491561433639,0.09482758620689656,0.02372010278711208
0.21283783783783788,0.004478650317418906,0.0015312547851712036,0.0036569876932509965,0.011609705191755807,0.003960543786773215,0.02003203521007705,0.1891891891891892,1,0.0030652709716430327,0.023255813953488372,0.0023809005997705553,0.8611111111111072,0.005633404389545859,0.05911330049261084,0.012453053963233842
0.22635135135135137,0.0006522306287503262,0.05468454588920591,0.007036599074439043,0.01856683189842595,0.056172418413711615,0.02289743861589554,0.6216216216216217,0,0.04473035859028457,0.09302325581395349,0.002023757724090282,0.9722222222222214,0.030362031600090426,0.16133004926108374,0.02273176517098241
0.2567567567567568,0.012001043569006001,0.004684389638717621,0.004379625979941313,0.007783285503087225,0.005760375680647087,0.02003203521007705,0.47297297297297297,0,0.0003460894575692751,0.046511627906976744,0.004761853104305709,0.8333333333333286,0.0036248137289598054,0.11206896551724138,0.00691836331290769
0.20608108108108109,0.0,0.001445317016615677,0.006642432736244325,0.03500304374293417,0.0075952296841310255,0.00021203985203056814,0.2972972972972973,0,0.00526852603343787,0.16279069767441862,0.003571376852038132,0.6944444444444429,0.0018979228781671996,0.027093596059113302,0.003755682941292746
0.3040540540540541,0.17384120358292027,0.032809477529617284,0.13867355727820843,0.17384120358292027,0.07405805752153098,0.05155147267408042,0.689189189189189,0,0.41032864994296525,0.09302325581395349,0.04761899818593848,0.8333333333333286,0.30912944106260004,0.5566502463054187,0.14271595176912433
0.29391891891891897,0.007000608748586834,0.0011265660205188141,0.004737295434969853,0.020871380120010437,0.004852846231621006,0.02003203521007705,0.5810810810810811,1,0.10539064017647679,0.0,0.0023809005997705553,0.7222222222222214,0.08409153586760583,0.25738916256157635,0.12117019173749753
0.1891891891891892,0.0015218714670840944,0.017184428701339693,0.021883531146440094,0.04339507783285503,0.02391857816325785,0.031493648833351,0.6081081081081081,1,0.03262222162086797,0.023255813953488372,0.0011904243475029783,0.8611111111111072,0.04429847870266585,0.21921182266009853,0.022534097647756476
0.17905405405405406,0.0003043742934168189,0.0012750039843874511,0.004627804785471321,0.021784503000260896,0.0032920783033462864,0.0008596210217455464,0.4324324324324324,0,0.04939616986558096,0.023255813953488372,0.004047567352945162,0.6388888888888857,0.0020032644036781944,0.06280788177339902,0.009290373591618897
0.22972972972972977,0.0003913383772501957,0.02343444823265073,0.10217667411203084,0.04339507783285503,0.05047904155144901,0.02003203521007705,0.5810810810810811,0,0.008427345286708804,0.09302325581395349,0.003571376852038132,0.7777777777777715,0.019108834366429905,0.16133004926108374,0.020359754892271202
0.4155405405405406,0.0038699017305852687,0.0015593798730621034,0.007284777879969051,0.0131315766588399,0.004198085051954539,0.11172494419626867,0.7432432432432432,1,0.12586435037628943,0.0,0.009523758113376017,0.8888888888888857,0.1278360838518543,0.6859605911330049,0.12630954734137181
0.29054054054054057,0.6086616227498044,0.0013421916943490448,0.005277449305829282,0.023741194886511875,0.004277265473681646,0.09739792716717623,0.8108108108108107,0,0.5719211645340955,0.0,0.002499948224997313,0.05555555555555003,0.16678285797476772,0.2635467980295566,0.10160110693813007
0.2398648648648649,0.00021741020958344207,0.0031218847558898625,0.005700813150556943,0.023741194886511875,0.005288338551120098,0.0003094635678283967,0.6216216216216217,0,0.0008006251787585257,0.046511627906976744,0.00030947192082497114,0.5277777777777715,0.00025270129996176927,0.01600985221674877,0.007313698359359557
0.3040540540540541,0.0038699017305852687,0.034371982412445046,0.07297916757908875,0.025132620227845903,0.05004964003362123,0.02003203521007705,0.6621621621621621,1,0.09345061240403482,0.0,0.016190425126074447,0.5833333333333286,0.060291452777998064,0.1724137931034483,0.08776438031231469
0.4324324324324325,0.014392555874423864,0.021871943349822967,0.007284777879969051,0.015653535090007827,0.024226163647659307,0.02003203521007705,0.7432432432432432,1,0.10341969764499524,0.0,0.0064285198574803165,0.44444444444444287,0.08406312916409724,0.1416256157635468,0.0901363905910259
0.2972972972972973,0.0038699017305852687,0.0013765668017712556,0.0043358297201419,0.024567353682928953,0.0044066950091971105,0.02003203521007705,0.6351351351351351,1,0.0031935606109242958,0.023255813953488372,0.0038094721024916475,0.9444444444444429,0.012633881385442275,0.25492610837438423,0.025894445542597355
0.2398648648648649,0.003304635185668319,0.0015343797949368592,0.003554796420385699,0.01287068440733977,0.0032387837887222714,0.02003203521007705,0.6081081081081081,1,0.15349664217171502,0.0,0.01666661562698148,0.5277777777777715,0.033510441238958376,0.15763546798029557,0.06621862028068788
0.18243243243243246,0.0008696408383337683,0.0002687508398463746,0.0009489189623206179,0.005130880946169232,0.0008846889427586459,0.02003203521007705,0.5405405405405406,1,0.0122104964935272,0.023255813953488372,0.004047567352945162,0.30555555555555003,0.0029294412993226184,0.03201970443349754,0.012057718916781974
0.20608108108108109,0.012653274197756328,0.0013265666455207672,0.005627819384224587,0.032263675102182796,0.00480107441741482,0.002724998638933382,0.49999999999999994,0,0.16932047391598395,0.023255813953488372,0.012857091619725232,0.44444444444444287,0.051211368362744134,0.06896551724137931,0.01937141727614153
0.19932432432432434,0.0006087485868336378,0.0008828152587976838,0.002364998029168309,0.011131402730672233,0.0026997478408108074,0.0017450306741434592,0.5675675675675675,1,0.0064690298797700635,0.023255813953488372,0.0030951863511311014,0.5833333333333286,0.01272857039713755,0.1354679802955665,0.031231468669697574
0.010135135135135129,0.0038699017305852687,0.0009875030859471435,0.00237959678243478,0.008565962257587618,0.0020480320619799975,0.02003203521007705,0.7972972972972974,1,0.007788083793219771,0.0,0.0008570909968680565,0.19444444444444287,0.06712799942239703,0.3091133004926108,0.10594979244910062
0.15540540540540543,0.006957126706670145,3.281260253938294e-05,2.9197506532942084e-05,0.01856683189842595,4.1112911281382855e-05,0.02003203521007705,0.7972972972972974,0,0.00920715405302986,0.0,0.0022618529745437976,0.6388888888888857,0.025116260352172105,0.2044334975369458,0.06147459972326547
0.29054054054054057,0.03365510044351683,0.0013875043359510499,0.005912495072920773,0.023175928341594924,0.0049198450500054815,0.19195623955918634,0.48648648648648657,0,0.13453598706497508,0.0,0.03928566442006544,1.0,0.034392824466693735,0.35098522167487683,0.10258944455425974
0.18581081081081086,0.01756674493434212,0.001542192319350998,0.006839515905341684,0.03291590573093312,0.005268543445688322,0.04582066586244344,0.7972972972972974,1,0.014233633243648928,0.0,0.0023809005997705553,0.5277777777777715,0.11852164413265456,0.17610837438423646,0.12255386440007908
0.29391891891891897,0.0015653535090007827,0.0014656295800924378,0.00601468634578607,0.032307157144099485,0.00643797736658099,0.02003203521007705,0.689189189189189,0,0.11031109123135614,0.0,0.01571423462516742,0.5,0.050716618276636316,0.17364532019704434,0.058509586874876465
0.3344594594594595,0.0038699017305852687,0.010934409170028657,0.007036599074439043,0.009392121054004698,0.012697798784275986,0.02003203521007705,0.7027027027027026,1,0.1436456270540568,0.023255813953488372,0.006190424607026801,0.6944444444444429,0.18569402902928375,0.2660098522167487,0.10772880015813402
0.26689189189189194,0.001478389425167406,0.000835940112312851,0.0031022350691250968,0.010000869640838335,0.001979510543177693,0.02003203521007705,0.5810810810810811,0,0.11532357447137295,0.023255813953488372,0.01571423462516742,0.5277777777777715,0.05214405512794261,0.16871921182266011,0.05396323384067998
0.21959459459459463,0.00021741020958344207,0.004684389638717621,0.007284777879969051,0.03165492651534916,0.009871666808785373,0.0006934276242080742,0.554054054054054,1,0.007720443273214979,0.06976744186046512,0.0030951863511311014,0.5277777777777715,0.0018310487636574104,0.04679802955665025,0.0075113658825854916
0.16554054054054057,0.006739716497086703,0.0031218847558898625,0.004481817252806611,0.02517610226976259,0.00513454580891937,0.02003203521007705,0.6216216216216217,1,0.005580488198454427,0.11627906976744186,0.0023809005997705553,0.8611111111111072,0.033131093385854175,0.2229064039408867,0.021941095078078673
0.31081081081081086,0.025306548395512656,0.017184428701339693,0.0040511540314457145,0.01721888859900861,0.01870485193261137,0.16616760890681995,0.689189189189189,1,0.005999780264627476,0.11627906976744186,0.009333281913013204,0.9166666666666643,0.10738325732567457,0.5997536945812808,0.10140343941490414
0.32770270270270274,0.0015218714670840944,0.001509379716811615,0.006175272631717251,0.021958431167927648,0.004583328257665274,0.02003203521007705,0.6756756756756757,1,0.02394185389948794,0.06976744186046512,0.014285663122446324,0.5833333333333286,0.03377912130964372,0.13423645320197045,0.05534690650326152
0.1081081081081081,0.003217671101834942,0.00018906309082215882,0.0005401538708594287,0.001478389425167406,0.00036087999902547176,0.02003203521007705,0.7162162162162162,1,4.989574798510546e-05,0.0,0.0006189957464145411,0.75,0.02417883913638887,0.21182266009852216,0.02431310535678988
0.27702702702702703,0.0075658752935037835,0.0002968759277372742,0.0008394283128220851,0.0035655274371684496,0.0007202372976331145,0.02003203521007705,0.5810810810810811,0,0.08067694326308684,0.0,0.016190425126074447,0.47222222222222143,0.030841394721797765,0.07758620689655173,0.03617315675034592
0.19932432432432434,0.0002608922515001305,0.012496914052856417,0.007284777879969051,0.04209061657535438,0.0201453265278776,0.02003203521007705,0.5945945945945945,0,0.15536158812540632,0.046511627906976744,0.014523758372899839,0.75,0.07691884323168863,0.23399014778325122,0.04842854319035383
0.2567567567567568,0.5216975389164276,0.015621923818511933,0.007284777879969051,0.024045569179928693,0.019897126359771474,0.0544168760798989,0.6756756756756757,0,0.23245265549855817,0.046511627906976744,0.003571376852038132,0.1666666666666643,0.129693763900051,0.21182266009852216,0.07649733148843646
0.31081081081081086,0.002130620053917732,0.015621923818511933,0.06567979094585323,0.03791634055135229,0.03130824329098196,0.02003203521007705,0.7297297297297296,1,0.02409459963471542,0.09302325581395349,0.00833328186110844,0.6944444444444429,0.019407104753270024,0.1896551724137931,0.04210318244712394
0.3006756756756757,0.022567179754761284,0.02030943846699521,0.0026496737178644944,0.011435777024089053,0.02093713074514868,0.08880171694972076,0.7027027027027026,0,0.14269672816449755,0.0,0.02857137814965725,1.0,0.02373202536245178,0.3275862068965517,0.058509586874876465
0.1925675675675676,0.0032611531437516305,0.0015593798730621034,0.002255507379669776,0.008957300634837814,0.0027439061529278483,0.02003203521007705,0.5945945945945945,0,0.16857184966342495,0.023255813953488372,0.017857091879249058,0.6944444444444429,0.060956051278834286,0.19950738916256158,0.05297489622455031
0.29391891891891897,0.004304722149752152,0.0010484407763774262,0.002671571847764201,0.008696408383337682,0.003083468346103714,0.002535882014149362,0.24324324324324326,0,0.06320562087579923,0.0,0.03809518816779787,0.47222222222222143,0.03583446466975432,0.09605911330049262,0.048823878236805694
0.2567567567567568,0.004565614401252283,0.0008968778027431336,0.0009562183389538534,0.0018697278024176016,0.001178570123399642,0.00046419535174259505,0.6756756756756757,1,0.0001786245687302127,0.023255813953488372,1.0195238624419529e-06,0.6666666666666643,0.002309228272718557,0.09852216748768473,0.0075113658825854916
0.3006756756756757,0.011131402730672233,0.024996953115478487,0.002671571847764201,0.014088181581007046,0.026883275876770904,0.06874389310899134,0.49999999999999994,0,0.15330987170727067,0.046511627906976744,0.04761899818593848,0.8611111111111072,0.13219237019616012,0.5357142857142857,0.10851947025103777
0.2837837837837838,0.020480041742760243,0.028121962881134003,0.007284777879969051,0.04178624228193756,0.03428359990741982,0.06014768289153588,0.7432432432432432,1,0.09644010879419002,0.0,0.01190471061791117,0.80555555555555,0.12869301940769654,0.2647783251231527,0.08460169994069974
0.22972972972972977,0.006348378119836508,0.012496914052856417,0.007087694710871692,0.005783111574919559,0.013969253633163198,0.0024986317698737215,0.5135135135135136,0,0.12308587936459672,0.09302325581395349,0.01142852011700414,0.5833333333333286,0.028140982469513097,0.17364532019704434,0.06760229294326943
0.2533783783783784,0.004217758065918776,0.00027187584961203007,0.0004306632213608958,0.0023915123054178626,0.00059080776211765,0.12032115441372414,0.689189189189189,1,0.04913996533766871,0.0,0.009523758113376017,0.8611111111111072,0.11388720881649388,0.4199507389162561,0.06582328523423601
0.1891891891891892,0.0006087485868336378,6.562520507876587e-05,0.00018978379246412357,0.0006087485868336378,0.00019795105431776933,0.02003203521007705,0.4324324324324324,1,0.03212350740021096,0.06976744186046512,0.010238043864736562,0.6111111111111072,0.027303576522332992,0.1206896551724138,0.07946234433682546
0.40202702702702703,0.026437081485346556,0.01874693358416745,0.0060876801121184255,0.026741455778763374,0.0229075050858194,0.02003203521007705,0.554054054054054,1,0.05379534802557065,0.0,0.027380901897389672,0.6111111111111072,0.03312458351630013,0.18596059113300492,0.0895433880213481
0.1756756756756757,0.0074789112096704065,0.0009640655127047273,0.0025401830683659614,0.0,0.001475496704876296,0.02003203521007705,0.6621621621621621,0,0.0713436757543765,0.0,0.004047567352945162,1.0,0.007670401753640496,0.22783251231527094,0.027278118205178892
0.3310810810810811,0.01182711540133925,0.04062200194375608,0.1240748040117374,0.47821549699973914,0.1109728837509593,0.1518405918777275,0.5675675675675675,0,0.20395857132876002,0.0,0.040476140672333016,0.8888888888888857,0.13524668262965586,0.5110837438423645,0.14014627396718718
0.1891891891891892,0.001043569006000522,0.0012421913818480683,0.0034453057708871662,0.015131750587007567,0.003153512565323848,0.0028396147751661217,0.6081081081081081,1,0.0003987833437431832,0.046511627906976744,0.0019047100988635244,0.75,0.007162631928424576,0.09482758620689656,0.015220399288396918
0.1756756756756757,0.0013479432994173408,0.02343444823265073,0.007109592840771398,0.025263066353595966,0.026485851067717534,0.04582066586244344,0.49999999999999994,0,0.03662659536858032,0.023255813953488372,0.004047567352945162,0.8611111111111072,0.037975028140390665,0.1810344827586207,0.02530144297291955
0.1925675675675676,0.0003913383772501957,0.0015593798730621034,0.0064891458269463785,0.0051743629880859204,0.0035341876697810967,0.02003203521007705,0.7162162162162162,1,0.06029841972844687,0.06976744186046512,0.000833281471822705,0.47222222222222143,0.04865239782167929,0.14901477832512317,0.03419648151808658
0.37500000000000006,0.9130359161666233,0.0008312525976643677,0.0019781310676068265,0.010479172101921907,0.0023464813438744806,0.02003203521007705,0.6081081081081081,1,0.07294283145299564,0.0,0.01190471061791117,0.3333333333333286,0.12289686827929944,0.25738916256157635,0.15319233050009884
0.21959459459459463,0.01478389425167406,0.0015593798730621034,0.0037664783427495295,0.021697538916427516,0.0032829421008393122,0.02003203521007705,0.6621621621621621,1,0.0030830604507578402,0.0,0.001666614848410009,0.7777777777777715,0.010971497423867075,0.1933497536945813,0.02332476774066021
0.38513513513513514,0.9565179580833116,0.045309516592239356,0.19706857034409261,1.0,0.12351079899136325,0.501419807387583,0.9324324324324325,0,0.38470282967049746,0.0,0.03809518816779787,0.8333333333333286,0.8688770238296735,0.7894088669950738,0.553864400079067
0.35135135135135137,0.006130967910253066,0.0015593798730621034,0.006365056424181375,0.03395947473693364,0.006042075257945451,0.0026992100082810157,0.7567567567567568,1,0.04722945233473173,0.023255813953488372,0.0004047100210063773,0.5833333333333286,0.019170382224031834,0.21921182266009853,0.1006127693220004
0.22297297297297297,0.0038699017305852687,0.0007593773730542909,0.0035474970437524636,0.019045134359509525,0.003694071213653141,0.00034384840869821856,0.21621621621621617,0,0.016581585448634747,0.0,0.0017856624736367667,0.5277777777777715,0.0027578174656249293,0.04679802955665025,0.04052184226131647
0.20608108108108109,0.0002608922515001305,0.000823440073250229,0.0030730375625921545,0.017262370640925298,0.0041828580477762485,0.0005329650334822388,0.5810810810810811,1,2.290318184800946e-05,0.06976744186046512,0.00035709097091567426,0.80555555555555,0.0007373906785769662,0.08004926108374384,0.004348685510970548
0.34121621621621623,0.011000956604922169,0.004684389638717621,0.007284777879969051,0.0382641968866858,0.00884536672716863,0.02003203521007705,0.6621621621621621,0,0.17687997690641855,0.0,0.03571423566326271,0.7777777777777715,0.19308509819842318,0.43472906403940886,0.1269025499110496
0.20945945945945948,0.0009566049221671452,0.00036406363769886786,0.0008540270660885561,0.004826506652752413,0.0012135922330097088,0.07447469992062833,0.36486486486486486,1,0.07085372280944882,0.0,0.0011904243475029783,0.8888888888888857,0.03028983122867278,0.3041871921182266,0.04862621071357976
0.22297297297297297,0.0038699017305852687,0.01874693358416745,0.014584154513204573,0.04339507783285503,0.027848667941674485,0.0013438741973288708,0.4324324324324324,0,0.11251750997758814,0.023255813953488372,0.009047567612468986,0.6111111111111072,0.02655020707303245,0.12561576354679804,0.020952757461949002
0.29391891891891897,0.012001043569006001,0.034371982412445046,0.08027854421232428,0.03504652578485085,0.05482939664518644,0.15470599528354598,0.7162162162162162,0,0.09897964931057682,0.046511627906976744,0.00833328186110844,0.9722222222222214,0.07731298624287021,0.29556650246305416,0.059893259537458
0.3040540540540541,0.0038699017305852687,0.034371982412445046,0.007284777879969051,0.02735020436559701,0.03765638133291104,0.037224455644987976,0.7567567567567568,1,0.00405225504658785,0.0,0.004999948354759224,0.7777777777777715,0.03303462895518961,0.3004926108374384,0.05396323384067998
0.38513513513513514,0.0038699017305852687,0.026559457998306245,0.006423451437247259,0.03582920253935125,0.02855063283429365,0.21774487021155273,0.8513513513513513,1,0.024131696004350053,0.0,0.003571376852038132,0.75,0.252308932369557,0.3362068965517241,0.15002965012848388
0.26689189189189194,0.0008696408383337683,0.004684389638717621,0.007284777879969051,0.04339507783285503,0.01278459270809224,0.11172494419626867,0.6486486486486487,1,0.07458710581499466,0.16279069767441862,0.01190471061791117,0.8888888888888857,0.1018439501415009,0.3571428571428571,0.03558015418066812
0.26013513513513514,0.0038699017305852687,0.028121962881134003,0.13137418064497292,0.025610922688929474,0.05731901182833685,0.02003203521007705,0.7432432432432432,0,0.029652425280686758,0.0,0.0019047100988635244,0.36111111111110716,0.022043010116337285,0.04926108374384237,0.032417473809053174
0.22297297297297297,0.0038699017305852687,0.017184428701339693,0.003430707017620695,0.013088094616923212,0.018630239612137754,0.014301228398440073,0.7297297297297296,1,0.017230201244320745,0.0,0.0026189958502240707,0.5833333333333286,0.03548470713280489,0.19704433497536947,0.0913223957303815
0.32432432432432434,0.6956257065831812,0.024996953115478487,0.003598592680185112,0.018001565353509004,0.02705686372440341,0.02003203521007705,0.6081081081081081,0,0.11893912535315235,0.023255813953488372,0.0154761393747139,0.55555555555555,0.035593007689931365,0.20689655172413793,0.06424194504842855
0.19932432432432434,0.002956778850334812,0.0010781283691511535,0.004255536577176309,0.0191320984433429,0.004759961506133437,0.0012521812883426794,0.013513513513513542,0,0.007487315495872986,0.0,0.001666614848410009,0.75,0.008162784614455935,0.02955665024630542,0.00889503854516703
0.1891891891891892,0.00017392816766675367,0.004684389638717621,0.007284777879969051,0.04078615531785373,0.007590661582877538,0.002200629815668599,0.7297297297297296,0,0.0001637831280643221,0.0,0.0011904243475029783,0.7777777777777715,0.0009101981249208459,0.03201970443349754,0.002767345325163076
0.3006756756756757,0.0038699017305852687,0.00624689452154538,0.006459948320413437,0.03582920253935125,0.01102587372549975,0.02003203521007705,0.6081081081081081,0,0.020989072553744288,0.023255813953488372,0.009523758113376017,0.7222222222222214,0.04726757102563587,0.3189655172413793,0.12215852935362721
0.21621621621621623,0.001478389425167406,0.015621923818511933,0.00503656987693251,0.01752326289242543,0.01791913851701161,0.02003203521007705,0.6756756756756757,0,0.0001538818214093955,0.09302325581395349,0.0019047100988635244,0.8333333333333286,0.01773761911581768,0.08251231527093596,0.01680173947420439
0.3445945945945946,0.0038699017305852687,0.01874693358416745,0.014584154513204573,0.03922080180885294,0.02435863858401043,0.14610978506609051,0.7432432432432432,1,0.17620717588718618,0.023255813953488372,0.017857091879249058,0.44444444444444287,0.15355598665358378,0.14901477832512317,0.08183435461553668
0.2567567567567568,0.004000347856335334,0.0004296888427776337,0.0017737485218762318,0.010348725976171843,0.0012866818530655006,0.02003203521007705,0.49999999999999994,0,0.0994130083327385,0.023255813953488372,0.012857091619725232,0.7222222222222214,0.04047659346811525,0.16625615763546797,0.0383474995058312
0.35810810810810817,0.016349247760674843,0.01874693358416745,0.006897910918407568,0.025958779024262982,0.021022401968547103,0.02003203521007705,0.7297297297297296,0,0.1579834120503649,0.0,0.020714234884691242,0.6388888888888857,0.034111124656900284,0.2142857142857143,0.08974105554457404
0.24324324324324326,0.0002608922515001305,0.0009515654736421052,0.002883253770128031,0.013609879119923474,0.0026449306257689638,0.02003203521007705,0.5810810810810811,0,0.0001516648754571769,0.046511627906976744,0.0033332816015846168,0.7777777777777715,0.0028394867382121056,0.025862068965517244,0.00494168808064835
0.26013513513513514,0.01974084703017654,0.0002421882568383026,0.0002262806756303012,0.0008261587964170799,0.00038828860654639366,0.10885954079045018,0.6621621621621621,0,0.05292182661330139,0.0,0.007142805608840863,0.8611111111111072,0.09420136328504589,0.5123152709359605,0.08638070764973316
0.2398648648648649,0.0051743629880859204,0.004684389638717621,0.004540212265872494,0.015305678754674321,0.007645478797919382,0.0013811244416045113,0.5810810810810811,0,0.013240976627281886,0.06976744186046512,0.005952329356573286,0.44444444444444287,0.0033413385001970714,0.023399014778325126,0.009685708638070766
0.26013513513513514,0.0006522306287503262,0.021871943349822967,0.006846815281974919,0.038568571180102616,0.02721826996869328,0.0008596210217455464,0.5810810810810811,1,0.02669255260070804,0.046511627906976744,0.009523758113376017,0.44444444444444287,0.009894409915833305,0.0603448275862069,0.011662383870330107
0.1283783783783784,0.0038699017305852687,0.0015593798730621034,0.004832187331201916,0.01856683189842595,0.005862396608641629,0.0005902731015986085,0.689189189189189,1,6.248474000559246e-06,0.0,3.566238280342845e-05,0.9722222222222214,5.9772438632643326e-05,0.0049261083743842365,0.000197667523225934
0.23310810810810811,0.005522219323419428,0.021871943349822967,0.007284777879969051,0.04339507783285503,0.028378567687078977,0.02003203521007705,0.5675675675675675,1,9.649632007681837e-05,0.0,0.003571376852038132,0.7777777777777715,0.028141574275836193,0.21674876847290642,0.04111484483099427
0.21621621621621623,0.023436820593095053,0.012496914052856417,0.006642432736244325,0.03891642751543613,0.016652251769377888,0.028628245427532513,0.6081081081081081,1,0.04610559880298594,0.023255813953488372,0.007618996109747893,0.75,0.09740303549299242,0.27463054187192115,0.07550899387230678
0.2567567567567568,0.0021741020958344205,0.015621923818511933,0.014584154513204573,0.02821984520393078,0.020395049396401556,0.04008985905080646,0.5135135135135136,0,0.05404563017829381,0.27906976744186046,0.009523758113376017,0.8888888888888857,0.03387736115927757,0.20812807881773399,0.01739474204388219
0.3378378378378379,0.007304983042003652,0.0031218847558898625,0.005255551175929575,0.020436559700843553,0.006777539559756855,0.031493648833351,0.7972972972972974,1,0.07429911980210904,0.0,0.005952329356573286,0.36111111111110716,0.056351206278828364,0.1022167487684729,0.08657837517295909
0.24324324324324326,0.004956952778502478,0.034371982412445046,0.005189856786230456,0.030698321593182018,0.03797005761898382,0.02003203521007705,0.5945945945945945,0,0.36708129670325873,0.13953488372093023,0.019047568131516635,0.6666666666666643,0.1250332891056741,0.1724137931034483,0.08440403241747381
0.20270270270270274,0.0035655274371684496,0.00016875052734539796,0.0006788420268909036,0.004043829898252022,0.0008831662423408169,0.02003203521007705,0.5810810810810811,1,0.13872327331780565,0.0,0.0009523290970494627,0.027777777777771462,0.018486845920856556,0.09113300492610837,0.029847796007116033
0.15540540540540543,0.0004348204191668842,0.02030943846699521,0.0018686404181082936,0.0024349943473345507,0.020446821210607743,0.0022522070769733318,0.4189189189189189,0,0.09910186404457975,0.0,0.00833328186110844,0.6666666666666643,0.03488047287692441,0.1416256157635468,0.04566119786519075
0.20270270270270274,0.0004348204191668842,0.026559457998306245,0.003802975225915707,0.007870249586920603,0.027227406171200254,0.07447469992062833,0.6486486486486487,0,0.23319156779215924,0.0,0.03214280690645998,0.9722222222222214,0.04148503144266995,0.2019704433497537,0.04210318244712394
0.23310810810810811,0.0038699017305852687,0.004684389638717621,0.007284777879969051,0.0401339246891034,0.011449184441656211,0.05728227948571739,0.7567567567567568,0,0.3757514067761374,0.11627906976744186,0.004285662603398677,0.27777777777777146,0.18408313221781786,0.12438423645320199,0.06009092706068393
0.30743243243243246,0.2608052874162971,2.3437573242416384e-05,5.8395013065884176e-05,0.00021741020958344207,6.395341754881778e-05,0.0802055067322653,0.9054054054054053,0,0.013214528435773627,0.0,0.004523757853852194,0.5833333333333286,0.24734486093143213,0.3017241379310345,0.1780984384265665
0.20270270270270274,0.02630663535959649,0.0014546920459126435,0.0037664783427495295,0.009261674928254632,0.003419985138443922,0.02003203521007705,0.554054054054054,1,0.04502063518433791,0.023255813953488372,0.013095186870178747,0.6388888888888857,0.02119140081740289,0.16502463054187191,0.06325360743229888
0.21621621621621623,0.0036090094790851377,0.00041093878418370063,0.00140148031358122,0.008000695712670668,0.0013689076756282662,0.02003203521007705,0.5135135135135136,1,0.009689882857351685,0.023255813953488372,0.00047613859614243194,0.1666666666666643,0.002524645774325311,0.07881773399014778,0.014429729195493181
0.1722972972972973,0.0026958865988346813,0.004684389638717621,0.006328559541015197,0.03161144447343247,0.009953892631348138,0.002283726514437335,0.10810810810810811,0,0.06383438935108025,0.0,0.004761853104305709,0.7222222222222214,0.029822896039750448,0.1206896551724138,0.1209725242142716
0.38851351351351354,0.023436820593095053,0.028121962881134003,0.08027854421232428,0.04339507783285503,0.0477320899976855,0.02003203521007705,0.7432432432432432,1,0.14293910636578608,0.06976744186046512,0.009523758113376017,0.44444444444444287,0.05890603417563155,0.08620689655172414,0.04645186795809449
0.15540540540540543,0.0038699017305852687,0.0015140672314600983,0.0036569876932509965,0.015653535090007827,0.0045909417597544185,0.0009169290898619162,0.49999999999999994,0,0.051807092014045895,0.0,0.005952329356573286,0.6388888888888857,0.0033448893381356442,0.054187192118226604,0.006720695789681755
0.30743243243243246,0.026350117401513176,0.0015265672705227205,0.004321230966875429,0.025089138185929213,0.004767575008222582,0.02003203521007705,0.7837837837837838,1,0.004935721157692595,0.023255813953488372,0.0026189958502240707,0.6666666666666643,0.01200479126399178,0.20689655172413793,0.032417473809053174
0.2398648648648649,0.001174015131750587,0.021871943349822967,0.007284777879969051,0.03217671101834942,0.02496924145155986,0.02003203521007705,0.527027027027027,0,0.047324226116731795,0.023255813953488372,0.004761853104305709,0.6388888888888857,0.028449905370168935,0.08004926108374384,0.03814983198260526
0.3006756756756757,0.02113227237151057,0.007809399404373138,0.029182907779675617,0.08687711974954344,0.019335249905592575,0.02003203521007705,0.6081081081081081,0,0.03528997551149141,0.0,0.013571377371085777,0.6944444444444429,0.03470115556102648,0.23275862068965517,0.09764775647361139
0.2972972972972973,0.08687711974954344,0.04062200194375608,0.00663513335961109,0.024741281850595705,0.043132012035424105,0.07734010332644681,0.689189189189189,0,0.032853732053298196,0.0,0.023809473140586943,0.9722222222222214,0.042468021745331534,0.354679802955665,0.03162680371614944
0.21959459459459463,0.0022175841377511086,0.00624689452154538,0.021883531146440094,0.021262718497260632,0.01263079996589151,0.02003203521007705,0.7162162162162162,0,0.0029030854647720352,0.0,0.0014285195979564936,0.6388888888888857,0.01706355171381193,0.15763546798029557,0.03735916188970152
0.18243243243243246,0.0008261587964170799,0.0015593798730621034,0.00608038073548519,0.033481172275850075,0.007184100571317197,0.031493648833351,0.7432432432432432,1,0.00013663934675254926,0.046511627906976744,0.00023804334568891652,0.7222222222222214,0.027255048403839164,0.14285714285714285,0.017197074520656257
0.25000000000000006,0.00013044612575006522,0.0006875021484442139,0.0011679002613176833,0.0023915123054178626,0.0010887307987477311,0.0013753936347928742,0.48648648648648657,0,0.14372811427438575,0.023255813953488372,0.003761853052400944,0.22222222222222143,0.026083271884110117,0.038177339901477834,0.012057718916781974
0.20608108108108109,0.004956952778502478,0.07030959471748349,0.004693499175170441,0.020827898078093748,0.07187298242194637,0.02003203521007705,0.6351351351351351,0,0.27008247808167274,0.023255813953488372,0.007857091360201409,0.5277777777777715,0.10723708116386999,0.2438423645320197,0.1547736706859063
0.14189189189189194,0.000521784503000261,0.0015593798730621034,0.005905195696287537,0.027567614575180453,0.00571012656685873,0.0006246579424684304,0.5405405405405406,0,0.017994325709741407,0.0,0.0007142338465959473,0.6111111111111072,0.002687984319499663,0.03940886699507389,0.008302035975489229
0.26013513513513514,0.0009131228802504567,0.004684389638717621,0.021883531146440094,0.04339507783285503,0.014672741226200194,0.02003203521007705,0.7702702702702702,0,0.05444707227928217,0.023255813953488372,0.007142805608840863,0.6388888888888857,0.025658354944127566,0.09975369458128079,0.05752124925874679
0.16554054054054057,0.000739194712583703,0.0006265644580139314,0.001218995897750332,0.0054787372815027395,0.0015013826119793887,0.034359052239169484,0.3108108108108108,1,0.07001248517951578,0.0,0.00023804334568891652,0.8888888888888857,0.018078499557920676,0.27586206896551724,0.057125914212294925
0.4087837837837838,0.6956257065831812,0.028121962881134003,0.0033504138746551044,0.00987042351508827,0.02997740312579942,0.02003203521007705,0.6351351351351351,1,0.03297644645483486,0.046511627906976744,0.007142805608840863,0.47222222222222143,0.018777422825496437,0.11083743842364532,0.04249851749357581
0.2567567567567568,0.006522306287503261,0.034371982412445046,0.00048175885779354447,0.0010870510479172102,0.033709541849898286,0.02003203521007705,0.7432432432432432,1,0.03780038541066265,0.023255813953488372,0.001666614848410009,0.6944444444444429,0.05950553398092727,0.33251231527093594,0.08203202213876261
0.35472972972972977,0.0038699017305852687,0.0011031284472763977,0.0005547526241258997,0.000739194712583703,0.0012882045534833295,0.04008985905080646,0.7972972972972974,1,0.06687619567235713,0.0,0.009523758113376017,0.7222222222222214,0.13965327251142481,0.34729064039408863,0.2059695592014232
0.16554054054054057,0.0004348204191668842,0.02030943846699521,0.051081037679382185,0.0401339246891034,0.034734319231097203,0.02003203521007705,0.6621621621621621,0,0.20383697460460143,0.023255813953488372,0.019047568131516635,0.7222222222222214,0.07535055647548561,0.20320197044334976,0.04921921328325756
0.19932432432432434,8.696408383337682e-05,0.0006875021484442139,0.0011679002613176833,0.003956865814418645,0.0012486143426197758,0.02003203521007705,0.6216216216216217,0,0.2296298915898308,0.023255813953488372,0.0020951862992263366,0.1666666666666643,0.04422036026801725,0.041871921182266014,0.018185412136785928
0.22297297297297297,0.00017392816766675367,0.001457817055678299,0.0008613264427217917,0.0027393686407513698,0.0020175780536234177,0.0028396147751661217,0.35135135135135137,1,0.018860889909060968,0.0,0.0011904243475029783,0.25,0.01357544524548718,0.15763546798029557,0.05732358173552086
0.1891891891891892,0.00021741020958344207,0.0014640670752096101,0.006481846450313143,0.01752326289242543,0.004283356275352962,0.0016733955889979971,0.5675675675675675,1,0.029238097016986795,0.046511627906976744,0.0014285195979564936,0.5833333333333286,0.0025548278968031803,0.04802955665024631,0.005930025696778019
0.2364864864864865,0.007348465083920341,0.0001671880224625702,4.379625979941313e-05,0.01856683189842595,0.0001751105480503344,0.034359052239169484,0.7027027027027026,1,0.0013251708959940254,0.0,0.00022613858316624074,0.6944444444444429,0.0780870689134791,0.2832512315270936,0.12848389009685707
0.3783783783783784,0.08687711974954344,0.02343444823265073,0.005423436838493992,0.012696756239673016,0.025803681280530146,0.02003203521007705,0.6486486486486487,0,0.1753776291626275,0.046511627906976744,0.03571423566326271,0.80555555555555,0.12298741464673305,0.3657635467980295,0.08578770508005536
0.3445945945945946,0.010870510479172103,0.0624970703033447,0.08027854421232428,0.04339507783285503,0.08234916129660985,0.16616760890681995,0.6486486486486487,0,0.3169781866916616,0.09302325581395349,0.05952376070861425,0.8611111111111072,0.21937195145767813,0.5504926108374384,0.09547341371812612
0.3817567567567568,0.0076963214192538485,0.0624970703033447,0.10217667411203084,0.028002434994347337,0.08528949580343764,0.02003203521007705,0.7972972972972974,1,0.05516702350489333,0.046511627906976744,0.00833328186110844,0.47222222222222143,0.1332156033287922,0.14285714285714285,0.04605653291164262
0.320945945945946,0.017088442473258546,0.028121962881134003,0.007284777879969051,0.013522915036090096,0.02987233679696922,0.06014768289153588,0.6621621621621621,1,0.0007066587542997789,0.023255813953488372,0.007142805608840863,0.8611111111111072,0.031336144807905586,0.16379310344827586,0.02431310535678988
0.18243243243243246,0.008174623880337422,0.2140600439376373,0.0033358151213886333,0.007000608748586834,0.20969107453923086,0.02003203521007705,0.5135135135135136,0,0.02102379287276465,0.13953488372093023,0.0064285198574803165,0.80555555555555,0.015513610953624872,0.13054187192118227,0.021545760031626806
0.24662162162162166,0.0029132968084181234,0.0004812515039109498,0.0015839647294121082,0.008870336551004436,0.0020556455640691426,0.0019513397193623903,0.5675675675675675,0,0.04770387482376283,0.0,0.014285663122446324,0.7222222222222214,0.024928065941427744,0.19704433497536947,0.041905514923898005
0.2837837837837838,0.022915036090094792,0.0624970703033447,0.21166732361056365,0.020436559700843553,0.1061992179410654,0.04008985905080646,0.7972972972972974,0,0.012057834912831718,0.023255813953488372,0.0026189958502240707,0.36111111111110716,0.10170783468718893,0.09729064039408868,0.05752124925874679
0.19932432432432434,0.00708757283242021,0.04062200194375608,0.006963605308106688,0.015131750587007567,0.042379798029016584,0.04582066586244344,0.6351351351351351,1,0.03828166780896582,0.0,0.009523758113376017,0.8611111111111072,0.06981953457983527,0.3091133004926108,0.03558015418066812
0.4189189189189189,0.0038699017305852687,7.656273925856019e-05,0.00027737631206294983,0.0005652665449169494,0.00021622345933171725,0.02003203521007705,0.6081081081081081,1,0.01858123650975732,0.0,0.09285709577210641,0.5277777777777715,0.0330624438523751,0.1354679802955665,0.07689266653488833
0.21959459459459463,0.0055657013653361165,0.0006203144384826203,0.0008321289361888495,0.0033481172275850075,0.0010065049761849656,0.06587848970317287,0.527027027027027,0,0.12023985198743123,0.023255813953488372,0.002857091100677586,0.9444444444444429,0.012435034460882193,0.09975369458128079,0.030045463530341966
0.8310810810810811,0.0013479432994173408,0.0012296913427854463,0.004657002292004263,0.0028263327245847463,0.002541386997356592,0.0027049408150926525,0.5945945945945945,0,0.016923485588408192,0.0,0.013333282120632263,0.6388888888888857,0.007807700820598647,0.1022167487684729,0.09804309152006326
0.2972972972972973,0.0012174971736672755,0.032809477529617284,0.021883531146440094,0.011218366814505611,0.03832789221717363,0.02003203521007705,0.6216216216216217,1,0.000290270019480525,0.046511627906976744,0.003999948302854459,0.7222222222222214,0.007821904172352939,0.12807881773399016,0.018976082229689665
0.2736486486486487,0.0024349943473345507,0.05155953612355039,0.0033066176148556915,0.017349334724758678,0.052691525258554535,0.02003203521007705,0.5675675675675675,1,0.04191251640676427,0.0,0.01190471061791117,0.6111111111111072,0.02577434898345428,0.16625615763546797,0.05949792449100613
0.2702702702702703,0.0012609792155839638,0.014059418935684175,0.0036058920568183476,0.01608835550917471,0.016337052782887287,0.02003203521007705,0.49999999999999994,0,0.06657129328362614,0.0,0.021428520636051787,0.5,0.013571894407548607,0.041871921182266014,0.017197074520656257
0.21283783783783788,0.17384120358292027,0.034371982412445046,0.08027854421232428,0.34776937124967394,0.06601210851372258,0.06014768289153588,0.6756756756756757,0,0.2279815212689699,0.023255813953488372,0.007857091360201409,0.6388888888888857,0.08733581813081524,0.18596059113300492,0.077881004151018
0.195945945945946,0.0032611531437516305,0.001095315922862259,0.004963576110600155,0.021436646664927388,0.004677735683570672,0.05728227948571739,0.5405405405405406,1,0.05598321858698532,0.0,0.009523758113376017,0.8611111111111072,0.04957324846041585,0.3399014778325123,0.044672860249061086
0.195945945945946,0.00013044612575006522,0.034371982412445046,0.007284777879969051,0.04009044264718671,0.04270870131926765,0.001157622975950669,0.2972972972972973,0,0.03418836770431243,0.0,0.018095187129702574,0.55555555555555,0.009817475093830892,0.05911330049261084,0.03874283455228306
0.2364864864864865,0.03622054091660144,0.028121962881134003,0.004328530343508665,0.023175928341594924,0.030333715023571406,0.02003203521007705,0.7027027027027026,1,0.008416996909102659,0.046511627906976744,0.0005951862213691896,0.30555555555555003,0.02188144699013222,0.07635467980295567,0.030045463530341966
0.16216216216216217,0.01665362205409166,7.18752246100769e-05,0.00014598753266471045,0.0008696408383337683,0.00018424675055730836,0.005705018180984609,0.6756756756756757,1,0.00016597509063985498,0.0,9.518619541680728e-05,0.027777777777771462,0.008855198012477644,0.24876847290640394,0.04981221585293537
0.22635135135135137,0.012653274197756328,0.017184428701339693,0.051081037679382185,0.04339507783285503,0.032393928688894034,0.02003203521007705,0.6486486486486487,0,0.31898435841409917,0.023255813953488372,0.019285663381970148,0.6388888888888857,0.17569664481323183,0.23399014778325122,0.1191935165052382
0.39189189189189194,0.0038699017305852687,0.0013937543554823609,0.004226339070643367,0.020088703365510045,0.004897004543738047,0.02003203521007705,0.554054054054054,0,0.5286962805544313,0.0,0.04761899818593848,0.80555555555555,0.1912629265296122,0.44950738916256155,0.2842458983988931
0.22297297297297297,0.005522219323419428,0.0359344872952728,0.07297916757908875,0.13035916166623185,0.060611090131683136,0.11459034760208715,0.7837837837837838,1,0.04597441635166738,0.046511627906976744,0.0019047100988635244,0.8611111111111072,0.16003567408515618,0.4014778325123152,0.07452065625617711
0.24662162162162166,0.0053048091138359855,0.0009906280957127991,0.004591307902305143,0.024784763892512395,0.00513454580891937,0.0021347255373347735,0.3108108108108108,0,0.018901921817980886,0.046511627906976744,0.012142805868364685,0.19444444444444287,0.005130960821237798,0.05911330049261084,0.02470844040324175
0.29054054054054057,0.019306026611009657,0.034371982412445046,0.09487729747879532,0.04339507783285503,0.061083127261210124,0.005705018180984609,0.6756756756756757,1,0.05902115905944872,0.06976744186046512,0.0023809005997705553,0.47222222222222143,0.04116249699658291,0.16009852216748768,0.040719509784542404
0.2837837837837838,0.00021741020958344207,0.001509379716811615,0.0053358443188951665,0.014653448125923995,0.0038722271625391334,0.02003203521007705,0.6486486486486487,1,0.002241899085869424,0.0,0.0011189957723669235,0.22222222222222143,0.002765510947825171,0.15886699507389163,0.013441391579363512
0.17905405405405406,0.001043569006000522,0.001289066528332901,0.006007386969152834,0.024523871641012263,0.004784324712818701,0.02003203521007705,0.1891891891891892,0,0.05285765615282679,0.0,0.023809473140586943,0.6666666666666643,0.05174103502191459,0.25985221674876846,0.13026289780589048
0.23310810810810811,0.0038699017305852687,0.0009515654736421052,0.003065738185958919,0.006739716497086703,0.0018424675055730836,0.031493648833351,0.7162162162162162,1,0.13543767789191477,0.0,0.003571376852038132,0.44444444444444287,0.13137863650190382,0.29679802955665024,0.1715754101601107
0.22297297297297297,0.0038699017305852687,0.015621923818511933,0.006868713411874626,0.03878598138968606,0.02157057411896554,0.10599413738463169,0.40540540540540554,0,0.07958117367656495,0.0,0.030952330654192402,0.9166666666666643,0.09391847986260625,0.42857142857142855,0.14686696975686894
0.19932432432432434,0.000739194712583703,0.02343444823265073,0.09487729747879532,0.02682841986259675,0.045882008990023274,0.02003203521007705,0.40540540540540554,0,0.004929481888093973,0.06976744186046512,0.004761853104305709,0.8888888888888857,0.016929803484792352,0.145320197044335,0.022138762601304606
0.22297297297297297,0.0036959735629185147,0.0013828168213025666,0.005861399436488124,0.018175493521175756,0.004140222436077036,0.0008481594081222724,0.6756756756756757,1,0.0005205391725638448,0.0,0.00023804334568891652,0.6666666666666643,0.0015996524913270784,0.09236453201970443,0.009290373591618897
0.2533783783783784,0.0026958865988346813,0.017184428701339693,0.08027854421232428,0.021871467084094272,0.03642451669488738,0.02003203521007705,0.6621621621621621,0,0.1640129751298309,0.0,0.00833328186110844,0.7222222222222214,0.1693489301917097,0.25492610837438423,0.12453053963233841
0.1891891891891892,0.0008261587964170799,0.00028750089844030766,0.0008540270660885561,0.004783024610835725,0.0009395061578004898,0.02003203521007705,0.6756756756756757,1,0.0008824102347111317,0.0,0.0018809005738181727,0.6944444444444429,0.0136121372375191,0.10344827586206896,0.029254793437438233
0.20945945945945948,0.0019566918862509784,0.004684389638717621,0.003613191433451583,0.0191320984433429,0.006168459392625257,0.002289457321248972,0.6621621621621621,1,0.01652884422553659,0.0,0.0023809005997705553,0.6944444444444429,0.023963421634782114,0.23399014778325122,0.04605653291164262
0.20270270270270274,0.001478389425167406,0.02030943846699521,0.006029285099052541,0.021958431167927648,0.02311611504306197,0.02003203521007705,0.6351351351351351,0,0.018147915620117947,0.023255813953488372,0.004761853104305709,0.47222222222222143,0.014147721959920508,0.04064039408866995,0.019569084799367465
0.25000000000000006,0.02735020436559701,0.0009828155712986602,0.0014379771967473977,0.004043829898252022,0.0015546771266034035,0.02003203521007705,0.6621621621621621,1,0.034878992390438214,0.023255813953488372,0.007142805608840863,0.5,0.013005535756346234,0.13423645320197045,0.044672860249061086
0.22972972972972977,0.0002608922515001305,0.0013078165869268342,0.00531394618899546,0.020436559700843553,0.004505670536355995,0.02003203521007705,0.5945945945945945,1,0.023401736964004417,0.0,0.007618996109747893,0.8333333333333286,0.029886811122644758,0.2044334975369458,0.022138762601304606
0.2364864864864865,0.018175493521175756,0.0031218847558898625,0.006598636476444912,0.023175928341594924,0.005734489773543994,0.02003203521007705,0.5810810810810811,0,0.10257516089442513,0.11627906976744186,0.017857091879249058,0.8611111111111072,0.0651288776629805,0.28940886699507384,0.03814983198260526
0.347972972972973,0.004348204191668841,0.0031218847558898625,0.007087694710871692,0.03804678667710236,0.008798163014215932,0.001982859156826394,0.554054054054054,0,0.0294622386682093,0.0,0.02547613989376155,0.6666666666666643,0.009948264291234993,0.12931034482758622,0.05257956117809844
0.2364864864864865,0.0038699017305852687,0.012496914052856417,0.007284777879969051,0.03895990955735281,0.01770900585935121,0.02003203521007705,0.6756756756756757,1,0.03952531137226147,0.11627906976744186,0.00523804360521274,0.5833333333333286,0.07608913076670877,0.22167487684729065,0.17118007511365882
0.26013513513513514,0.0009566049221671452,0.0005812518164119263,0.0013065884173491583,0.003522045395251761,0.00116638852005701,0.0009627755443550119,0.7297297297297296,1,0.00030027651930044415,0.046511627906976744,0.0009523290970494627,0.6666666666666643,0.005140429722407326,0.08866995073891626,0.01087171377742637
0.24662162162162166,0.0053048091138359855,0.00023437573242416384,0.001021912728652973,0.004261240107835464,0.000861848436491211,0.037224455644987976,0.7027027027027026,0,0.08338046282980777,0.023255813953488372,0.009285662862922501,0.80555555555555,0.06800032194263976,0.2623152709359606,0.04605653291164262
0.3378378378378379,0.0038699017305852687,2.0312563476760868e-05,2.9197506532942084e-05,8.696408383337682e-05,4.263561169921185e-05,0.000991429578413197,0.7567567567567568,1,6.402844970185857e-05,0.0,0.002833281575632234,0.36111111111110716,0.0020381809767408277,0.02955665024630542,0.007709033405811426
0.20945945945945948,0.0003043742934168189,0.001075003359385498,0.003875968992248062,0.019392990694843033,0.003654481002789587,0.02003203521007705,0.37837837837837834,1,0.026803184252330737,0.023255813953488372,0.0023809005997705553,0.5833333333333286,0.012099480275687058,0.14655172413793105,0.07313698359359558
0.19932432432432434,0.0004783024610835726,0.0011562536132925414,0.0010949064949853282,0.006044003826419689,0.0018653080118405186,0.02003203521007705,0.40540540540540554,1,0.019890431193818097,0.0,0.0011904243475029783,0.4166666666666643,0.012305428876124283,0.15024630541871922,0.06602095275746195
0.347972972972973,0.0038699017305852687,0.03749699217810056,0.005408838085227522,0.018697278024176017,0.03877861154085101,0.02003203521007705,0.6216216216216217,0,0.04624322170583117,0.0,0.01190471061791117,0.5277777777777715,0.015394066076359585,0.13793103448275862,0.044475192725835146
0.22635135135135137,0.0017827637185842248,0.0031218847558898625,0.007284777879969051,0.02839377337159753,0.009044840481904228,0.0021003406964649517,0.48648648648648657,1,0.06805792253873816,0.0,0.007857091360201409,0.5833333333333286,0.016308998651865195,0.13054187192118227,0.04566119786519075
0.19932432432432434,0.000521784503000261,0.0015593798730621034,0.002912451276660973,0.008565962257587618,0.0033103507083602343,0.02003203521007705,0.1891891891891892,0,0.03845762573096347,0.023255813953488372,0.005952329356573286,0.47222222222222143,0.016780668291372293,0.03940886699507389,0.051393556038742835
0.21621621621621623,0.0053048091138359855,0.001451567036146988,0.0036861851997839383,0.015305678754674321,0.0034793704547392526,0.02003203521007705,0.5810810810810811,0,0.11795681185473321,0.023255813953488372,0.013095186870178747,0.6944444444444429,0.07499606448795142,0.2832512315270936,0.11840284641233446
0.21959459459459463,0.004304722149752152,0.0015593798730621034,0.003065738185958919,0.014131663622923734,0.0035341876697810967,0.02003203521007705,0.5405405405405406,0,0.019817540219965613,0.046511627906976744,0.019047568131516635,0.75,0.03847628809605254,0.2844827586206896,0.05376556631745404
0.21959459459459463,0.020480041742760243,0.021871943349822967,0.006532942086745792,0.021741020958344206,0.024640338161308794,0.0544168760798989,0.527027027027027,0,0.10997980113718676,0.0,0.03571423566326271,0.8888888888888857,0.09043037339428149,0.3805418719211822,0.04981221585293537
0.20945945945945948,0.0056526654491694936,0.07655961424879454,0.00720448473700346,0.040481781024436905,0.07938750898393246,0.02003203521007705,0.6621621621621621,1,0.041547314666030406,0.0,0.002857091100677586,0.6111111111111072,0.05794730793221687,0.25369458128078815,0.11939118402846413
0.21283783783783788,0.0013044612575006523,0.021871943349822967,0.007284777879969051,0.030002608922515005,0.025124556894178415,0.02003203521007705,0.6756756756756757,0,0.01101632659064212,0.11627906976744186,0.003571376852038132,0.6111111111111072,0.011211178984720745,0.1268472906403941,0.02767345325163076
0.21959459459459463,0.0,6.40627001959381e-05,7.29937663323552e-06,4.3482041916688424e-05,7.765772130927872e-05,0.000945583123920101,0.554054054054054,0,0.013198097263401785,0.0,0.2380951985487508,0.5277777777777715,0.003207590271177493,0.13054187192118227,0.027475785728404825
0.15540540540540543,0.0038699017305852687,0.00029531342285444645,7.299376633235521e-05,0.00013044612575006522,0.0003167216869084309,0.02003203521007705,0.7027027027027026,1,0.00013108251781181621,0.0,0.0005951862213691896,0.8333333333333286,0.0006604558565745539,0.0332512315270936,0.005732358173552086
0.23310810810810811,0.04339507783285503,0.032809477529617284,0.007284777879969051,0.026480563527263242,0.036438220998647845,0.02003203521007705,0.7702702702702702,1,0.005569550739124324,0.046511627906976744,0.003571376852038132,0.6944444444444429,0.10412240448541848,0.2733990147783251,0.06621862028068788
0.2567567567567568,0.018262457605009132,0.05155953612355039,0.0033358151213886333,0.018262457605009132,0.053816800867330164,0.02003203521007705,0.5945945945945945,1,0.025219807528460488,0.046511627906976744,0.00416661497817192,0.7222222222222214,0.032364704197445526,0.11083743842364532,0.03478948408776438
0.1756756756756757,0.0003913383772501957,0.0002859383935574799,0.0004379625979941313,0.0006957126706670146,0.00045224202409521145,0.00036104082913312953,0.6351351351351351,0,1.7868373988552105e-05,0.0,0.0027142339504054765,0.7222222222222214,0.0004681188015685235,0.02832512315270936,0.0009883376161296698
0.1925675675675676,0.0038699017305852687,0.0009906280957127991,0.002394195535701251,0.01287068440733977,0.00281699577298364,0.0015243946118954357,0.554054054054054,1,0.028099586132613853,0.0,0.002857091100677586,0.3333333333333286,0.005847638278506422,0.03940886699507389,0.015615734334848787
0.1891891891891892,0.0038699017305852687,0.0005328141650442658,0.0001970831690973591,0.0005652665449169494,0.0006182163696385719,0.0015759718732001684,0.5810810810810811,1,8.537082796429064e-05,0.0,0.0011904243475029783,0.75,0.005209079255886402,0.1625615763546798,0.02115042498517494
0.22297297297297297,0.0038699017305852687,0.0015515673486479645,0.006401553307347553,0.032307157144099485,0.006014666650424529,0.0008796788455862759,0.37837837837837834,1,0.015076713068883897,0.0,0.016904710877434996,0.47222222222222143,0.005303176461258582,0.05295566502463055,0.01640640442775252
0.21959459459459463,0.0013044612575006523,0.001204691264660202,0.004832187331201916,0.022567179754761284,0.004437149017553691,0.02003203521007705,0.4324324324324324,0,0.10670601364406632,0.023255813953488372,0.00833328186110844,0.6111111111111072,0.011952712307559378,0.0812807881773399,0.019569084799367465
0.2533783783783784,0.001478389425167406,0.004684389638717621,0.021883531146440094,0.025089138185929213,0.011924266972018857,0.04582066586244344,0.6621621621621621,0,0.08112149878274742,0.0,0.0030951863511311014,1.0,0.003701156744639122,0.07635467980295567,0.010674046254200436
0.3006756756756757,0.0038699017305852687,0.004684389638717621,0.005211754916130163,0.028089399078180713,0.008379420399312958,0.25499511448719303,0.7297297297297296,0,0.061773151636598224,0.0,0.03809518816779787,1.0,0.06603789217525516,0.3374384236453202,0.1541806681162285
0.28716216216216217,0.026437081485346556,0.0013000040625126953,0.005678915020657236,0.031046177928515526,0.005535016018808395,0.02003203521007705,0.5945945945945945,0,0.07072813794942243,0.0,0.014285663122446324,0.6388888888888857,0.05314065697603539,0.24014778325123154,0.06839296303617316
0.24662162162162166,0.018262457605009132,0.0009828155712986602,0.0038832683688812975,0.016392729802591533,0.0034945974589175428,0.02003203521007705,0.4324324324324324,0,0.10554827739387641,0.11627906976744186,0.01190471061791117,0.6944444444444429,0.03927226760061595,0.17610837438423646,0.12077485669104567
0.28040540540540543,0.019306026611009657,0.015621923818511933,0.007087694710871692,0.03804678667710236,0.019382453618545275,0.031493648833351,0.5945945945945945,0,0.10048378796800184,0.0,0.027857092398296705,0.8333333333333286,0.08774002184948945,0.34729064039408863,0.0685906305593991
0.2364864864864865,0.0014349073832507176,0.03749699217810056,0.006642432736244325,0.03661187929385164,0.04233716241731737,0.00244418910516317,0.5945945945945945,0,0.014459166074478457,0.0,0.0030951863511311014,0.7222222222222214,0.011649707470134493,0.13793103448275862,0.025103775449693617
0.21621621621621623,0.0038699017305852687,0.0008250025781330568,0.0028102600037956758,0.011131402730672233,0.0020998038761861834,0.02003203521007705,0.6621621621621621,1,0.002158597933426362,0.0,0.0019047100988635244,0.6111111111111072,0.017797983360773418,0.19211822660098524,0.041905514923898005
0.17905405405405406,0.03252456735368293,0.0011609411279410247,0.003861370238981591,0.001695799634750848,0.0021226443824536186,0.02003203521007705,0.7702702702702702,1,0.011837977253253537,0.0,0.00047613859614243194,0.027777777777771462,0.07926890614070077,0.21674876847290642,0.05791658430519866
0.27702702702702703,0.017958083311592314,0.028121962881134003,0.0048686842143680934,0.02791547091051396,0.03192798236103836,0.02003203521007705,0.689189189189189,0,0.09339373840446702,0.023255813953488372,0.008571377111561954,0.6111111111111072,0.05851603380871163,0.15763546798029557,0.07768333662779206
0.22972972972972977,0.0013044612575006523,0.0007515648486401521,0.0010584096118191506,0.003174189059918254,0.00116638852005701,0.02003203521007705,0.7702702702702702,1,0.015182504520002372,0.023255813953488372,0.00047613859614243194,0.38888888888888573,0.020416134534147815,0.09359605911330049,0.02866179086776043
0.20270270270270274,0.0013044612575006523,0.0015593798730621034,0.004554811019138965,0.019610400904426475,0.005228953234824768,0.02003203521007705,0.47297297297297297,0,0.03191122233359768,0.09302325581395349,0.006666615107933832,0.8333333333333286,0.017724007570386485,0.11822660098522168,0.01383672662581538
0.2837837837837838,0.0037829376467518917,0.02343444823265073,0.007102293464138163,0.014870858335507437,0.025514368201142636,0.02003203521007705,0.7162162162162162,1,0.0826779000343699,0.023255813953488372,0.007142805608840863,0.7777777777777715,0.12870899817842013,0.31034482758620685,0.06404427752520261
0.20608108108108109,0.0026524045569179928,0.0359344872952728,0.00560592125432488,0.03122010609618228,0.041018503855477464,0.02003203521007705,0.7027027027027026,0,0.050125058565472794,0.0,0.03333328315872756,0.6111111111111072,0.04231711113294219,0.15517241379310345,0.042696185016801745
0.16216216216216217,0.0038699017305852687,0.0007343772949290467,0.002350399275901838,0.002130620053917732,0.0013034315576616194,0.00034957921550985555,0.337837837837838,1,0.005446829763014855,0.023255813953488372,0.0007142338465959473,0.55555555555555,0.002155950435036828,0.05788177339901478,0.01581340185807472
0.19932432432432434,0.0038699017305852687,0.0015062547070459596,0.005817603176688711,0.026958865988346816,0.005032524880924827,0.0008882750558037313,0.4594594594594595,1,0.001184427700892203,0.046511627906976744,0.0023809005997705553,0.75,0.0056192010377915675,0.061576354679802964,0.00889503854516703
0.1925675675675676,0.0024349943473345507,0.0031218847558898625,0.0062044701382501935,0.03582920253935125,0.010010232546807812,0.02003203521007705,0.5810810810810811,0,0.16646418494557344,0.0,0.03571423566326271,0.75,0.06266045348934926,0.23768472906403942,0.04052184226131647
0.18581081081081086,0.0006087485868336378,0.00017968806152519228,0.00013868815603147492,0.000521784503000261,0.0002329731639278362,0.02003203521007705,0.7702702702702702,1,0.0004119285446235685,0.0,0.00369042447726489,0.5833333333333286,0.007233056880872938,0.0812807881773399,0.018580747183237795
0.2702702702702703,0.005957039742586312,0.0031218847558898625,0.006430750813880495,0.03439429515610053,0.006905446394854491,0.02003203521007705,0.7027027027027026,0,0.10462490888546086,0.0,0.002857091100677586,0.0833333333333286,0.04250353012471727,0.1022167487684729,0.029847796007116033
0.21621621621621623,0.0038699017305852687,0.0015593798730621034,0.00037956758492824715,0.0010870510479172102,0.001767855185099463,0.02003203521007705,0.7702702702702702,1,0.000590917344687568,0.046511627906976744,0.0023809005997705553,0.80555555555555,0.01910646714113752,0.17733990147783252,0.014627396718719116
0.1925675675675676,0.0006957126706670146,0.001457817055678299,0.005861399436488124,0.013262022784589966,0.004411263110450598,0.002693479201469379,0.3243243243243243,1,0.02095303994999064,0.0,0.0005951862213691896,0.36111111111110716,0.011427188292650594,0.13669950738916256,0.06246293733939515
0.24324324324324326,0.0038699017305852687,0.0011062534570420533,0.00384677148571512,0.010435690060005219,0.002547477799027908,0.02003203521007705,0.6486486486486487,0,0.29975519249405747,0.0,0.01714280612788851,0.6111111111111072,0.16071684316303908,0.25492610837438423,0.46135599920932996
0.20270270270270274,0.006478824245586573,0.00017343804199388123,0.00045256135126060234,0.001174015131750587,0.0004202653153208025,0.02003203521007705,0.7297297297297296,1,0.0038292955035569526,0.023255813953488372,0.0007142338465959473,0.6944444444444429,0.014819422136633877,0.18596059113300492,0.03478948408776438
0.32432432432432434,0.0019132098443342901,0.0006015643798886872,0.0017664491452429962,0.006957126706670145,0.0018744442143474925,0.02003203521007705,0.6486486486486487,0,0.0673048683390184,0.023255813953488372,0.007142805608840863,0.19444444444444287,0.04109207204413455,0.12807881773399016,0.053370231271002176
0.2972972972972973,0.0038699017305852687,0.021871943349822967,0.09487729747879532,0.035394382120184364,0.04405324578821065,0.06587848970317287,0.7162162162162162,1,0.02334028706175944,0.0,0.007142805608840863,0.9722222222222214,0.055349278173827725,0.5061576354679803,0.0604862621071358
0.32770270270270274,0.03117662405426559,0.024996953115478487,0.00650374458021285,0.029611270545264808,0.02879578760156412,0.02003203521007705,0.36486486486486486,1,0.02669644606272733,0.0,0.010714234365643593,0.4166666666666643,0.02950272881895579,0.22167487684729065,0.08875271792844436
0.18581081081081086,0.000521784503000261,0.0014062543945449829,0.0021095198470050657,0.009261674928254632,0.003011901426465751,0.037224455644987976,0.7027027027027026,0,0.004372716819335808,0.06976744186046512,0.0005951862213691896,0.8888888888888857,0.031062138480312376,0.3091133004926108,0.01640640442775252
0.25000000000000006,0.04339507783285503,0.021871943349822967,0.029182907779675617,0.04339507783285503,0.029482525490004997,0.14897518847190902,0.8648648648648649,1,0.04487274279876028,0.023255813953488372,0.004761853104305709,0.6666666666666643,0.394684513967221,0.33497536945812806,0.29907096264083816
0.24662162162162166,0.004956952778502478,0.0005078140869190217,0.0012408940276500387,0.0010000869640838335,0.0008374852298059471,0.02003203521007705,0.6486486486486487,0,0.04574981974000628,0.023255813953488372,0.0033332816015846168,0.30555555555555003,0.009296093723183775,0.011083743842364532,0.005930025696778019
0.22635135135135137,0.005826593616836247,0.0012984415576298676,0.0039489627585804175,0.022784589964344727,0.005174136019782924,0.02003203521007705,0.6756756756756757,1,0.0884492244130956,0.023255813953488372,0.006666615107933832,0.7777777777777715,0.11554012387689955,0.21182266009852216,0.03340581142518285
0.25000000000000006,0.0004348204191668842,0.0031218847558898625,0.006146075125184309,0.030785285677015394,0.00596746293747183,0.0011547575725448507,0.6216216216216217,1,0.0007475723209090804,0.046511627906976744,0.0019047100988635244,0.6944444444444429,0.009821025931769464,0.08990147783251232,0.021545760031626806
0.28040540540540543,0.0038699017305852687,0.0013328166650520782,0.0026350749645980233,0.013914253413340292,0.0032616242949897066,0.02003203521007705,0.7972972972972974,1,0.09527228320456275,0.023255813953488372,0.009523758113376017,0.3333333333333286,0.06690133760065146,0.10837438423645321,0.07531132634908085
0.27702702702702703,0.0018262457605009133,0.0009234403857512056,0.0033942101344545178,0.018175493521175756,0.004424967414211059,0.02003203521007705,0.6621621621621621,0,0.14227354263630523,0.09302325581395349,0.012857091619725232,0.0,0.04516014870909287,0.1477832512315271,0.05297489622455031
0.25000000000000006,0.008131141838420734,0.07655961424879454,0.021883531146440094,0.04339507783285503,0.08448550998282393,0.008570421586803097,0.6081081081081081,0,0.3298635512501133,0.046511627906976744,0.026190425645122094,0.7222222222222214,0.13875372690031967,0.21921182266009853,0.08756671278908876
0.26013513513513514,0.04339507783285503,0.0031218847558898625,0.001175199637950919,0.0054352552395860515,0.003901158470477884,0.00015473178391419833,0.47297297297297297,1,3.179463411900728e-06,0.046511627906976744,0.00039280525848370154,0.6388888888888857,0.0009445228916603836,0.025862068965517244,0.007709033405811426
0.26351351351351354,0.0015218714670840944,0.001165628642589508,0.0041679440575774825,0.023741194886511875,0.003677321509057022,0.001948474315956572,0.6621621621621621,0,0.004167308755883922,0.023255813953488372,0.0030951863511311014,0.75,0.010901072471418713,0.1268472906403941,0.011464716347104172
0.22635135135135137,0.0008261587964170799,0.034371982412445046,0.005912495072920773,0.01369684320375685,0.035518509946279135,0.02003203521007705,0.5405405405405406,1,0.06718884948243352,0.0,0.007142805608840863,0.6944444444444429,0.041534743173809965,0.2204433497536946,0.08875271792844436
0.20608108108108109,0.004304722149752152,0.0031218847558898625,0.0037007839530504094,0.01917558048525959,0.005682717959337808,0.005705018180984609,0.5810810810810811,0,0.017878563261496196,0.0,0.01666661562698148,0.5833333333333286,0.015120651555089475,0.09852216748768473,0.024115437833563947
0.3006756756756757,0.0026958865988346813,0.0012593789355591736,0.005240952422663104,0.027611096617097142,0.008728118794995798,0.02003203521007705,0.4189189189189189,0,0.029522523556151984,0.0,0.004285662603398677,0.80555555555555,0.008308960776260518,0.16379310344827586,0.016011069381300654
0.1756756756756757,0.0028263327245847463,0.00624689452154538,0.014584154513204573,0.011696669275589183,0.009673715754467604,0.02003203521007705,0.40540540540540554,0,0.2015606497405736,0.06976744186046512,0.019999949133330697,0.6111111111111072,0.04225615508166335,0.16871921182266011,0.10278711207748567
0.21959459459459463,0.012392381946256198,0.015621923818511933,0.002671571847764201,0.0018262457605009133,0.01593810527341609,0.02003203521007705,0.337837837837838,0,0.0363755597698129,0.046511627906976744,0.009523758113376017,0.44444444444444287,0.01540412678385221,0.08497536945812809,0.03221980628582724
0.2736486486486487,0.0017827637185842248,0.007809399404373138,0.006175272631717251,0.03361161840160014,0.013826119793887271,0.02003203521007705,0.5675675675675675,1,0.07359994159675479,0.023255813953488372,0.005952329356573286,0.55555555555555,0.033743612930257995,0.08497536945812809,0.07195097845423998
0.21621621621621623,0.0008261587964170799,0.05155953612355039,0.0017591497686097607,0.003217671101834942,0.05091757927178375,0.02003203521007705,0.7162162162162162,1,0.0005336883181879174,0.0,0.00035709097091567426,0.5833333333333286,0.017926997139208232,0.1022167487684729,0.031231468669697574
0.2398648648648649,0.0038699017305852687,0.0008390651220785065,0.0028613556402283247,0.012435863988172886,0.0021454848887210534,0.048686069268261925,0.5810810810810811,0,0.06646754389482308,0.06976744186046512,0.014285663122446324,0.9444444444444429,0.05859651946865261,0.3842364532019704,0.05692824668906899
0.15540540540540543,0.0003913383772501957,0.0014203169384904327,0.0037883764726492357,0.02161057483259414,0.004653372476885407,0.0028396147751661217,0.1891891891891892,0,0.053074380371002754,0.046511627906976744,0.0038094721024916475,0.6111111111111072,0.010789812882676763,0.06773399014778325,0.0604862621071358
0.4222972972972973,0.0038699017305852687,0.017184428701339693,0.005000072993766333,0.027958952952430647,0.020082895810746612,0.04582066586244344,0.7567567567567568,0,0.41756128226707473,0.09302325581395349,0.029761854401924828,0.5833333333333286,0.26315319143395854,0.31650246305418717,0.3103380114647164
0.20608108108108109,0.000521784503000261,0.00044062637695742806,0.001693455378910641,0.009522567179754762,0.0018013545942917007,0.0011461613623273952,0.49999999999999994,0,1.9876248525347973e-05,0.023255813953488372,0.00019637667685955132,0.6111111111111072,0.001017906875724223,0.01847290640394089,0.031033801146471637
0.34121621621621623,0.00013044612575006522,7.656273925856019e-05,0.00016058628593118148,0.00013044612575006522,0.00012333873384414858,0.0002607517099294824,0.7432432432432432,1,0.000839952958405564,0.046511627906976744,0.00037899573395739765,0.7222222222222214,0.00044563016129089527,0.01724137931034483,0.003558015418066812
0.25000000000000006,0.0038699017305852687,0.02030943846699521,0.005343143695528402,0.029915644838681626,0.024407364997380956,0.02003203521007705,0.6216216216216217,1,0.04380430108158889,0.023255813953488372,0.004999948354759224,0.80555555555555,0.03128643307676557,0.3041871921182266,0.034394149041312515
0.2398648648648649,0.0004348204191668842,0.13593479979624937,0.08027854421232428,0.040568745108270285,0.15437289105992133,0.002189168202045325,0.527027027027027,0,0.0640954945655666,0.023255813953488372,0.01190471061791117,0.7222222222222214,0.029677903490592055,0.20935960591133004,0.060288594583909866
0.2736486486486487,0.0202626315331768,0.0009421904443451387,0.0026642724711309655,0.006435342203669885,0.001961238138163745,0.0012693737087775903,0.5135135135135136,0,0.019181408223135108,0.06976744186046512,0.00833328186110844,0.30555555555555003,0.0028246915801347187,0.01477832512315271,0.0075113658825854916
0.2837837837837838,0.013001130533089836,0.0031218847558898625,0.007284777879969051,0.03891642751543613,0.008671778879536124,0.05155147267408042,0.5810810810810811,1,0.040135671043668796,0.0,0.007142805608840863,0.9444444444444429,0.03220905913447142,0.29679802955665024,0.0395335046451868
0.19932432432432434,0.0016523175928341595,0.021871943349822967,0.021883531146440094,0.01343595095225672,0.027291359588749075,0.02003203521007705,0.527027027027027,0,0.13372930670465666,0.0,0.010714234365643593,0.7777777777777715,0.05048167116636741,0.24630541871921183,0.04170784740067207
0.4695945945945947,0.0038699017305852687,0.04062200194375608,0.1532723105446795,0.8260718323332464,0.1335332131415137,0.35241883028502163,0.8378378378378377,0,0.8195591397847342,0.06976744186046512,0.052380903195008786,0.8888888888888857,0.5890798713649776,0.8645320197044335,0.3401858074718324
0.24324324324324326,0.017088442473258546,0.0007015646923896637,0.002992744419626564,0.01700147838942517,0.003077377544432398,0.02003203521007705,0.6486486486486487,0,0.2213898834957427,0.023255813953488372,0.04761899818593848,0.7777777777777715,0.19574704303970664,0.49507389162561577,0.24550306384661
0.21621621621621623,0.47821549699973914,0.02030943846699521,0.0041679440575774825,0.020958344203843814,0.022717167533590772,0.02003203521007705,0.7432432432432432,1,0.052333386567649395,0.06976744186046512,0.0014285195979564936,0.0,0.04827778441915985,0.08620689655172414,0.04921921328325756
0.2736486486486487,0.0038699017305852687,0.0015593798730621034,0.006175272631717251,0.023132446299678235,0.004971616864211667,0.002567401451613365,0.6756756756756757,0,0.017935221615075762,0.0,0.0033332816015846168,0.38888888888888573,0.0035443280690188204,0.02955665024630542,0.0075113658825854916
0.21959459459459463,0.0038699017305852687,0.0012187538086056518,0.004788391071402502,0.017392816766675364,0.0032326929870509554,0.001779415515013281,0.5405405405405406,0,0.018879373663064726,0.046511627906976744,0.009523758113376017,0.3333333333333286,0.010263697061444883,0.04802955665024631,0.01284838900968571
0.35810810810810817,0.013392468910340032,0.05155953612355039,0.005445334968393699,0.02682841986259675,0.05239764407791354,0.13464817144281657,0.7297297297297296,1,0.028116996916334687,0.06976744186046512,0.003571376852038132,0.8888888888888857,0.11075536975467261,0.5123152709359605,0.07412532120972525
0.26689189189189194,0.0006522306287503262,0.13593479979624937,0.09487729747879532,0.03291590573093312,0.15737413358346228,0.02003203521007705,0.6351351351351351,1,0.04554375027452951,0.0,0.012380901118818202,0.6944444444444429,0.05549249530401683,0.18596059113300492,0.05673057916584306
0.22635135135135137,0.0038699017305852687,0.004684389638717621,0.007284777879969051,0.038525089138185926,0.007695727911707739,0.06587848970317287,0.689189189189189,1,0.0030493197430864704,0.0,0.004761853104305709,0.9166666666666643,0.054811918032457024,0.48275862068965514,0.04170784740067207
0.20608108108108109,0.0015653535090007827,0.0008828152587976838,0.0022628067563030116,0.010740064353422039,0.002273391723818689,0.014301228398440073,0.6351351351351351,0,0.317469375656278,0.06976744186046512,0.0011904243475029783,0.6111111111111072,0.060393243465570484,0.20566502463054187,0.14923898003558014
0.1756756756756757,0.0038699017305852687,0.00027500085937768557,0.0004087650914611892,0.0005652665449169494,0.00042178801573863157,4.871185789891429e-05,0.7567567567567568,0,0.0002827368739524939,0.06976744186046512,4.756714532610421e-05,0.7777777777777715,1.5386964400482438e-05,0.007389162561576354,0.000197667523225934
0.26689189189189194,0.006435342203669885,0.0008265650830158844,0.0005839501306588418,0.002478476389251239,0.001160297718385694,0.031493648833351,0.5945945945945945,0,0.1372553342582837,0.09302325581395349,0.03690471191553029,0.8333333333333286,0.0629823961291132,0.2795566502463054,0.044672860249061086
0.34121621621621623,0.015262196712757633,0.0015593798730621034,0.00048905823442678,0.0016523175928341595,0.0018409448051552547,0.0802055067322653,0.9189189189189186,1,0.00994500784040819,0.0,0.0007856624217320019,0.6111111111111072,0.31553811173540103,0.2623152709359606,0.14785530737299862
0.20945945945945948,0.0038699017305852687,0.03124697264678952,0.007284777879969051,0.04339507783285503,0.037516292894470775,0.06587848970317287,0.7297297297297296,0,0.013332039720386837,0.0,0.00833328186110844,0.7222222222222214,0.11301606990889733,0.3362068965517241,0.18066811622850365
0.2533783783783784,0.003956865814418645,0.04843452635789487,0.021883531146440094,0.022567179754761284,0.05414570415758122,0.04008985905080646,0.7027027027027026,1,0.0017841812714391478,0.023255813953488372,0.003571376852038132,0.8611111111111072,0.031930910162616545,0.2044334975369458,0.024510772880015814
0.19932432432432434,0.0002608922515001305,0.07030959471748349,0.003934364005313946,0.017305852682841988,0.07136287778197366,0.02003203521007705,0.2837837837837838,0,0.01992452824333588,0.0,0.0011904243475029783,0.9166666666666643,0.007979916460619432,0.19704433497536947,0.013243724056137577
0.6283783783783784,0.0038699017305852687,0.02030943846699521,0.0062701645279493136,0.03556831028785112,0.022846597069106238,0.001842454389941288,0.527027027027027,0,0.02041662975865854,0.046511627906976744,0.013571377371085777,0.55555555555555,0.006726470668303208,0.10344827586206896,0.03597548922711999
0.195945945945946,0.0016088355509174712,0.004684389638717621,0.004087650914611892,0.019827811114009917,0.00687651508691574,0.014301228398440073,0.47297297297297297,0,0.13841197649955767,0.0,0.013095186870178747,0.47222222222222143,0.03322755781651874,0.06403940886699508,0.02016208736904527
0.21283783783783788,0.0021741020958344205,0.021871943349822967,0.014584154513204573,0.025089138185929213,0.026306172418413713,0.02003203521007705,0.6351351351351351,0,0.06196434678854505,0.0,0.005952329356573286,0.6944444444444429,0.02938555116698289,0.1564039408866995,0.03558015418066812
0.32770270270270274,0.009739977389338204,0.01874693358416745,0.00454751164250573,0.014740412209757373,0.02082597361464716,0.02003203521007705,0.6756756756756757,0,0.2274865834829361,0.0,0.023809473140586943,0.6666666666666643,0.15116213007666257,0.23645320197044337,0.13658825854912038
0.2972972972972973,0.012392381946256198,0.034371982412445046,0.014584154513204573,0.005783111574919559,0.036952893739874045,0.02003203521007705,0.7297297297297296,1,0.054712846755379616,0.046511627906976744,0.013095186870178747,0.5,0.08604863937808258,0.18226600985221675,0.11286815576200832
0.21621621621621623,0.0004348204191668842,0.0006109394091856538,0.0018759397947415292,0.006391860161753196,0.001451133498191032,0.0028080953377021185,0.7702702702702702,0,0.0010453097401895161,0.023255813953488372,0.0014285195979564936,0.6666666666666643,0.002931808524615,0.05665024630541872,0.010081043684522634
0.2398648648648649,0.002261066179667797,0.004684389638717621,0.014584154513204573,0.04287329332985477,0.013806324688455496,0.031493648833351,0.6351351351351351,0,0.06818264349989704,0.0,0.005952329356573286,0.8888888888888857,0.022119353132016604,0.20689655172413793,0.021545760031626806
0.2837837837837838,0.029046004000347857,0.009371904287200899,0.0032701207316895137,0.012696756239673016,0.011651703597227468,0.02003203521007705,0.6216216216216217,1,0.033465055557079765,0.0,0.01190471061791117,0.80555555555555,0.047447480147856894,0.3004926108374384,0.03735916188970152
0.25000000000000006,0.0012174971736672755,0.0007375023046947022,0.0029270500299274443,0.012131489694756067,0.0030865137469393723,0.002598920889077369,0.5405405405405406,1,0.0005955471588618039,0.09302325581395349,0.001666614848410009,0.8333333333333286,0.0024275895373376526,0.1268472906403941,0.0055346906503261515
0.28716216216216217,0.009000782676754502,0.0015593798730621034,0.006525642710112556,0.022567179754761284,0.00499750277131476,0.02003203521007705,0.7297297297297296,1,0.06446343264350482,0.0,0.005952329356573286,0.75,0.07891441415316658,0.3669950738916256,0.07155564340778811
0.1722972972972973,0.00465257848508566,0.0003093759667998963,0.000686141403524139,0.0006957126706670146,0.0005024911378835683,0.07447469992062833,0.8108108108108107,1,0.012409862524564825,0.0,4.2805240317033906e-05,0.75,0.05373897316868492,0.2844827586206896,0.06483494761810635
0.32432432432432434,0.9565179580833116,0.0359344872952728,0.14597293391144395,0.8260718323332464,0.09742846353437039,0.14037897825445356,0.8918918918918919,0,0.06979905876706234,0.023255813953488372,0.009523758113376017,0.7222222222222214,0.49950229088227666,0.4187192118226601,0.21723660802530145
0.39189189189189194,0.007000608748586834,0.0031218847558898625,0.005211754916130163,0.027567614575180453,0.0063435699406755915,0.02289743861589554,0.6486486486486487,1,0.0001841958617311322,0.023255813953488372,0.002023757724090282,0.7777777777777715,0.012071073572178475,0.17980295566502463,0.05099822099229097
0.31081081081081086,0.009739977389338204,0.01874693358416745,0.0037007839530504094,0.01039220801808853,0.020410276400579845,0.02003203521007705,0.6216216216216217,1,0.0448364840297019,0.023255813953488372,0.013095186870178747,0.5277777777777715,0.016078785992181054,0.12192118226600986,0.04566119786519075
0.35810810810810817,0.0038699017305852687,0.03124697264678952,0.11677542737850188,0.17384120358292027,0.06705972640118892,0.028628245427532513,0.7702702702702702,0,0.5000125580915282,0.09302325581395349,0.026904711396482643,0.6944444444444429,0.3077878161281426,0.4408866995073891,0.6493378137971931
0.21621621621621623,0.015131750587007567,0.0015593798730621034,0.0035037007839530503,0.013914253413340292,0.0036148907919260334,0.10599413738463169,0.7702702702702702,0,0.04958221581210139,0.046511627906976744,0.002857091100677586,0.9166666666666643,0.04501989061051924,0.43472906403940886,0.045858865388416686
0.2398648648648649,0.0038699017305852687,0.0011609411279410247,0.003693484576417174,0.017044960431341856,0.0030210376289727253,0.02003203521007705,0.7567567567567568,1,4.9017385057417424e-05,0.023255813953488372,0.0011904243475029783,0.9444444444444429,0.007486349987157802,0.05295566502463055,0.011662383870330107
0.1756756756756757,0.012653274197756328,0.0007921899755936738,0.003036540679425977,0.011000956604922169,0.003148944464070361,0.02003203521007705,0.6621621621621621,0,0.2385192136992375,0.023255813953488372,0.010714234365643593,0.47222222222222143,0.13041635942055058,0.08866995073891626,0.04783554062067603
0.30743243243243246,0.0038699017305852687,0.0006890646533270417,0.0020073285741397683,0.007913731628837292,0.002188120500420265,0.02003203521007705,0.5810810810810811,1,0.08548501251506095,0.023255813953488372,0.01666661562698148,0.38888888888888573,0.025765471888607845,0.07142857142857142,0.026882783158727025
0.23310810810810811,0.009131228802504566,0.02343444823265073,0.004014657148279537,0.010696582311505349,0.024739313688467678,0.02003203521007705,0.47297297297297297,0,0.053500102369385974,0.023255813953488372,0.00833328186110844,0.7777777777777715,0.06376713131353781,0.2795566502463054,0.0784740067206958
0.21621621621621623,0.0033915992695016956,0.0008828152587976838,0.0036569876932509965,0.017262370640925298,0.0030667186415075953,0.02003203521007705,0.5405405405405406,0,0.011389995066243325,0.023255813953488372,0.004047567352945162,0.80555555555555,0.008883604715986227,0.13669950738916256,0.014627396718719116
0.26689189189189194,0.0024349943473345507,0.0005140641064503327,0.00018248441583088807,0.0003043742934168189,0.000586239660864163,0.02003203521007705,0.7837837837837838,1,0.00019229310560643607,0.023255813953488372,0.0009523290970494627,0.6111111111111072,0.005853556341737377,0.07758620689655173,0.007313698359359557
0.25000000000000006,0.010000869640838335,0.00022968821777568055,0.0010438108585526795,0.0052613270719192974,0.0006517157788308097,0.3123031826035628,0.7837837837837838,1,0.0334524902335214,0.0,0.003571376852038132,0.9722222222222214,0.17131964524761767,0.6009852216748768,0.12057718916781973
0.19932432432432434,0.0018697278024176016,0.014059418935684175,0.003343114498021869,0.015218714670840945,0.015505658354752653,0.02003203521007705,0.48648648648648657,0,0.03400083064467822,0.0,0.014761853623353355,0.6944444444444429,0.06544904488377516,0.21798029556650247,0.10496145483297095
0.21621621621621623,0.0014349073832507176,0.00019218810058781435,0.00025547818216324327,0.0006087485868336378,0.00028474497813402204,0.02003203521007705,0.6216216216216217,1,0.039415638293354774,0.0,0.004761853104305709,0.80555555555555,0.06259831382542423,0.3583743842364532,0.05534690650326152
0.1891891891891892,0.0005652665449169494,0.0014859421435691987,0.00454751164250573,0.019610400904426475,0.0038189326479151184,0.001679126395809634,0.689189189189189,0,0.007685369242177329,0.023255813953488372,0.0007142338465959473,0.6111111111111072,0.00353781819946477,0.09113300492610837,0.021348092508400873
0.16554054054054057,0.0003478563353335073,0.0010718783496198425,0.0007080395334238457,0.0029132968084181234,0.0015485863249320875,0.0019112240716809316,0.48648648648648657,0,0.01094781165245333,0.046511627906976744,0.007857091360201409,0.6944444444444429,0.012967068345345029,0.0874384236453202,0.01482506424194505
0.17905405405405406,0.0035655274371684496,0.001093753417979431,0.00265697309449773,0.014305591790590488,0.0041310862335700626,0.0001919820281898387,0.7162162162162162,0,0.0003321000815398244,0.0,0.0007142338465959473,0.7222222222222214,0.0007498186113619712,0.0049261083743842365,0.003360347894840878
0.1891891891891892,0.02874162970693104,0.021871943349822967,0.004591307902305143,0.022567179754761284,0.024905288034011038,0.02003203521007705,0.8243243243243243,0,0.030452294383571898,0.023255813953488372,0.01666661562698148,0.5277777777777715,0.07600746149412159,0.19827586206896552,0.10140343941490414
0.29054054054054057,0.04035133489868684,0.0015312547851712036,0.004379625979941313,0.018740760066092706,0.004476739228417244,0.0010487376465295665,0.5675675675675675,1,0.00045950478332058755,0.023255813953488372,0.0021428053493170395,0.27777777777777146,0.0025329310628486477,0.09236453201970443,0.008697371021941095
0.39189189189189194,0.0033915992695016956,0.034371982412445046,0.0015620665995124017,0.008652926341420994,0.03455768598262904,0.02003203521007705,0.6351351351351351,0,0.18621012806761597,0.09302325581395349,0.053571379447276364,0.7777777777777715,0.08871176783201222,0.31650246305418717,0.08638070764973316
0.2972972972972973,0.029785198712931563,0.024996953115478487,0.007284777879969051,0.041525350030437426,0.030091605657136596,0.02003203521007705,0.5405405405405406,1,0.06889787681205828,0.0,0.0154761393747139,0.6666666666666643,0.07866999814172815,0.22660098522167488,0.10140343941490414
0.18581081081081086,0.0014349073832507176,0.0015593798730621034,0.006197170761616958,0.018871206191842772,0.0049990254717325894,0.02003203521007705,0.6486486486486487,0,0.23666201259231875,0.0,0.03571423566326271,0.7777777777777715,0.08640194775297057,0.2044334975369458,0.02332476774066021
0.17905405405405406,0.002043655970084355,0.00047968899902812203,0.0008686258193550271,0.002478476389251239,0.0010735037945694412,0.02003203521007705,0.5675675675675675,1,0.02511465512581934,0.0,0.0002975671583022954,0.027777777777771462,0.02347577322455144,0.29679802955665024,0.07768333662779206
0.2567567567567568,0.005087398904252543,0.017184428701339693,0.004306632213608958,0.011435777024089053,0.018656125519240844,0.0012779699189950458,0.5945945945945945,1,0.033092596802875976,0.09302325581395349,0.00571423410611977,0.55555555555555,0.017811594906204615,0.19088669950738918,0.05178889108519471
0.2567567567567568,0.006913644664753457,0.0015593798730621034,0.003036540679425977,0.008435516131837552,0.0029723112156021976,0.02003203521007705,0.689189189189189,1,0.1534819729848568,0.0,0.009761853363829532,0.6111111111111072,0.11076187962422665,0.145320197044335,0.11128681557620083
0.22635135135135137,0.0003478563353335073,0.0015593798730621034,0.004861384837734858,0.020436559700843553,0.004781279311983043,0.02003203521007705,0.4324324324324324,1,0.015721177679296375,0.046511627906976744,0.0038094721024916475,0.80555555555555,0.014197433691060529,0.2044334975369458,0.02470844040324175
0.3141891891891892,0.021784503000260896,0.007809399404373138,0.005883297566387831,0.0038699017305852687,0.009393538877587069,0.02003203521007705,0.6351351351351351,1,0.17058996869957654,0.046511627906976744,0.03333328315872756,0.5,0.07544051103659612,0.1724137931034483,0.056532911642617124
0.26689189189189194,0.009522567179754762,0.017184428701339693,0.004365027226674842,0.021784503000260896,0.020471184417293006,0.02003203521007705,0.48648648648648657,0,0.13151601227017784,0.0,0.021428520636051787,0.7777777777777715,0.09251471526422377,0.24261083743842365,0.07491599130262898
0.2736486486486487,0.0038699017305852687,0.0015593798730621034,0.0065548402166454986,0.031046177928515526,0.004549828848473036,0.01716663180425856,0.6621621621621621,1,0.0037346926604500006,0.0,0.007380900859294378,0.5277777777777715,0.04584782765652982,0.24014778325123154,0.10397311721684128
0.24324324324324326,0.0033915992695016956,0.0031218847558898625,0.0057884056701557685,0.031350552221932344,0.007647001498337211,0.042955262456624954,0.7027027027027026,0,0.05766329281286044,0.023255813953488372,0.004285662603398677,0.8611111111111072,0.021004390019304722,0.13423645320197045,0.022336430124530543
0.2972972972972973,0.022915036090094792,0.0012781289941531067,0.0014525759500138688,0.007348465083920341,0.00225664201922257,0.15757139868936448,0.7297297297297296,0,0.07131475815332004,0.06976744186046512,0.00523804360521274,0.9444444444444429,0.03128998391470414,0.2204433497536946,0.036370824273571856
0.3175675675675676,0.006478824245586573,0.0015593798730621034,0.007284777879969051,0.03695973562918515,0.005888282515744722,0.06301308629735437,0.7567567567567568,0,0.0684621285901367,0.0,0.004761853104305709,0.9444444444444429,0.036154631890548974,0.44704433497536944,0.04170784740067207
0.18581081081081086,0.002348030263501174,0.017184428701339693,0.00601468634578607,0.02361074876076181,0.021001084162697498,0.02003203521007705,0.47297297297297297,0,0.07720566612200933,0.046511627906976744,0.007142805608840863,0.80555555555555,0.046795309579805676,0.18596059113300492,0.02530144297291955
0.3344594594594595,0.0038699017305852687,0.02030943846699521,0.004343129096775136,0.02300200017392817,0.022998867110889137,0.2005524497766418,0.7837837837837838,0,0.1442628571540527,0.023255813953488372,0.00833328186110844,0.9722222222222214,0.08680970230958336,0.5369458128078818,0.07135797588456218
0.19932432432432434,0.0036090094790851377,0.0014406295019671936,0.004328530343508665,0.022088877293677714,0.004124995431898746,0.02003203521007705,0.554054054054054,0,0.04214969938061673,0.0,0.005952329356573286,0.38888888888888573,0.011067370048208543,0.08497536945812809,0.02866179086776043
0.20608108108108109,0.0017827637185842248,0.004684389638717621,0.005262850552562811,0.015436124880424387,0.008045949007808409,0.02003203521007705,0.527027027027027,1,0.07459485460651093,0.0,0.0025713768001333673,0.7777777777777715,0.052379002238211514,0.1958128078817734,0.051591223561968776
0.22635135135135137,0.0038699017305852687,0.00037187616211300665,0.0005912495072920773,0.003522045395251761,0.0007430778039005494,0.001157622975950669,0.6081081081081081,1,1.385131000039796e-05,0.18604651162790697,0.0016189957983193059,0.6388888888888857,0.006361326166953298,0.02955665024630542,0.012650721486459775
0.26351351351351354,0.011957561527089313,0.0015593798730621034,0.0038540708623483557,0.014131663622923734,0.003669708006967877,0.02003203521007705,0.7297297297297296,1,0.08224637794785189,0.0,0.0005475671712784865,0.3333333333333286,0.024464681590443984,0.07635467980295567,0.029057125914212296
0.22972972972972977,0.009522567179754762,0.01874693358416745,0.08027854421232428,0.17384120358292027,0.043389348406037205,0.034359052239169484,0.554054054054054,0,0.21301750558248622,0.09302325581395349,0.019047568131516635,0.8333333333333286,0.1073660949423048,0.21921182266009853,0.06127693220003954
0.24662162162162166,0.0017827637185842248,0.01874693358416745,0.006693528372676973,0.02465431776676233,0.022181176986514967,0.028628245427532513,0.6351351351351351,0,0.16579588750871732,0.046511627906976744,0.01190471061791117,1.0,0.019726088361418488,0.21674876847290642,0.021545760031626806
0.29391891891891897,0.6956257065831812,0.024996953115478487,0.007284777879969051,0.03582920253935125,0.029139917895993475,0.0028396147751661217,0.6486486486486487,1,0.06575494041178666,0.0,0.01190471061791117,0.47222222222222143,0.023380492406533067,0.09236453201970443,0.027871120774856692
0.21283783783783788,0.04148186798852074,0.03124697264678952,0.004007357771646301,0.004217758065918776,0.03166607788917178,0.02003203521007705,0.5675675675675675,0,0.03594696468311082,0.06976744186046512,0.005476138855666255,0.5833333333333286,0.011650891082780685,0.11206896551724138,0.03281280885550504
0.21621621621621623,0.0022175841377511086,0.0008250025781330568,0.0017226528854435831,0.0027393686407513698,0.0015775176328708385,0.02003203521007705,0.6216216216216217,1,2.40721408939895e-05,0.023255813953488372,0.00015471000803018612,0.8333333333333286,0.020264040309112278,0.2635467980295566,0.02767345325163076
0.3175675675675676,0.0013914253413340291,0.0015250047656398926,0.006452648943780202,0.029698234629098184,0.00581519289568893,0.02003203521007705,0.5405405405405406,0,0.02935689428804204,0.023255813953488372,0.014285663122446324,0.5277777777777715,0.0066341488819003135,0.0665024630541872,0.02075508993872307
0.2533783783783784,0.0010000869640838335,0.0014875046484520264,0.00537964057869458,0.01865379598225933,0.0047904155144900176,0.002836749371760303,0.5945945945945945,1,0.026266616271251146,0.023255813953488372,0.004761853104305709,0.6944444444444429,0.03903376965240848,0.18596059113300492,0.043289187586479545
0.2364864864864865,0.0038699017305852687,0.001503129697280304,0.0067811208922758,0.014131663622923734,0.0043945134058544786,0.0008309669876873615,0.37837837837837834,0,0.03557324229601256,0.0,0.009523758113376017,0.5833333333333286,0.007595242350607371,0.13054187192118227,0.05732358173552086
0.2398648648648649,0.010696582311505349,0.0010484407763774262,0.003386910757821282,0.006304896077919819,0.002192688601673752,0.0028396147751661217,0.7162162162162162,1,0.013753910334016767,0.023255813953488372,0.0017856624736367667,0.6111111111111072,0.020166392265801525,0.15517241379310345,0.04210318244712394
0.19932432432432434,0.003304635185668319,0.0008343776074300232,0.0022993036394691893,0.00847899817375424,0.002230756112119477,0.02003203521007705,0.4594594594594595,1,0.00026382577271595283,0.06976744186046512,0.0007142338465959473,0.8888888888888857,0.0047143291697785816,0.09975369458128079,0.01383672662581538
0.1891891891891892,0.0027393686407513698,0.0015593798730621034,0.00720448473700346,0.029611270545264808,0.00480107441741482,0.00231238054849552,0.5405405405405406,0,0.013204508786808084,0.0,0.00023804334568891652,0.6944444444444429,0.013610953624872909,0.16748768472906403,0.043289187586479545
0.20945945945945948,0.019914775197843293,0.021871943349822967,0.0011022058716185638,0.003087224976084877,0.021881205004202656,0.02003203521007705,0.5945945945945945,1,0.00404293624708407,0.046511627906976744,0.0026189958502240707,0.80555555555555,0.033284371223535905,0.27709359605911327,0.03261514133227911
0.18243243243243246,0.0007826767545003914,8.750027343835449e-05,0.0001313887793982394,0.01856683189842595,0.0001157252317550036,0.0021347255373347735,0.7162162162162162,1,0.000778234813589855,0.06976744186046512,0.0,0.6388888888888857,0.003365602559443986,0.0874384236453202,0.022336430124530543
0.2736486486486487,0.0003913383772501957,0.0015593798730621034,0.00552562811135929,0.027828506826680584,0.006552179897918164,0.0017536268843609147,0.4189189189189189,0,0.06373660572964684,0.046511627906976744,0.010714234365643593,0.6944444444444429,0.03031823793218136,0.1354679802955665,0.03063846610001977
0.4256756756756757,0.007783285503087225,0.017184428701339693,0.07297916757908875,0.03556831028785112,0.034282077207001986,0.02003203521007705,0.7567567567567568,1,0.005134504681579073,0.0,0.007142805608840863,0.75,0.0805341880594789,0.33497536945812806,0.08183435461553668
0.29391891891891897,0.013783807287590226,0.0015593798730621034,0.00011679002613176834,0.0003913383772501957,0.0015973127383026155,0.02003203521007705,0.7702702702702702,1,0.05280412598099119,0.023255813953488372,0.001666614848410009,0.36111111111110716,0.037821750302708936,0.10098522167487685,0.04744020557422416
0.28040540540540543,0.0076963214192538485,0.012496914052856417,0.029182907779675617,0.017436298808592054,0.019563654968266925,0.02003203521007705,0.6081081081081081,0,0.08375426937143803,0.023255813953488372,0.0154761393747139,0.6388888888888857,0.036377151068032874,0.1724137931034483,0.05198655860842064
0.2398648648648649,0.002869814766501435,0.0009890655908299712,0.003233623848523336,0.01617531959300809,0.003686457711563996,0.048686069268261925,0.5945945945945945,1,0.00012128640432188223,0.0,0.00047613859614243194,0.8333333333333286,0.03336604049612308,0.27586206896551724,0.04111484483099427
0.27702702702702703,0.02165405687451083,0.01874693358416745,0.007284777879969051,0.022958518132011482,0.022196403990693257,0.0006275233458742489,0.5945945945945945,1,0.0016993495584454441,0.046511627906976744,0.004523757853852194,0.44444444444444287,0.002079607419357511,0.03694581280788178,0.008499703498715162
0.3040540540540541,0.03195930080876598,0.05312204100637815,0.160571687177915,0.6086616227498044,0.11540698736767734,0.06874389310899134,0.6351351351351351,0,0.07421814341861231,0.06976744186046512,0.014285663122446324,0.9722222222222214,0.0445671587733512,0.38669950738916253,0.05040521842261317
0.28716216216216217,0.0038699017305852687,0.015621923818511933,0.002503686185199784,0.010522654143838597,0.016766454300715064,0.02003203521007705,0.6621621621621621,1,0.08653040115012421,0.0,0.004523757853852194,0.4166666666666643,0.10201734939416787,0.07635467980295567,0.039928839691638664
0.48648648648648657,0.005913557700669624,0.0014093794043106385,0.006379655177447846,0.032437603269849555,0.007723136519228661,0.02003203521007705,0.7837837837837838,0,0.09902073644590835,0.0,0.009523758113376017,0.6666666666666643,0.06531884749269415,0.25615763546798026,0.08539237003360349
0.38513513513513514,0.02791547091051396,0.0015593798730621034,0.005890596943021066,0.014088181581007046,0.0039042038713135423,0.04008985905080646,0.8108108108108107,1,0.07126815626631378,0.023255813953488372,0.0064285198574803165,0.0,0.08428860737319661,0.15270935960591134,0.06285827238584701
0.18581081081081086,0.013392468910340032,0.034371982412445046,0.006065781982218719,0.02543699452126272,0.037179776102130566,0.02003203521007705,0.7837837837837838,1,0.0075465760653715555,0.0,0.00011899572046215883,0.6388888888888857,0.034465616644434476,0.18842364532019704,0.05633524411939119
0.22635135135135137,4.3482041916688424e-05,0.0006968771777411805,0.0010292121052862086,0.005130880946169232,0.0012790683509763556,0.02003203521007705,0.5675675675675675,0,0.01602795645110792,0.0,0.005476138855666255,0.6666666666666643,0.017795616135481036,0.07881773399014778,0.02530144297291955
0.21959459459459463,0.0009566049221671452,0.004684389638717621,0.003204426341990394,0.006652752413253327,0.005697944963516098,0.028628245427532513,0.49999999999999994,1,0.031613607201371546,0.023255813953488372,0.005952329356573286,0.8333333333333286,0.02411847489143313,0.3657635467980295,0.04921921328325756
0.20945945945945948,4.3482041916688424e-05,0.00624689452154538,0.005912495072920773,0.015262196712757633,0.008627620567419085,0.0025559398379900915,0.4594594594594595,0,0.005778752331088754,0.023255813953488372,0.0014285195979564936,0.5277777777777715,0.006756652790781077,0.041871921182266014,0.03735916188970152
0.14527027027027029,0.565179580833116,0.0624970703033447,0.11677542737850188,0.04222106270110444,0.09239898405428122,0.02003203521007705,0.7432432432432432,0,0.07013418446701027,0.023255813953488372,0.009523758113376017,0.6944444444444429,0.11171113696647181,0.3275862068965517,0.09211306582328524
0.2736486486486487,0.0023045482215844856,0.0015593798730621034,0.005627819384224587,0.016566657970258285,0.00525636184234569,0.02003203521007705,0.5675675675675675,1,0.13310611609694936,0.023255813953488372,0.023809473140586943,0.44444444444444287,0.049949637281904574,0.09852216748768473,0.02569677801937142
0.23310810810810811,0.0015653535090007827,0.0011609411279410247,0.0042993328369757226,0.013653361161840162,0.0026175220182480417,0.0005902731015986085,0.5135135135135136,1,0.002012309743614869,0.06976744186046512,0.0021428053493170395,0.6944444444444429,0.0046225991896987825,0.12192118226600986,0.012255386440007909
0.2702702702702703,0.000739194712583703,0.0015593798730621034,0.006532942086745792,0.03678580746151839,0.006029893654602819,0.10599413738463169,0.4594594594594595,0,0.03783280068445511,0.023255813953488372,0.024999949392854517,0.9722222222222214,0.02008058034895268,0.19950738916256158,0.03202213876260131
0.29054054054054057,0.0053048091138359855,0.009371904287200899,0.03648228441291114,0.04091660144360379,0.018957620201970986,0.034359052239169484,0.527027027027027,0,0.08678703171035466,0.06976744186046512,0.026190425645122094,1.0,0.026201633148729215,0.22167487684729065,0.028266455821308562
0.17905405405405406,0.0038699017305852687,0.0031218847558898625,0.004379625979941313,0.025610922688929474,0.006017712051260187,0.000704889237831348,0.49999999999999994,1,0.008272706074511462,0.0,0.01190471061791117,0.55555555555555,0.004762857288272411,0.09975369458128079,0.01779007709033406
0.16554054054054057,0.0,0.00092031537598555,0.003554796420385699,0.005870075658752936,0.0026297036215906736,0.0025158241903086324,0.36486486486486486,1,0.029275685164667768,0.0,0.00523804360521274,0.6944444444444429,0.024392481219026336,0.11945812807881774,0.03261514133227911
0.21283783783783788,0.0038699017305852687,0.0005875018359432374,0.0023285011460021316,0.005000434820419167,0.0017830821892777528,0.0019284164921158425,0.6486486486486487,1,0.009234353060753254,0.023255813953488372,0.00023804334568891652,0.5833333333333286,0.008282921298044317,0.13423645320197045,0.03735916188970152
0.20608108108108109,0.00930515697017132,0.0015593798730621034,0.007284777879969051,0.042003652491521,0.007237395085941211,0.0028396147751661217,0.5405405405405406,1,0.00886118162285664,0.0,0.0019047100988635244,0.3333333333333286,0.013825187513833471,0.07019704433497537,0.013243724056137577
0.20945945945945948,4.3482041916688424e-05,0.0007343772949290467,0.0002700769354297143,0.0015653535090007827,0.0008511895335664081,0.0028396147751661217,0.4594594594594595,1,3.587481400615697e-05,0.11627906976744186,0.0021428053493170395,0.8611111111111072,0.002228742612777572,0.05788177339901478,0.005930025696778019
0.22635135135135137,0.47821549699973914,0.02030943846699521,0.004153345304311012,0.02217584137751109,0.023598811075513763,0.10885954079045018,0.8378378378378377,0,0.09323639835775849,0.023255813953488372,0.003476138751856726,0.36111111111110716,0.2588537184966699,0.17980295566502463,0.12018185412136786
0.2702702702702703,0.004304722149752152,0.00019843812011912537,0.000167885662564417,0.0009131228802504567,0.0003228124885797469,0.031493648833351,0.6621621621621621,0,0.09464156602590025,0.0,0.005952329356573286,0.75,0.12390885709179271,0.3854679802955665,0.11444949594781578
0.2567567567567568,0.011740151317505871,0.0012484414013793793,0.005795705046789004,0.023871641012261937,0.004478261928835073,0.02003203521007705,0.7162162162162162,1,0.018540082313783096,0.13953488372093023,0.0011904243475029783,0.05555555555555003,0.0088611160757086,0.050492610837438424,0.016999406997430324
0.16216216216216217,0.0004348204191668842,0.012496914052856417,0.0025912787047986103,0.012131489694756067,0.014113910172856951,0.02003203521007705,0.5810810810810811,0,0.03987450008345434,0.046511627906976744,0.004047567352945162,0.5,0.028664731065452594,0.07635467980295567,0.047044870527772294
0.22972972972972977,0.011957561527089313,0.0005078140869190217,0.001890538548008,0.0023915123054178626,0.0010202092799454264,0.02003203521007705,0.7162162162162162,1,0.014016969511542837,0.0,0.005476138855666255,0.5277777777777715,0.010485624432605688,0.10960591133004927,0.032417473809053174
0.30743243243243246,0.0038699017305852687,0.017184428701339693,0.05838041431261771,0.015131750587007567,0.029474911987915853,0.02003203521007705,0.6081081081081081,0,0.16506316057321782,0.0,0.026190425645122094,0.6666666666666643,0.16856419500728512,0.24261083743842365,0.12373986953943468
0.1756756756756757,4.3482041916688424e-05,0.0010015656298925934,0.004408823486474255,0.02221932341942778,0.004357968595826583,0.0018997624580576575,0.689189189189189,0,0.0008113154341508966,0.023255813953488372,8.92338141554694e-05,0.47222222222222143,0.002595070726773673,0.05172413793103448,0.014627396718719116
0.24324324324324326,0.013348986868423342,0.0005078140869190217,0.0005182557409597221,0.0026524045569179928,0.0008511895335664081,0.037224455644987976,0.4189189189189189,0,0.03690184643392903,0.023255813953488372,0.00833328186110844,0.8611111111111072,0.0384804307403142,0.2204433497536946,0.03399881399486065
0.3040540540540541,0.01447951995825724,0.021871943349822967,0.0028175593804289113,0.0020871380120010435,0.022082201459356084,0.042955262456624954,0.7702702702702702,1,0.04494482115541319,0.0,0.007618996109747893,0.7777777777777715,0.11231892206029086,0.3669950738916256,0.07293931607036964
0.18243243243243246,0.00491347073658579,0.0015593798730621034,0.002211711119870363,0.0131315766588399,0.00305910513941845,0.05155147267408042,0.6351351351351351,1,0.001346489605794334,0.13953488372093023,0.0030951863511311014,0.8611111111111072,0.04871098664766574,0.4901477832512315,0.058509586874876465
0.26689189189189194,0.0054352552395860515,0.004684389638717621,0.0030146425495262705,0.0161318375510914,0.006651155425077049,0.02003203521007705,0.6486486486486487,1,0.0039636508437146,0.06976744186046512,0.0019047100988635244,0.8611111111111072,0.011595853094732805,0.27216748768472904,0.0191737497529156
0.25000000000000006,0.00021741020958344207,0.001089065903330948,0.00044526197462736684,0.002130620053917732,0.0014222021902522812,0.02003203521007705,0.6621621621621621,0,0.07128842698920784,0.023255813953488372,0.0015475672231832513,0.19444444444444287,0.012656961832042998,0.020935960591133007,0.012255386440007909
0.24662162162162166,0.0038699017305852687,0.0008906277832118226,0.002350399275901838,0.012479346030089574,0.0024743881789721163,0.02003203521007705,0.7567567567567568,1,0.006604964432317163,0.046511627906976744,0.003571376852038132,0.6944444444444429,0.02022320567281869,0.2105911330049261,0.03913816959873493
0.21621621621621623,0.002956778850334812,0.0013656292675914613,0.002350399275901838,0.00382641968866858,0.0020541228636513135,0.002389746440452619,0.4594594594594595,1,0.0025687776416819293,0.0,0.003571376852038132,0.1666666666666643,0.00294364465107691,0.024630541871921183,0.012057718916781974
0.21959459459459463,0.0025219584311679277,0.0015265672705227205,0.004839486707835151,0.019219062527176277,0.0047630069069690955,0.002472843139221355,0.689189189189189,1,0.0007388465478729459,0.09302325581395349,0.0009523290970494627,0.6111111111111072,0.005038047228511808,0.04926108374384237,0.022138762601304606
0.2702702702702703,0.007348465083920341,0.009371904287200899,0.0027737631206294984,0.012261935820506132,0.010806604865332376,0.15470599528354598,0.7702702702702702,0,0.024978896771823605,0.0,0.010714234365643593,0.8888888888888857,0.08595868481697205,0.45566502463054187,0.06345127495552481
0.21621621621621623,0.0038699017305852687,0.012496914052856417,0.005080366136731923,0.02765457865901383,0.01658525295099341,0.02003203521007705,0.6486486486486487,1,0.05392250289358455,0.023255813953488372,0.0064285198574803165,1.0,0.011592894063117327,0.32881773399014774,0.02016208736904527
0.20945945945945948,0.0038699017305852687,0.028121962881134003,0.10217667411203084,0.4347334550830508,0.07442350562180994,0.02003203521007705,0.6621621621621621,0,0.18126088564347814,0.0,0.04761899818593848,0.80555555555555,0.0430758068391506,0.29433497536945813,0.04902154576003163
0.1891891891891892,0.002000173928167667,0.0015171922412257539,0.0029051519000277376,0.008435516131837552,0.002836790878415417,0.0022407454633500577,0.40540540540540554,0,0.015518482284586736,0.023255813953488372,0.014285663122446324,0.7777777777777715,0.018711732323632838,0.15517241379310345,0.021348092508400873
0.2567567567567568,0.0003913383772501957,0.0031218847558898625,0.0055037299814595835,0.025610922688929474,0.007430778039005494,0.042955262456624954,0.5675675675675675,1,0.06155536365254127,0.09302325581395349,0.009047567612468986,1.0,0.02332782164377757,0.1810344827586207,0.016208736904526587
0.23310810810810811,0.01591442734150796,0.04218450682658384,0.007284777879969051,0.022523697712844598,0.04538560865381102,0.05155147267408042,0.5945945945945945,0,0.07200248476775029,0.06976744186046512,0.0154761393747139,0.8888888888888857,0.08736185760903144,0.29556650246305416,0.04684720300454635
0.2837837837837838,0.0023915123054178626,0.0015203172509914093,0.0067811208922758,0.03491607965910079,0.004479784629252902,0.0015473178391419836,0.6756756756756757,1,0.024670204799323754,0.023255813953488372,0.0021428053493170395,0.6944444444444429,0.011235443043967659,0.15270935960591134,0.04309152006325361
0.21283783783783788,8.696408383337682e-05,0.02030943846699521,0.007284777879969051,0.025002174102095837,0.02297907200545736,0.02003203521007705,0.5405405405405406,1,0.0005710082232981598,0.023255813953488372,0.001095186247321572,0.75,0.005234526927779507,0.1477832512315271,0.012650721486459775
0.21621621621621623,0.0038699017305852687,0.01874693358416745,0.006219068891516665,0.030220019132098448,0.023247067278995264,0.0024957663664679033,0.5405405405405406,1,0.07308982443701259,0.023255813953488372,0.016428520376527964,0.5,0.037934193504097075,0.14285714285714285,0.04744020557422416
0.2364864864864865,0.0038699017305852687,0.0011750036718864746,0.00412414779777807,0.022393251587094532,0.003715389019502747,0.02003203521007705,0.7027027027027026,1,0.04194424661006972,0.0,0.0015475672231832513,0.0,0.014182046726660045,0.1477832512315271,0.0395335046451868
0.2364864864864865,0.00573962953300287,0.0009109403466885835,0.003598592680185112,0.0026958865988346813,0.001770900585935121,0.02003203521007705,0.49999999999999994,0,0.05275208166261111,0.06976744186046512,0.007142805608840863,0.6111111111111072,0.015413003878698641,0.08374384236453203,0.04249851749357581
0.26689189189189194,0.009392121054004698,0.015621923818511933,0.006219068891516665,0.022045395251761024,0.019262160285536786,0.2206102736173712,0.8108108108108107,0,0.13174042084905652,0.023255813953488372,0.04238090267596114,0.9444444444444429,0.2554224254353623,0.7192118226600985,0.14627396718719113
0.22635135135135137,0.0015653535090007827,0.0359344872952728,0.13137418064497292,0.47821549699973914,0.08073662155412896,0.02003203521007705,0.5810810810810811,0,0.05662075228273935,0.0,0.014285663122446324,0.6111111111111072,0.06381861846364711,0.16871921182266011,0.1122751531923305
0.26013513513513514,0.003435081311418384,0.004684389638717621,0.004153345304311012,0.003435081311418384,0.005758852980229258,0.02003203521007705,0.554054054054054,1,0.04422196922827737,0.023255813953488372,0.005952329356573286,0.9444444444444429,0.028724503504085237,0.2142857142857143,0.028464123344534496
0.3175675675675676,0.006435342203669885,0.0011937537304804078,0.0038978671221477686,0.010522654143838597,0.003098695350282004,0.005705018180984609,0.6081081081081081,0,0.16690276023380418,0.046511627906976744,0.03214280690645998,0.5277777777777715,0.09320772046856858,0.2413793103448276,0.13480925084008696
0.18243243243243246,0.004087311940168711,0.03749699217810056,0.0070730959576052205,0.015566571006174451,0.03903442521104628,0.02003203521007705,0.4594594594594595,0,0.008380648725854036,0.023255813953488372,0.003571376852038132,0.80555555555555,0.00679156936384371,0.11822660098522168,0.010278711207748568
0.21959459459459463,0.0038699017305852687,0.0009000028125087892,0.003160630082190981,0.015610053048091141,0.005146727412262002,0.02003203521007705,0.337837837837838,0,0.001091442202697012,0.0,0.0011904243475029783,0.9444444444444429,0.0011114122747733087,0.01354679802955665,0.01087171377742637
0.1925675675675676,0.00017392816766675367,0.0014093794043106385,0.0034234076409874596,0.019871293155926603,0.005102569100144961,0.0026504981503821016,0.5675675675675675,1,0.03557107531681371,0.11627906976744186,0.0030951863511311014,0.5,0.01468389848864501,0.06896551724137931,0.033010476378730974
0.1891891891891892,0.004130793982085399,0.0009687530273532106,0.0038248733558154135,0.002348030263501174,0.0018653080118405186,0.02003203521007705,0.689189189189189,0,0.16419352999313871,0.023255813953488372,0.023809473140586943,0.80555555555555,0.090297216971585,0.23399014778325122,0.03063846610001977
0.320945945945946,0.004348204191668841,0.0011968787402460632,0.005343143695528402,0.027045830072180192,0.0051573863151868045,0.10885954079045018,0.7837837837837838,0,0.33655266232493714,0.0,0.006904710358387347,0.80555555555555,0.1320349497142167,0.32019704433497537,0.08282269223166634
0.20945945945945948,0.0008696408383337683,0.0015593798730621034,0.006124176995284603,0.034437777198017216,0.008039858206137092,0.002776575900238115,0.445945945945946,1,0.02663601127452453,0.046511627906976744,0.001666614848410009,0.22222222222222143,0.004466362320401576,0.041871921182266014,0.012650721486459775
0.24324324324324326,0.565179580833116,0.03124697264678952,0.00560592125432488,0.03178537264109923,0.03439475703792134,0.02003203521007705,0.5945945945945945,0,0.049643344875193146,0.06976744186046512,0.01666661562698148,0.44444444444444287,0.10190608980542591,0.16133004926108374,0.07985767938327733
0.22635135135135137,0.001478389425167406,0.010934409170028657,0.001080307741718857,0.0010870510479172102,0.011001510518814487,0.042955262456624954,0.8108108108108107,1,0.07874995175085377,0.023255813953488372,0.0019047100988635244,0.7222222222222214,0.21055758808149408,0.33128078817733986,0.17552876062462938
0.2567567567567568,0.01478389425167406,0.0009703155322360384,0.003693484576417174,0.01700147838942517,0.002619044718665871,0.0016304145379107196,0.7297297297297296,0,0.013411915520394828,0.0,0.0023809005997705553,0.47222222222222143,0.01105198308380806,0.11822660098522168,0.05178889108519471
0.38513513513513514,0.0038699017305852687,0.017184428701339693,0.002854056263595089,0.006913644664753457,0.017812549487763583,0.24353350086391912,0.6621621621621621,0,0.2630802332529572,0.023255813953488372,0.058333284456346675,0.9722222222222214,0.16324740700059534,0.7401477832512315,0.19628385056335243
0.2972972972972973,0.0038699017305852687,0.01874693358416745,0.0033650126279215755,0.017610226976258806,0.02102392466896493,0.01716663180425856,0.6486486486486487,1,0.002232454054567653,0.046511627906976744,0.004761853104305709,0.80555555555555,0.03842125010800466,0.3435960591133005,0.04170784740067207
0.22635135135135137,0.0075658752935037835,0.017184428701339693,0.005109563643264865,0.012174971736672755,0.018887575982750853,0.06587848970317287,0.6081081081081081,0,0.15556912766536388,0.023255813953488372,0.026190425645122094,0.8333333333333286,0.1453470411459264,0.4051724137931034,0.10140343941490414
0.3006756756756757,0.006870162622836768,0.01874693358416745,0.0051022642666316296,0.017392816766675364,0.021340646355873363,0.02003203521007705,0.445945945945946,0,0.15227030682880432,0.023255813953488372,0.026190425645122094,0.75,0.1080869150438351,0.33866995073891626,0.1344139157936351
0.2837837837837838,0.000521784503000261,0.0031218847558898625,0.005598621877691645,0.017305852682841988,0.00514977281309766,0.02003203521007705,0.689189189189189,0,0.002953085091007571,0.09302325581395349,0.004761853104305709,0.9722222222222214,0.001349318416657691,0.03201970443349754,0.003755682941292746
0.32432432432432434,0.010740064353422039,0.0012218788183713074,0.004642403538737792,0.019958257239759983,0.004083882520617364,0.02003203521007705,0.6081081081081081,0,0.24012742521444794,0.0,0.03333328315872756,0.55555555555555,0.07874219851314579,0.2832512315270936,0.15378533306977663
0.32770270270270274,0.0038699017305852687,0.024996953115478487,0.007051197827705514,0.03987303243760327,0.029181030807274855,0.23780269405228213,0.689189189189189,0,0.13383899950728181,0.0,0.04523804568140333,0.9166666666666643,0.2255527766960873,0.7068965517241379,0.21842261316465705
0.3175675675675676,0.012001043569006001,0.028121962881134003,0.029182907779675617,0.014827376293590749,0.034530277375108116,0.02003203521007705,0.6486486486486487,0,0.16382625463213993,0.023255813953488372,0.019047568131516635,0.6388888888888857,0.05389580184430523,0.17733990147783252,0.07926467681359953
0.23310810810810811,0.008131141838420734,0.0031218847558898625,0.007284777879969051,0.04117749369510392,0.0070957839470831155,0.04008985905080646,0.6351351351351351,1,0.04508839404665332,0.18604651162790697,0.004714234054215005,0.9444444444444429,0.032087738838236846,0.19088669950738918,0.028464123344534496
0.2736486486486487,0.009218192886337944,0.021871943349822967,0.08757792084555979,0.042003652491521,0.04143572376996261,0.02003203521007705,0.5945945945945945,1,0.01660308824647379,0.06976744186046512,0.004761853104305709,1.0,0.019260336785142346,0.2623152709359606,0.02075508993872307
0.22972972972972977,0.011000956604922169,0.028121962881134003,0.021883531146440094,0.041351421862770674,0.03559464496717058,0.1317827680369981,0.8108108108108107,0,0.2327358604820949,0.11627906976744186,0.034523759410995135,0.9444444444444429,0.13085192887434885,0.3583743842364532,0.06760229294326943
0.20945945945945948,0.0003043742934168189,0.01874693358416745,0.08027854421232428,0.040525263066353595,0.04105048056425187,0.0011146419248633918,0.49999999999999994,1,0.00794794321622987,0.023255813953488372,0.0023809005997705553,0.6111111111111072,0.003656179464083866,0.04556650246305419,0.017987744613559994
0.20270270270270274,0.0013044612575006523,0.0013312541601692505,0.0045694097724054365,0.02713279415601357,0.006894787491929688,0.02003203521007705,0.47297297297297297,0,0.07964894963276967,0.023255813953488372,0.014285663122446324,0.44444444444444287,0.040470083598561205,0.09852216748768473,0.031824471239375374
0.29054054054054057,0.0038699017305852687,0.0012187538086056518,0.004744594811603089,0.016784068179841728,0.004400604207525795,0.02003203521007705,0.8108108108108107,1,0.036219693742328835,0.046511627906976744,0.0015475672231832513,0.25,0.035213659836827164,0.12561576354679804,0.08242735718521448
0.28716216216216217,0.013783807287590226,0.0031218847558898625,0.004014657148279537,0.0076963214192538485,0.004989889269225616,0.02003203521007705,0.689189189189189,0,0.0058380799612300065,0.0,0.002023757724090282,0.80555555555555,0.012627963322211319,0.27216748768472904,0.021545760031626806
0.29391891891891897,0.0038699017305852687,0.0013312541601692505,0.00420444094074366,0.015262196712757633,0.004115859229391772,0.0007507356923244439,0.5810810810810811,1,0.0003013113570610587,0.046511627906976744,0.0027023291878828007,0.5277777777777715,0.0005190141453547346,0.011083743842364532,0.008104368452263293
0.22635135135135137,0.002565440473084616,0.001198441245128891,0.00503656987693251,0.026480563527263242,0.003869181761703475,0.02003203521007705,0.7027027027027026,1,0.002709764095977797,0.0,0.002857091100677586,0.5277777777777715,0.0177352518905253,0.16009852216748768,0.06226526981616921
0.3175675675675676,0.0038699017305852687,0.00624689452154538,0.014584154513204573,0.03582920253935125,0.010757878451961847,0.12032115441372414,0.5675675675675675,0,0.0478386351576057,0.09302325581395349,0.019523758632423664,0.8611111111111072,0.11691844080338892,0.5344827586206896,0.18126111879818146
0.23310810810810811,0.0038699017305852687,0.032809477529617284,0.007284777879969051,0.03474215149143404,0.03846493525477824,0.02003203521007705,0.6351351351351351,0,0.023034749569294802,0.023255813953488372,0.004761853104305709,0.4166666666666643,0.00537537683267623,0.054187192118226604,0.01482506424194505
0.26689189189189194,0.0037394556048352032,0.017184428701339693,0.003175228835457452,0.018218975563092446,0.02084729142049677,0.02003203521007705,0.6081081081081081,0,0.20790754378121448,0.2558139534883721,0.019523758632423664,0.6944444444444429,0.07696322870592079,0.16379310344827586,0.06226526981616921
0.18581081081081086,0.003435081311418384,0.0004984390576220551,0.0007226382866903167,0.003913383772501957,0.0008862116431764749,0.0028396147751661217,0.4324324324324324,1,0.029149285057612686,0.0,0.0019047100988635244,0.25,0.017539363997580694,0.10714285714285715,0.044672860249061086
0.20270270270270274,0.00021741020958344207,0.004684389638717621,0.0017372516387100542,0.004043829898252022,0.005251793741092203,0.0013696628279812374,0.4594594594594595,0,0.027123018810832424,0.06976744186046512,0.0038094721024916475,0.55555555555555,0.00807164644069923,0.0812807881773399,0.02628978058904922
0.21959459459459463,8.696408383337682e-05,0.0015593798730621034,0.0016861560022774055,0.008652926341420994,0.0023693218501419154,0.02003203521007705,0.445945945945946,1,2.3952483668810444e-05,0.0,0.000214233820643565,0.7777777777777715,0.005535756346235105,0.13916256157635468,0.014429729195493181
0.1925675675675676,0.0082615879641708,0.0359344872952728,0.007284777879969051,0.014957822419340815,0.03756045120658781,0.05728227948571739,0.6216216216216217,0,0.026660266188542694,0.0,0.00833328186110844,0.8888888888888857,0.05637073588749052,0.3041871921182266,0.034987151610990315
0.24324324324324326,0.011000956604922169,0.021871943349822967,0.007284777879969051,0.03687277154535177,0.027410130221339736,0.042955262456624954,0.527027027027027,0,0.21458347415246476,0.0,0.029761854401924828,0.8333333333333286,0.13591246474313828,0.42241379310344823,0.125716544771694
0.195945945945946,0.001043569006000522,0.0015593798730621034,0.006591337099811676,0.01804504739542569,0.00408845062187085,0.0024355928949457146,0.4594594594594595,1,0.006598619969553548,0.0,0.0019047100988635244,0.55555555555555,0.005044557098065858,0.0874384236453202,0.01680173947420439
0.26351351351351354,0.13035916166623185,0.02343444823265073,0.021883531146440094,0.04339507783285503,0.033150710796555044,0.21201406339991574,0.689189189189189,1,0.2874778220757153,0.023255813953488372,0.01190471061791117,0.8888888888888857,0.27910888171093573,0.5615763546798029,0.12294919944653095
0.21621621621621623,0.0004348204191668842,0.00624689452154538,0.029182907779675617,0.02874162970693104,0.014203749497508862,0.02003203521007705,0.5945945945945945,0,0.02213177801557131,0.023255813953488372,0.007380900859294378,0.6666666666666643,0.030667403662807693,0.15763546798029557,0.03399881399486065
0.29054054054054057,0.0038699017305852687,0.0011171909912218476,0.0005547526241258997,0.0015653535090007827,0.0012942953551546455,0.12318655781954262,0.8783783783783785,1,0.002867996969674198,0.0,0.0007142338465959473,0.6388888888888857,0.21077714822736252,0.37438423645320196,0.15971535876655465
0.20608108108108109,0.0005652665449169494,0.0015593798730621034,0.005722711280456649,0.019958257239759983,0.005851737705716826,0.0028396147751661217,0.5810810810810811,0,0.027611295239693048,0.0,0.003571376852038132,0.7222222222222214,0.0035940398001588405,0.05541871921182266,0.01482506424194505
0.2398648648648649,0.004217758065918776,0.026559457998306245,0.007284777879969051,0.041655796156187495,0.0306169373012876,0.02003203521007705,0.6081081081081081,0,0.0442961422438282,0.0,0.004761853104305709,0.7222222222222214,0.06908747015816616,0.11083743842364532,0.051393556038742835
0.26689189189189194,0.005522219323419428,0.024996953115478487,0.04378166104614666,0.04339507783285503,0.03670317087135009,0.02003203521007705,0.5675675675675675,0,0.09215362670168599,0.046511627906976744,0.04285709317686817,0.75,0.08817736672225701,0.30788177339901474,0.13144890294524608
0.1925675675675676,0.0002608922515001305,0.0005421891943412323,0.002350399275901838,0.01287068440733977,0.002807859570476666,0.0010945841010226625,0.22972972972972971,1,0.01879628289695165,0.023255813953488372,0.01666661562698148,0.6111111111111072,0.009906246042295213,0.11206896551724138,0.054556236410357783
0.22297297297297297,0.015131750587007567,0.00031093847168272404,0.0008832245726214982,0.0012174971736672755,0.0005527402516719251,0.02003203521007705,0.5810810810810811,1,0.0035608228227774525,0.023255813953488372,0.005476138855666255,0.80555555555555,0.005268259888195949,0.1896551724137931,0.008302035975489229
0.20608108108108109,0.0038699017305852687,0.0010671908349713592,0.004839486707835151,0.013348986868423342,0.003115445054878123,0.000722081658266259,0.39189189189189183,1,3.032192980911116e-06,0.06976744186046512,7.137667037145575e-05,0.9444444444444429,0.00012960558475790977,0.011083743842364532,0.000790670092903736
0.22972972972972977,0.01039220801808853,0.02030943846699521,0.0064891458269463785,0.0054352552395860515,0.021566006017712053,0.0019914553670438494,0.4324324324324324,1,0.010071699858496128,0.023255813953488372,0.009047567612468986,0.6388888888888857,0.008841586467046449,0.13669950738916256,0.040126507214864604
0.3006756756756757,0.017088442473258546,0.026559457998306245,0.08027854421232428,0.04339507783285503,0.04932026653348114,0.36961125071993256,0.689189189189189,0,0.2660748670143077,0.0,0.04523804568140333,0.9166666666666643,0.2751881648204282,0.8041871921182265,0.19648151808657838
0.26689189189189194,0.0019566918862509784,0.032809477529617284,0.003934364005313946,0.010261761892338465,0.03363036142817118,0.06874389310899134,0.7162162162162162,0,0.025058145357585326,0.0,0.0038094721024916475,0.8333333333333286,0.06743100425982192,0.1933497536945813,0.07116030836133624
0.17905405405405406,0.0038699017305852687,0.034371982412445046,0.0040511540314457145,0.023741194886511875,0.03703511956243681,0.02003203521007705,0.7432432432432432,1,0.011281338416293364,0.0,0.0021428053493170395,0.75,0.052981461075122714,0.20566502463054187,0.03913816959873493
0.25000000000000006,0.010827028437255415,0.0012875040234500733,0.005211754916130163,0.012783720323506394,0.0035768232814803085,0.02003203521007705,0.5405405405405406,0,0.02758884175862538,0.0,0.007142805608840863,0.7777777777777715,0.046299375881051666,0.33128078817733986,0.09705475390393359
0.3344594594594595,0.0038699017305852687,0.017184428701339693,0.007175287230470518,0.022915036090094792,0.019600199778294823,0.02003203521007705,0.689189189189189,1,0.19557258536469718,0.046511627906976744,0.007142805608840863,0.75,0.1766944302739708,0.30788177339901474,0.11029847796007117
0.3445945945945946,0.005913557700669624,0.028121962881134003,0.10217667411203084,0.39125141316636236,0.06893112521470075,0.031493648833351,0.7567567567567568,1,0.08018857347529229,0.046511627906976744,0.013571377371085777,0.47222222222222143,0.15357196542430737,0.14285714285714285,0.08499703498715162
0.1756756756756757,0.0005652665449169494,0.0,0.004832187331201916,0.01856683189842595,0.0,0.0022693994974082427,0.7567567567567568,1,0.0001461369746368168,0.0,5.35195265874421e-05,0.8888888888888857,0.0003272688966717996,0.025862068965517244,0.0009883376161296698
0.21621621621621623,0.0101313157665884,0.00624689452154538,0.003372312004554811,0.00987042351508827,0.008021585801123145,0.02003203521007705,0.5405405405405406,0,0.08987886527107289,0.023255813953488372,0.0023809005997705553,0.55555555555555,0.04149686756913186,0.16995073891625617,0.07590432891875866
0.26351351351351354,0.005043916862335855,0.001367191772474289,0.005372341202061344,0.029219932168014613,0.0052228624331534515,0.042955262456624954,0.6081081081081081,0,0.04821225235153897,0.0,0.009523758113376017,0.8611111111111072,0.045258980365049814,0.24630541871921183,0.039928839691638664
0.17905405405405406,0.004174276024002087,0.0007343772949290467,0.00237959678243478,0.010913992521088791,0.002553568600699224,0.02003203521007705,0.4324324324324324,0,0.04537364766707826,0.046511627906976744,0.00833328186110844,0.9722222222222214,0.02066942764043268,0.1896551724137931,0.023127100217434277
0.2364864864864865,0.00708757283242021,0.0014031293847793275,0.004992773617133097,0.024219497347595445,0.003380394927580368,0.034359052239169484,0.527027027027027,1,0.022352080116271583,0.0,0.006190424607026801,0.80555555555555,0.04704564365447506,0.45197044334975367,0.0697766356987547
0.35810810810810817,0.020480041742760243,0.028121962881134003,0.005985488839253128,0.012696756239673016,0.030682413419254245,0.008570421586803097,0.7297297297297296,1,0.0584925318474115,0.046511627906976744,0.01190471061791117,0.5,0.06344459686745077,0.08251231527093596,0.05495157145680965
0.32770270270270274,0.0075658752935037835,0.0011250035156359862,0.004766492941502796,0.019914775197843293,0.004913754248334166,0.07734010332644681,0.6621621621621621,1,0.2223212611487579,0.13953488372093023,0.007738043734974651,0.8611111111111072,0.12942153299142709,0.45566502463054187,0.09567108124135205
0.24662162162162166,0.0038699017305852687,0.0009390654345794832,0.0012627921575497452,0.0038699017305852687,0.0015013826119793887,0.0025043625766853587,0.5135135135135136,1,0.0007605005608866685,0.06976744186046512,0.0023809005997705553,0.7777777777777715,0.011827841173386233,0.09605911330049262,0.021941095078078673
0.21621621621621623,0.0015653535090007827,0.021871943349822967,0.006693528372676973,0.030611357509348642,0.025564617314930992,0.02003203521007705,0.5810810810810811,1,0.06671865444372056,0.023255813953488372,0.010714234365643593,0.6666666666666643,0.08969298271570453,0.23399014778325122,0.13263490808460168
0.26013513513513514,0.08687711974954344,0.02343444823265073,0.001160600884684448,0.002130620053917732,0.02338715571743553,0.02003203521007705,0.5810810810810811,0,0.09178082343986685,0.046511627906976744,0.0019047100988635244,0.11111111111110716,0.03237239767964577,0.05172413793103448,0.01937141727614153
0.3175675675675676,0.03622054091660144,0.017184428701339693,0.006525642710112556,0.03274197756326637,0.020079850409910956,0.028628245427532513,0.7702702702702702,1,0.041864039451592006,0.023255813953488372,0.004761853104305709,0.7777777777777715,0.08087092585732022,0.3977832512315271,0.05534690650326152
0.21621621621621623,0.01395773545525698,0.0015593798730621034,0.006124176995284603,0.016871032263675104,0.004204175853625854,0.0016476069583456305,0.14864864864864863,1,0.02497072720764737,0.06976744186046512,0.01666661562698148,0.6111111111111072,0.013162956238289631,0.18472906403940886,0.05692824668906899
0.15878378378378383,0.00013044612575006522,0.07655961424879454,0.005678915020657236,0.030785285677015394,0.07739733953782997,0.0016246837310990828,0.5405405405405406,1,0.010290071664618787,0.0,0.0009523290970494627,0.7222222222222214,0.00773135780491933,0.15270935960591134,0.03063846610001977
0.19932432432432434,0.0035655274371684496,0.0008578151806724396,0.0020584242105724172,0.011348812940255675,0.002850495182175878,0.02003203521007705,0.6756756756756757,1,0.06591538365686248,0.0,0.008571377111561954,0.47222222222222143,0.022711751261435178,0.0874384236453202,0.04289385254002768
0.28716216216216217,0.015131750587007567,0.028121962881134003,0.1240748040117374,0.01808852943734238,0.054054342132511486,0.02003203521007705,0.7837837837837838,1,0.04562732229937243,0.046511627906976744,0.0033332816015846168,0.22222222222222143,0.03126157721119556,0.061576354679802964,0.02806878829808263
0.2398648648648649,0.006044003826419689,0.0015593798730621034,0.0007372370399567877,0.002348030263501174,0.0017815594888599237,0.02003203521007705,0.6081081081081081,1,0.000806560703093232,0.023255813953488372,0.003571376852038132,0.9722222222222214,0.005565938468712975,0.25123152709359603,0.016999406997430324
0.24662162162162166,0.01591442734150796,0.0031218847558898625,0.007284777879969051,0.04339507783285503,0.006157800489700454,0.02003203521007705,0.39189189189189183,0,0.13239311682462968,0.0,0.02857137814965725,0.6388888888888857,0.059653485561701136,0.12438423645320199,0.1093101403439415
0.32432432432432434,0.012305417862422821,0.05155953612355039,0.16787106381115052,0.03326376206626663,0.08725987014410837,0.2836491485453779,0.7972972972972974,1,0.0923532346770031,0.09302325581395349,0.006666615107933832,0.9722222222222214,0.10827747667987184,0.5233990147783251,0.07372998616327338
0.29054054054054057,0.004565614401252283,0.01874693358416745,0.0038540708623483557,0.01208800765283938,0.020108781717849706,0.02003203521007705,0.7297297297297296,1,0.006386821421328363,0.0,0.0030951863511311014,0.7222222222222214,0.03732049034704706,0.2019704433497537,0.024115437833563947
0.3310810810810811,0.0009566049221671452,0.0015078172119287873,0.006642432736244325,0.021914949126010958,0.004796506316161333,0.042955262456624954,0.7702702702702702,0,0.052952573260514155,0.0,0.00523804360521274,0.5833333333333286,0.07215006788018526,0.15763546798029557,0.08499703498715162
0.28716216216216217,0.0013479432994173408,0.004684389638717621,0.014584154513204573,0.022436733629011222,0.009268677443325091,0.028628245427532513,0.6081081081081081,0,0.06729565867742329,0.09302325581395349,0.01190471061791117,0.9444444444444429,0.014358996817265594,0.3399014778325123,0.021545760031626806
0.24662162162162166,0.004696060527002348,0.0359344872952728,0.006379655177447846,0.031307070180015655,0.03819846268165816,0.05728227948571739,0.7567567567567568,1,0.0015645589815676394,0.046511627906976744,0.004761853104305709,0.6111111111111072,0.15463603319323305,0.17857142857142858,0.224550306384661
0.3141891891891892,0.0027393686407513698,0.0012281288379026184,0.0030730375625921545,0.014914340377424125,0.0032007162782765465,0.02003203521007705,0.7297297297297296,1,0.01965280114901442,0.023255813953488372,0.005952329356573286,1.0,0.0015144323808013295,0.0874384236453202,0.0055346906503261515
0.23310810810810811,0.0038699017305852687,0.01874693358416745,0.006547540840012263,0.03491607965910079,0.022338015129551355,0.02003203521007705,0.5945945945945945,0,0.05441468724852465,0.0,0.004285662603398677,0.1666666666666643,0.016053930126611046,0.05295566502463055,0.018778414706463728
0.22635135135135137,0.47821549699973914,0.0015593798730621034,0.004452619746273668,0.0,0.0024545930735403393,0.02003203521007705,0.6621621621621621,1,0.012773500831883985,0.0,0.004761853104305709,0.44444444444444287,0.017790289878573177,0.08374384236453203,0.027475785728404825
0.1756756756756757,0.0056526654491694936,0.0012125037890743408,0.005058468006832216,0.025306548395512656,0.003651435601953929,0.0006246579424684304,0.6621621621621621,1,0.0016792708130774854,0.046511627906976744,0.00023804334568891652,0.44444444444444287,0.0015428390843099124,0.020935960591133007,0.0061276932200039535
0.21283783783783788,0.0038699017305852687,0.028121962881134003,0.004160644680944248,0.01608835550917471,0.029543433506718158,0.13464817144281657,0.8108108108108107,1,0.006587084224097549,0.0,0.0011904243475029783,0.80555555555555,0.15421585070383526,0.5098522167487685,0.09567108124135205
0.4087837837837838,0.6086616227498044,0.01874693358416745,0.08027854421232428,0.47821549699973914,0.05720480929699968,0.02003203521007705,0.7162162162162162,1,0.0580866558545187,0.046511627906976744,0.008571377111561954,0.47222222222222143,0.033429363772694294,0.09359605911330049,0.044672860249061086
0.1756756756756757,0.002478476389251239,0.001081253378916809,0.002350399275901838,0.004435168275502218,0.0018988074210327564,0.10599413738463169,0.5675675675675675,1,0.0009241745510423108,0.09302325581395349,0.0007142338465959473,0.8611111111111072,0.022176758345356866,0.333743842364532,0.045265862818738886
0.23310810810810811,0.0018697278024176016,0.0007609398779371186,0.0013065884173491583,0.004565614401252283,0.001441997295684058,0.0012493158849368607,0.49999999999999994,0,0.0008783747619191039,0.0,0.014285663122446324,0.6944444444444429,0.004848669205121255,0.10960591133004927,0.025894445542597355
0.18243243243243246,0.0038699017305852687,0.000531251660161438,0.0005620520007591352,0.002043655970084355,0.0007324189009757465,0.0016647993787805417,0.7027027027027026,1,0.000198850584529161,0.0,0.00011899572046215883,0.8888888888888857,0.0004450383549677998,0.04679802955665025,0.0011860051393556038
0.24324324324324326,0.03308983389859988,0.012496914052856417,0.006452648943780202,0.03509000782676754,0.017437965184977647,0.05155147267408042,0.49999999999999994,0,0.08538201525738759,0.023255813953488372,0.02023804438378421,0.8888888888888857,0.0419093565763294,0.4692118226600985,0.04091717730776834
0.21959459459459463,0.003435081311418384,0.0005078140869190217,0.0018321435349421158,0.005783111574919559,0.001458747000280177,0.02003203521007705,0.5135135135135136,1,0.03302715087527584,0.0,0.009523758113376017,0.75,0.022127638420539938,0.23275862068965517,0.034987151610990315
0.16554054054054057,0.0037394556048352032,0.004684389638717621,0.0033358151213886333,0.01504478650317419,0.00725566749095516,0.0028396147751661217,0.6081081081081081,0,0.06720428131973794,0.11627906976744186,0.007142805608840863,0.38888888888888573,0.045467296190779424,0.05172413793103448,0.016604071950978457
0.3006756756756757,0.003174189059918254,0.028121962881134003,0.021883531146440094,0.03269849552134968,0.0364199485936339,0.04582066586244344,0.7162162162162162,0,0.04406115649220953,0.046511627906976744,0.009523758113376017,0.55555555555555,0.05671753439282447,0.19211822660098524,0.13026289780589048
0.2398648648648649,0.002348030263501174,0.0014000043750136719,0.0004233638447276603,0.0008696408383337683,0.0015592452278568906,0.037224455644987976,0.6216216216216217,0,0.06971860834939057,0.023255813953488372,0.007142805608840863,0.8333333333333286,0.04415348615350746,0.19458128078817735,0.03063846610001977
0.20945945945945948,0.0003913383772501957,0.0012546914209106903,0.0012481934042832743,0.006435342203669885,0.0021454848887210534,0.02003203521007705,0.4324324324324324,0,0.02107506139155291,0.0,0.005952329356573286,0.9722222222222214,0.01582786011118857,0.1810344827586207,0.02372010278711208
0.2398648648648649,0.0002608922515001305,0.0015593798730621034,0.002598578081431846,0.012001043569006001,0.004091496022706509,0.0026075170992948243,0.5405405405405406,0,0.08936444834071161,0.046511627906976744,0.00833328186110844,0.6944444444444429,0.020041521131628378,0.1268472906403941,0.03142913619292351
0.2736486486486487,0.0016088355509174712,0.01874693358416745,0.007065796580971985,0.027828506826680584,0.022668441120220244,0.02003203521007705,0.6621621621621621,1,0.0006963840119091286,0.046511627906976744,0.001666614848410009,0.4166666666666643,0.013210892550460365,0.06280788177339902,0.028266455821308562
0.2567567567567568,0.6956257065831812,0.024996953115478487,0.007284777879969051,0.02517610226976259,0.02837247688540766,0.0019943207704496676,0.6081081081081081,1,0.03444991341517717,0.023255813953488372,0.01190471061791117,0.6111111111111072,0.02031907829716016,0.17857142857142858,0.0511958885155169
0.24324324324324326,0.004348204191668841,0.021871943349822967,0.021883531146440094,0.04209061657535438,0.028489724817580494,0.02003203521007705,0.7027027027027026,1,0.007032366891511139,0.0,0.0023809005997705553,0.9722222222222214,0.012302469844508807,0.16995073891625617,0.019569084799367465
0.27702702702702703,0.0038699017305852687,0.0014140669189591218,0.0046351041621045565,0.020610487868510306,0.0041432678369126945,0.02003203521007705,0.49999999999999994,0,0.06624798077610689,0.0,0.001309471972729736,0.6944444444444429,0.006184376076347749,0.07512315270935961,0.03973117216841273
0.3141891891891892,0.9130359161666233,0.017184428701339693,0.08027854421232428,0.015566571006174451,0.034528754674690285,0.11172494419626867,0.9054054054054053,1,0.13165605461581792,0.0,0.007857091360201409,0.4166666666666643,0.6057072618186682,0.2647783251231527,0.21328325756078276
0.28716216216216217,0.00013044612575006522,0.0008109400341876069,0.002700769354297143,0.010740064353422039,0.002864199485936339,0.0009140636864560977,0.37837837837837834,0,0.009204188920691633,0.0,0.008571377111561954,0.0,0.0017227482065309378,0.038177339901477834,0.013639059102589446
0.21959459459459463,0.0038699017305852687,0.02030943846699521,0.07297916757908875,0.029959126880598316,0.03616870302469211,0.10312873397881321,0.6216216216216217,1,0.007497538956595703,0.06976744186046512,0.003571376852038132,0.8611111111111072,0.04769663060988009,0.4236453201970443,0.03735916188970152
0.29054054054054057,0.0018697278024176016,0.0009703155322360384,0.0006058482605585483,0.0029132968084181234,0.0012516597434554337,0.02003203521007705,0.7837837837837838,0,0.0001318201848813267,0.0,0.0009523290970494627,0.9166666666666643,0.0012368752152695501,0.030788177339901482,0.0011860051393556038
0.26351351351351354,0.9130359161666233,0.026559457998306245,0.002350399275901838,0.010218279850421777,0.027620262879000136,0.02003203521007705,0.6621621621621621,1,0.12532214667139538,0.0,0.01142852011700414,0.6111111111111072,0.12196063067616239,0.2857142857142857,0.16781972721881794
0.20608108108108109,0.025828332898512916,0.0015593798730621034,0.00608038073548519,0.030220019132098448,0.005021865978000024,0.02003203521007705,0.5810810810810811,1,0.021061303440486442,0.046511627906976744,0.0011904243475029783,0.5833333333333286,0.010244759259105828,0.11206896551724138,0.030045463530341966
0.2567567567567568,0.02361074876076181,0.021871943349822967,0.05838041431261771,0.21732324549960869,0.04216661997052052,0.0544168760798989,0.527027027027027,0,0.026712702351462368,0.18604651162790697,0.017857091879249058,0.8611111111111072,0.052386695720411755,0.2795566502463054,0.0500098833761613
0.29391891891891897,0.012740238281589706,0.01874693358416745,0.005445334968393699,0.01421862770675711,0.020433116906847282,0.02003203521007705,0.5810810810810811,0,0.10512472500452116,0.0,0.01190471061791117,0.80555555555555,0.11058315411465182,0.3423645320197044,0.15615734334848783
0.23310810810810811,0.008913818592921124,0.0624970703033447,0.08027854421232428,0.13035916166623185,0.08401195015287911,0.07160929651480984,0.554054054054054,0,0.08892898019559183,0.0,0.023809473140586943,0.8333333333333286,0.10449879330690721,0.3940886699507389,0.07372998616327338
0.26013513513513514,0.0025219584311679277,0.00128281650880159,0.00552562811135929,0.030306983215931824,0.008009404197780512,0.02003203521007705,0.48648648648648657,0,0.004383479395029111,0.0,0.0023809005997705553,0.8888888888888857,0.0033081973461037244,0.027093596059113302,0.023917770310338014
0.3175675675675676,0.02361074876076181,0.02343444823265073,0.0067227258792099155,0.010827028437255415,0.025503709298217835,0.02003203521007705,0.7162162162162162,0,0.14129890823893054,0.06976744186046512,0.009523758113376017,0.3333333333333286,0.042451451168284866,0.04926108374384237,0.03261514133227911
0.16554054054054057,0.00013044612575006522,0.000642189506842209,0.0014233784434809268,0.004174276024002087,0.0012805910513941845,0.0026447673435704643,0.5135135135135136,1,1.786968890311451e-06,0.0,0.00035709097091567426,0.8888888888888857,0.0007154938446224334,0.06773399014778325,0.001779007709033406
0.17905405405405406,0.011000956604922169,0.04062200194375608,0.007284777879969051,0.03513348986868423,0.04423140173709664,0.02003203521007705,0.5945945945945945,0,0.056666818999518725,0.023255813953488372,0.007618996109747893,0.6944444444444429,0.09246677895205303,0.19950738916256158,0.06700929037359163
0.32770270270270274,0.004609096443168971,0.0359344872952728,0.0017591497686097607,0.0024349943473345507,0.03551394184502565,0.02003203521007705,0.5405405405405406,1,0.03356757681568153,0.046511627906976744,0.013571377371085777,0.5833333333333286,0.016616146133551748,0.11699507389162561,0.043289187586479545
0.3310810810810811,0.03926428385076963,0.05312204100637815,0.09487729747879532,0.04339507783285503,0.07762879000133997,0.15470599528354598,0.7972972972972974,0,0.19251034132637682,0.06976744186046512,0.03809518816779787,0.8611111111111072,0.306860455619852,0.6145320197044335,0.13777426368847598
0.19932432432432434,0.0038699017305852687,0.0015593798730621034,0.007284777879969051,0.02517610226976259,0.004549828848473036,0.02003203521007705,0.5405405405405406,1,0.062165431412915736,0.0,0.0011428052974122751,0.6944444444444429,0.08213798319506765,0.37192118226600984,0.29946629768729
0.28716216216216217,0.0038699017305852687,0.0009765655517673492,0.003693484576417174,0.018784242108009393,0.003121535856549439,0.002031571014725308,0.554054054054054,0,0.049290855728448636,0.023255813953488372,0.01190471061791117,0.6666666666666643,0.01826787758131123,0.11330049261083744,0.02075508993872307
0.1925675675675676,0.001174015131750587,0.0031218847558898625,0.0033504138746551044,0.013914253413340292,0.005866964709895116,0.0012665083053717717,0.4594594594594595,1,0.026825244573944244,0.023255813953488372,0.010714234365643593,0.44444444444444287,0.009133346984332519,0.04679802955665025,0.015615734334848787
0.21959459459459463,0.0009131228802504567,0.0001484379638686371,0.0006496445203579615,0.0034785633533350726,0.000578626158775018,0.02003203521007705,0.6486486486486487,0,0.004304275516362511,0.023255813953488372,0.0014285195979564936,0.36111111111110716,0.0024696077862774316,0.019704433497536946,0.009685708638070766
0.40540540540540543,0.022567179754761284,0.015621923818511933,0.007284777879969051,0.041525350030437426,0.021686299350720546,0.02003203521007705,0.6621621621621621,1,0.2082144040777289,0.0,0.009999948614283048,0.36111111111110716,0.05256542122998659,0.06773399014778325,0.027871120774856692
0.24662162162162166,0.00656578832941995,0.017184428701339693,0.007284777879969051,0.010044351682755024,0.019335249905592575,0.02003203521007705,0.6081081081081081,0,0.18059034496237855,0.023255813953488372,0.01666661562698148,0.7222222222222214,0.14586250445334256,0.21182266009852216,0.13520458588653883
0.26013513513513514,0.0020871380120010435,0.0031218847558898625,0.00516795865633075,0.026524045569179932,0.006526293990815071,0.0021404563441464104,0.7837837837837838,1,0.012071064268244096,0.0,0.00028566239577961964,0.55555555555555,0.01309253128584127,0.14901477832512317,0.04546353034196482
0.2533783783783784,0.013348986868423342,0.0009218778808683778,0.004043854654812479,0.01204452561092269,0.002463729276047313,0.02003203521007705,0.5405405405405406,1,0.036180694691322395,0.0,0.0033332816015846168,0.36111111111110716,0.005256423761734039,0.01354679802955665,0.005930025696778019
0.29054054054054057,0.0013914253413340291,0.028121962881134003,0.08757792084555979,0.04339507783285503,0.051182529144486004,0.02003203521007705,0.7432432432432432,0,0.06597324515726664,0.023255813953488372,0.01142852011700414,0.5833333333333286,0.0878643011773395,0.17118226600985223,0.10594979244910062
0.20945945945945948,0.003522045395251761,0.01874693358416745,0.007284777879969051,0.04339507783285503,0.024544408034985567,0.05155147267408042,0.3243243243243243,0,0.06807817616774291,0.023255813953488372,0.013571377371085777,0.8611111111111072,0.05191502608090466,0.35221674876847286,0.06523028266455821
0.2567567567567568,0.03308983389859988,0.02343444823265073,0.007284777879969051,0.00956604922167145,0.025412347273148093,0.08593631354390228,0.5675675675675675,1,0.10979930938977793,0.023255813953488372,0.017857091879249058,0.8611111111111072,0.08176869604945607,0.3485221674876847,0.07985767938327733
0.18581081081081086,0.0038699017305852687,0.0015593798730621034,0.004562110395772201,0.02165405687451083,0.00471123509276291,0.02003203521007705,0.527027027027027,0,0.012691342340195656,0.0,0.009523758113376017,0.6388888888888857,0.027331391419518482,0.09482758620689656,0.028859458390986362
0.3006756756756757,0.00017392816766675367,0.000842190131844162,0.0018029460284091738,0.0036090094790851377,0.0013795665785530692,0.02003203521007705,0.5945945945945945,0,0.017608036684170218,0.0,0.004761853104305709,0.7222222222222214,0.0034170897095532923,0.04310344827586207,0.03478948408776438
0.16216216216216217,0.0036959735629185147,0.0015593798730621034,0.004226339070643367,0.019219062527176277,0.005810624794435444,0.04008985905080646,0.5675675675675675,1,0.008996508684875906,0.0,0.0023809005997705553,0.8888888888888857,0.021309170275698893,0.17980295566502463,0.01937141727614153
0.5101351351351351,0.6086616227498044,0.021871943349822967,0.0057884056701557685,0.009131228802504566,0.02319225006395342,0.11745575100790565,0.9459459459459458,1,0.12631991962032474,0.0,0.00523804360521274,0.36111111111110716,0.5119112858649427,0.21305418719211824,0.25143308954338806
0.26351351351351354,0.0026524045569179928,0.0031218847558898625,0.007284777879969051,0.018262457605009132,0.007321143608921807,0.02003203521007705,0.5675675675675675,1,3.4428407987509e-05,0.09302325581395349,0.0007142338465959473,0.8888888888888857,0.009719235244197042,0.1354679802955665,0.01937141727614153
0.3344594594594595,0.0004348204191668842,0.0007218772558664246,0.002715368107563614,0.004522132359335594,0.0015881765357956415,0.0014183746858801515,0.7162162162162162,1,0.0002617547822801614,0.0,0.03571423566326271,0.80555555555555,0.004304207387873415,0.01354679802955665,0.009488041114844832
0.39189189189189194,0.0038699017305852687,0.0009296904052825166,0.0042993328369757226,0.017349334724758678,0.002501796786493038,0.02003203521007705,0.7972972972972974,0,0.005804523341597374,0.0,0.004285662603398677,0.44444444444444287,0.01810690626142926,0.10344827586206896,0.04407985767938328
0.26351351351351354,0.0018262457605009133,0.0015593798730621034,0.004219039694010131,0.023088964257761548,0.0032174659828726657,0.0007335432718895329,0.554054054054054,1,0.00010133915041016426,0.0,0.005952329356573286,0.6944444444444429,0.0019529608662150792,0.03571428571428572,0.0061276932200039535
0.23310810810810811,0.47821549699973914,0.017184428701339693,0.00650374458021285,0.011957561527089313,0.019082481636232964,0.0023410345825537046,0.6621621621621621,0,0.009857072929047205,0.0,0.006190424607026801,0.5833333333333286,0.018805237722681924,0.1416256157635468,0.034987151610990315
0.30743243243243246,0.008131141838420734,0.0015593798730621034,0.006167973255084016,0.036394469084268195,0.007733795422153464,0.06301308629735437,0.5945945945945945,0,0.058731712176484256,0.046511627906976744,0.013809472621539294,0.9166666666666643,0.09463515731987487,0.3017241379310345,0.05534690650326152
0.3141891891891892,0.565179580833116,0.0624970703033447,0.09487729747879532,0.04078615531785373,0.086158957742018,0.02003203521007705,0.8108108108108107,1,0.007741289928687384,0.023255813953488372,0.004285662603398677,0.38888888888888573,0.08426966957085756,0.1810344827586207,0.08282269223166634
0.26013513513513514,0.006913644664753457,0.017184428701339693,0.006511043956846085,0.0056526654491694936,0.01851451438038275,0.02003203521007705,0.5945945945945945,0,0.06155849577902893,0.023255813953488372,0.010714234365643593,0.38888888888888573,0.01924672523971115,0.050492610837438424,0.013441391579363512
0.29054054054054057,0.003913383772501957,0.0015593798730621034,0.006452648943780202,0.03739455604835203,0.008249990863797492,0.02003203521007705,0.6486486486486487,1,0.044805362631838846,0.13953488372093023,0.0021428053493170395,0.5277777777777715,0.0038485165190898962,0.038177339901477834,0.015418066811622852
0.18581081081081086,0.0003478563353335073,0.0012640664502076568,0.004627804785471321,0.009957387598921646,0.0032966464045997733,0.002295188128060609,0.36486486486486486,0,0.03852954103821065,0.18604651162790697,0.003571376852038132,0.6666666666666643,0.01383998267191086,0.08990147783251232,0.020557422415497136
0.22635135135135137,0.0030002608922515,0.015621923818511933,0.00699280281463963,0.03143751630576572,0.02155686981520508,0.02003203521007705,0.48648648648648657,1,0.0677544244787598,0.0,0.003571376852038132,0.80555555555555,0.026975124013015002,0.3238916256157635,0.052777228701324376
0.3310810810810811,0.021784503000260896,0.07030959471748349,0.09487729747879532,0.012174971736672755,0.08911756465385974,0.02003203521007705,0.5945945945945945,1,0.0398499401092577,0.0,0.01190471061791117,0.4166666666666643,0.03725953429576823,0.07389162561576355,0.01640640442775252
0.26013513513513514,0.005217845030002609,0.001431254472670227,0.002014627950773004,0.0010000869640838335,0.0019033755222862435,0.02003203521007705,0.6486486486486487,1,0.0028973866250585623,0.0,0.003571376852038132,0.7777777777777715,0.025311556438793615,0.1834975369458128,0.031824471239375374
0.21959459459459463,0.0003043742934168189,0.0015203172509914093,0.006642432736244325,0.028089399078180713,0.005326406061565823,0.02003203521007705,0.48648648648648657,1,0.05003049385488815,0.09302325581395349,0.0033332816015846168,0.5,0.028283607793379108,0.12315270935960591,0.08400869737102194
0.34121621621621623,0.009000782676754502,0.015621923818511933,0.00601468634578607,0.026089225150013048,0.018535832186232355,0.08880171694972076,0.6486486486486487,0,0.14880292840940434,0.0,0.029761854401924828,0.8888888888888857,0.13599768485366404,0.5357142857142857,0.0994267641826448
0.3006756756756757,0.0038699017305852687,0.001225003828136963,0.005182557409597221,0.02687190190451344,0.003805228344154658,0.13751357484863505,0.8783783783783785,0,0.009333697485772247,0.046511627906976744,0.00011899572046215883,0.8611111111111072,0.08983028178266268,0.43472906403940886,0.05198655860842064
0.26351351351351354,0.0021741020958344205,0.015621923818511933,0.007014700944539337,0.02982868075484825,0.01963522188790489,0.037224455644987976,0.689189189189189,1,0.0032156025237339288,0.023255813953488372,0.0011904243475029783,0.9444444444444429,0.019150852615369682,0.19950738916256158,0.01937141727614153
0.21959459459459463,0.0038699017305852687,0.0010343782324319763,0.004766492941502796,0.008000695712670668,0.003057582439000621,0.02003203521007705,0.527027027027027,1,0.0584477392828431,0.023255813953488372,0.0064285198574803165,0.38888888888888573,0.02625963016839257,0.07512315270935961,0.022534097647756476
0.21959459459459463,0.00013044612575006522,0.0031218847558898625,0.007284777879969051,0.04191668840768763,0.010549268494719275,0.02003203521007705,0.554054054054054,0,0.07924881981651459,0.046511627906976744,0.007142805608840863,0.7777777777777715,0.02015514794566271,0.17733990147783252,0.018976082229689665
0.24324324324324326,0.0018262457605009133,0.0009281279003996888,0.002489087431933313,0.005696147491086182,0.0021180762812001313,0.06587848970317287,0.6081081081081081,1,0.02406094702631973,0.023255813953488372,0.007142805608840863,0.8611111111111072,0.050304721075761866,0.4396551724137931,0.047637873097450094
0.19932432432432434,0.003522045395251761,0.04062200194375608,0.005277449305829282,0.021697538916427516,0.043800477518851036,0.02003203521007705,0.689189189189189,1,0.036593693576399765,0.023255813953488372,0.002857091100677586,0.7222222222222214,0.11623076185595198,0.20812807881773399,0.08756671278908876
0.26689189189189194,0.0003043742934168189,0.0006250019531311036,0.0016058628593118148,0.0017392816766675365,0.001195319827995761,0.0010659300669644775,0.7027027027027026,1,0.011905991208994052,0.023255813953488372,0.0006428052714598926,0.47222222222222143,0.003386315780752328,0.07389162561576355,0.011069381300652305
0.20270270270270274,0.016566657970258285,0.02030943846699521,0.007284777879969051,0.038438125054352554,0.024142415124678712,0.02003203521007705,0.6351351351351351,0,0.029916695494524803,0.0,0.017857091879249058,0.55555555555555,0.030905309804692076,0.16009852216748768,0.07432298873295118
0.19932432432432434,0.0004348204191668842,0.028121962881134003,0.005598621877691645,0.027567614575180453,0.03073723063429609,0.02003203521007705,0.5810810810810811,0,0.05001586674529593,0.046511627906976744,0.004761853104305709,0.30555555555555003,0.02938791839227527,0.05172413793103448,0.022929432694208343
0.23310810810810811,0.0027393686407513698,0.017184428701339693,0.006876012788507861,0.01343595095225672,0.01913120804960349,0.002366823213206071,0.527027027027027,0,0.01899844706617808,0.046511627906976744,0.009523758113376017,0.6111111111111072,0.011446717901312744,0.10467980295566502,0.025103775449693617
0.28716216216216217,0.0037829376467518917,0.0010125031640723877,0.003905166498781004,0.017088442473258546,0.002510932989000012,0.02003203521007705,0.6216216216216217,0,0.04632251236885889,0.0,0.007618996109747893,0.6111111111111072,0.037671431496642684,0.20320197044334976,0.0907293931607037
0.22635135135135137,0.00017392816766675367,0.0012656289550904845,0.002364998029168309,0.011131402730672233,0.00286267678551851,0.0010372760329062927,0.5135135135135136,0,0.018551282756025682,0.023255813953488372,0.0038094721024916475,0.6388888888888857,0.004848669205121255,0.05541871921182266,0.018580747183237795
0.5371621621621622,0.006870162622836768,0.012496914052856417,0.007284777879969051,0.037307591964518654,0.016475618520909726,0.0018625122137820172,0.554054054054054,1,0.0043067146828757764,0.046511627906976744,0.16666662341269617,0.7222222222222214,0.008271085171582407,0.023399014778325126,0.05198655860842064
0.1891891891891892,0.0020871380120010435,0.00624689452154538,0.0032117257186236297,0.017175406557091922,0.007680500907529449,0.04582066586244344,0.6486486486486487,0,0.1962307290313024,0.0,0.030952330654192402,0.8611111111111072,0.06762274950850485,0.3017241379310345,0.026882783158727025
0.39189189189189194,0.0038699017305852687,0.017184428701339693,0.007284777879969051,0.005783111574919559,0.01870942003386486,0.042955262456624954,0.7432432432432432,0,0.13261396329995878,0.046511627906976744,0.021428520636051787,0.47222222222222143,0.11867728919562869,0.19458128078817735,0.12057718916781973
0.195945945945946,0.004869988694669102,0.0014218794433732604,0.003890567745514533,0.018784242108009393,0.0035829140831516245,0.02003203521007705,0.12162162162162166,0,0.027301375136991907,0.0,0.005476138855666255,0.19444444444444287,0.018238287265156455,0.09729064039408868,0.07550899387230678
0.195945945945946,0.011000956604922169,0.04062200194375608,0.007284777879969051,0.019349508652926343,0.041980850519545386,0.02003203521007705,0.6621621621621621,0,0.03326245352130405,0.0,0.004999948354759224,0.6111111111111072,0.14039184680264796,0.20935960591133004,0.0907293931607037
0.20608108108108109,0.0003043742934168189,0.0009093778418057557,0.0031241331990248034,0.018523349856509264,0.0028672448867719967,0.06301308629735437,0.49999999999999994,0,0.00017227090156466087,0.046511627906976744,0.002023757724090282,0.9722222222222214,0.017870775538514162,0.31403940886699505,0.039335837121960864
0.20945945945945948,0.0012174971736672755,0.001185941206066269,0.002992744419626564,0.017610226976258806,0.003069764042343253,0.02003203521007705,0.6081081081081081,1,0.00958837408296297,0.06976744186046512,0.001666614848410009,0.5277777777777715,0.0045651939763585205,0.0874384236453202,0.019569084799367465
0.2364864864864865,0.0038699017305852687,0.0015593798730621034,0.00118979839121739,0.0032611531437516305,0.001964283538999403,0.00191408947508675,0.7027027027027026,1,0.0023393934260991095,0.09302325581395349,0.002857091100677586,0.6111111111111072,0.007116471035223128,0.09482758620689656,0.023917770310338014
0.1891891891891892,0.0038699017305852687,0.0007421898193431855,0.0017226528854435831,0.010087833724671712,0.002255119318804741,0.0009255253000793717,0.47297297297297297,0,0.03734229810524033,0.0,0.0030951863511311014,0.6111111111111072,0.003338379468581594,0.07389162561576355,0.02075508993872307
0.20608108108108109,0.0016523175928341595,0.0010328157275491486,0.002532883691732726,0.01478389425167406,0.0034473937459648437,0.0028396147751661217,0.24324324324324326,0,0.04724125632275846,0.0,0.007142805608840863,0.47222222222222143,0.02150683358761278,0.07142857142857142,0.05040521842261317
0.3175675675675676,0.010087833724671712,0.021871943349822967,0.08757792084555979,0.02517610226976259,0.042044803937094206,0.02003203521007705,0.5810810810810811,0,0.009495387269853217,0.0,0.013095186870178747,0.7222222222222214,0.012261043401892123,0.15517241379310345,0.034987151610990315
0.28040540540540543,0.000739194712583703,0.004684389638717621,0.0047007985518036765,0.019958257239759983,0.006398387155717436,0.02003203521007705,0.5945945945945945,0,0.026585940642902622,0.09302325581395349,0.003571376852038132,0.8333333333333286,0.008753999131228317,0.16502463054187191,0.022336430124530543
0.21621621621621623,8.696408383337682e-05,0.0031218847558898625,0.007284777879969051,0.02935037829376468,0.0073713927227101635,0.0008653518285571834,0.5675675675675675,0,0.013864434162645347,0.046511627906976744,0.004761853104305709,0.5277777777777715,0.009676033382611072,0.09852216748768473,0.02372010278711208
0.28040540540540543,0.0007826767545003914,0.017184428701339693,0.006584037723178441,0.03395947473693364,0.02392314626451134,0.02003203521007705,0.554054054054054,1,0.018392130757050158,0.023255813953488372,0.004761853104305709,0.8611111111111072,0.034878105651632026,0.18472906403940886,0.01779007709033406
0.21621621621621623,0.0003478563353335073,0.0009171903662198945,0.003021941926159506,0.017392816766675364,0.004115859229391772,0.02003203521007705,0.47297297297297297,0,0.013713960599781711,0.023255813953488372,0.0011904243475029783,0.9444444444444429,0.0061908859459018,0.05911330049261084,0.024510772880015814
0.22297297297297297,0.0008261587964170799,0.021871943349822967,0.004496416006073082,0.023915123054178627,0.024241390651837596,0.02003203521007705,0.5675675675675675,1,0.018075325761700255,0.11627906976744186,0.00047613859614243194,0.8888888888888857,0.017339925266697517,0.21551724137931036,0.020359754892271202
0.3344594594594595,0.011957561527089313,0.039059497060928317,0.10217667411203084,0.34776937124967394,0.07382051625634965,0.02003203521007705,0.7027027027027026,1,0.014504560869916444,0.046511627906976744,0.006666615107933832,0.44444444444444287,0.014276143932032227,0.05295566502463055,0.018185412136785928
0.1722972972972973,0.0038699017305852687,0.0005031265722705384,9.489189623206179e-05,0.0003913383772501957,0.000558831053343241,0.02003203521007705,0.5945945945945945,1,5.166299315698081e-06,0.0,0.008095186610654923,0.9166666666666643,0.002511034228894115,0.0726600985221675,0.00296501284838901
0.4324324324324325,0.9130359161666233,0.032809477529617284,0.10947605074526637,0.021436646664927388,0.05622723562875346,0.034359052239169484,0.7837837837837838,1,0.04345554760711618,0.0,0.0154761393747139,0.75,0.17828579747677453,0.4630541871921182,0.11622850365684918
0.21621621621621623,0.0003478563353335073,0.015621923818511933,0.007284777879969051,0.039568658144186454,0.020451389311861228,0.02003203521007705,0.6351351351351351,1,0.0211907896520195,0.0,0.0019047100988635244,0.4166666666666643,0.014449543184699203,0.06773399014778325,0.03814983198260526
0.24662162162162166,0.0010870510479172102,0.0010343782324319763,0.0042993328369757226,0.015566571006174451,0.003712343618667089,0.02003203521007705,0.6351351351351351,1,0.010411652609802648,0.023255813953488372,0.002857091100677586,0.8888888888888857,0.02459073633726332,0.35344827586206895,0.028464123344534496
0.29054054054054057,0.0038699017305852687,0.0359344872952728,0.0024817880553000774,0.012696756239673016,0.036952893739874045,0.02003203521007705,0.7297297297297296,0,0.007211271537043145,0.0,0.0023809005997705553,0.7222222222222214,0.050078059254016295,0.24261083743842365,0.04032417473809054
0.20945945945945948,0.02052352378467693,0.0015593798730621034,0.007065796580971985,0.0034785633533350726,0.003365167923402078,0.005705018180984609,0.40540540540540554,0,0.042249941892281845,0.0,0.0026189958502240707,0.6388888888888857,0.015297009839371926,0.17118226600985223,0.07274164854714371
0.23310810810810811,0.011740151317505871,0.001146878583995575,0.0032701207316895137,0.002956778850334812,0.0021333032853784214,0.000352444618915674,0.5945945945945945,1,9.850813935730145e-05,0.09302325581395349,0.0033332816015846168,0.55555555555555,0.0008143255005793784,0.04064039408866995,0.00494168808064835
0.28716216216216217,0.7391077484998696,0.015621923818511933,0.007065796580971985,0.02765457865901383,0.018109476069240234,0.02003203521007705,0.689189189189189,1,0.06876190544190343,0.023255813953488372,0.0032856625514939134,0.1666666666666643,0.03421173173182652,0.07142857142857142,0.022534097647756476
0.20608108108108109,0.0003043742934168189,0.021871943349822967,0.08027854421232428,0.47821549699973914,0.05780932136287779,0.005705018180984609,0.49999999999999994,0,0.11657770842304749,0.046511627906976744,0.01190471061791117,0.7222222222222214,0.03455557120554499,0.1748768472906404,0.047637873097450094
0.2398648648648649,0.01447951995825724,0.004684389638717621,0.021883531146440094,0.039525176102269764,0.012606436759206247,0.28078374513955945,0.5405405405405406,1,0.04933013880100055,0.0,0.016428520376527964,0.8888888888888857,0.0761104357943402,0.48275862068965514,0.0685906305593991
0.22297297297297297,0.004609096443168971,0.026559457998306245,0.014584154513204573,0.023132446299678235,0.030528620677053517,0.11172494419626867,0.5405405405405406,1,0.04637237787380906,0.023255813953488372,0.007142805608840863,0.9166666666666643,0.06404528028539268,0.4408866995073891,0.07313698359359558
0.28040540540540543,0.011131402730672233,0.0031218847558898625,0.007284777879969051,0.03887294547351944,0.010736560646112241,0.02003203521007705,0.6351351351351351,1,0.05692372306197817,0.023255813953488372,0.019047568131516635,0.8333333333333286,0.04449140756399498,0.31650246305418717,0.05040521842261317
0.22297297297297297,0.02304548221584486,0.00624689452154538,0.005795705046789004,0.030828767718932084,0.009203201325358444,0.02003203521007705,0.5945945945945945,1,0.012888292873182139,0.0,0.0023809005997705553,0.5,0.02326331475456016,0.12192118226600986,0.09488041114844832
0.24662162162162166,0.001043569006000522,0.0013859418310682222,0.004496416006073082,0.023175928341594924,0.00498227576713647,0.02003203521007705,0.22972972972972971,0,0.014406489282193862,0.0,0.00833328186110844,0.75,0.012714367045383259,0.11330049261083744,0.07175331093101404
0.32770270270270274,0.0017827637185842248,0.028121962881134003,0.004744594811603089,0.015653535090007827,0.030169263378445874,0.02003203521007705,0.5675675675675675,0,0.06942596622403946,0.0,0.013095186870178747,0.5277777777777715,0.017115038863921236,0.10344827586206896,0.043882190156157345
0.15878378378378383,0.01756674493434212,0.0013921918505995332,0.0057884056701557685,0.01756674493434212,0.004569623953904813,0.02003203521007705,0.7972972972972974,1,0.06838624224091105,0.023255813953488372,0.004999948354759224,0.5277777777777715,0.09588150143631395,0.19950738916256158,0.1832377940304408
0.19932432432432434,0.008131141838420734,0.0015593798730621034,0.0012773909108162163,0.0015653535090007827,0.0019262160285536784,0.02003203521007705,0.49999999999999994,0,0.1081205750618419,0.0,0.0154761393747139,0.7222222222222214,0.03874970261732265,0.17980295566502463,0.08361336232457008
0.1891891891891892,0.003087224976084877,0.001321879130872284,0.00467890042190397,0.001043569006000522,0.0023205954367713877,0.002836749371760303,0.6216216216216217,1,0.0011599229531071816,0.046511627906976744,0.0023809005997705553,0.25,0.002822916161165432,0.024630541871921183,0.008302035975489229
0.26013513513513514,0.6956257065831812,0.0014437545117328492,0.006481846450313143,0.027741542742847205,0.006061870363377228,0.037224455644987976,0.8378378378378377,1,0.09217284943767383,0.0,0.007142805608840863,0.6388888888888857,0.4354286038933754,0.43472906403940886,0.41589246886736514
0.24324324324324326,0.0024349943473345507,0.0359344872952728,0.14597293391144395,0.04222106270110444,0.0684712696885164,0.0544168760798989,0.7027027027027026,1,0.0005033282558564963,0.0,0.001666614848410009,0.8333333333333286,0.02600574525578461,0.16379310344827586,0.01937141727614153
0.25000000000000006,0.0030437429341681884,0.0015312547851712036,0.006810318398808742,0.024219497347595445,0.006469954075355398,0.02003203521007705,0.5675675675675675,0,0.16727542279976515,0.023255813953488372,0.009047567612468986,0.6111111111111072,0.04957206484776966,0.11822660098522168,0.0772880015813402
0.1925675675675676,0.011348812940255675,0.0015078172119287873,0.0020949210937385946,0.0082615879641708,0.0024058666601698116,0.02003203521007705,0.689189189189189,0,0.0029212759928283773,0.0,0.0011904243475029783,0.8333333333333286,0.024024969492384043,0.3041871921182266,0.028266455821308562
0.347972972972973,0.022001913209844338,0.05312204100637815,0.160571687177915,0.6086616227498044,0.12392192810417707,0.10885954079045018,0.6351351351351351,0,0.37036658838388564,0.023255813953488372,0.03809518816779787,0.9722222222222214,0.0983079073610054,0.4778325123152709,0.07550899387230678
0.21621621621621623,0.006130967910253066,0.0004687514648483277,0.0015620665995124017,0.00656578832941995,0.0018074453959630167,0.0028396147751661217,0.4594594594594595,0,0.020333659964685207,0.046511627906976744,0.004761853104305709,0.55555555555555,0.01364350297264316,0.09852216748768473,0.031033801146471637
0.2364864864864865,0.0101313157665884,0.021871943349822967,0.08027854421232428,0.04339507783285503,0.04492423042720883,0.02003203521007705,0.6621621621621621,0,0.12844089784812063,0.023255813953488372,0.01666661562698148,0.7777777777777715,0.16077543198902552,0.23275862068965517,0.04783554062067603
0.32432432432432434,0.13035916166623185,0.015621923818511933,0.029182907779675617,0.03661187929385164,0.024108915715486474,0.14324438166027204,0.7027027027027026,1,0.0039838071690417405,0.023255813953488372,0.001761852948591415,0.8611111111111072,0.07616961642664975,0.5394088669950738,0.1087171377742637
0.24324324324324326,0.003435081311418384,0.0031218847558898625,0.005905195696287537,0.029785198712931563,0.006610042513795666,0.0002922711473934858,0.47297297297297297,1,0.0005254806214893713,0.0,0.0009523290970494627,0.5277777777777715,0.001689607052437591,0.03694581280788178,0.013639059102589446
0.21621621621621623,0.01395773545525698,0.0014546920459126435,0.004591307902305143,0.0221323593355944,0.005108659901816277,0.02003203521007705,0.6216216216216217,1,0.034892517601627135,0.0,0.01190471061791117,0.6388888888888857,0.029533502747756755,0.16009852216748768,0.05633524411939119
0.35135135135135137,0.0038699017305852687,0.01874693358416745,0.06567979094585323,0.34776937124967394,0.04926392661802147,0.20341785318246028,0.527027027027027,0,0.13301723970676171,0.046511627906976744,0.029761854401924828,0.9444444444444429,0.1183612646190957,0.5332512315270935,0.2449100612769322
0.195945945945946,0.0021741020958344205,0.0011265660205188141,0.004737295434969853,0.028045917036264027,0.004718848594852054,0.02003203521007705,0.554054054054054,1,0.036382701070801333,0.0,0.0026189958502240707,0.80555555555555,0.04508676472502903,0.19088669950738918,0.03814983198260526
0.21283783783783788,0.0004348204191668842,0.0012281288379026184,0.005080366136731923,0.027785024784763895,0.0037823878378872226,0.02003203521007705,0.7162162162162162,1,0.002391197115114268,0.023255813953488372,0.0017380434235460636,0.80555555555555,0.04403808392050384,0.27463054187192115,0.04407985767938328
0.35472972972972977,0.08687711974954344,0.001496879677748993,0.006175272631717251,0.03504652578485085,0.005580697031343266,0.0028396147751661217,0.6351351351351351,1,0.17941832874004093,0.023255813953488372,0.019047568131516635,0.44444444444444287,0.05856929637779022,0.09605911330049262,0.031033801146471637
0.19932432432432434,0.0006957126706670146,0.0006218769433654481,0.0015912641060453437,0.007783285503087225,0.001749582780085515,0.0012464504815310423,0.3243243243243243,0,0.015494740187247912,0.0,0.004761853104305709,0.38888888888888573,0.003952674431954701,0.0049261083743842365,0.00494168808064835
0.21283783783783788,0.0006087485868336378,0.00624689452154538,0.004773792318136031,0.027611096617097142,0.009472719299314175,0.02003203521007705,0.6756756756756757,1,0.050232015030893556,0.06976744186046512,0.002499948224997313,0.5277777777777715,0.08829750340584538,0.12315270935960591,0.14785530737299862
0.21621621621621623,0.0037394556048352032,0.01874693358416745,0.006219068891516665,0.030611357509348642,0.022379128040832738,0.034359052239169484,0.6216216216216217,1,0.030539875582915595,0.023255813953488372,0.00571423410611977,0.8333333333333286,0.047671182937986986,0.24014778325123154,0.030836133623245703
0.28716216216216217,0.009392121054004698,0.02030943846699521,0.0010584096118191506,0.003087224976084877,0.020171212434980695,0.02003203521007705,0.8108108108108107,0,0.1597210913683045,0.023255813953488372,0.014285663122446324,0.6111111111111072,0.241207829360932,0.3054187192118226,0.16762205969559202
0.3614864864864865,0.012957648491173148,0.0012546914209106903,0.003919765252047475,0.003087224976084877,0.0024606838752116553,0.002171975781610414,0.5810810810810811,0,0.02120127346582557,0.046511627906976744,0.005476138855666255,0.6666666666666643,0.010268431512029646,0.1440886699507389,0.029057125914212296
0.24324324324324326,0.0017392816766675365,0.021871943349822967,0.0057373100337231205,0.026524045569179932,0.02576409106966659,0.06014768289153588,0.554054054054054,0,0.03597070809536421,0.0,0.021428520636051787,0.9722222222222214,0.03475678535539745,0.24753694581280788,0.022929432694208343
0.23310810810810811,0.0012174971736672755,0.0015015671923974763,0.006810318398808742,0.0315244803895991,0.004793460915325675,0.02003203521007705,0.37837837837837834,0,0.03889507413741424,0.046511627906976744,0.013809472621539294,0.80555555555555,0.01745887833763971,0.1625615763546798,0.02372010278711208
0.27702702702702703,0.004565614401252283,0.0013921918505995332,0.004832187331201916,0.028524219497347597,0.004732552898612515,0.02003203521007705,0.6756756756756757,0,0.01921442309796803,0.023255813953488372,0.001666614848410009,0.9444444444444429,0.006609884822653398,0.08620689655172414,0.007116030836133623
0.1925675675675676,0.007913731628837292,0.004684389638717621,0.0014598753266471043,0.0034785633533350726,0.005037092982178314,0.02003203521007705,0.689189189189189,1,0.00975278442527356,0.023255813953488372,0.00035709097091567426,0.4166666666666643,0.03492781738277204,0.08620689655172414,0.08045068195295514
0.21621621621621623,0.011000956604922169,0.028121962881134003,0.006941707178206981,0.03291590573093312,0.03114074624502077,0.09453252376135775,0.8513513513513513,0,0.28584642993168424,0.0,0.03928566442006544,0.8333333333333286,0.28726752368113,0.35344827586206895,0.09705475390393359
0.30743243243243246,0.0038699017305852687,0.02343444823265073,0.002781062497262734,0.00904426471867119,0.02413175622175391,0.02003203521007705,0.7027027027027026,1,0.0823759496288315,0.0,0.01666661562698148,0.6944444444444429,0.08492598278317044,0.3214285714285714,0.1296698952362127
0.22635135135135137,0.0022175841377511086,0.021871943349822967,0.007284777879969051,0.025132620227845903,0.025770181871337908,0.07160929651480984,0.6351351351351351,1,0.017949341167646893,0.023255813953488372,0.004761853104305709,0.9722222222222214,0.03630021624603046,0.2142857142857143,0.02530144297291955
0.26013513513513514,0.00847899817375424,0.0006734396044987642,0.0015036715864465175,0.00017392816766675367,0.0010308681828702295,0.02003203521007705,0.7297297297297296,0,0.09446906632920173,0.0,0.014285663122446324,0.80555555555555,0.019610094322091775,0.16625615763546797,0.043882190156157345
0.31081081081081086,0.0038699017305852687,0.0012875040234500733,0.003693484576417174,0.007218018958170276,0.0024439341706155365,0.02003203521007705,0.7432432432432432,1,0.05765629220773018,0.046511627906976744,0.003571376852038132,0.19444444444444287,0.07050070365771816,0.13916256157635468,0.04309152006325361
0.29391891891891897,0.0075223932515870945,0.0015015671923974763,0.004219039694010131,0.009522567179754762,0.0032418291895579296,0.11459034760208715,0.7027027027027026,0,0.05686608115230592,0.0,0.013095186870178747,0.9722222222222214,0.0796589065076207,0.44334975369458124,0.052184226131646576
0.24662162162162166,0.0038699017305852687,0.001171878662120819,0.002043825457305946,0.010174797808505089,0.0026814754357968595,0.0002664825167411194,0.6216216216216217,0,1.3604106062665397e-05,0.09302325581395349,0.0001666147705528619,0.5,4.793631217073376e-05,0.0012315270935960591,0.0009883376161296698
0.2398648648648649,0.0051743629880859204,0.017184428701339693,0.021883531146440094,0.016610140012174975,0.0223456286316405,0.002318111355307157,0.445945945945946,0,0.018216613331430914,0.0,0.004761853104305709,0.22222222222222143,0.01246166574542149,0.01724137931034483,0.010674046254200436
0.18243243243243246,0.0010000869640838335,0.0014359419873187103,0.004087650914611892,0.018740760066092706,0.004035156107246836,0.02003203521007705,0.47297297297297297,0,0.02811175961163262,0.0,0.03571423566326271,0.8611111111111072,0.010396853484141365,0.16133004926108374,0.021941095078078673
0.2364864864864865,0.005217845030002609,0.034371982412445046,0.003430707017620695,0.019827811114009917,0.03572102910185039,0.0010974495044284809,0.6486486486486487,1,0.004453005502516394,0.023255813953488372,0.00023804334568891652,0.5,0.0024696077862774316,0.04556650246305419,0.01680173947420439
0.18243243243243246,0.0038699017305852687,0.0014046918896621552,0.006467247697046673,0.034481259239933906,0.005955281334129198,0.028628245427532513,0.7702702702702702,1,0.015122741653140963,0.0,0.0030951863511311014,0.3333333333333286,0.07624122499174431,0.270935960591133,0.1191935165052382
0.30743243243243246,0.0013914253413340291,0.0006640645752017976,0.0004671601045270734,0.0027393686407513698,0.0011070032037616793,0.0028396147751661217,0.6351351351351351,0,0.017537195662120527,0.16279069767441862,0.004761853104305709,0.6666666666666643,0.005697319472440171,0.145320197044335,0.044475192725835146
0.24662162162162166,0.0038699017305852687,0.01874693358416745,0.004832187331201916,0.02787198886859727,0.022395877745428856,0.02003203521007705,0.47297297297297297,0,0.07259628440515865,0.023255813953488372,0.006618996057843129,0.25,0.025874364252057414,0.11945812807881774,0.057718916781972725
0.2533783783783784,0.017958083311592314,0.0010484407763774262,0.003554796420385699,0.009826941473171582,0.0026997478408108074,0.042955262456624954,0.7432432432432432,0,0.0646751720205747,0.046511627906976744,0.007142805608840863,0.80555555555555,0.044062347979750754,0.1810344827586207,0.03617315675034592
0.26689189189189194,0.012957648491173148,0.0015593798730621034,0.007131490970671105,0.0341334029046004,0.004674690282735014,0.0004727915619600505,0.5810810810810811,1,0.0037247111440067674,0.046511627906976744,0.0026189958502240707,0.4166666666666643,0.0010291511958630372,0.01724137931034483,0.003558015418066812
0.6148648648648649,0.7391077484998696,0.045309516592239356,0.10217667411203084,0.04339507783285503,0.07256428841164074,0.02003203521007705,0.7567567567567568,1,0.10214187419256439,0.06976744186046512,0.023809473140586943,0.6111111111111072,0.18583369532153426,0.2857142857142857,0.23028266455821308
0.20608108108108109,0.023741194886511875,0.0006046893896543427,0.0026350749645980233,0.015566571006174451,0.0027256337479139004,0.02003203521007705,0.21621621621621617,0,0.05268380735378724,0.0,0.0019047100988635244,0.6666666666666643,0.01399562773488497,0.07019704433497537,0.04862621071357976
0.20270270270270274,0.001043569006000522,0.024996953115478487,0.05838041431261771,0.17384120358292027,0.047208281053952326,0.02003203521007705,0.5675675675675675,0,0.008207085263274528,0.046511627906976744,0.0030951863511311014,0.5277777777777715,0.009490798003482188,0.09852216748768473,0.041312512354220204
0.2364864864864865,0.013001130533089836,0.028121962881134003,0.029182907779675617,0.0030002608922515,0.03379176767246105,0.02003203521007705,0.48648648648648657,0,0.10435638360809886,0.0,0.019047568131516635,0.7777777777777715,0.0824983932458328,0.33866995073891626,0.13777426368847598
0.1891891891891892,0.005087398904252543,0.001354691733411667,0.0056716156440240004,0.027567614575180453,0.004575714755576129,0.0011518921691390323,0.36486486486486486,0,0.02044631658473401,0.046511627906976744,0.0033332816015846168,0.6388888888888857,0.014212820655461011,0.06773399014778325,0.024115437833563947
0.347972972972973,0.6956257065831812,0.0013875043359510499,0.0028102600037956758,0.01504478650317419,0.0029799247176913427,0.02003203521007705,0.8243243243243243,1,0.08705754513853502,0.0,0.007142805608840863,0.6666666666666643,0.3034350806217754,0.37315270935960587,0.18462146669302235
0.16554054054054057,0.013914253413340292,0.0015593798730621034,0.003065738185958919,0.0076963214192538485,0.002501796786493038,0.02003203521007705,0.445945945945946,1,0.09372350451265857,0.16279069767441862,0.010714234365643593,0.5833333333333286,0.07076109843988017,0.15517241379310345,0.1081241352045859
0.1756756756756757,0.00017392816766675367,0.0015593798730621034,0.006240967021416371,0.03656839725193495,0.008208877952516111,0.02003203521007705,0.39189189189189183,0,0.013326122604856005,0.0,0.007142805608840863,0.8611111111111072,0.0057168490811023214,0.09359605911330049,0.007313698359359557
0.28040540540540543,0.005913557700669624,0.0014156294238419494,0.004226339070643367,0.018001565353509004,0.004875686737888441,0.001796607935448192,0.5135135135135136,1,0.00017717421796787752,0.20930232558139533,0.005952329356573286,0.8333333333333286,0.0014043564047055705,0.05911330049261084,0.003162680371614944
0.2736486486486487,0.014392555874423864,0.001515629736342926,0.005189856786230456,0.01369684320375685,0.003965111888026702,0.00197139754320312,0.5810810810810811,0,0.01388028282786604,0.046511627906976744,0.01190471061791117,0.47222222222222143,0.009788476583999214,0.07142857142857142,0.014232061672267248
0.26013513513513514,0.0034785633533350726,0.0012609414404420015,0.003248222601789807,0.011609705191755807,0.002826131975490614,0.02003203521007705,0.7297297297297296,1,0.005122252307686562,0.0,0.0012618529226390328,0.6111111111111072,0.020335057067883737,0.10714285714285715,0.029254793437438233
0.320945945945946,0.002130620053917732,0.0006640645752017976,0.001693455378910641,0.0037829376467518917,0.001446565396937545,0.06014768289153588,0.7432432432432432,0,0.05847351423809541,0.0,0.004047567352945162,0.9722222222222214,0.013882592727173734,0.13793103448275862,0.016208736904526587
0.28716216216216217,0.565179580833116,0.0015593798730621034,0.004788391071402502,0.024567353682928953,0.0042239709590576316,0.02003203521007705,0.5135135135135136,0,0.23669984531410834,0.0,0.023809473140586943,0.5833333333333286,0.10516575903303581,0.2820197044334975,0.2702115042498518
0.22972972972972977,0.014957822419340815,0.0014765671142722321,0.0038248733558154135,0.02113227237151057,0.003913340073820516,0.0014986059812430693,0.6351351351351351,1,3.0169399719871916e-05,0.0,0.01190471061791117,0.6666666666666643,0.005315012587720492,0.12192118226600986,0.011267048823878238
0.18581081081081086,0.0038699017305852687,0.0031218847558898625,0.00601468634578607,0.0262631533176798,0.007423164536916349,0.02003203521007705,0.6621621621621621,1,0.028110030498983054,0.0,0.00023804334568891652,0.0,0.027501239834246884,0.25985221674876846,0.06602095275746195
0.2972972972972973,0.03195930080876598,0.05312204100637815,0.160571687177915,0.6086616227498044,0.10980649523090229,0.3352264098501107,0.7972972972972974,1,0.17368541827534137,0.0,0.004999948354759224,0.8888888888888857,0.3157789769089009,0.6625615763546798,0.13658825854912038
0.29391891891891897,0.004348204191668841,0.00017968806152519228,0.0004379625979941313,0.0017827637185842248,0.0004324469186634345,0.005705018180984609,0.06756756756756754,1,0.007442313859889161,0.0,0.012857091619725232,0.6388888888888857,0.024617959428125714,0.16009852216748768,0.08242735718521448
0.27702702702702703,0.6956257065831812,0.024996953115478487,0.004372326603308077,0.00852248021567093,0.026411238747243916,0.0802055067322653,0.8513513513513513,1,0.19471990271841297,0.0,0.007857091360201409,0.7777777777777715,0.3324477938052081,0.44950738916256155,0.17197074520656255
0.2398648648648649,0.003435081311418384,0.017184428701339693,0.007284777879969051,0.03378554656926689,0.019971738680245096,0.13464817144281657,0.7702702702702702,0,0.23239864143816363,0.0,0.022142806387412332,0.8611111111111072,0.23897967855447752,0.6502463054187192,0.12749555248072741
0.195945945945946,0.004261240107835464,0.0015125047265772706,0.00552562811135929,0.020871380120010437,0.006011621249588871,0.02003203521007705,0.6756756756756757,0,0.05856733865178142,0.0,9.518619541680728e-05,0.6666666666666643,0.09553292751201072,0.2697044334975369,0.29096659418857485
0.39189189189189194,0.0038699017305852687,0.0359344872952728,0.006620534606344619,0.03709018175493521,0.04237218452692744,0.02003203521007705,0.6486486486486487,0,0.01671510318821614,0.0,0.007142805608840863,0.6944444444444429,0.04186970555268201,0.27216748768472904,0.13243724056137576
0.4358108108108108,0.6086616227498044,0.0011609411279410247,0.0035328982904859925,0.017827637185842248,0.0038478639558538696,0.02003203521007705,0.7702702702702702,1,0.06229924237844455,0.0,0.01666661562698148,0.6944444444444429,0.10469882384411348,0.3657635467980295,0.16268037161494367
0.3040540540540541,0.004565614401252283,0.0015593798730621034,0.006452648943780202,0.037525002174102096,0.00781602124471623,0.02003203521007705,0.7162162162162162,0,0.03608251791043482,0.0,0.003571376852038132,0.55555555555555,0.008462830420265343,0.08251231527093596,0.02273176517098241
0.1891891891891892,0.002869814766501435,0.0005093765918018495,0.0009489189623206179,0.004261240107835464,0.0012059787309205638,0.02003203521007705,0.5945945945945945,0,0.042804476865942166,0.0,0.005952329356573286,0.75,0.05248848640798418,0.18472906403940886,0.04625420043486855
0.34121621621621623,0.0038699017305852687,0.004684389638717621,0.007284777879969051,0.031002695886598836,0.009006772971458504,0.008570421586803097,0.689189189189189,0,0.038234276973222105,0.023255813953488372,0.009523758113376017,0.6944444444444429,0.02465642683912692,0.17857142857142858,0.14884364498912828
0.21959459459459463,0.0002608922515001305,0.001243753886730896,0.003430707017620695,0.003304635185668319,0.002174416196659804,0.02003203521007705,0.7027027027027026,1,0.00013687603137378255,0.046511627906976744,0.000523757646233135,0.5277777777777715,0.011346110826386513,0.05665024630541872,0.03142913619292351
0.32432432432432434,0.003435081311418384,0.015621923818511933,0.006423451437247259,0.018479867814592574,0.018552581890828472,0.02003203521007705,0.4324324324324324,0,0.09086420964755838,0.0,0.019047568131516635,0.5,0.034549653142314035,0.12438423645320199,0.07293931607036964
0.16554054054054057,0.00017392816766675367,4.375013671917725e-05,0.004832187331201916,0.01856683189842595,4.263561169921185e-05,0.02003203521007705,0.7432432432432432,0,0.001482130932394016,0.023255813953488372,1.0900476756262841e-05,0.6388888888888857,0.004460444257170621,0.12807881773399016,0.015022731765170983
0.17905405405405406,0.0038699017305852687,0.02030943846699521,0.08027854421232428,0.024393425515262197,0.03771424394878854,0.042955262456624954,0.7972972972972974,0,0.027611813316030635,0.0,0.009523758113376017,0.80555555555555,0.0823155250919963,0.41133004926108374,0.048230875667127894
0.2533783783783784,0.0004783024610835726,0.004684389638717621,0.005795705046789004,0.02078441603617706,0.009098134996528243,0.02003203521007705,0.6756756756756757,1,0.0035588123184115317,0.0,0.00047613859614243194,0.7222222222222214,0.010503378622298552,0.13669950738916256,0.033801146471634715
0.2837837837837838,0.001695799634750848,0.028121962881134003,0.029182907779675617,0.025350030437429345,0.03657830943708811,0.02003203521007705,0.6216216216216217,0,0.05882519734221316,0.023255813953488372,0.01190471061791117,0.55555555555555,0.028584245405511608,0.1440886699507389,0.051393556038742835
0.31081081081081086,0.7825897904165581,0.028121962881134003,0.014584154513204573,0.030220019132098448,0.03463077560268483,0.02003203521007705,0.7702702702702702,0,0.03974458389485938,0.023255813953488372,0.003571376852038132,0.75,0.028172348204637158,0.13669950738916256,0.023127100217434277
0.26013513513513514,0.02361074876076181,0.04062200194375608,0.006350457670914904,0.03491607965910079,0.04361166266704024,0.02003203521007705,0.6081081081081081,1,0.0474220623347477,0.09302325581395349,0.010714234365643593,0.7777777777777715,0.09858783175182957,0.2820197044334975,0.04151017987744614
0.22297297297297297,4.3482041916688424e-05,0.00012031287597773742,0.00048175885779354447,0.0023045482215844856,0.0004309242182456055,0.02003203521007705,0.6216216216216217,1,0.00016956217756610196,0.046511627906976744,0.005952329356573286,0.9444444444444429,0.0034786375671552222,0.07881773399014778,0.00494168808064835
0.23310810810810811,0.0010870510479172102,0.00010781283691511537,0.0004160644680944247,0.002478476389251239,0.0003959021086355386,4.871185789891429e-05,0.6756756756756757,1,0.0002711853495217462,0.0,0.01190471061791117,0.5833333333333286,0.000838589559826293,0.04556650246305419,0.00494168808064835
0.3141891891891892,0.6086616227498044,0.017184428701339693,0.006146075125184309,0.019045134359509525,0.019615426782473112,0.02003203521007705,0.8648648648648649,0,0.25926386598937784,0.11627906976744186,0.01142852011700414,0.25,0.3049483293899305,0.18226600985221675,0.09408974105554457
0.2398648648648649,0.004304722149752152,0.0015593798730621034,0.0028613556402283247,0.006739716497086703,0.0030667186415075953,0.042955262456624954,0.7162162162162162,1,0.0075951463794777544,0.09302325581395349,0.0007618528966866503,0.8333333333333286,0.043395382253622154,0.32019704433497537,0.027871120774856692
0.18243243243243246,0.0013914253413340291,0.0010000031250097655,0.003875968992248062,0.019262544569092967,0.003805228344154658,0.02003203521007705,0.554054054054054,0,0.10342677583008468,0.0,0.005952329356573286,0.30555555555555003,0.025295577668070036,0.08251231527093596,0.018185412136785928
0.22972972972972977,0.0027393686407513698,0.0015593798730621034,0.004459919122906904,0.021219236455343946,0.004928981252512456,0.001985724560232212,0.5135135135135136,0,0.04319951664792618,0.023255813953488372,0.009523758113376017,0.7777777777777715,0.029695065873961823,0.17857142857142858,0.0197667523225934
0.21959459459459463,0.0038699017305852687,0.0031218847558898625,0.007284777879969051,0.03591616662318462,0.00858803035655553,0.031493648833351,0.6351351351351351,0,0.05530159580595378,0.0,0.007142805608840863,0.80555555555555,0.0937018787483533,0.48768472906403937,0.13639059102589443
0.3614864864864865,0.0038699017305852687,0.0031218847558898625,0.007284777879969051,0.02678493782068006,0.00689174209109403,0.02003203521007705,0.7162162162162162,1,0.19234865943178323,0.0,0.027380901897389672,0.38888888888888573,0.11268998462487173,0.1145320197044335,0.0691836331290769
0.35810810810810817,0.006391860161753196,0.04218450682658384,0.005810303800055475,0.02517610226976259,0.045208975405342855,0.2206102736173712,0.8513513513513513,0,0.017950556148702557,0.023255813953488372,0.005952329356573286,0.8611111111111072,0.1966300180737651,0.38916256157635465,0.10140343941490414
0.20945945945945948,0.018871206191842772,0.0007375023046947022,0.0031679294588242164,8.696408383337682e-05,0.001397838983567017,0.00010888532942110255,0.47297297297297297,1,7.113687782623217e-07,0.06976744186046512,0.00035709097091567426,0.5833333333333286,0.00027104729597772915,0.009852216748768473,0.003953350464518679
0.18581081081081086,0.0006522306287503262,0.001075003359385498,0.001372282807048278,0.0036090094790851377,0.0017632870838459758,0.02003203521007705,0.5810810810810811,1,0.017024989103138655,0.0,0.0011904243475029783,0.1666666666666643,0.006274330637458262,0.11699507389162561,0.024510772880015814
0.3141891891891892,0.0006087485868336378,0.0008796902490320283,0.003204426341990394,0.017262370640925298,0.002638839824097648,0.02003203521007705,0.6486486486486487,0,0.046577779362688136,0.023255813953488372,0.004761853104305709,0.47222222222222143,0.01130586799641602,0.04433497536945813,0.030440798576793836
0.25000000000000006,0.0038699017305852687,0.021871943349822967,0.0031460313289245097,0.0037394556048352032,0.022188790488604112,0.02003203521007705,0.7432432432432432,1,0.004009138998086516,0.046511627906976744,0.0011904243475029783,0.38888888888888573,0.02969388226131563,0.11330049261083744,0.052184226131646576
0.2702702702702703,0.003913383772501957,0.0014656295800924378,0.005138761149797807,0.018871206191842772,0.005425381588724708,0.0013037585496474121,0.4594594594594595,0,0.055447689388410035,0.06976744186046512,0.00833328186110844,0.7777777777777715,0.006373162293415207,0.09236453201970443,0.0075113658825854916
0.28040540540540543,0.00656578832941995,0.05468454588920591,0.08027854421232428,0.03182885468301591,0.07574064148323202,0.034359052239169484,0.6216216216216217,0,0.06085469959373151,0.0,0.009523758113376017,0.9444444444444429,0.05157177841350928,0.21182266009852216,0.03617315675034592
0.1891891891891892,0.0010000869640838335,0.0009359404248138276,0.0018832391713747645,0.0101313157665884,0.0026373171236798187,0.02003203521007705,0.6081081081081081,1,0.0004187476915442125,0.0,6.423381285785029e-05,0.8888888888888857,0.014585658639011161,0.35098522167487683,0.034394149041312515
0.20608108108108109,0.0038699017305852687,0.0014562545507954712,0.004766492941502796,0.02787198886859727,0.005326406061565823,0.0018653776171878357,0.36486486486486486,0,0.11809012315272831,0.046511627906976744,0.010714234365643593,0.6388888888888857,0.027456854360014722,0.1625615763546798,0.058509586874876465
0.3378378378378379,0.2608052874162971,0.0013921918505995332,0.006197170761616958,0.032307157144099485,0.004123472731480917,0.031493648833351,0.8783783783783785,0,0.003021711796934168,0.0,0.5714285491836724,0.47222222222222143,0.13110285475534134,0.21305418719211824,0.11247282071555643
0.35810810810810817,0.0013044612575006523,0.0008328151025471955,0.001525569716346224,0.005130880946169232,0.0016856293625366972,0.02003203521007705,0.47297297297297297,1,0.04220985935167599,0.0,0.0023809005997705553,0.3333333333333286,0.016439196042946202,0.05788177339901478,0.018778414706463728
0.21959459459459463,0.005087398904252543,0.0009343779199309999,0.0025109855618330196,0.0074789112096704065,0.0020906676736792097,0.16903301231263843,0.6081081081081081,1,0.07839113786506408,0.0,0.0154761393747139,0.8888888888888857,0.1265524559370602,0.3842364532019704,0.061079264676813606
0.29054054054054057,0.0038699017305852687,0.00015781299316560364,0.00013868815603147492,0.00013044612575006522,0.00019338295306428233,0.02003203521007705,0.8108108108108107,0,0.16839801269861646,0.06976744186046512,0.003571376852038132,0.55555555555555,0.12884688905170136,0.35221674876847286,0.32417473809053177
0.22972972972972977,0.0038699017305852687,0.034371982412445046,0.10947605074526637,0.6521436646664928,0.09234264413882155,0.02003203521007705,0.7027027027027026,1,0.08762094000651685,0.023255813953488372,0.017857091879249058,0.75,0.05233284134501007,0.33004926108374383,0.05692824668906899
0.2364864864864865,0.02304548221584486,0.01874693358416745,0.021883531146440094,0.02413253326376207,0.025776272673009224,0.02003203521007705,0.6486486486486487,0,0.06258028564244066,0.023255813953488372,0.02023804438378421,0.6388888888888857,0.04894770917690393,0.18472906403940886,0.050207550899387235
0.31081081081081086,0.565179580833116,0.0014343794824358826,0.00399275901837983,0.02113227237151057,0.004146313237748353,0.034359052239169484,0.7702702702702702,0,0.3302917610668486,0.0,0.00833328186110844,0.25,0.15920241078223774,0.22783251231527094,0.16129669895236212
0.2533783783783784,0.00021741020958344207,0.001301566567395523,0.005730010657089885,0.01947995477867641,0.003913340073820516,0.02003203521007705,0.7162162162162162,0,0.021493540840526393,0.0,0.0038094721024916475,0.6111111111111072,0.015107040009658278,0.12561576354679804,0.03360347894840878
0.23310810810810811,0.0038699017305852687,3.281260253938294e-05,0.0001313887793982394,0.0007826767545003914,0.00012638413467980656,5.730806811636978e-06,0.49999999999999994,0,3.0840006146699614e-05,0.09302325581395349,0.00014280524550751037,0.75,4.261005526287445e-05,0.16009852216748768,0.0005930025696778019
0.2702702702702703,0.0003043742934168189,0.0002453132666039582,0.0010292121052862086,0.003652491521001826,0.0006410568759060068,0.00020630904521893114,0.7162162162162162,1,0.001316591078474318,0.023255813953488372,0.00019042429559821343,0.36111111111110716,0.0011936733536835802,0.012315270935960592,0.005337023127100217
0.22297297297297297,0.02361074876076181,0.021871943349822967,0.014584154513204573,0.033220280024349944,0.027256337479139008,0.02003203521007705,0.6486486486486487,1,0.05198139445860948,0.0,0.007857091360201409,0.6111111111111072,0.11757948846628657,0.27709359605911327,0.22474797390788692
0.32770270270270274,0.0013479432994173408,0.0013656292675914613,0.0038248733558154135,0.014088181581007046,0.0030195149285548962,0.1518405918777275,0.7702702702702702,0,0.028248299024878427,0.023255813953488372,0.004523757853852194,0.9166666666666643,0.05842252840966254,0.3091133004926108,0.04645186795809449
0.19932432432432434,0.001478389425167406,0.0009218778808683778,0.0037518795894830584,0.011870597443255937,0.0033103507083602343,0.0013438741973288708,0.5135135135135136,0,0.03997318968102126,0.046511627906976744,0.009285662862922501,0.44444444444444287,0.01052705087522237,0.027093596059113302,0.014232061672267248
0.3175675675675676,0.011740151317505871,0.0031218847558898625,0.005912495072920773,0.016566657970258285,0.005917213823683473,0.02003203521007705,0.554054054054054,1,0.10913769566364254,0.0,0.013095186870178747,0.38888888888888573,0.02163939820398617,0.0665024630541872,0.018580747183237795
0.3378378378378379,0.7391077484998696,0.0,0.0,0.01856683189842595,3.0454008356579894e-06,0.02003203521007705,0.689189189189189,0,0.0072742901323610745,0.0,0.006666615107933832,0.47222222222222143,0.012773547677692808,0.10344827586206896,0.022929432694208343
0.21959459459459463,0.0009566049221671452,0.028121962881134003,0.007226382866903166,0.037481520132185406,0.03087122827106504,0.0802055067322653,0.5405405405405406,1,0.08205211773006009,0.06976744186046512,0.014285663122446324,1.0,0.041108050814858126,0.27586206896551724,0.06364894247875075
0.2364864864864865,0.0038699017305852687,0.0015593798730621034,0.004343129096775136,0.021567092790677454,0.004364059397497898,0.0016218183276932641,0.49999999999999994,1,0.030284097087321576,0.20930232558139533,0.0010713767222762204,0.5,0.002558378734741753,0.025862068965517244,0.00494168808064835
0.1891891891891892,0.0012609792155839638,0.0003250010156281739,0.0013941809369479845,0.0076963214192538485,0.0010263000816167424,0.011435824992621586,0.337837837837838,0,0.013799149969536389,0.023255813953488372,0.004285662603398677,0.9166666666666643,0.01157809890503994,0.17857142857142858,0.021348092508400873
0.20608108108108109,0.010609618227671973,0.04062200194375608,0.005978189462619892,0.03256804939559962,0.04499427464642897,0.18909083615336786,0.689189189189189,1,0.05528357227204686,0.0,0.007142805608840863,0.8888888888888857,0.16401912244591185,0.7795566502463054,0.19470251037754496
0.19932432432432434,0.0038699017305852687,0.02343444823265073,0.0035693951736521703,0.015349160796591009,0.024411933098634445,0.16043680209518296,0.7567567567567568,0,0.07192153994220306,0.06976744186046512,0.007618996109747893,0.8611111111111072,0.22455499123534833,0.6416256157635468,0.11267048823878238
0.15540540540540543,0.0,0.009371904287200899,0.0046351041621045565,0.008000695712670668,0.010395475752518547,0.02003203521007705,0.8108108108108107,0,9.37271100083887e-05,0.0,0.002285662499589149,0.8888888888888857,0.00710581852140741,0.1206896551724138,0.0061276932200039535
0.22635135135135137,0.008131141838420734,0.02343444823265073,0.08027854421232428,0.3042873293329855,0.06063393063795057,0.02003203521007705,0.5945945945945945,0,0.12979684957910606,0.046511627906976744,0.013095186870178747,0.8333333333333286,0.07548430470450518,0.3029556650246305,0.040719509784542404
0.14864864864864868,0.00017392816766675367,4.687514648483277e-05,0.00010949064949853283,0.0006522306287503262,0.00010658902924802962,1.1461613623273949e-05,0.2972972972972973,1,0.0003203210768897803,0.0,7.090952749006596e-06,0.75,7.160856509455288e-05,0.002463054187192118,0.001581340185807472
0.28040540540540543,0.03926428385076963,0.0008609401904380952,0.0035474970437524636,0.01665362205409166,0.0035859594839872822,0.10312873397881321,0.7837837837837838,1,0.06317289133742636,0.023255813953488372,0.007142805608840863,0.8333333333333286,0.2579340514705795,0.5492610837438423,0.1581340185807472
0.13851351351351354,0.0018697278024176016,9.218778808683778e-05,2.1898129899706568e-05,8.696408383337682e-05,0.00011115713050151661,0.031493648833351,0.7837837837837838,1,0.0009023219859296647,0.0,0.0015475672231832513,0.80555555555555,0.013486674297022858,0.1440886699507389,0.01383672662581538
0.2533783783783784,0.009739977389338204,0.01874693358416745,0.003036540679425977,0.016001391425341335,0.020382867793058927,0.031493648833351,0.5675675675675675,0,0.08302850490854648,0.0,0.03571423566326271,0.8333333333333286,0.0734804484945039,0.2881773399014778,0.04684720300454635
0.18581081081081086,0.0009131228802504567,0.0015593798730621034,0.006824917152075213,0.0390033915992695,0.008425101411847827,0.001455624930155792,0.47297297297297297,0,0.010675847873510638,0.06976744186046512,0.006666615107933832,0.47222222222222143,0.002524645774325311,0.024630541871921183,0.003953350464518679
0.320945945945946,0.0038699017305852687,0.0031218847558898625,0.00601468634578607,0.02839377337159753,0.0064897491807871755,0.02003203521007705,0.6081081081081081,0,0.03355311933006786,0.023255813953488372,0.005976138881618637,0.7777777777777715,0.024216122934743883,0.29679802955665024,0.06305593990907295
0.21621621621621623,0.0013914253413340291,0.0014593795605611268,0.00601468634578607,0.03165492651534916,0.005445176694156485,0.0018768392308111097,0.6756756756756757,1,0.00046492880589051744,0.023255813953488372,0.003571376852038132,0.5833333333333286,0.012255125338661167,0.1330049261083744,0.02174342755485274
0.2398648648648649,0.0038699017305852687,0.0011156284863390199,0.004715397305070147,0.00960953126358814,0.0028032914692231793,0.014301228398440073,0.7027027027027026,0,0.0001305710160470398,0.023255813953488372,0.007857091360201409,0.9166666666666643,0.006702206609056294,0.14901477832512317,0.005337023127100217
0.2567567567567568,0.002043655970084355,0.02030943846699521,0.0020219273274062395,0.0007826767545003914,0.020296073869242672,0.02003203521007705,0.47297297297297297,1,0.07542668007800625,0.046511627906976744,0.010714234365643593,0.38888888888888573,0.029664883751483954,0.04556650246305419,0.02273176517098241
0.29391891891891897,0.015436124880424387,0.0012781289941531067,0.005678915020657236,0.028306809287764155,0.004115859229391772,0.02003203521007705,0.4189189189189189,0,0.04168838527485827,0.0,0.03214280690645998,0.6944444444444429,0.02688753667719687,0.17733990147783252,0.07649733148843646
0.2736486486486487,0.005043916862335855,0.021871943349822967,0.005781106293522533,0.020871380120010437,0.025832612588468896,0.10885954079045018,0.554054054054054,0,0.11736030349332628,0.0,0.01142852011700414,0.9444444444444429,0.07895524878946017,0.27216748768472904,0.06364894247875075
0.26351351351351354,0.001174015131750587,0.01874693358416745,0.007284777879969051,0.03791634055135229,0.02405562120086246,0.034359052239169484,0.6216216216216217,0,0.056434731319595595,0.023255813953488372,0.003571376852038132,0.9166666666666643,0.03830466426235485,0.291871921182266,0.023917770310338014
0.3040540540540541,0.009174710844421256,0.0013062540820440063,0.004313931590242194,0.01608835550917471,0.003930089778416635,0.02003203521007705,0.6486486486486487,1,0.06936478456436522,0.0,0.01190471061791117,0.6111111111111072,0.03731042963955444,0.18596059113300492,0.10515912235619689
0.24662162162162166,0.010087833724671712,0.0015593798730621034,0.007007401567906101,0.028611183581180973,0.006002485047081897,0.02003203521007705,0.5675675675675675,1,0.009201985123885037,0.046511627906976744,0.006666615107933832,0.9722222222222214,0.0067785496247356105,0.15270935960591134,0.009685708638070766
0.25000000000000006,0.0074789112096704065,0.0011375035546986084,0.005211754916130163,0.014001217497173668,0.0033133961091958925,0.02003203521007705,0.4594594594594595,1,0.04214123264574939,0.0,0.007142805608840863,0.6944444444444429,0.05588663831519842,0.2795566502463054,0.11365882585491205
0.2837837837837838,0.0012174971736672755,0.0015000046875146484,0.004313931590242194,0.012261935820506132,0.003636208597775639,0.005705018180984609,0.5135135135135136,0,0.07415855149064401,0.0,0.004761853104305709,0.6111111111111072,0.01694163961125426,0.07758620689655173,0.036370824273571856
0.20608108108108109,0.0009566049221671452,0.024996953115478487,0.07297916757908875,0.03791634055135229,0.041985418620798874,0.02003203521007705,0.5945945945945945,1,8.631362170553663e-05,0.023255813953488372,0.002857091100677586,0.8888888888888857,0.019227787437372097,0.19827586206896552,0.01680173947420439
0.2736486486486487,0.0013044612575006523,0.021871943349822967,0.0005766507540256062,0.001174015131750587,0.021517279604341525,0.00037250244275640346,0.6621621621621621,1,4.141980871582834e-05,0.023255813953488372,0.0030047101559587653,1.0,4.024282997049253e-05,0.0012315270935960591,0.0
0.2837837837837838,0.0038699017305852687,0.0015593798730621034,0.006328559541015197,0.029915644838681626,0.0060664384646307145,0.02003203521007705,0.7432432432432432,0,0.11527391409309451,0.0,0.009523758113376017,0.27777777777777146,0.16775223673199813,0.1354679802955665,0.05178889108519471
0.1925675675675676,0.0003478563353335073,0.0013875043359510499,0.00420444094074366,0.02487172797634577,0.0047234166961055415,0.002664825167411194,0.35135135135135137,0,0.01784556679546715,0.06976744186046512,0.0037142340023102413,0.6111111111111072,0.003130655449175081,0.038177339901477834,0.007709033405811426
0.39189189189189194,0.6086616227498044,0.0359344872952728,0.00601468634578607,0.02839377337159753,0.038851701160906804,0.20341785318246028,0.7432432432432432,0,0.23958305847509873,0.0,0.0154761393747139,0.8888888888888857,0.1168166501158165,0.6613300492610837,0.1421229491994465
0.24662162162162166,0.0038699017305852687,0.0015593798730621034,0.0043358297201419,0.025002174102095837,0.004665554080228039,0.04582066586244344,0.7972972972972974,0,0.059837102992859284,0.06976744186046512,0.006190424607026801,0.55555555555555,0.1332037672023303,0.2413793103448276,0.17019173749752917
0.195945945945946,0.017044960431341856,0.0010796908740339814,0.004328530343508665,0.022828072006261416,0.003916385474656174,0.02003203521007705,0.5405405405405406,0,0.2382177498120872,0.0,0.022142806387412332,0.5833333333333286,0.1298890599866725,0.24261083743842365,0.24411939118402848
0.22297297297297297,0.0013914253413340291,0.015621923818511933,0.00524825179929634,0.023436820593095053,0.020035692097793913,0.0015817026800118055,0.6351351351351351,1,0.004306901400743638,0.023255813953488372,0.0027380434754508283,0.36111111111110716,0.006340021139321861,0.03571428571428572,0.017197074520656257
0.26689189189189194,0.007783285503087225,0.05155953612355039,0.002182513613337421,0.012957648491173148,0.05289252171370796,0.11459034760208715,0.6486486486486487,1,0.06048154130498052,0.06976744186046512,0.014285663122446324,0.9166666666666643,0.10268313150765028,0.5098522167487685,0.05198655860842064
0.28040540540540543,0.03308983389859988,0.024996953115478487,0.0039489627585804175,0.022654143838594664,0.027172588956158414,0.031493648833351,0.6216216216216217,0,0.016142743232747826,0.0,0.006190424607026801,0.9722222222222214,0.034118818139100525,0.21798029556650247,0.02470844040324175
0.19932432432432434,0.0033915992695016956,0.0010781283691511535,0.0022409086264033053,0.002000173928167667,0.001745014678832028,0.02003203521007705,0.7162162162162162,0,0.5739219082892194,0.023255813953488372,0.03571423566326271,0.6666666666666643,0.18618700369642227,0.25123152709359603,0.09527574619490019
0.20608108108108109,4.3482041916688424e-05,0.0014109419091934661,0.0037299814595833517,0.019392990694843033,0.00484675542994969,0.008570421586803097,0.554054054054054,1,0.0001426682300211865,0.0,0.0019047100988635244,0.7777777777777715,0.0158763882296824,0.09605911330049262,0.020952757461949002
0.26013513513513514,0.0005652665449169494,0.0015593798730621034,0.005584023124425175,0.0051743629880859204,0.0032555334933183906,0.02003203521007705,0.7567567567567568,0,0.010113715323508726,0.046511627906976744,0.0023809005997705553,0.8333333333333286,0.007643178662778105,0.16625615763546797,0.014232061672267248
0.7331081081081081,0.0038699017305852687,0.034371982412445046,0.00497087548723339,0.027828506826680584,0.037636586227479264,0.034359052239169484,0.8783783783783785,1,0.006968834164599308,0.18604651162790697,0.007142805608840863,0.11111111111110716,0.13077617766499264,0.1354679802955665,0.09764775647361139
0.1891891891891892,0.005130880946169232,6.0937690430282604e-05,0.00018248441583088807,0.01856683189842595,0.00010049822757671364,0.02003203521007705,0.7972972972972974,0,0.003889275331321159,0.0,0.00023804334568891652,0.7777777777777715,0.02394389202611996,0.23768472906403942,0.02628978058904922
0.20945945945945948,0.007304983042003652,0.02030943846699521,0.005372341202061344,0.02895903991651448,0.023845488543202058,0.02003203521007705,0.6081081081081081,1,0.1977832289314182,0.0,0.010476139115190079,0.13888888888888573,0.06958695469485875,0.11699507389162561,0.042696185016801745
0.23310810810810811,0.009218192886337944,0.010934409170028657,0.0034015095110877533,0.01834942168884251,0.012749570598482172,0.06301308629735437,0.7432432432432432,0,0.028271893851786262,0.023255813953488372,0.0011904243475029783,0.9166666666666643,0.06852584595754856,0.33866995073891626,0.04249851749357581
0.4425675675675676,0.04339507783285503,0.00047968899902812203,0.0020584242105724172,0.00708757283242021,0.0013993616839848462,0.02003203521007705,0.6351351351351351,0,0.06515598893912279,0.0,0.030952330654192402,0.7777777777777715,0.06055125575383698,0.3004926108374384,0.08875271792844436
0.22297297297297297,0.0009131228802504567,0.0015593798730621034,0.004671601045270734,0.025089138185929213,0.005866964709895116,0.02003203521007705,0.40540540540540554,0,0.022748977872532272,0.0,0.010714234365643593,0.44444444444444287,0.016349241481835686,0.0726600985221675,0.029057125914212296
0.2702702702702703,0.0038699017305852687,0.0015203172509914093,0.006386954554081082,0.019306026611009657,0.004586373658500932,0.02003203521007705,0.6756756756756757,0,0.004627795780382628,0.09302325581395349,0.004761853104305709,0.7777777777777715,0.024687200767927884,0.2229064039408867,0.020557422415497136
0.1891891891891892,0.0018262457605009133,0.0009578154931734163,0.000686141403524139,0.003956865814418645,0.0013247493635112253,0.0016447415549398121,0.37837837837837834,1,0.005259445233469885,0.0,8.328143289413152e-05,0.19444444444444287,0.003565041290327162,0.04802955665024631,0.00889503854516703
0.26013513513513514,0.0038699017305852687,0.0013343791699349061,0.0054015387085942865,0.03143751630576572,0.005035570281760485,0.02003203521007705,0.6621621621621621,1,0.01252471110718916,0.0,0.004761853104305709,0.75,0.0355876814330235,0.20320197044334976,0.05890492192132833
0.21283783783783788,0.0010000869640838335,0.0014484420263813325,0.006751923385742858,0.03735107400643534,0.005598969436357213,0.037224455644987976,0.337837837837838,0,0.028101384935735226,0.0,0.0023809005997705553,0.8333333333333286,0.04508203027444427,0.270935960591133,0.18640047440205573
0.2398648648648649,0.02361074876076181,0.0012390663720824127,0.0012408940276500387,0.0031307070180015655,0.0016704023583584073,0.05728227948571739,0.49999999999999994,0,0.03053177176446748,0.0,0.019047568131516635,0.9444444444444429,0.0499993490130446,0.333743842364532,0.06068392963036173
0.29054054054054057,0.0038699017305852687,0.0624970703033447,0.006219068891516665,0.024958692060179147,0.06399300775968132,0.025762842021714027,0.8378378378378377,1,0.18140977604920863,0.0,0.0014285195979564936,0.1666666666666643,0.1725594794945027,0.14655172413793105,0.09962443170587074
0.22635135135135137,0.0015653535090007827,0.0007718774121169129,0.0028321581336953824,0.013740325245673538,0.0019338295306428233,0.034359052239169484,0.6081081081081081,1,0.0660264058381102,0.18604651162790697,0.008571377111561954,0.8333333333333286,0.08235695153461298,0.3251231527093596,0.04783554062067603
0.27702702702702703,0.0075658752935037835,0.0012203163134884797,0.002686170601030672,0.013914253413340292,0.0031900573753517437,0.1776292225300939,0.48648648648648657,0,0.1552907484182712,0.09302325581395349,0.034285664160541615,1.0,0.041269613941063196,0.5701970443349753,0.23917770310338013
0.24662162162162166,0.0012174971736672755,0.0011562536132925414,0.0026131768346983166,0.013740325245673538,0.0035615962773020184,0.028628245427532513,0.527027027027027,0,0.08275234786706427,0.023255813953488372,0.004761853104305709,0.8333333333333286,0.036928122754834765,0.15024630541871922,0.036370824273571856
0.2398648648648649,0.01669710409600835,0.004684389638717621,0.0018686404181082936,0.010696582311505349,0.0064501589699236216,0.02003203521007705,0.7567567567567568,1,0.008402133114889208,0.046511627906976744,0.000833281471822705,0.5,0.014768526792847665,0.15517241379310345,0.04506819529551295
0.1891891891891892,0.0027393686407513698,0.017184428701339693,0.08027854421232428,0.028524219497347597,0.03835377812427672,0.02003203521007705,0.4594594594594595,0,0.051863792444891456,0.0,0.019047568131516635,0.55555555555555,0.04770965034898819,0.1059113300492611,0.04664953548132042
0.2567567567567568,0.0004783024610835726,0.0006828146337957306,0.002897852523394502,0.009522567179754762,0.0023830261539023764,0.02003203521007705,0.5945945945945945,0,0.003745423678193806,0.0,0.000833281471822705,0.8333333333333286,0.0023198807865342755,0.022167487684729065,0.012650721486459775
0.1891891891891892,0.01039220801808853,0.0015593798730621034,0.003598592680185112,0.018001565353509004,0.0047904155144900176,0.02003203521007705,0.7027027027027026,1,0.10718825724491461,0.023255813953488372,0.01190471061791117,0.5277777777777715,0.06589526685138915,0.1748768472906404,0.07768333662779206
0.16891891891891891,0.0006957126706670146,0.0015593798730621034,0.006197170761616958,0.032263675102182796,0.005101046399727132,0.0005587536641346052,0.25675675675675674,1,0.010554568043761568,0.0,0.0030951863511311014,0.5,0.0008865258719970268,0.027093596059113302,0.003755682941292746
0.24662162162162166,0.024393425515262197,0.0624970703033447,0.007284777879969051,0.04074267327593704,0.06591617838739934,0.07447469992062833,0.7162162162162162,0,0.1620067205677759,0.0,0.03214280690645998,0.8611111111111072,0.10841063310256832,0.4445812807881773,0.06641628780391381
0.320945945945946,0.0038699017305852687,0.028121962881134003,0.0019489335610738843,0.008739890425254372,0.029027238065074127,0.002037301821536945,0.6216216216216217,1,0.021240390859142623,0.023255813953488372,0.0023809005997705553,0.27777777777777146,0.004896013710968893,0.027093596059113302,0.005732358173552086
0.24662162162162166,0.0006957126706670146,0.0012640664502076568,0.00454751164250573,0.024262979389512135,0.0047264620969412,0.02003203521007705,0.49999999999999994,0,0.0799285372863452,0.11627906976744186,0.010714234365643593,0.55555555555555,0.053568532947633425,0.1896551724137931,0.07471832377940305
0.37162162162162166,0.011131402730672233,0.009371904287200899,0.007284777879969051,0.03617705887468475,0.013891595911853918,0.02003203521007705,0.8243243243243243,0,0.2195999652520678,0.023255813953488372,0.03571423566326271,0.7222222222222214,0.27842179456982186,0.49137931034482757,0.4546353034196482
0.24324324324324326,0.0013914253413340291,0.017184428701339693,0.08027854421232428,0.029611270545264808,0.03530380918736525,0.05728227948571739,0.6756756756756757,1,0.002549986197670567,0.023255813953488372,0.0023809005997705553,0.8888888888888857,0.032871882216338355,0.270935960591133,0.028266455821308562
0.3783783783783784,0.6086616227498044,0.004684389638717621,0.006423451437247259,0.02952430646143143,0.009463583096807202,0.031493648833351,0.7027027027027026,0,0.10337401619818266,0.0,0.023809473140586943,0.5833333333333286,0.14127896448096808,0.3448275862068965,0.42538050998220994
0.26351351351351354,0.026350117401513176,0.017184428701339693,0.07297916757908875,0.03178537264109923,0.03422573729154232,0.02003203521007705,0.7432432432432432,1,0.08612669082151568,0.023255813953488372,0.002857091100677586,0.13888888888888573,0.03961788249330371,0.10098522167487685,0.034394149041312515
0.2533783783783784,0.0005652665449169494,0.004684389638717621,0.005642418137491058,0.015131750587007567,0.006479090277862373,0.01716663180425856,0.527027027027027,0,0.030478590044990917,0.06976744186046512,0.004761853104305709,0.8611111111111072,0.01948759041321101,0.1145320197044335,0.008499703498715162
0.2972972972972973,0.0038699017305852687,0.0010859408935652924,0.0028613556402283247,0.009522567179754762,0.0023068911330109266,0.02003203521007705,0.689189189189189,1,0.011303994394203641,0.0,0.0014285195979564936,0.55555555555555,0.0136121372375191,0.14039408866995073,0.029057125914212296
0.13851351351351354,0.0038699017305852687,0.00624689452154538,0.005598621877691645,0.02935037829376468,0.010447247566724733,0.000722081658266259,0.35135135135135137,0,0.020407051920985967,0.06976744186046512,0.011190424866550624,0.7222222222222214,0.005131552627560894,0.11330049261083744,0.01383672662581538
0.35472972972972977,0.0038699017305852687,0.017184428701339693,0.007284777879969051,0.029785198712931563,0.019824036739715684,0.11172494419626867,0.6486486486486487,0,0.017492514865289927,0.0,0.007618996109747893,0.8611111111111072,0.08068983312245301,0.7179802955665024,0.19252816762205968
0.39864864864864874,0.9565179580833116,0.0359344872952728,0.09487729747879532,0.47821549699973914,0.0880120841505159,0.10599413738463169,0.9594594594594594,0,0.7012648419584134,0.0,0.04404756942913575,0.7777777777777715,0.991954393037517,0.7931034482758621,0.922316663372208
0.21621621621621623,0.0009131228802504567,0.0015593798730621034,0.007284777879969051,0.042612401078354636,0.005586787833014581,0.02003203521007705,0.554054054054054,1,0.009775816468748685,0.046511627906976744,0.005476138855666255,0.30555555555555003,0.008552193175052758,0.03571428571428572,0.01581340185807472
0.26689189189189194,0.0038699017305852687,0.0031218847558898625,0.00524825179929634,0.02630663535959649,0.009909734319231098,0.0028396147751661217,0.49999999999999994,0,0.072562980249122,0.18604651162790697,0.003571376852038132,0.75,0.005793192096781638,0.04926108374384237,0.019569084799367465
0.4391891891891892,0.03326376206626663,0.0005562517382866822,0.0016131622359450502,0.006957126706670145,0.002028236956548221,0.002395477247264256,0.7432432432432432,0,0.03471353143139226,0.0,0.0038094721024916475,0.11111111111110716,0.00766862633467121,0.06280788177339902,0.01739474204388219
0.17905405405405406,0.0008261587964170799,0.00624689452154538,0.021883531146440094,0.018001565353509004,0.012716071189289935,0.02003203521007705,0.4594594594594595,1,0.0005497736680298452,0.06976744186046512,0.0007142338465959473,0.8888888888888857,0.021976136001827497,0.19088669950738918,0.02530144297291955
0.4087837837837838,0.0024349943473345507,0.039059497060928317,0.08027854421232428,0.03122010609618228,0.05864832929310156,0.02003203521007705,0.6756756756756757,0,0.21761814706224059,0.0,0.01142852011700414,0.30555555555555003,0.08595099133477181,0.0812807881773399,0.06345127495552481
0.1925675675675676,0.0036090094790851377,0.0009890655908299712,0.002292004262835954,0.004478650317418906,0.0020556455640691426,0.0013238163734881415,0.39189189189189183,1,0.013249044943036817,0.0,0.00833328186110844,0.5,0.006799854652367048,0.0812807881773399,0.02767345325163076
0.1925675675675676,0.001043569006000522,0.004684389638717621,0.007284777879969051,0.02765457865901383,0.008141879134131634,0.02003203521007705,0.39189189189189183,0,0.04904624085748945,0.023255813953488372,0.0038094721024916475,0.8611111111111072,0.01723635916015581,0.16871921182266011,0.022534097647756476
0.24662162162162166,0.02430646143142882,0.0011625036328238526,0.004080351537978657,0.015262196712757633,0.003616413492343862,0.08307091013808379,0.47297297297297297,1,0.02052369010232974,0.06976744186046512,0.003571376852038132,0.8888888888888857,0.031631456163130234,0.25492610837438423,0.04407985767938328
0.2736486486486487,0.011740151317505871,0.07655961424879454,0.014584154513204573,0.04339507783285503,0.08004683826485241,0.02003203521007705,0.5810810810810811,0,0.049233054714114335,0.023255813953488372,0.004761853104305709,0.7222222222222214,0.016560516339180775,0.1354679802955665,0.04645186795809449
0.195945945945946,0.002261066179667797,0.017184428701339693,0.007043898451072278,0.02434994347334551,0.01941747572815534,0.01716663180425856,0.7702702702702702,0,0.28322583676675606,0.0,0.030952330654192402,0.7777777777777715,0.18168868383457354,0.3263546798029556,0.0709626408381103
0.16891891891891891,0.0026958865988346813,0.0031218847558898625,0.006496445203579614,0.032437603269849555,0.00702726242828081,0.02003203521007705,0.47297297297297297,0,0.015595776907308722,0.0,0.0021428053493170395,0.8611111111111072,0.0030383336627721864,0.0812807881773399,0.003953350464518679
0.3310810810810811,0.000521784503000261,7.812524414138793e-05,0.00021898129899706567,4.3482041916688424e-05,0.00013552033718678053,0.02003203521007705,0.7837837837837838,1,0.0001574741679938921,0.0,0.002857091100677586,0.80555555555555,0.004975315758263687,0.18226600985221675,0.012057718916781974
0.26351351351351354,0.0017827637185842248,0.017184428701339693,0.014584154513204573,0.04339507783285503,0.023335383903229347,0.09739792716717623,0.7162162162162162,0,0.05585495787582443,0.023255813953488372,0.005952329356573286,0.9722222222222214,0.05547888375858563,0.2623152709359606,0.04111484483099427
0.22635135135135137,0.021784503000260896,0.02030943846699521,0.007284777879969051,0.04339507783285503,0.028523224226772732,0.031493648833351,0.689189189189189,0,0.07932668642707122,0.023255813953488372,0.007618996109747893,0.22222222222222143,0.0363215212736619,0.10714285714285715,0.031231468669697574
0.26013513513513514,0.011957561527089313,0.0013171916162238006,0.0023722974058015445,0.012479346030089574,0.0023632310484705994,0.02003203521007705,0.6621621621621621,0,0.0007215882942413508,0.046511627906976744,0.002857091100677586,0.80555555555555,0.009966610287250953,0.15024630541871922,0.011069381300652305
0.2364864864864865,0.0009131228802504567,0.034371982412445046,0.00650374458021285,0.010000869640838335,0.03580020952357749,0.02003203521007705,0.7162162162162162,1,0.0013292366118209885,0.023255813953488372,0.0023809005997705553,0.6388888888888857,0.006251250190857539,0.09975369458128079,0.016208736904526587
0.20608108108108109,0.0038699017305852687,0.0006875021484442139,0.0006788420268909036,0.001043569006000522,0.0009349380565470027,0.0014183746858801515,0.445945945945946,0,0.02636081938033113,0.023255813953488372,0.006078519839313649,0.44444444444444287,0.0047261652962404905,0.027093596059113302,0.00494168808064835
0.2364864864864865,0.0004783024610835726,0.0014984421826318207,0.005029270500299275,0.014827376293590749,0.003684935011146167,0.0023983426506700746,0.48648648648648657,0,0.030269761888762212,0.06976744186046512,0.012380901118818202,0.6388888888888857,0.02503459107958493,0.15517241379310345,0.03538248665744218
0.29054054054054057,0.000739194712583703,0.012496914052856417,0.00656943896991197,0.03595964866510131,0.01941899842857317,0.042955262456624954,0.7837837837837838,1,3.1275242866856415e-05,0.0,0.0030951863511311014,0.6666666666666643,0.21160449346705,0.22660098522167488,0.21723660802530145
0.21621621621621623,0.012740238281589706,0.0011218785058703308,0.004226339070643367,0.01643621184450822,0.004001656698054598,0.042955262456624954,0.7702702702702702,1,0.06665696391211066,0.0,0.005476138855666255,0.38888888888888573,0.08081588786927235,0.1440886699507389,0.10753113263490809
0.2398648648648649,0.0007826767545003914,0.034371982412445046,0.007153389100570812,0.03661187929385164,0.03994195466007236,0.1260519612253611,0.6486486486486487,1,0.03496330339726521,0.023255813953488372,0.002499948224997313,0.8333333333333286,0.09810373417953747,0.480295566502463,0.0772880015813402
0.22635135135135137,0.0013044612575006523,0.00033906355957362373,0.0010146133520197375,0.004435168275502218,0.0010034595753493074,0.048686069268261925,0.5945945945945945,0,0.010689325747775312,0.023255813953488372,0.010714234365643593,0.8611111111111072,0.05299388900790772,0.18596059113300492,0.027871120774856692
0.21959459459459463,0.0006957126706670146,0.0014640670752096101,0.0029562475364603865,0.010044351682755024,0.0035311422689454385,0.0023725540200177082,0.14864864864864863,0,0.009282474988993672,0.0,0.0007142338465959473,0.7222222222222214,0.004886544809799365,0.04433497536945813,0.0197667523225934
0.2533783783783784,0.011218366814505611,0.014059418935684175,0.006146075125184309,0.025654404730846164,0.017867366702805424,0.02003203521007705,0.7297297297297296,1,0.04532255666175592,0.046511627906976744,0.0010713767222762204,0.6388888888888857,0.062462790177435376,0.22660098522167488,0.10515912235619689
0.24324324324324326,0.02108879032959388,0.0010671908349713592,0.003525598913852757,0.011348812940255675,0.0029540388105882497,0.048686069268261925,0.7972972972972974,0,0.016225350110301937,0.046511627906976744,0.008571377111561954,0.47222222222222143,0.13053412887884658,0.2142857142857143,0.12650721486459773
0.195945945945946,0.0011305330898338988,0.015621923818511933,0.0064380501905137305,0.02539351247934603,0.020701112180385183,0.034359052239169484,0.689189189189189,0,0.07362784539868364,0.0,0.014285663122446324,0.8888888888888857,0.04276688393849475,0.4027093596059113,0.03459181656453845
0.37500000000000006,0.01369684320375685,0.0013656292675914613,0.0015839647294121082,0.002956778850334812,0.0019490565348211132,0.02003203521007705,0.7297297297297296,1,0.017144510892117788,0.023255813953488372,0.005952329356573286,0.5277777777777715,0.010044728721899555,0.1206896551724138,0.03202213876260131
0.1891891891891892,0.0075658752935037835,0.0010546907959087372,0.004073052161345421,0.022654143838594664,0.003126103957802926,0.001707780429867819,0.49999999999999994,0,0.09546483666325255,0.023255813953488372,0.012142805868364685,0.7222222222222214,0.012649268349842757,0.11945812807881774,0.030440798576793836
0.20945945945945948,0.002956778850334812,0.0013765668017712556,0.0013211871706156294,0.007000608748586834,0.002457638474375997,0.0028396147751661217,0.6756756756756757,1,0.005483831458800995,0.0,0.0004523290710970804,0.5277777777777715,0.00859657864928492,0.09975369458128079,0.03162680371614944
0.20270270270270274,0.0026089225150013043,0.021871943349822967,0.08757792084555979,0.031307070180015655,0.04239197963235922,0.02003203521007705,0.527027027027027,0,0.13650401443087176,0.06976744186046512,0.01880947288106312,0.8888888888888857,0.039813178579925224,0.21798029556650247,0.026092113065823288
0.21283783783783788,0.015131750587007567,0.0007156272363351136,0.002700769354297143,0.010783546395338727,0.002028236956548221,0.02003203521007705,0.7432432432432432,1,0.010665532368768552,0.023255813953488372,0.0023809005997705553,0.6111111111111072,0.020610247008123132,0.16748768472906403,0.039928839691638664
0.2364864864864865,0.0004348204191668842,0.032809477529617284,0.007284777879969051,0.04339507783285503,0.03648390201118271,0.02003203521007705,0.7567567567567568,1,0.003418564846099737,0.06976744186046512,0.0014285195979564936,0.4166666666666643,0.006859035284676595,0.06773399014778325,0.017197074520656257
0.21959459459459463,0.002478476389251239,0.0012000037500117188,0.0019051373012744712,0.006217931994086443,0.0018165815984699906,0.02003203521007705,0.689189189189189,0,0.13309267767012156,0.046511627906976744,0.01666661562698148,0.5,0.05389639365062832,0.14655172413793105,0.06957896817552876
0.47972972972972977,0.0038699017305852687,0.028121962881134003,0.005693513773923707,0.02430646143142882,0.030989998903655704,0.02003203521007705,0.7972972972972974,1,0.17110648949323767,0.0,0.023809473140586943,0.75,0.19212933098662396,0.36822660098522164,0.09033405811425184
0.3006756756756757,0.01591442734150796,0.0014546920459126435,0.00140148031358122,0.004869988694669102,0.001955147336492429,0.028628245427532513,0.5810810810810811,0,0.040352363703895264,0.0,0.006666615107933832,0.9444444444444429,0.041031707799178814,0.2586206896551724,0.04151017987744614
0.21283783783783788,0.005087398904252543,0.00020937565429891968,0.0007737339231229654,0.00021741020958344207,0.0003837205052929067,0.0013753936347928742,0.7297297297297296,1,0.00375600085093381,0.0,5.900476496739018e-06,0.47222222222222143,0.006822343292644676,0.09729064039408868,0.03874283455228306
0.21959459459459463,0.0021741020958344205,0.034371982412445046,0.007284777879969051,0.006348378119836508,0.03564184868012328,0.028628245427532513,0.7162162162162162,0,0.011644204868764394,0.023255813953488372,0.004999948354759224,0.80555555555555,0.02949148449881698,0.1958128078817734,0.022929432694208343
0.2398648648648649,0.004217758065918776,0.004684389638717621,0.0032555219784230426,0.018740760066092706,0.008737254997502771,0.02003203521007705,0.5675675675675675,0,0.10159656334455935,0.11627906976744186,0.005952329356573286,0.8888888888888857,0.01251907095876175,0.16995073891625617,0.020952757461949002
0.20608108108108109,0.002043655970084355,0.001093753417979431,0.004481817252806611,0.011261848856422299,0.0030530143377471342,0.0008710826353688204,0.5810810810810811,0,0.0038854107974222443,0.023255813953488372,0.0021428053493170395,0.75,0.0021316863757899133,0.07881773399014778,0.005139355603874284
0.24324324324324326,0.0038699017305852687,0.0004171888037150117,0.0002992744419626564,0.000739194712583703,0.0005466494500006091,0.02003203521007705,0.7837837837837838,1,0.017911991019501715,0.023255813953488372,0.00047613859614243194,0.5833333333333286,0.054064466646387435,0.21182266009852216,0.07590432891875866
0.24324324324324326,0.0012609792155839638,0.05155953612355039,0.0037737777193827646,0.0030002608922515,0.05136373049420765,0.02003203521007705,0.7162162162162162,1,0.0035434462268352407,0.046511627906976744,0.0001666147705528619,0.7222222222222214,0.041937171473514896,0.25492610837438423,0.03716149436647559
0.22972972972972977,0.01395773545525698,0.0013171916162238006,0.002700769354297143,0.01039220801808853,0.002760655857523967,0.02003203521007705,0.6351351351351351,1,0.04299063983985866,0.023255813953488372,0.02023804438378421,0.5277777777777715,0.06000265129232747,0.10344827586206896,0.10772880015813402
0.3648648648648649,0.0038699017305852687,0.03124697264678952,0.11677542737850188,0.17384120358292027,0.06545784556163282,0.02003203521007705,0.6486486486486487,0,0.4085116352549028,0.06976744186046512,0.027380901897389672,0.6111111111111072,0.2747685741373535,0.3485221674876847,0.694801344139158
0.21959459459459463,0.0023915123054178626,0.03124697264678952,0.021883531146440094,0.03556831028785112,0.039498848838484125,0.02003203521007705,0.6216216216216217,1,0.09174527998433042,0.09302325581395349,0.019047568131516635,0.5833333333333286,0.09203180130457786,0.20320197044334976,0.10713579758845622
0.4425675675675676,0.0038699017305852687,0.00035625111328472907,0.0013941809369479845,0.0054352552395860515,0.0010217319803632555,0.2635913247046485,0.8243243243243243,1,0.0333449683548388,0.0,0.0009523290970494627,0.9444444444444429,0.15741929833075108,0.6736453201970443,0.16505238189365487
0.20270270270270274,0.0038699017305852687,0.0014046918896621552,0.0030000437962597994,0.012392381946256198,0.0038387277533468954,0.0006389849594975229,0.4324324324324324,1,0.02535296366653722,0.0,0.0011904243475029783,0.30555555555555003,0.002100320640665853,0.01354679802955665,0.00197667523225934
0.2567567567567568,0.007218018958170276,0.004684389638717621,0.007131490970671105,0.004087311940168711,0.006407523358224409,0.042955262456624954,0.7702702702702702,0,0.05236730873353038,0.06976744186046512,0.0038094721024916475,0.7222222222222214,0.17479177294521883,0.28940886699507384,0.12729788495750147
0.30743243243243246,0.006130967910253066,0.0015593798730621034,0.004832187331201916,0.02248021567092791,0.006721199644297182,0.02003203521007705,0.5405405405405406,0,0.06558192526857967,0.0,0.013809472621539294,0.8888888888888857,0.017035145010303347,0.17610837438423646,0.05376556631745404
0.13851351351351354,0.0018697278024176016,4.6875146484832766e-06,0.0,0.01856683189842595,7.613502089144974e-06,0.0004842531755833245,0.689189189189189,1,0.00026689083856092414,0.0,5.9471907848779985e-05,0.47222222222222143,0.0008320796902722427,0.022167487684729065,0.003953350464518679
0.32432432432432434,0.011131402730672233,0.0006125019140684815,0.0028102600037956758,0.014914340377424125,0.0027134521445712685,0.02003203521007705,0.7162162162162162,0,0.14021701100104203,0.046511627906976744,0.013809472621539294,0.4166666666666643,0.1177712337149695,0.16748768472906403,0.08203202213876261
0.24324324324324326,0.03622054091660144,0.02030943846699521,0.00601468634578607,0.015697017131924517,0.022143109476069244,0.028628245427532513,0.6351351351351351,1,0.009936212376900247,0.023255813953488372,0.003571376852038132,0.8888888888888857,0.017909242949515368,0.29679802955665024,0.019964419845819335
0.18243243243243246,0.000521784503000261,0.00021875068359588625,0.00015328690929794598,4.3482041916688424e-05,0.0002527682693596131,0.00018338581797238323,0.7297297297297296,1,0.0001453743241906206,0.0,0.00028566239577961964,0.5277777777777715,0.00029708677419393016,0.020935960591133007,0.004151017987744613
0.47297297297297297,0.08687711974954344,0.02343444823265073,0.004175243434210718,0.015653535090007827,0.02437234288777089,0.02003203521007705,0.6351351351351351,0,0.2860412226898738,0.046511627906976744,0.029761854401924828,0.7222222222222214,0.1859638927126153,0.3608374384236453,0.38841668313896033
0.4425675675675676,0.0038699017305852687,0.015621923818511933,0.006197170761616958,0.03382902861118358,0.021613209730664752,0.02003203521007705,0.6621621621621621,1,0.07650673117584914,0.023255813953488372,0.02547613989376155,0.5833333333333286,0.046849755761530464,0.21305418719211824,0.07610199644198459
0.32432432432432434,0.0038699017305852687,0.017184428701339693,0.004562110395772201,0.02461083572484564,0.019624562984980085,0.02003203521007705,0.6351351351351351,0,0.20429853854412675,0.0,0.023809473140586943,0.55555555555555,0.05822249787245627,0.22660098522167488,0.13480925084008696
0.20270270270270274,8.696408383337682e-05,0.0005593767480523377,0.0019781310676068265,0.0003478563353335073,0.0009958460732601626,0.0011862770100088541,0.6216216216216217,1,0.0026000883872419707,0.0,5.9471907848779985e-05,0.4166666666666643,0.002065995873926315,0.027093596059113302,0.00691836331290769
0.20270270270270274,0.01591442734150796,0.02030943846699521,0.007284777879969051,0.020175667449343425,0.023475472341669613,0.02003203521007705,0.48648648648648657,0,0.16476587285471772,0.0,0.02190471113695882,0.55555555555555,0.0860060293228197,0.22167487684729065,0.1269025499110496
0.2567567567567568,0.0017392816766675365,0.0005515642236381989,0.0011168046248850349,0.004739542568919036,0.0013841346798065563,0.02003203521007705,0.6621621621621621,1,0.019183659356865952,0.046511627906976744,0.005952329356573286,0.6666666666666643,0.10127522426500614,0.1539408866995074,0.1012057718916782
0.21283783783783788,0.0035655274371684496,0.001542192319350998,0.0016569584957444633,0.006435342203669885,0.0023967304576628374,0.0014957405778372507,0.47297297297297297,0,0.04353082252107031,0.023255813953488372,0.01666661562698148,0.6111111111111072,0.02464340710001882,0.12807881773399016,0.02767345325163076
0.24662162162162166,0.0013914253413340291,0.017184428701339693,0.00671542650257668,0.020436559700843553,0.02104219707397888,0.034359052239169484,0.5810810810810811,0,0.00994580073388932,0.023255813953488372,0.004761853104305709,0.4166666666666643,0.0323291958180598,0.09605911330049262,0.043882190156157345
0.22972972972972977,0.0034785633533350726,0.0009687530273532106,0.0042993328369757226,0.0232628924254283,0.003785433238722881,0.042955262456624954,0.5135135135135136,1,0.0451678293502829,0.09302325581395349,0.016190425126074447,0.8888888888888857,0.06157389708014596,0.3251231527093596,0.040719509784542404
0.22635135135135137,0.0038699017305852687,0.01874693358416745,0.0065402414633790274,0.033133315940516564,0.024261185757269373,0.02003203521007705,0.5135135135135136,1,0.033408149999562466,0.0,0.01190471061791117,0.44444444444444287,0.031956949640832746,0.1268472906403941,0.044672860249061086
0.26013513513513514,0.022915036090094792,0.028121962881134003,0.00601468634578607,0.021871467084094272,0.030154036374267584,0.02003203521007705,0.6621621621621621,1,0.014997472372609549,0.06976744186046512,0.00833328186110844,0.5833333333333286,0.016878316334683046,0.145320197044335,0.04091717730776834
0.22972972972972977,0.0038699017305852687,0.02030943846699521,0.006219068891516665,0.017871119227758938,0.023306452595290596,0.02003203521007705,0.6756756756756757,0,0.05094928777554109,0.046511627906976744,0.005952329356573286,0.1666666666666643,0.029192030499330664,0.07635467980295567,0.032417473809053174
0.48310810810810817,0.0038699017305852687,0.0011937537304804078,0.00490518109753427,0.02521958431167928,0.006614610615049153,0.02003203521007705,0.554054054054054,1,0.02313359301186552,0.023255813953488372,0.019047568131516635,0.47222222222222143,0.03336663230244617,0.09605911330049262,0.07412532120972525
0.18243243243243246,0.008087659796504046,0.015621923818511933,0.021883531146440094,0.03582920253935125,0.022567942892643533,0.005705018180984609,0.5675675675675675,0,0.250384244004698,0.046511627906976744,0.03333328315872756,0.6111111111111072,0.15989719140555184,0.25492610837438423,0.11958885155169006
0.1756756756756757,0.0002608922515001305,0.0031218847558898625,0.00308033693922539,0.015436124880424387,0.004673167582317185,0.0008538902149339095,0.6756756756756757,1,0.007256692630772378,0.0,0.00017851953307553768,0.75,0.007183345149732918,0.09975369458128079,0.014232061672267248
0.21621621621621623,0.5216975389164276,0.028121962881134003,0.021883531146440094,0.04339507783285503,0.03925217137079583,0.05155147267408042,0.6621621621621621,0,0.10724090379416427,0.023255813953488372,0.023809473140586943,0.8333333333333286,0.08872656299008962,0.3879310344827586,0.06424194504842855
0.1756756756756757,0.00021741020958344207,0.0005093765918018495,0.00018248441583088807,0.0006522306287503262,0.0006166936692207429,0.02003203521007705,0.6216216216216217,1,0.0014658417707949152,0.0,0.00011899572046215883,0.55555555555555,0.0020949943837579935,0.05541871921182266,0.014429729195493181
0.19932432432432434,0.47821549699973914,0.004684389638717621,0.004182542810843954,0.020958344203843814,0.008204309851262623,0.02003203521007705,0.554054054054054,0,0.04980874534816923,0.046511627906976744,0.01142852011700414,0.55555555555555,0.04844881644653444,0.15270935960591134,0.0500098833761613
0.22297297297297297,0.0003913383772501957,0.02030943846699521,0.021883531146440094,0.04209061657535438,0.02943075367579881,0.02003203521007705,0.7027027027027026,0,0.012066170156242817,0.023255813953488372,0.0017856624736367667,0.80555555555555,0.011318295929201026,0.1958128078817734,0.018976082229689665
0.18581081081081086,0.0027828506826680583,0.2140600439376373,0.007284777879969051,0.04339507783285503,0.21358309680720178,0.02003203521007705,0.554054054054054,1,0.04167181077679913,0.0,0.002857091100677586,0.7777777777777715,0.033983886297434755,0.24261083743842365,0.07274164854714371
0.21621621621621623,0.0006087485868336378,0.024996953115478487,0.10947605074526637,0.5216975389164276,0.0659085648853102,0.0802055067322653,0.7297297297297296,0,0.2461064890001447,0.06976744186046512,0.03214280690645998,0.9166666666666643,0.08912366503288668,0.31527093596059114,0.0383474995058312
0.2398648648648649,0.0017827637185842248,0.015621923818511933,0.00586869881312136,0.022654143838594664,0.018182565689296028,0.06587848970317287,0.6351351351351351,1,0.07080387965804621,0.0,0.011928520142956521,0.9722222222222214,0.08836556113300137,0.3423645320197044,0.04348685510970548
0.24324324324324326,0.0038699017305852687,0.028121962881134003,0.09487729747879532,0.04178624228193756,0.05122821015702087,0.02003203521007705,0.7162162162162162,0,0.12491554353074955,0.0,0.017857091879249058,0.55555555555555,0.14506948398039463,0.3608374384236453,0.26546748369242934
0.2736486486486487,0.6956257065831812,0.024996953115478487,0.0033066176148556915,0.010348725976171843,0.026201106089583513,0.02003203521007705,0.7297297297297296,1,0.054437249867500995,0.0,0.0016428053233646573,0.13888888888888573,0.02333433151333162,0.04556650246305419,0.02708045068195296
0.28716216216216217,0.0038699017305852687,0.0359344872952728,0.09487729747879532,0.021741020958344206,0.05692615512053697,0.21487946680573425,0.7432432432432432,1,0.08739994231601306,0.0,0.007142805608840863,0.8888888888888857,0.25382218113771216,0.7241379310344828,0.13164657046847203
0.1891891891891892,0.0006087485868336378,0.00013125041015753174,0.00015328690929794598,0.0006087485868336378,0.00024515476727046817,0.0012808353224008642,0.6351351351351351,0,0.00011184663267836059,0.0,2.1000001090000058e-07,0.6666666666666643,0.0025228703553560245,0.05172413793103448,0.01640640442775252
0.1925675675675676,0.0003478563353335073,0.0005484392138725434,7.299376633235521e-05,0.0003478563353335073,0.00057558075793936,0.00032665598826330764,0.5405405405405406,1,0.0035662205470561345,0.09302325581395349,0.00010709095793948306,0.30555555555555003,0.00026808826436225175,0.008620689655172414,0.00197667523225934
0.24324324324324326,0.17384120358292027,0.029684467763961764,0.09487729747879532,0.025610922688929474,0.050125775054512677,0.18622543274754935,0.7972972972972974,0,0.4768471638709709,0.0,0.041666616924600594,1.0,0.0627610605642755,0.4544334975369458,0.0784740067206958
0.1925675675675676,0.0038699017305852687,0.0015312547851712036,0.005795705046789004,0.028567701539264287,0.005020343277582195,0.0019742629466089384,0.6081081081081081,1,0.0005010140062266596,0.0,0.000214233820643565,0.6944444444444429,0.007967488527834427,0.07881773399014778,0.017592409567108124
0.20945945945945948,0.0,0.0011562536132925414,0.0018540416648418225,0.005130880946169232,0.001988646745684667,0.0026275749231355534,0.445945945945946,1,0.015308356307684933,0.023255813953488372,0.0007142338465959473,0.25,0.013556507443148125,0.16748768472906403,0.056532911642617124
0.27702702702702703,0.0076963214192538485,0.02343444823265073,0.00412414779777807,0.010174797808505089,0.024587043646684778,0.06587848970317287,0.6351351351351351,0,0.11933570358517438,0.046511627906976744,0.04761899818593848,0.8333333333333286,0.1316064819362956,0.375615763546798,0.08934572049812216
0.14864864864864868,0.002348030263501174,0.0005843768261775818,0.0025109855618330196,0.007913731628837292,0.001738923877160712,0.000352444618915674,0.5945945945945945,0,0.0037894522774014503,0.046511627906976744,3.566238280342845e-05,0.55555555555555,0.003051353401880287,0.11083743842364532,0.0197667523225934
0.23310810810810811,0.000521784503000261,0.0013484417138803558,0.00601468634578607,0.027045830072180192,0.005538061419644053,0.02003203521007705,0.5810810810810811,1,0.017614302252060086,0.09302325581395349,0.014285663122446324,0.6666666666666643,0.025696230548805675,0.16502463054187191,0.02866179086776043
0.1925675675675676,0.0012174971736672755,0.001437504492201538,0.005722711280456649,0.021523610748760764,0.005023388678417853,0.0544168760798989,0.4594594594594595,0,0.03471978122030738,0.023255813953488372,0.009523758113376017,0.8888888888888857,0.02022853192972655,0.15517241379310345,0.033208143901956914
0.3040540540540541,0.0020871380120010435,0.0015593798730621034,0.006876012788507861,0.029132968084181237,0.00555937922549366,0.00234963079277116,0.5675675675675675,0,0.06712065406848339,0.046511627906976744,0.014285663122446324,0.44444444444444287,0.00671581815448749,0.04064039408866995,0.010476378730974503
0.26013513513513514,0.0038699017305852687,0.0015593798730621034,0.007065796580971985,0.01665362205409166,0.003974248090533676,0.02003203521007705,0.7297297297297296,0,0.0037727620668608153,0.046511627906976744,0.007142805608840863,0.38888888888888573,0.03873490745924526,0.09359605911330049,0.04151017987744614
0.1891891891891892,0.0015653535090007827,0.00033125103515948493,0.000824829559555614,0.0029132968084181234,0.0008907797444299619,0.0028396147751661217,0.6621621621621621,0,0.001722680087526236,0.0,0.00018566239058914313,0.6388888888888857,0.010476747337759254,0.03940886699507389,0.030836133623245703
0.26351351351351354,0.002565440473084616,0.0015593798730621034,0.007109592840771398,0.021697538916427516,0.005717740068947875,0.02003203521007705,0.6081081081081081,0,0.050440166006122625,0.023255813953488372,0.010714234365643593,0.7222222222222214,0.012542151405362474,0.1206896551724138,0.02273176517098241
0.3141891891891892,0.003087224976084877,0.017184428701339693,0.006423451437247259,0.018740760066092706,0.01946467944110804,0.0016705301855921785,0.689189189189189,1,0.030518217625158186,0.06976744186046512,0.007142805608840863,0.5,0.005480718358187226,0.07758620689655173,0.021941095078078673
0.2702702702702703,0.002565440473084616,0.03124697264678952,0.00580300442342224,0.017610226976258806,0.03355727180811539,0.001802338742259829,0.5675675675675675,0,0.02452769698887918,0.046511627906976744,0.005476138855666255,0.5277777777777715,0.008737428554181643,0.04310344827586207,0.02016208736904527
0.2567567567567568,0.0038699017305852687,0.02030943846699521,0.007284777879969051,0.014131663622923734,0.022242085003228128,0.02003203521007705,0.7702702702702702,1,0.06884034535520928,0.023255813953488372,0.004999948354759224,0.5833333333333286,0.1237532120288186,0.2697044334975369,0.18995848982012256
0.21283783783783788,0.0021741020958344205,0.004684389638717621,0.006970904684739924,0.016610140012174975,0.008443373816861775,0.04582066586244344,0.5135135135135136,1,0.1318763238436541,0.0,0.004761853104305709,0.8611111111111072,0.09492336699922237,0.35098522167487683,0.058311919351650525
0.3344594594594595,0.005609183407252805,0.012496914052856417,0.007284777879969051,0.03178537264109923,0.016084284513527673,0.266456728110467,0.7972972972972974,0,0.164191639145998,0.0,0.002857091100677586,0.9444444444444429,0.1477539174619557,0.4002463054187192,0.1081241352045859
0.27702702702702703,0.03195930080876598,0.0359344872952728,0.0017226528854435831,0.006044003826419689,0.036253974248090536,0.10312873397881321,0.8108108108108107,1,0.12303871337924317,0.046511627906976744,0.005952329356573286,0.8333333333333286,0.16324799880691843,0.5036945812807881,0.0766949990116624
0.28716216216216217,0.2608052874162971,0.0359344872952728,0.005189856786230456,0.018262457605009132,0.03694223483694924,0.037224455644987976,0.8513513513513513,0,0.006193632858904927,0.0,0.00571423410611977,0.6666666666666643,0.12668738777872596,0.25985221674876846,0.06503261514133228
0.1756756756756757,0.016349247760674843,0.0014921921631005097,0.006737324632476387,0.03395947473693364,0.005379700576189838,0.0018367235831296509,0.5945945945945945,0,0.007287076361565923,0.0,0.002857091100677586,0.7222222222222214,0.00720524198368745,0.17610837438423646,0.029452460960664166
0.2702702702702703,0.5216975389164276,0.017184428701339693,0.004197141564110425,0.013262022784589966,0.019029187121608948,0.02003203521007705,0.689189189189189,1,3.512005304733521e-05,0.046511627906976744,0.02190471113695882,0.5833333333333286,0.07174882319312653,0.17364532019704434,0.07116030836133624
0.24324324324324326,0.0036959735629185147,0.012496914052856417,0.006963605308106688,0.03982955039568658,0.016566980545979465,0.0802055067322653,0.5405405405405406,0,0.09014857002679737,0.0,0.021428520636051787,0.9166666666666643,0.05125338661168392,0.22413793103448276,0.040126507214864604
0.19932432432432434,0.0038699017305852687,0.0006203144384826203,0.001218995897750332,0.002478476389251239,0.0010019368749314785,0.0007965821468175397,0.6621621621621621,1,0.0011919753104804205,0.023255813953488372,0.00011899572046215883,0.8611111111111072,7.811843464860315e-05,0.034482758620689655,0.000790670092903736
0.20945945945945948,0.00847899817375424,0.0009031278222744447,0.002437991795500664,0.00491347073658579,0.0019383976318963104,0.04582066586244344,0.6486486486486487,0,0.05195825853688392,0.0,0.006666615107933832,0.36111111111110716,0.03578771197022978,0.04310344827586207,0.025894445542597355
0.2837837837837838,0.001695799634750848,0.0008656277050865784,0.0033650126279215755,0.01182711540133925,0.0028489724817580488,0.0012779699189950458,0.6351351351351351,1,0.011912371174450853,0.023255813953488372,0.003571376852038132,0.6111111111111072,0.010202149203842954,0.08620689655172414,0.024510772880015814
0.2533783783783784,0.04339507783285503,0.0002734383544948578,0.00038686696156148265,0.0009566049221671452,0.0004202653153208025,0.14037897825445356,0.689189189189189,1,0.03419170627238638,0.13953488372093023,0.004761853104305709,0.9166666666666643,0.10981854034521246,0.5246305418719212,0.0790670092903736
0.25000000000000006,0.022915036090094792,0.017184428701339693,0.0023868961590680156,0.003522045395251761,0.017536940712136535,0.02003203521007705,0.689189189189189,0,0.011223338849860143,0.06976744186046512,0.007142805608840863,0.6944444444444429,0.014209861623845533,0.13054187192118227,0.029847796007116033
0.25000000000000006,0.0038699017305852687,0.034371982412445046,0.021883531146440094,0.014957822419340815,0.03966330048360966,0.02003203521007705,0.7837837837837838,1,0.017173679641855667,0.0,0.003571376852038132,0.6111111111111072,0.0884785961407126,0.24753694581280788,0.0895433880213481
0.22972972972972977,0.0053917731976693625,0.0359344872952728,0.007284777879969051,0.022393251587094532,0.038767952637926206,0.05155147267408042,0.7702702702702702,1,0.019785857353584412,0.023255813953488372,0.001666614848410009,0.55555555555555,0.21142458434482894,0.35344827586206895,0.20952757461949
0.22297297297297297,0.0038699017305852687,0.004684389638717621,0.014584154513204573,0.042742847204104706,0.011039578029260212,0.037224455644987976,0.6081081081081081,0,0.024245604423062266,0.06976744186046512,0.0044047102286254355,0.80555555555555,0.055789582078210755,0.23522167487684728,0.056532911642617124
0.40540540540540543,0.026350117401513176,0.0015593798730621034,0.003284719484955985,0.006391860161753196,0.002570318305295343,0.0017163766400852744,0.7432432432432432,1,0.008154567575651982,0.023255813953488372,0.0023809005997705553,0.5277777777777715,0.005926940325801217,0.12561576354679804,0.03973117216841273
0.26351351351351354,0.6086616227498044,0.0015593798730621034,0.004073052161345421,0.01804504739542569,0.005155863614768976,0.10599413738463169,0.7027027027027026,0,0.16696128576606237,0.0,0.01190471061791117,0.8611111111111072,0.1703218597868787,0.6625615763546798,0.16762205969559202
0.19932432432432434,0.0006522306287503262,0.02030943846699521,0.00461320603220485,0.015566571006174451,0.02158884652397949,0.02003203521007705,0.6351351351351351,1,0.02329773642651994,0.11627906976744186,0.005952329356573286,0.6666666666666643,0.0958992556260068,0.11206896551724138,0.06226526981616921
0.195945945945946,0.007174536916253587,0.017184428701339693,0.014584154513204573,0.03043742934168189,0.02329731639278362,0.02003203521007705,0.49999999999999994,0,0.17346375392315444,0.06976744186046512,0.030952330654192402,0.75,0.12620447381908007,0.3214285714285714,0.08598537260328129
0.2364864864864865,0.0009131228802504567,0.001171878662120819,0.004591307902305143,0.025610922688929474,0.004767575008222582,0.00012607774985601348,0.337837837837838,1,0.00882608655318599,0.0,0.021428520636051787,0.5833333333333286,0.002414569798229552,0.07512315270935961,0.01739474204388219
0.29391891891891897,0.021784503000260896,0.0012593789355591736,0.0020073285741397683,0.004000347856335334,0.0021987794033450684,0.02003203521007705,0.6486486486486487,1,0.19030937947557883,0.046511627906976744,0.00833328186110844,0.3333333333333286,0.0757441076803441,0.08251231527093596,0.026685115635501088
0.26689189189189194,0.0074789112096704065,0.021871943349822967,0.006576738346545205,0.03326376206626663,0.02611431216576726,0.08307091013808379,0.6756756756756757,0,0.0803343646273992,0.06976744186046512,0.007142805608840863,0.8611111111111072,0.12458706713806013,0.42857142857142855,0.06542795018778415
0.2567567567567568,0.0038699017305852687,0.004684389638717621,0.014584154513204573,0.04339507783285503,0.01589090156046339,0.02003203521007705,0.7432432432432432,1,0.07742936596193886,0.0,0.006190424607026801,0.6666666666666643,0.11504714920976102,0.35221674876847286,0.20873690452658628
0.27702702702702703,0.004478650317418906,0.001315629111340973,0.005306646812362224,0.010609618227671973,0.0028885626926216028,0.0021633795713929586,0.3108108108108108,1,0.007693599292423435,0.023255813953488372,0.01666661562698148,0.7222222222222214,0.01840636026091557,0.19458128078817735,0.061672267246491407
0.2533783783783784,0.0018262457605009133,0.0015593798730621034,0.006452648943780202,0.019827811114009917,0.0048680732357992956,0.02003203521007705,0.6216216216216217,0,0.035979415459596466,0.023255813953488372,0.0019047100988635244,0.6111111111111072,0.003520655816095001,0.04433497536945813,0.011662383870330107
0.2702702702702703,0.0038699017305852687,0.004684389638717621,0.00586869881312136,0.018305939646925822,0.00775511322800307,0.2005524497766418,0.7297297297297296,0,0.07656610482800007,0.023255813953488372,0.021428520636051787,0.9166666666666643,0.13990242297344802,0.4445812807881773,0.10160110693813007
0.1925675675675676,0.0004783024610835726,0.0012515664111450349,0.00427013533044278,0.006000521784503001,0.002922062101813841,0.02003203521007705,0.527027027027027,0,0.05117218946233124,0.0,0.0030951863511311014,0.9444444444444429,0.009257034505859473,0.13669950738916256,0.029254793437438233
0.28716216216216217,0.0038699017305852687,0.0624970703033447,0.08027854421232428,0.042003652491521,0.08226998087488276,0.10599413738463169,0.5945945945945945,0,0.030261893440020768,0.023255813953488372,0.023809473140586943,0.9444444444444429,0.1021960749037427,0.4359605911330049,0.09112472820715557
0.24662162162162166,0.018132011479259066,0.0015140672314600983,0.001708054132177112,0.00708757283242021,0.00249875138565738,0.06874389310899134,0.6081081081081081,1,0.015813830504107278,0.046511627906976744,0.010714234365643593,0.9166666666666643,0.06759552641764245,0.46182266009852213,0.050800553469065035
0.32432432432432434,0.008957300634837814,0.01874693358416745,0.021883531146440094,0.025610922688929474,0.024317525672729046,0.02003203521007705,0.5945945945945945,0,0.26562257453736193,0.11627906976744186,0.02333328263967991,0.5833333333333286,0.14678157967310984,0.24753694581280788,0.1757264281478553
0.28716216216216217,0.0038699017305852687,0.02030943846699521,0.007284777879969051,0.02769806070093052,0.023990145082895813,0.02003203521007705,0.7297297297297296,1,0.031566580596961616,0.18604651162790697,0.01190471061791117,0.6666666666666643,0.08256467555401949,0.31773399014778325,0.12472820715556435
0.15878378378378383,0.0075658752935037835,0.00027187584961203007,0.0004744594811603089,0.0016088355509174712,0.0005466494500006091,0.02003203521007705,0.5810810810810811,0,0.02108254325541301,0.023255813953488372,0.0023809005997705553,0.6111111111111072,0.02241703171253363,0.07635467980295567,0.10219410950780787
0.32432432432432434,0.0016088355509174712,0.0031218847558898625,0.0065402414633790274,0.023132446299678235,0.007857134155997612,0.02003203521007705,0.7297297297297296,0,0.012609653273006106,0.0,0.009523758113376017,0.7777777777777715,0.009854167085862812,0.10467980295566502,0.008697371021941095
0.2736486486486487,0.0038699017305852687,0.04062200194375608,0.14597293391144395,0.5216975389164276,0.09144881899355593,0.1804946259359124,0.689189189189189,0,0.23801923190094235,0.023255813953488372,0.03571423566326271,0.8611111111111072,0.31738099662552033,0.6342364532019704,0.14568096461751334
0.22297297297297297,0.0014349073832507176,0.015621923818511933,0.007284777879969051,0.013218540742673278,0.01746385109208074,0.02003203521007705,0.689189189189189,1,0.037655661969180416,0.023255813953488372,0.003571376852038132,0.75,0.12554875241309027,0.3362068965517241,0.140739276536865
0.27702702702702703,0.00013044612575006522,0.04062200194375608,0.160571687177915,0.032437603269849555,0.07553507692682511,0.048686069268261925,0.6216216216216217,1,0.03299573625146537,0.046511627906976744,0.00833328186110844,0.8611111111111072,0.06245568850155823,0.2315270935960591,0.030836133623245703
0.2972972972972973,0.006478824245586573,0.03749699217810056,0.10947605074526637,0.47821549699973914,0.07757854088755162,0.02003203521007705,0.6621621621621621,1,0.012707536827946264,0.046511627906976744,0.006547567482707074,0.75,0.027922014129967768,0.16009852216748768,0.03874283455228306
0.21283783783783788,8.696408383337682e-05,0.0009515654736421052,0.0028613556402283247,0.013001130533089836,0.002573363706131001,0.00044986833471350265,0.689189189189189,1,0.0006107686098362303,0.0,0.00023804334568891652,0.47222222222222143,0.0008888930972894086,0.0332512315270936,0.0055346906503261515
0.29054054054054057,0.0006087485868336378,0.0031218847558898625,0.006175272631717251,0.03622054091660144,0.010278227820345714,0.037224455644987976,0.5405405405405406,0,0.017074303658887176,0.11627906976744186,0.0005475671712784865,0.9722222222222214,0.0029324003309380954,0.012315270935960592,0.012255386440007909
0.25000000000000006,0.0038699017305852687,0.0009109403466885835,0.0031533307055577452,0.016784068179841728,0.004600077962261393,0.0015759718732001684,0.49999999999999994,1,0.045687951694930465,0.046511627906976744,0.0019047100988635244,0.44444444444444287,0.0018345996015959832,0.012315270935960592,0.002569677801937142
0.195945945945946,0.000521784503000261,0.021871943349822967,0.007284777879969051,0.012566310113922952,0.02412871082091825,0.001203469430443765,0.6756756756756757,0,0.0014083760596740312,0.046511627906976744,0.0019047100988635244,0.75,0.002100320640665853,0.10960591133004927,0.006523028266455821
0.21621621621621623,0.004217758065918776,0.01874693358416745,0.0038978671221477686,0.018740760066092706,0.021325419351695074,0.02003203521007705,0.5135135135135136,0,0.08826763734185629,0.06976744186046512,0.0154761393747139,0.80555555555555,0.02562876462797279,0.20320197044334976,0.021545760031626806
0.16216216216216217,0.0026089225150013043,0.0015203172509914093,0.005532927487992526,0.026654491694929998,0.005061456188863578,0.02003203521007705,0.3243243243243243,0,0.057298130519563444,0.0,0.02023804438378421,0.8333333333333286,0.00604293436512793,0.11083743842364532,0.012255386440007909
0.20945945945945948,0.00013044612575006522,0.0011937537304804078,0.002598578081431846,0.0021741020958344205,0.0019018528218684144,0.00025215549971202697,0.6486486486486487,1,0.0002575983373483921,0.06976744186046512,0.001666614848410009,0.6111111111111072,0.0011504714920976102,0.04679802955665025,0.004744020557422415
0.2972972972972973,0.04339507783285503,0.0031218847558898625,0.006839515905341684,0.038307678928602484,0.007211509178838118,0.06014768289153588,0.8378378378378377,1,0.09766310030936849,0.0,0.005952329356573286,0.75,0.3622079583747104,0.5997536945812808,0.2998616327337419
0.21621621621621623,0.005043916862335855,0.021871943349822967,0.006810318398808742,0.024176015305678755,0.024984468455738148,0.1804946259359124,0.5945945945945945,0,0.18389449514765957,0.0,0.010714234365643593,0.8888888888888857,0.14123398720041283,0.4396551724137931,0.09092706068392964
0.14189189189189194,0.00017392816766675367,0.01874693358416745,0.0037299814595833517,0.018218975563092446,0.020716339184563476,0.000845294004716454,0.47297297297297297,0,0.06578016704766644,0.0,0.026190425645122094,0.6666666666666643,0.008024301934851593,0.1268472906403941,0.017197074520656257
0.195945945945946,0.0012174971736672755,0.0014671920849752655,0.0033358151213886333,0.013348986868423342,0.003572255180226821,0.048686069268261925,0.5405405405405406,0,0.06459143957615517,0.0,0.0033332816015846168,0.8888888888888857,0.027901892714982522,0.3238916256157635,0.031824471239375374
0.29391891891891897,0.01182711540133925,0.00042343882324632267,0.0015620665995124017,0.006739716497086703,0.0015089961140685338,0.02003203521007705,0.4594594594594595,0,0.03972680099031738,0.09302325581395349,0.02857137814965725,0.8333333333333286,0.020739260786557946,0.20566502463054187,0.03854516702905713
0.2533783783783784,0.001174015131750587,0.0012140662939571687,0.0017372516387100542,0.0038699017305852687,0.001971897041088548,0.02003203521007705,0.5675675675675675,0,0.014418099977779916,0.046511627906976744,0.007142805608840863,0.5833333333333286,0.015112366266566138,0.15024630541871922,0.04348685510970548
0.5067567567567568,0.0038699017305852687,0.004684389638717621,0.007000102191272866,0.029959126880598316,0.008221059555858742,0.02003203521007705,0.5675675675675675,0,0.2610627335415645,0.0,0.03333328315872756,0.5833333333333286,0.150371476829007,0.23399014778325122,0.3949397114054161
0.31081081081081086,0.004348204191668841,0.034371982412445046,0.004226339070643367,0.021523610748760764,0.03633772277107113,0.02003203521007705,0.7702702702702702,1,0.050510396907815364,0.023255813953488372,0.007142805608840863,0.22222222222222143,0.03196937757361775,0.09359605911330049,0.04230084997034987
0.17905405405405406,0.0003043742934168189,0.02343444823265073,0.014584154513204573,0.04339507783285503,0.030543847681231806,0.02003203521007705,0.3108108108108108,0,0.044238063782521236,0.0,0.01190471061791117,0.8333333333333286,0.0066489440399777,0.11945812807881774,0.012650721486459775
0.18243243243243246,0.0002608922515001305,0.0015312547851712036,0.005306646812362224,0.02543699452126272,0.004738643700283832,0.02003203521007705,0.7027027027027026,1,0.023964321844615794,0.046511627906976744,0.0021428053493170395,0.6666666666666643,0.09187201359734208,0.1834975369458128,0.06226526981616921
0.2837837837837838,0.010870510479172103,0.000823440073250229,0.00033577132512883397,0.0012174971736672755,0.0009395061578004898,0.02003203521007705,0.527027027027027,0,0.025868658693853155,0.09302325581395349,0.019047568131516635,0.80555555555555,0.022147759835525187,0.25123152709359603,0.04566119786519075
0.27702702702702703,0.023436820593095053,0.01874693358416745,0.0029416487831939154,0.016610140012174975,0.019781401128016473,0.0022436108667558763,0.49999999999999994,0,0.03965368648098929,0.046511627906976744,0.01666661562698148,0.6111111111111072,0.023457427228535478,0.1564039408866995,0.03716149436647559
0.3141891891891892,0.038307678928602484,0.017184428701339693,0.003664287069884232,0.019088616401426214,0.019248455981776325,0.048686069268261925,0.9324324324324325,0,0.38153375408363976,0.0,0.004285662603398677,0.0,0.49577805369103684,0.2733990147783251,0.17770310338011464
0.3040540540540541,0.017610226976258806,5.6250175781799325e-05,4.379625979941313e-05,0.00021741020958344207,8.831662423408169e-05,0.0016762609924038155,0.527027027027027,1,0.0002410606568969961,0.0,0.0004047100210063773,0.8333333333333286,0.00026098658848510597,0.041871921182266014,0.0013836726625815379
0.20945945945945948,0.04339507783285503,0.03749699217810056,0.08027854421232428,0.02952430646143143,0.05495578077986625,0.02003203521007705,0.689189189189189,1,0.07934027343924457,0.0,0.00880947236201547,0.7777777777777715,0.14703191374777924,0.4187192118226601,0.10753113263490809
0.2364864864864865,0.0021741020958344205,0.001107815961924881,0.0035620957970189347,0.020958344203843814,0.004811733320339623,0.0025444782243668174,0.36486486486486486,1,0.023348839266073337,0.023255813953488372,0.004999948354759224,0.5277777777777715,0.007718929872134325,0.10344827586206896,0.04981221585293537
0.17905405405405406,0.00708757283242021,0.0015593798730621034,0.003131432575658039,0.016566657970258285,0.0037306160236810367,0.02003203521007705,0.4189189189189189,0,0.06293187933236817,0.0,0.003571376852038132,0.7222222222222214,0.02052916954185905,0.18596059113300492,0.09231073334651117
0.1891891891891892,0.0009131228802504567,0.0014921921631005097,0.004000058395013066,0.010044351682755024,0.003037787333568844,0.005705018180984609,0.5675675675675675,0,0.14507790957538996,0.023255813953488372,0.023809473140586943,0.6944444444444429,0.06555201918399377,0.16502463054187191,0.050800553469065035
0.4121621621621622,0.038699017305852686,0.04062200194375608,0.002671571847764201,0.004348204191668841,0.04044596849837376,0.02003203521007705,0.25675675675675674,0,0.005963078369361565,0.06976744186046512,0.014285663122446324,0.75,0.02271115945511208,0.17118226600985223,0.07254398102391778
0.2972972972972973,0.0038699017305852687,0.00042812633789480597,0.0018686404181082936,0.00821810592225411,0.0013719530764639241,0.02003203521007705,0.7702702702702702,1,0.051314327781783776,0.0,0.0026189958502240707,0.4166666666666643,0.04330306046721926,0.09359605911330049,0.03735916188970152
0.18581081081081086,0.0,0.0012453163916137239,0.005175258032963985,0.02821984520393078,0.006530862092068558,0.02003203521007705,0.5945945945945945,0,0.01828138865260422,0.0,0.0026189958502240707,0.5833333333333286,0.008660493732179232,0.04433497536945813,0.017592409567108124
0.21283783783783788,0.020871380120010437,0.001328129150403595,0.003941663381947182,0.020871380120010437,0.003691025812817483,0.08307091013808379,0.5675675675675675,0,0.06863898985843873,0.0,0.0023809005997705553,0.9722222222222214,0.03205696490943588,0.29679802955665024,0.03597548922711999
0.1756756756756757,0.002956778850334812,0.0013687542773571167,0.006073081358851954,0.007261501000086964,0.0032936010037641155,0.0017307036571143667,0.47297297297297297,0,0.013671433633004335,0.11627906976744186,0.0033332816015846168,0.5833333333333286,0.006906971596847329,0.07389162561576355,0.020359754892271202
0.21621621621621623,0.0005652665449169494,0.0010765658642683258,0.002715368107563614,0.012131489694756067,0.0026784300349612013,0.001409778475662696,0.47297297297297297,0,0.011176560764302505,0.0,0.004761853104305709,0.027777777777771462,0.0012066930927916806,0.01477832512315271,0.006523028266455821
0.1925675675675676,0.000521784503000261,0.021871943349822967,0.007284777879969051,0.023741194886511875,0.025529595205320926,0.02003203521007705,0.7027027027027026,1,0.0016988130733039818,0.023255813953488372,0.001309471972729736,0.5833333333333286,0.008737428554181643,0.12192118226600986,0.028266455821308562
0.3006756756756757,0.019306026611009657,0.03124697264678952,0.007284777879969051,0.03561179232976781,0.033814608178728486,0.02003203521007705,0.6081081081081081,0,0.061926283956707046,0.023255813953488372,0.01142852011700414,0.5833333333333286,0.03821470970124433,0.15270935960591134,0.06226526981616921
0.20270270270270274,0.004217758065918776,0.0009312529101653444,0.0040511540314457145,0.016305765718758154,0.005405586483292931,0.02289743861589554,0.337837837837838,0,0.09340893750189389,0.023255813953488372,0.007142805608840863,0.9722222222222214,0.013878450082912065,0.09236453201970443,0.024115437833563947
0.28040540540540543,0.0027828506826680583,0.02343444823265073,0.0017445510153432896,0.0036090094790851377,0.02368103689807653,0.18622543274754935,0.8108108108108107,1,0.042445169887191575,0.023255813953488372,0.002023757724090282,0.9444444444444429,0.1735661420500881,0.6564039408866995,0.10891480529748963
0.1756756756756757,0.004000347856335334,0.0010796908740339814,0.0038832683688812975,0.006261414036003131,0.0020876222728435515,0.0011862770100088541,0.6081081081081081,1,0.0004389368897354134,0.0,0.002857091100677586,0.6111111111111072,0.007419475872648013,0.0874384236453202,0.017592409567108124
0.17905405405405406,0.0011305330898338988,0.0006625020703189698,0.0026058774580650815,0.009348639012088008,0.002238369614208622,0.02003203521007705,0.47297297297297297,1,0.03944722385605836,0.0,0.000523757646233135,0.13888888888888573,0.02572167822069878,0.16871921182266011,0.06443961257165448
0.19932432432432434,0.0003043742934168189,0.0359344872952728,0.0020584242105724172,0.01095747456300548,0.037205662009233656,0.002378284826829345,0.27027027027027034,0,0.0056657288498770395,0.046511627906976744,0.00571423410611977,0.5,0.0013274215827031584,0.020935960591133007,0.007116030836133623
0.3310810810810811,0.02056700582659362,0.0009968781152441101,0.004598607278938379,0.022958518132011482,0.0028489724817580488,0.06874389310899134,0.6351351351351351,0,0.09606570791117755,0.023255813953488372,0.0627856656398274,0.8888888888888857,0.1255706492470448,0.5677339901477833,0.14568096461751334
0.29054054054054057,0.0038699017305852687,0.00027500085937768557,0.00048905823442678,0.0016523175928341595,0.0005436040491649511,6.590427833382522e-05,0.1891891891891892,0,0.0014438577142260284,0.023255813953488372,0.00047613859614243194,0.6388888888888857,0.00022192737116080442,0.007389162561576354,0.005732358173552086
0.1756756756756757,0.0026089225150013043,0.0006062518945371705,0.0018686404181082936,0.002478476389251239,0.0011039578029260213,0.02003203521007705,0.527027027027027,1,0.03154932760298827,0.023255813953488372,0.004285662603398677,0.80555555555555,0.031037282614742367,0.23275862068965517,0.048823878236805694
0.29391891891891897,0.0023915123054178626,0.0015593798730621034,0.006094979488751661,0.02878511174884773,0.005699467663933927,0.02003203521007705,0.6351351351351351,0,0.028361233091899897,0.046511627906976744,0.0021428053493170395,0.9444444444444429,0.004755755612395265,0.11083743842364532,0.011069381300652305
0.29391891891891897,0.011740151317505871,0.07655961424879454,0.0019051373012744712,0.009783459431254892,0.07634667624952796,0.02003203521007705,0.7297297297297296,1,0.16294711590486008,0.023255813953488372,0.0030951863511311014,0.19444444444444287,0.058189948524686015,0.07512315270935961,0.02569677801937142
0.18243243243243246,4.3482041916688424e-05,6.875021484442139e-05,0.00032117257186236296,0.0015653535090007827,0.00033956219317586583,0.0013467396007346894,0.5945945945945945,0,0.00014446571822799718,0.16279069767441862,0.0015475672231832513,0.80555555555555,0.0008084074373484236,0.03940886699507389,0.005930025696778019
0.21621621621621623,0.02952430646143143,0.0001437504492201538,0.00017518503919765254,0.0004783024610835726,0.00020860995724257227,0.0018682430205936543,0.7162162162162162,1,0.004995593162462684,0.023255813953488372,5.9471907848779985e-05,0.6111111111111072,0.004721430845655727,0.061576354679802964,0.02708045068195296
0.1722972972972973,0.00852248021567093,0.0031218847558898625,0.007284777879969051,0.016740586137925038,0.006023802852931503,0.02003203521007705,0.689189189189189,0,0.10523805617574049,0.0,0.005952329356573286,0.7777777777777715,0.17562740347342964,0.5640394088669951,0.4330895433880214
0.22972972972972977,0.007174536916253587,0.0031218847558898625,0.006365056424181375,0.02839377337159753,0.007881497362682876,0.02003203521007705,0.5405405405405406,0,0.1194400907075402,0.0,0.009523758113376017,1.0,0.01692506903420759,0.145320197044335,0.011267048823878238
0.2736486486486487,0.0004783024610835726,0.0031218847558898625,0.007284777879969051,0.025089138185929213,0.006843015677723502,0.02003203521007705,0.6216216216216217,0,0.09801452043057376,0.046511627906976744,0.013095186870178747,0.6666666666666643,0.02883931393076576,0.15270935960591134,0.06364894247875075
0.34121621621621623,0.005913557700669624,0.0005031265722705384,0.001386881560314749,0.007913731628837292,0.0015394501224251136,0.002530151207337725,0.5810810810810811,1,0.04286459607464999,0.023255813953488372,0.0154761393747139,0.55555555555555,0.02916303198949899,0.16379310344827586,0.052184226131646576
0.1925675675675676,0.0009131228802504567,0.0014421920068500213,0.004802989824668973,0.027263240281763634,0.0044325809163002034,0.0006819660105848002,0.4189189189189189,0,0.013731855272061512,0.046511627906976744,0.003571376852038132,0.5,0.004223721727932429,0.050492610837438424,0.017197074520656257
0.1891891891891892,0.001174015131750587,0.0009937531054784545,0.0011533015080512125,0.006087485868336377,0.0014602697006980058,0.001985724560232212,0.5405405405405406,0,0.023468805496174562,0.023255813953488372,0.006666615107933832,0.6666666666666643,0.011095776751717126,0.10960591133004927,0.019964419845819335
0.19932432432432434,0.0018262457605009133,0.02343444823265073,0.08027854421232428,0.025828332898512916,0.04209353035046473,0.0026619597640053752,0.6216216216216217,1,0.018429348098824534,0.06976744186046512,0.0011904243475029783,0.6111111111111072,0.022447213835011498,0.13054187192118227,0.0587072543981024
0.20270270270270274,0.022523697712844598,0.017184428701339693,0.006496445203579614,0.0082615879641708,0.018735305940967954,0.07160929651480984,0.4594594594594595,1,0.018571341777675204,0.09302325581395349,0.0011904243475029783,0.8888888888888857,0.06430626687387779,0.5455665024630542,0.11069381300652303
0.24662162162162166,0.0017392816766675365,0.0015593798730621034,0.006219068891516665,0.03504652578485085,0.005227430534406939,0.02003203521007705,0.7162162162162162,1,0.06547878205538989,0.06976744186046512,0.0026189958502240707,0.25,0.028989632736832013,0.06896551724137931,0.018976082229689665
0.20270270270270274,0.0036959735629185147,0.026559457998306245,0.007102293464138163,0.02465431776676233,0.030685458820089904,0.02003203521007705,0.5810810810810811,0,0.08415602442209225,0.023255813953488372,0.003571376852038132,0.8333333333333286,0.0189259662125934,0.1354679802955665,0.02016208736904527
0.1891891891891892,0.0023915123054178626,0.0015593798730621034,0.0017007547555438764,0.003913383772501957,0.002323640837607046,0.02003203521007705,0.7027027027027026,1,0.0003391835262875123,0.0,0.0002537973941256743,0.9166666666666643,0.02524409051796073,0.3423645320197044,0.026487448112275155
0.3310810810810811,0.001695799634750848,0.024996953115478487,0.08027854421232428,0.04339507783285503,0.04442478469016092,0.02003203521007705,0.7162162162162162,0,0.0017221265084954624,0.023255813953488372,0.0023809005997705553,0.6111111111111072,0.005547000666373919,0.09729064039408868,0.02016208736904527
0.28040540540540543,0.010087833724671712,0.017184428701339693,0.00720448473700346,0.03987303243760327,0.02373585411311837,0.02003203521007705,0.689189189189189,1,0.11484623944658612,0.06976744186046512,0.0064285198574803165,0.7777777777777715,0.15104968687527442,0.2844827586206896,0.07372998616327338
0.40202702702702703,0.019306026611009657,0.0008140650439532625,0.0029416487831939154,0.006609270371336638,0.0021028492770218416,0.031493648833351,0.8108108108108107,0,0.15715620850355644,0.0,0.006666615107933832,0.6944444444444429,0.11162354963065367,0.3571428571428571,0.16090136390591026
0.34121621621621623,0.021784503000260896,0.012496914052856417,0.0009854158454867955,0.0028263327245847463,0.012719116590125593,0.02003203521007705,0.6486486486486487,1,0.10004045663379886,0.023255813953488372,0.017857091879249058,0.47222222222222143,0.04502284964213472,0.09729064039408868,0.031824471239375374
0.2364864864864865,0.0003913383772501957,0.017184428701339693,0.0059197944495540085,0.008348552048004176,0.018650034717569527,0.0012063348338495834,0.7027027027027026,1,0.004322483138308164,0.046511627906976744,0.0010713767222762204,0.5833333333333286,0.005078290058482301,0.09605911330049262,0.022534097647756476
0.32770270270270274,0.0038699017305852687,0.015621923818511933,0.004379625979941313,0.016566657970258285,0.016920247042915792,0.04582066586244344,0.7702702702702702,1,0.020643945613634695,0.0,0.003571376852038132,0.7777777777777715,0.19650514693959195,0.4766009852216749,0.17295908282269223
0.2837837837837838,0.008957300634837814,0.0359344872952728,0.014584154513204573,0.02469779980867902,0.04062716984809541,0.02003203521007705,0.527027027027027,0,0.19745739047302455,0.09302325581395349,0.041666616924600594,0.80555555555555,0.10330334453425434,0.3066502463054187,0.10535678987942282
0.1891891891891892,0.0009131228802504567,0.0013203166259894562,0.0042993328369757226,0.024262979389512135,0.004571146654322642,0.0009111982830502792,0.4594594594594595,1,0.00888239119474827,0.09302325581395349,0.0011904243475029783,0.5833333333333286,0.004318410739627706,0.06773399014778325,0.02569677801937142
0.40540540540540543,0.03365510044351683,0.015621923818511933,0.014584154513204573,0.040481781024436905,0.02555548111242402,0.04582066586244344,0.6756756756756757,0,0.4025267700661567,0.0,0.017857091879249058,0.44444444444444287,0.25449624853971786,0.22660098522167488,0.16900573235817354
0.24662162162162166,0.002000173928167667,0.0015593798730621034,0.006970904684739924,0.04078615531785373,0.007566298376192274,0.0018367235831296509,0.4594594594594595,0,0.016268449064913957,0.023255813953488372,0.00571423410611977,0.55555555555555,0.006916440498016856,0.061576354679802964,0.0197667523225934
0.21283783783783788,0.030785285677015394,0.0007734399169997407,0.002518284938466255,0.011131402730672233,0.0027454288533456774,0.0005730806811636976,0.39189189189189183,1,0.02206357471213381,0.046511627906976744,0.006666615107933832,0.55555555555555,0.005513267705957477,0.12192118226600986,0.03281280885550504
0.24662162162162166,0.0002608922515001305,0.0014437545117328492,0.0029051519000277376,0.011566223149839117,0.003625549694850836,0.02003203521007705,0.5945945945945945,0,0.016041744645209324,0.0,0.0011904243475029783,0.0833333333333286,0.004705452074932149,0.034482758620689655,0.012650721486459775
0.14527027027027029,0.0015218714670840944,0.004684389638717621,0.007051197827705514,0.034481259239933906,0.008475350525636185,0.0007536010957302624,0.25675675675675674,0,0.012746706817845814,0.0,0.00523804360521274,0.5277777777777715,0.0048255887585205316,0.04926108374384237,0.015022731765170983
0.17905405405405406,0.0004783024610835726,0.02343444823265073,0.029182907779675617,0.03769893034176885,0.03423487349404929,0.02003203521007705,0.527027027027027,0,0.01520053988814035,0.023255813953488372,0.00523804360521274,0.5833333333333286,0.009229219608673987,0.07635467980295567,0.03538248665744218
0.2567567567567568,0.02304548221584486,0.004684389638717621,0.004642403538737792,0.019958257239759983,0.007895201666443337,0.02003203521007705,0.7027027027027026,1,0.06240096416899238,0.023255813953488372,0.01666661562698148,0.75,0.05998785613425008,0.28694581280788173,0.05692824668906899
0.27702702702702703,0.00656578832941995,0.004684389638717621,0.0057373100337231205,0.023349856509261677,0.007628729093323263,0.02003203521007705,0.689189189189189,1,0.012355364575611294,0.0,0.003571376852038132,0.7222222222222214,0.031010059523879977,0.2413793103448276,0.039335837121960864
0.26689189189189194,0.009131228802504566,0.0008828152587976838,0.000795632053022672,0.0006957126706670146,0.0010750264949872703,0.02003203521007705,0.49999999999999994,1,2.2336453671611936e-05,0.20930232558139533,0.004761853104305709,0.8611111111111072,0.007164407347393862,0.08990147783251232,0.01186005139355604
0.35135135135135137,0.7391077484998696,0.045309516592239356,0.0016131622359450502,0.007000608748586834,0.045046046460635154,0.1518405918777275,0.8378378378378377,1,0.16826730624636949,0.0,0.019047568131516635,0.8333333333333286,0.46520119639566276,0.6022167487684729,0.19035382486657443
0.22635135135135137,0.0015218714670840944,0.0031218847558898625,0.006452648943780202,0.02578485085659623,0.006486703779951517,0.0017278382537085483,0.1891891891891892,1,0.017367208767150765,0.023255813953488372,0.009999948614283048,0.6111111111111072,0.010230555907351536,0.1268472906403941,0.07649733148843646
0.2837837837837838,0.005000434820419167,0.028121962881134003,0.10947605074526637,0.4347334550830508,0.06820936521664982,0.05728227948571739,0.6756756756756757,1,0.12468354526501665,0.0,0.019047568131516635,0.8333333333333286,0.13436962565882837,0.3990147783251231,0.1104961454832971
0.1925675675675676,0.0017392816766675365,0.07655961424879454,0.006102278865384897,0.033220280024349944,0.08003922476276328,0.0025903246788599133,0.4594594594594595,0,0.05758336836101364,0.06976744186046512,0.00833328186110844,0.75,0.0190176961926732,0.14655172413793105,0.02332476774066021
0.22635135135135137,0.02078441603617706,0.0013734417920056,0.006328559541015197,0.03326376206626663,0.0060009623466640676,0.02003203521007705,0.5675675675675675,0,0.11597554724393677,0.11627906976744186,0.014285663122446324,0.6666666666666643,0.07147422505921022,0.21182266009852216,0.06068392963036173
0.21621621621621623,0.0006087485868336378,0.0010703158447370148,0.0016861560022774055,0.00956604922167145,0.002746951553763506,0.0005960039084102455,0.4594594594594595,1,0.005131476433341849,0.0,0.0007142338465959473,0.36111111111110716,0.002320472592857371,0.025862068965517244,0.009488041114844832
0.4594594594594595,0.0038699017305852687,0.029684467763961764,0.007284777879969051,0.01643621184450822,0.03149096734112144,0.02003203521007705,0.6216216216216217,0,0.09910590083228635,0.0,0.014285663122446324,0.5,0.019133690231999914,0.11699507389162561,0.05178889108519471
0.2567567567567568,0.006870162622836768,0.0012015662548945465,0.004146045927677777,0.018479867814592574,0.0035844367835694536,0.10026333057299472,0.6081081081081081,1,0.02104628054161094,0.023255813953488372,0.006190424607026801,0.8888888888888857,0.043121375926028944,0.3251231527093596,0.03735916188970152
0.22297297297297297,0.003435081311418384,0.05312204100637815,0.0017956466517759383,0.0076963214192538485,0.05244789319170189,0.05728227948571739,0.7162162162162162,1,0.008588139613972775,0.046511627906976744,0.00047613859614243194,0.8333333333333286,0.06606689068508684,0.44827586206896547,0.058509586874876465
0.26689189189189194,0.008087659796504046,0.017184428701339693,0.004948977357333684,0.02735020436559701,0.02163300483609653,0.02003203521007705,0.6756756756756757,0,0.09504140393112248,0.11627906976744186,0.00880947236201547,0.8611111111111072,0.010608720147809546,0.16009852216748768,0.01680173947420439
0.21959459459459463,0.001174015131750587,0.001107815961924881,0.0031022350691250968,0.006913644664753457,0.0022231426100303322,0.02003203521007705,0.6621621621621621,1,0.015625567611634618,0.023255813953488372,0.0021428053493170395,0.5,0.03123731315194864,0.10714285714285715,0.05475390393358372
0.1722972972972973,0.0038699017305852687,0.017184428701339693,0.00601468634578607,0.03217671101834942,0.02231365192286609,0.0010516030499353852,0.6486486486486487,1,9.252396318378606e-05,0.13953488372093023,0.0015475672231832513,0.6666666666666643,0.004537970885496128,0.03201970443349754,0.013243724056137577
0.03716216216216216,0.0011305330898338988,0.0008921902880946504,0.0014233784434809268,0.004435168275502218,0.0016688796579405782,0.02003203521007705,0.7297297297297296,1,0.00019059292107724348,0.023255813953488372,0.010714234365643593,0.7777777777777715,0.008418444946033181,0.09729064039408868,0.008499703498715162
0.28716216216216217,0.47821549699973914,0.029684467763961764,0.00412414779777807,0.017305852682841988,0.031046338819115376,0.02003203521007705,0.7837837837837838,1,0.030361066926146645,0.06976744186046512,0.003571376852038132,0.6944444444444429,0.09838602579565402,0.3411330049261084,0.14508796204783553
0.40202702702702703,0.6956257065831812,0.02030943846699521,0.08027854421232428,0.47821549699973914,0.05594249065061944,0.12032115441372414,0.8648648648648649,1,0.1584773307776128,0.023255813953488372,0.017857091879249058,0.80555555555555,0.5238391423069321,0.5972906403940886,0.3016406404427753
0.2533783783783784,0.0003043742934168189,0.0011953162353632355,0.0027591643673630273,0.01208800765283938,0.003327100412956353,0.02003203521007705,0.7297297297297296,0,0.004011504529384287,0.023255813953488372,0.0004285195460517289,0.55555555555555,0.0016404871276206664,0.04679802955665025,0.015220399288396918
0.36824324324324326,0.012305417862422821,0.017184428701339693,0.05838041431261771,0.3042873293329855,0.042900561571914096,0.11745575100790565,0.5945945945945945,0,0.0028601364104201272,0.046511627906976744,0.01190471061791117,0.9166666666666643,0.07764794862174225,0.333743842364532,0.06819529551294723
0.4087837837837838,0.0038699017305852687,0.004684389638717621,0.0026131768346983166,0.007304983042003652,0.005595924035521556,0.02003203521007705,0.8108108108108107,1,0.034693701204876595,0.3488372093023256,0.003571376852038132,0.47222222222222143,0.11185731312827639,0.18719211822660098,0.1104961454832971
0.1891891891891892,0.0003478563353335073,0.034371982412445046,0.1240748040117374,0.47821549699973914,0.09617832649133279,0.02003203521007705,0.554054054054054,0,0.21138811079367542,0.0,0.017857091879249058,0.6666666666666643,0.07835101453357968,0.1748768472906404,0.05673057916584306
0.21621621621621623,0.0015653535090007827,0.0015593798730621034,0.003452605147520402,0.015566571006174451,0.004901572644991534,0.0027966337240788444,0.5675675675675675,1,0.015513053002358557,0.0,0.0014285195979564936,0.4166666666666643,0.0026986368333153815,0.02955665024630542,0.010081043684522634
0.3040540540540541,0.0038699017305852687,0.012496914052856417,0.0059562913327201854,0.0303939472997652,0.01520568637244034,0.02003203521007705,0.6486486486486487,0,0.11969754703411585,0.046511627906976744,0.01190471061791117,0.5,0.027495321771015928,0.07881773399014778,0.049614548329709435
0.21621621621621623,0.006391860161753196,0.03124697264678952,0.004489116629439846,0.019001652317592835,0.032604061346554435,0.02003203521007705,0.527027027027027,1,0.001989009457569012,0.0,0.005952329356573286,1.0,0.005245179441595226,0.15024630541871922,0.01087171377742637
0.320945945945946,0.0038699017305852687,0.032809477529617284,0.007131490970671105,0.006609270371336638,0.03411001205978731,0.11172494419626867,0.7567567567567568,0,0.24566615435622946,0.046511627906976744,0.029761854401924828,0.8611111111111072,0.20039331448232925,0.4692118226600985,0.08124135204585888
0.24324324324324326,0.0038699017305852687,0.028121962881134003,0.003372312004554811,0.0026958865988346813,0.028424248699613845,0.08880171694972076,0.6756756756756757,1,0.15453991510924736,0.11627906976744186,0.00833328186110844,0.8611111111111072,0.209156190708404,0.417487684729064,0.07629966396521053
0.25000000000000006,0.00821810592225411,0.0009296904052825166,0.003934364005313946,0.01452300200017393,0.0030134241268835803,0.02003203521007705,0.7027027027027026,0,0.02507209265634878,0.023255813953488372,0.00047613859614243194,0.75,0.022306363930114773,0.21182266009852216,0.040126507214864604
0.4628378378378379,0.0038699017305852687,0.004684389638717621,0.006795719645542271,0.030133055048265068,0.009926484023827216,0.06014768289153588,0.8918918918918919,1,0.24677094162682034,0.0,0.024523758891947488,0.55555555555555,0.5815177701684636,0.3251231527093596,0.46787902747578575
0.19932432432432434,0.0006522306287503262,0.0015593798730621034,0.00118979839121739,0.0027828506826680583,0.0018927166193614404,0.0012493158849368607,0.5405405405405406,1,2.6584942622749755e-05,0.023255813953488372,0.003571376852038132,0.75,0.004436772004246802,0.0603448275862069,0.0075113658825854916
0.25000000000000006,0.0038699017305852687,0.0031218847558898625,0.0067811208922758,0.02108879032959388,0.006701404538865406,0.02003203521007705,0.7027027027027026,0,0.10684691068417193,0.023255813953488372,0.00833328186110844,0.6388888888888857,0.12466873641064731,0.25,0.09448507610199645
0.28040540540540543,0.009131228802504566,0.017184428701339693,0.021883531146440094,0.03887294547351944,0.027006614610615053,0.18622543274754935,0.8243243243243243,1,0.03589237074539423,0.0,0.0011904243475029783,0.9166666666666643,0.19320819391362704,0.5788177339901478,0.06700929037359163
0.2567567567567568,0.023132446299678235,0.0013484417138803558,0.0038832683688812975,0.0221323593355944,0.004522420240952114,0.00048138777217750597,0.4594594594594595,0,0.007733462242297373,0.046511627906976744,0.009285662862922501,0.6666666666666643,0.0034886982746478454,0.09236453201970443,0.009685708638070766
0.24662162162162166,0.009000782676754502,0.0031218847558898625,0.004321230966875429,0.015436124880424387,0.006177595595132231,0.04582066586244344,0.5810810810810811,0,0.055733124467044586,0.0,0.007142805608840863,0.8333333333333286,0.027977643924338744,0.16871921182266011,0.01680173947420439
0.24662162162162166,0.0005652665449169494,0.026559457998306245,0.007284777879969051,0.026089225150013048,0.03116054135045255,0.042955262456624954,0.6621621621621621,0,0.06635213121385147,0.06976744186046512,0.0026189958502240707,0.9444444444444429,0.04963538812434088,0.1724137931034483,0.025894445542597355
0.16891891891891891,0.0004348204191668842,0.0015593798730621034,0.002503686185199784,0.014436037916340553,0.0034945974589175428,0.02003203521007705,0.49999999999999994,0,0.0690901738624084,0.046511627906976744,0.0031428054012218043,0.9444444444444429,0.007488717212450184,0.07019704433497537,0.01640640442775252
0.22635135135135137,0.0021741020958344205,0.0007937524804765016,0.002598578081431846,0.014349073832507176,0.0032875102020927995,0.028628245427532513,0.4189189189189189,1,0.04267316292316737,0.0,0.0011904243475029783,0.9444444444444429,0.018801095078420257,0.2697044334975369,0.030440798576793836
0.22972972972972977,0.0018262457605009133,0.01874693358416745,0.021883531146440094,0.033220280024349944,0.026032086343204495,0.04582066586244344,0.48648648648648657,0,0.02258594293085396,0.09302325581395349,0.022618996888319365,0.9444444444444429,0.032241016675918575,0.2142857142857143,0.0302431310535679
0.22635135135135137,0.010479172101921907,0.001510942221694443,0.0009197214557876758,0.0031307070180015655,0.0019033755222862435,0.02003203521007705,0.48648648648648657,1,0.00010169417734201422,0.0,0.00017851953307553768,0.8611111111111072,0.01611962062847464,0.3583743842364532,0.04862621071357976
0.2702702702702703,0.0038699017305852687,0.0015125047265772706,0.004591307902305143,0.02361074876076181,0.004351877794155266,0.02003203521007705,0.5405405405405406,0,0.07893907854219394,0.023255813953488372,0.007142805608840863,0.5,0.011215321628982412,0.07881773399014778,0.031824471239375374
0.24324324324324326,0.002869814766501435,0.001301566567395523,0.004372326603308077,0.016914514305591793,0.0032098524807835207,0.008570421586803097,0.6621621621621621,1,0.0005392188488374022,0.0,0.00047613859614243194,0.6111111111111072,0.019136057457292296,0.11206896551724138,0.03913816959873493
0.26689189189189194,0.007348465083920341,0.0006687520898502809,0.0005109563643264865,0.0026524045569179928,0.0012364327392771438,0.02003203521007705,0.6351351351351351,1,0.052029636044075074,0.0,0.007618996109747893,0.75,0.08191368859861446,0.37315270935960587,0.10397311721684128
0.24324324324324326,0.002565440473084616,0.0014140669189591218,0.005875998189754595,0.028132881120097403,0.005268543445688322,0.0028396147751661217,0.6081081081081081,0,0.042925890816976606,0.11627906976744186,0.0033332816015846168,0.6944444444444429,0.004974132145617496,0.11699507389162561,0.017197074520656257
0.2567567567567568,0.004565614401252283,0.0010343782324319763,0.004007357771646301,0.02378467692842856,0.005137591209755028,0.02003203521007705,0.7297297297297296,0,0.049659310567809894,0.11627906976744186,0.0026189958502240707,0.7777777777777715,0.011491695181868001,0.1330049261083744,0.01087171377742637
0.13851351351351354,0.009522567179754762,0.017184428701339693,0.007065796580971985,0.023958605096095317,0.0199823975831699,0.02003203521007705,0.49999999999999994,0,0.07580697046334374,0.046511627906976744,0.007857091360201409,0.7222222222222214,0.024044499101046193,0.10960591133004927,0.04111484483099427
0.21621621621621623,0.0075658752935037835,0.0011562536132925414,0.004788391071402502,0.0202626315331768,0.0037382295257701818,0.02003203521007705,0.6486486486486487,1,0.0584551790694372,0.046511627906976744,0.005952329356573286,0.47222222222222143,0.02144173489207228,0.05911330049261084,0.017987744613559994
0.2702702702702703,0.0038699017305852687,0.0008531276660239564,0.0021606154834377146,0.00491347073658579,0.0015272685190824817,0.001908358668275113,0.5945945945945945,1,0.008667839215429404,0.023255813953488372,0.00833328186110844,0.6111111111111072,0.016903172200253055,0.18226600985221675,0.04566119786519075
0.195945945945946,0.0038699017305852687,0.017184428701339693,0.07297916757908875,0.4347334550830508,0.05005573083529254,0.02003203521007705,0.5810810810810811,1,0.019720967634844176,0.06976744186046512,0.00833328186110844,0.75,0.02435164658273275,0.27832512315270935,0.0587072543981024
0.18243243243243246,0.006522306287503261,0.001457817055678299,0.0032555219784230426,0.007783285503087225,0.002821563874237127,0.02003203521007705,0.4594594594594595,1,0.02520670046010241,0.0,0.0006666147965052442,0.22222222222222143,0.012627371515888225,0.13423645320197045,0.05317256374777624
0.20608108108108109,0.0038699017305852687,0.02030943846699521,0.004065752784712186,0.01395773545525698,0.02238978694375754,0.02003203521007705,0.5405405405405406,1,0.03559078983084788,0.023255813953488372,0.01190471061791117,0.5277777777777715,0.010878583831141085,0.1206896551724138,0.029452460960664166
0.20608108108108109,0.0005652665449169494,0.0015593798730621034,0.0062044701382501935,0.022871554048178106,0.004705144291091593,0.02003203521007705,0.5405405405405406,0,0.06762736822933808,0.046511627906976744,0.004761853104305709,0.6666666666666643,0.03718851753699678,0.08374384236453203,0.04566119786519075
0.2837837837837838,0.0027393686407513698,0.017184428701339693,0.0071387903473043406,0.02765457865901383,0.021227966524954015,0.07160929651480984,0.7297297297297296,1,0.07624101718582156,0.023255813953488372,0.009523758113376017,0.8611111111111072,0.10287132591839464,0.3362068965517241,0.039928839691638664
0.28040540540540543,0.0038699017305852687,0.0013765668017712556,0.006430750813880495,0.024567353682928953,0.005495425807944842,0.025762842021714027,0.6756756756756757,0,0.00980677350229144,0.023255813953488372,0.00833328186110844,0.7222222222222214,0.041826503691096036,0.17980295566502463,0.03854516702905713
0.26351351351351354,0.0003043742934168189,0.001340629189466217,0.0009343202090541468,0.0053482911557526745,0.0019033755222862435,0.0016590685719689046,0.7702702702702702,1,0.00022829678123970895,0.0,0.0005951862213691896,0.7777777777777715,0.00032904431564108604,0.01600985221674877,0.006523028266455821
0.21959459459459463,0.0030002608922515,0.028121962881134003,0.007284777879969051,0.04339507783285503,0.035542873152964394,0.02003203521007705,0.40540540540540554,1,0.04339246326607013,0.0,0.006666615107933832,0.55555555555555,0.016189453774599908,0.14901477832512317,0.07195097845423998
0.24324324324324326,0.011957561527089313,0.034371982412445046,0.014584154513204573,0.016566657970258285,0.03789239989767453,0.002424131281322441,0.554054054054054,0,0.01387916778031712,0.0,0.004761853104305709,0.25,0.010254228160275354,0.023399014778325126,0.008104368452263293
0.26351351351351354,0.0004348204191668842,0.05155953612355039,0.007284777879969051,0.030306983215931824,0.053739143146020886,0.0004985801926124169,0.5675675675675675,1,1.705707170354683e-05,0.046511627906976744,0.00011899572046215883,0.6111111111111072,0.0011729601323752384,0.019704433497536946,0.0061276932200039535
0.3040540540540541,0.47821549699973914,0.017184428701339693,0.006262865151316078,0.024393425515262197,0.01931240939932514,0.002487170156250448,0.6081081081081081,0,0.014152829113959878,0.0,0.003571376852038132,0.25,0.00808999243671519,0.050492610837438424,0.010674046254200436
0.1722972972972973,0.0017392816766675365,0.03124697264678952,0.10217667411203084,0.02539351247934603,0.053536623990449624,0.02003203521007705,0.6486486486486487,0,0.08475828027505146,0.0,0.03547614041280919,0.7222222222222214,0.050341413067793786,0.16502463054187191,0.023917770310338014
0.17905405405405406,0.0038699017305852687,0.0015203172509914093,0.003905166498781004,0.021784503000260896,0.004654895177303236,0.0022522070769733318,0.5810810810810811,1,0.001678911841401948,0.046511627906976744,0.0023809005997705553,0.55555555555555,0.00673534776314964,0.10960591133004927,0.029452460960664166
0.23310810810810811,0.00708757283242021,0.04062200194375608,0.09487729747879532,0.565179580833116,0.08813237748352439,0.3094377791977443,0.6486486486486487,1,0.11179040561675749,0.06976744186046512,0.02190471113695882,0.8888888888888857,0.14604655621982526,0.47044334975369456,0.09349673848586677
0.15878378378378383,0.0016088355509174712,0.02030943846699521,0.003934364005313946,0.015740499173841207,0.022257312007406417,0.02003203521007705,0.37837837837837834,0,0.013858215931679723,0.023255813953488372,0.011190424866550624,0.8333333333333286,0.027049691609725035,0.21798029556650247,0.03459181656453845
0.20270270270270274,0.0003043742934168189,0.017184428701339693,0.006532942086745792,0.026524045569179932,0.020589955049883667,0.00231238054849552,0.48648648648648657,0,0.011486261276271722,0.09302325581395349,0.003571376852038132,0.55555555555555,0.004753980193425978,0.0603448275862069,0.01739474204388219
0.2364864864864865,0.02791547091051396,0.0006796896240300751,0.0020949210937385946,0.0074789112096704065,0.0016612661558514333,0.001891166247840202,0.48648648648648657,1,0.05602829648801377,0.023255813953488372,0.013095186870178747,0.38888888888888573,0.035668758899287584,0.04310344827586207,0.022336430124530543
0.06418918918918919,0.006044003826419689,0.00021718817871305848,0.0008978233258879692,0.0009131228802504567,0.0004735598299448174,0.02003203521007705,0.7837837837837838,1,0.00036094273246622743,0.0,0.00023804334568891652,0.75,0.006238822258072534,0.1022167487684729,0.007709033405811426
0.22972972972972977,0.00656578832941995,0.004684389638717621,0.007284777879969051,0.011609705191755807,0.008207355252098281,0.02003203521007705,0.445945945945946,0,0.10566745993489844,0.023255813953488372,0.019047568131516635,0.8611111111111072,0.02641823426298216,0.21798029556650247,0.024906107926467684
0.21283783783783788,0.0075658752935037835,0.01874693358416745,0.08027854421232428,0.4347334550830508,0.05491162246774921,0.16616760890681995,0.6216216216216217,0,0.05928803280412033,0.06976744186046512,0.005952329356573286,0.9444444444444429,0.05103086743420002,0.24261083743842365,0.0511958885155169
0.21283783783783788,0.0021741020958344205,0.03124697264678952,0.0022847048862027182,0.006913644664753457,0.03143310472524394,0.07160929651480984,0.7297297297297296,0,0.1359628626576276,0.0,0.034523759410995135,0.8888888888888857,0.07310642689830756,0.31403940886699505,0.03419648151808658
0.2972972972972973,8.696408383337682e-05,3.593761230503846e-05,0.0001313887793982394,4.3482041916688424e-05,7.004421922013375e-05,0.001948474315956572,0.7972972972972974,1,0.0009378641265515327,0.023255813953488372,0.0010713767222762204,0.47222222222222143,0.005414436050000532,0.06527093596059114,0.013243724056137577
0.2972972972972973,0.025523958605096098,0.001321879130872284,0.0011022058716185638,0.006435342203669885,0.0017693778855172918,0.02003203521007705,0.6216216216216217,0,0.04398562385500117,0.0,0.00011899572046215883,0.7777777777777715,0.010087930583485526,0.0603448275862069,0.04230084997034987
0.1891891891891892,0.0002608922515001305,0.0015593798730621034,0.00650374458021285,0.021436646664927388,0.004787370113654359,0.0015387216289245282,0.37837837837837834,0,0.00012194254668852345,0.023255813953488372,0.0011904243475029783,0.80555555555555,0.0021541750160675413,0.05172413793103448,0.004348685510970548
0.3040540540540541,0.0018262457605009133,0.00624689452154538,0.005635118760857823,0.01587094529959127,0.009731578370345105,0.028628245427532513,0.689189189189189,0,0.04792573904296324,0.0,0.005952329356573286,0.9444444444444429,0.02119317623637218,0.18472906403940886,0.018778414706463728
0.21959459459459463,0.0082615879641708,0.0005390641845755768,0.002182513613337421,0.012174971736672755,0.0019064209231219014,0.02003203521007705,0.689189189189189,1,0.02778799082876021,0.0,0.002857091100677586,0.5277777777777715,0.03695593765202025,0.20073891625615764,0.07372998616327338
0.22972972972972977,0.011348812940255675,0.009371904287200899,0.007284777879969051,0.04339507783285503,0.016111693121048595,0.20341785318246028,0.5810810810810811,1,0.13986608791754135,0.0,0.026190425645122094,0.9444444444444429,0.1333049660835796,0.44950738916256155,0.10318244712393754
0.20608108108108109,0.004087311940168711,0.03749699217810056,0.08027854421232428,0.34776937124967394,0.07022389786943757,0.037224455644987976,0.7297297297297296,0,0.19505097453676498,0.06976744186046512,0.030952330654192402,0.8333333333333286,0.10222388980092818,0.2857142857142857,0.03676615932002372
0.17905405405405406,0.001695799634750848,0.0015593798730621034,0.00503656987693251,0.02487172797634577,0.005002070872568248,0.0007364086752953515,0.36486486486486486,0,0.14852033486113914,0.0,0.01714280612788851,0.5833333333333286,0.020039745712659093,0.11083743842364532,0.015418066811622852
0.22635135135135137,0.0038699017305852687,0.012496914052856417,0.0052701499291960465,0.029698234629098184,0.01724458223191337,0.000358175425727311,0.37837837837837834,1,0.0032955493291282893,0.0,0.00047613859614243194,0.6111111111111072,0.005113206631544934,0.13177339901477833,0.033801146471634715
0.23310810810810811,0.0013479432994173408,0.0015125047265772706,0.0006496445203579615,0.0035655274371684496,0.0020312823573838787,0.07447469992062833,0.7027027027027026,0,0.11653530242840986,0.06976744186046512,0.010714234365643593,0.8611111111111072,0.04447661240591759,0.48891625615763545,0.049614548329709435
0.20270270270270274,0.005217845030002609,0.0359344872952728,0.007284777879969051,0.015566571006174451,0.03805532884238224,0.06014768289153588,0.7837837837837838,1,0.001422582396606279,0.0,0.0011904243475029783,0.6666666666666643,0.16666863935441031,0.25,0.09033405811425184
0.2364864864864865,0.0038699017305852687,0.0031218847558898625,0.007284777879969051,0.03804678667710236,0.007797748839702282,0.02003203521007705,0.5675675675675675,1,0.026615492032778163,0.0,0.004761853104305709,0.5,0.025235805229437393,0.13916256157635468,0.07946234433682546
0.1722972972972973,0.00021741020958344207,0.021871943349822967,0.021883531146440094,0.029959126880598316,0.0286161089522603,0.02003203521007705,0.527027027027027,0,0.08446828112797079,0.0,0.009999948614283048,0.9444444444444429,0.011555018458439217,0.1477832512315271,0.012453053963233842
0.22972972972972977,0.0009131228802504567,0.039059497060928317,0.0052701499291960465,0.018871206191842772,0.041106820479711544,0.0544168760798989,0.7297297297297296,0,0.09391588440262613,0.06976744186046512,0.010714234365643593,0.5277777777777715,0.07310938592992303,0.2610837438423645,0.12018185412136786
0.39527027027027034,0.7391077484998696,0.045309516592239356,0.09487729747879532,0.04339507783285503,0.06950518327222228,0.08307091013808379,0.8918918918918919,1,0.17405955354561223,0.0,0.021428520636051787,0.7222222222222214,0.5170179826269337,0.43226600985221675,0.4058114251828425
0.18243243243243246,0.0012609792155839638,0.0015593798730621034,0.003554796420385699,0.021175754413427256,0.003962066487191044,0.02003203521007705,0.5135135135135136,1,0.08617280093047562,0.023255813953488372,0.004047567352945162,0.5277777777777715,0.03512843972630141,0.11083743842364532,0.03973117216841273
0.22297297297297297,0.0038699017305852687,0.0010203156884865264,0.0034599045241536374,0.015523088964257763,0.0028992215955464056,0.0004240797040611362,0.5945945945945945,0,0.002824502225778891,0.0,0.001666614848410009,0.5277777777777715,0.00044918099922946814,0.02955665024630542,0.003755682941292746
0.2398648648648649,0.02165405687451083,0.017184428701339693,0.006642432736244325,0.031133142012348902,0.019709834208378508,0.0019312818955216611,0.6621621621621621,0,0.02674332013704802,0.18604651162790697,0.0023809005997705553,0.7222222222222214,0.011618933541333528,0.2586206896551724,0.055149238980035584
0.19932432432432434,0.0015218714670840944,0.001379691811536911,0.006029285099052541,0.02361074876076181,0.004370150199169215,0.02003203521007705,0.49999999999999994,1,0.0537088950229215,0.0,0.004523757853852194,0.5277777777777715,0.026805867404609697,0.17980295566502463,0.10575212492587469
0.17905405405405406,0.0004348204191668842,0.004684389638717621,0.007036599074439043,0.027958952952430647,0.01013509398106979,0.02003203521007705,0.25675675675675674,0,0.042312129461596334,0.13953488372093023,0.014761853623353355,0.7777777777777715,0.025612194050926115,0.1834975369458128,0.04921921328325756
0.24324324324324326,0.0018262457605009133,0.05155953612355039,0.00531394618899546,0.023915123054178627,0.05230323665200814,0.0544168760798989,0.7432432432432432,0,0.007823124951393362,0.023255813953488372,0.002857091100677586,0.75,0.0679038575119752,0.27709359605911327,0.05890492192132833
0.20608108108108109,8.696408383337682e-05,0.0014640670752096101,0.005109563643264865,0.02839377337159753,0.005556333824658002,0.0014584903335616104,0.445945945945946,0,0.009945366812083726,0.0,0.0023809005997705553,0.7777777777777715,0.012573517140486535,0.12192118226600986,0.010278711207748568
0.18581081081081086,0.00021741020958344207,0.00028750089844030766,0.0010584096118191506,0.001478389425167406,0.0006166936692207429,0.02003203521007705,0.6486486486486487,1,0.04251605035667814,0.023255813953488372,0.0017856624736367667,0.4166666666666643,0.017648256361030262,0.07512315270935961,0.01581340185807472
0.22297297297297297,0.0009566049221671452,0.02343444823265073,0.007284777879969051,0.03691625358726846,0.02860240464849984,0.05155147267408042,0.6486486486486487,1,0.07292666720827998,0.20930232558139533,0.004761853104305709,1.0,0.0027412468885782562,0.09852216748768473,0.00889503854516703
0.34121621621621623,0.005696147491086182,0.0014000043750136719,0.0051533599030642785,0.011131402730672233,0.0031885346749339146,0.0009942949818190154,0.6486486486486487,0,0.0021907791524267174,0.0,0.0038094721024916475,0.6944444444444429,0.0031359817060829403,0.07758620689655173,0.015220399288396918
0.3817567567567568,0.0038699017305852687,0.028121962881134003,0.0031022350691250968,0.017305852682841988,0.02870747097733004,0.02003203521007705,0.7567567567567568,0,0.0077575159743874895,0.0,0.006904710358387347,0.19444444444444287,0.005853556341737377,0.019704433497536946,0.009883376161296701
0.1756756756756757,0.002956778850334812,0.0006843771386785584,0.0025109855618330196,0.013740325245673538,0.003681889610310509,0.02003203521007705,0.527027027027027,1,0.07113410204159092,0.0,0.005952329356573286,0.7222222222222214,0.060860770460815915,0.2647783251231527,0.11267048823878238
0.25000000000000006,0.0025219584311679277,0.028121962881134003,0.002335800522635367,0.007218018958170276,0.028530837728861877,0.02003203521007705,0.5810810810810811,1,0.0013671258749367533,0.11627906976744186,0.003571376852038132,0.8333333333333286,0.008720266170811874,0.14285714285714285,0.009883376161296701
0.28040540540540543,0.006870162622836768,0.0011187534961046752,0.002394195535701251,0.0023045482215844856,0.001745014678832028,0.002753652672991567,0.6756756756756757,0,0.01886634285975127,0.13953488372093023,0.002857091100677586,0.5277777777777715,0.005504390611111045,0.07512315270935961,0.030836133623245703
0.20608108108108109,0.008131141838420734,0.000778127431648224,0.0022336092497700698,0.013218540742673278,0.0030728094431789112,0.02003203521007705,0.47297297297297297,0,0.07380220964423165,0.046511627906976744,0.004285662603398677,0.6388888888888857,0.03400341590609691,0.11822660098522168,0.04032417473809054
0.24324324324324326,0.0008696408383337683,0.0002687508398463746,0.0001021912728652973,0.0003478563353335073,0.00033499409192237886,0.00037536784616222193,0.6621621621621621,1,0.0011653404011042995,0.0,0.000833281471822705,0.5,0.0005929899357416694,0.04679802955665025,0.09745008895038546
0.22297297297297297,0.013305504826506654,0.0015593798730621034,0.0035037007839530503,0.01617531959300809,0.0033255777125385244,0.02003203521007705,0.6621621621621621,1,0.006047973198254264,0.046511627906976744,0.00035709097091567426,0.6388888888888857,0.040361191235111636,0.1539408866995074,0.10753113263490809
0.29054054054054057,0.039438212018436385,0.0014171919287247774,0.003664287069884232,0.007913731628837292,0.0027058386424821234,0.011435824992621586,0.8243243243243243,1,0.027935032464615962,0.046511627906976744,0.0009523290970494627,0.6111111111111072,0.07283242057071435,0.2635467980295566,0.17533109310140343
0.36824324324324326,0.0027393686407513698,0.0015203172509914093,0.002503686185199784,0.013827289329506914,0.003381917627998197,0.02003203521007705,0.7297297297297296,0,0.10851718353689888,0.023255813953488372,0.0015475672231832513,0.4166666666666643,0.017877285408068214,0.050492610837438424,0.0302431310535679
0.26013513513513514,0.014740412209757373,0.0015015671923974763,0.004934378604067213,0.02465431776676233,0.00539188217953247,0.02003203521007705,0.7027027027027026,1,0.00404502301649461,0.023255813953488372,0.0019047100988635244,0.6111111111111072,0.01398911786533092,0.1564039408866995,0.031824471239375374
0.3378378378378379,0.0038699017305852687,0.03124697264678952,0.0036715864465174677,0.014957822419340815,0.03190057375351744,0.02003203521007705,0.7567567567567568,0,0.28263906797751287,0.09302325581395349,0.026190425645122094,0.6388888888888857,0.24024436866693258,0.354679802955665,0.2083415694801344
0.27702702702702703,0.0021741020958344205,0.000971878037118866,0.0027956612505292047,0.004348204191668841,0.0018378994043195967,0.001426970896097607,0.689189189189189,1,0.0026037622585293363,0.046511627906976744,0.0011904243475029783,0.5,0.007305257252290586,0.09852216748768473,0.0296501284838901
0.27702702702702703,0.022915036090094792,0.0006875021484442139,0.0018248441583088805,0.0074789112096704065,0.001723696872982422,0.0009713717545724674,0.6486486486486487,1,0.00941054240771389,0.0,0.005952329356573286,0.7222222222222214,0.00861610825794707,0.17364532019704434,0.014429729195493181
0.347972972972973,0.6956257065831812,0.045309516592239356,0.04378166104614666,0.015697017131924517,0.05520702634880804,0.04582066586244344,0.6351351351351351,1,0.04905260898871519,0.0,0.00833328186110844,0.8611111111111072,0.06078206021984421,0.4815270935960591,0.05495157145680965
0.3141891891891892,0.00465257848508566,0.0031218847558898625,0.006963605308106688,0.0030002608922515,0.004717325894434225,0.02003203521007705,0.689189189189189,0,0.28616636047894894,0.0,0.00523804360521274,0.27777777777777146,0.09124292347589158,0.09359605911330049,0.049614548329709435
0.39189189189189194,0.08687711974954344,0.000615626923834137,0.002452590548767135,0.004043829898252022,0.0016338575483305113,0.06014768289153588,0.8918918918918919,1,0.04275991704125131,0.0,0.00833328186110844,0.6111111111111072,0.29467457162099303,0.23645320197044337,0.15022731765170982
0.2533783783783784,0.0028263327245847463,0.0006781271191472473,0.0016131622359450502,0.0082615879641708,0.001734355775907225,0.02003203521007705,0.689189189189189,1,0.010695587370921494,0.06976744186046512,0.002857091100677586,0.7777777777777715,0.009107899312439414,0.09852216748768473,0.017592409567108124
0.20270270270270274,0.0038699017305852687,0.017184428701339693,0.004671601045270734,0.00960953126358814,0.018244996406427016,0.1804946259359124,0.7702702702702702,1,0.024101468748389435,0.0,0.004285662603398677,0.8333333333333286,0.16520687773636447,0.5529556650246306,0.08677604269618502
0.3445945945945946,0.004000347856335334,0.029684467763961764,0.08027854421232428,0.08687711974954344,0.055100437319560006,0.15757139868936448,0.7972972972972974,0,0.34154484459902495,0.023255813953488372,0.040476140672333016,0.9444444444444429,0.29396617945224773,0.708128078817734,0.14647163471041708
0.18243243243243246,0.0023045482215844856,0.0007875024609451905,0.003262821355056278,0.006435342203669885,0.0024089120610054694,0.02003203521007705,0.6351351351351351,1,0.05889901796066127,0.0,0.0010713767222762204,0.19444444444444287,0.029470771277508637,0.16009852216748768,0.06127693220003954
0.3344594594594595,0.022567179754761284,0.017184428701339693,0.007284777879969051,0.04209061657535438,0.025441278581086847,0.0008195053740640876,0.4324324324324324,1,0.04083435878589126,0.023255813953488372,0.015238044124260386,0.5277777777777715,0.01006248291159242,0.11699507389162561,0.057125914212294925
0.24324324324324326,0.012653274197756328,0.001204691264660202,0.005343143695528402,0.023697712844595185,0.00424072066365375,0.02003203521007705,0.2972972972972973,0,0.03796580692227173,0.2558139534883721,0.0023809005997705553,0.9166666666666643,0.013102000187010798,0.10098522167487685,0.013243724056137577
0.320945945945946,0.03117662405426559,0.0010281282129006653,0.003452605147520402,0.018305939646925822,0.00308955914777503,0.02003203521007705,0.7162162162162162,1,0.07192569901696395,0.0,0.024999949392854517,0.47222222222222143,0.13108450875932537,0.23522167487684728,0.2071555643407788
0.2398648648648649,0.001174015131750587,0.012496914052856417,0.007284777879969051,0.030002608922515005,0.018793168556845454,0.02003203521007705,0.5945945945945945,0,0.16673767534032308,0.023255813953488372,0.01095232961609711,0.47222222222222143,0.05810176938254479,0.1022167487684729,0.033208143901956914
0.2398648648648649,0.014957822419340815,0.000434376357426117,0.002014627950773004,0.006044003826419689,0.0012470916422019467,0.014301228398440073,0.8378378378378377,1,0.0021664769014843066,0.023255813953488372,0.00030947192082497114,0.5,0.0390171990753618,0.11945812807881774,0.050800553469065035
0.20608108108108109,0.0012609792155839638,0.0014718795996237488,0.006452648943780202,0.01947995477867641,0.004455421422567638,0.00035531002232149254,0.4594594594594595,1,0.003884577141589678,0.0,0.008571377111561954,0.55555555555555,0.0011569813616516605,0.07635467980295567,0.012453053963233842
0.2398648648648649,0.009131228802504566,0.0015593798730621034,0.007102293464138163,0.03517697191060092,0.005626378043878135,0.02003203521007705,0.527027027027027,1,0.09684080139387781,0.023255813953488372,0.014285663122446324,0.5277777777777715,0.05860125391923737,0.2438423645320197,0.1269025499110496
0.40202702702702703,0.0038699017305852687,0.0012156287988399964,0.004394224733207784,0.023349856509261677,0.004304674081202568,0.037224455644987976,0.8918918918918919,1,0.2693512909111258,0.0,0.02428566364149397,0.30555555555555003,0.44081818407780593,0.25738916256157635,0.19410950780786718
0.22972972972972977,0.0029132968084181234,0.0015593798730621034,0.003802975225915707,0.021219236455343946,0.003928567077998806,0.16616760890681995,0.7702702702702702,0,0.5269341780134096,0.0,0.03571423566326271,0.9166666666666643,0.24952685084468515,0.4987684729064039,0.17849377347301837
0.24324324324324326,0.0038699017305852687,0.026559457998306245,0.004956276733966919,0.01178363335942256,0.028119708616048046,0.08307091013808379,0.7027027027027026,1,0.042280088938454155,0.0,0.007142805608840863,0.9166666666666643,0.08776783674667493,0.5529556650246306,0.05396323384067998
0.21959459459459463,0.0030002608922515,0.0031218847558898625,0.00523365304602987,0.025306548395512656,0.006345092641093421,0.0005501574539171498,0.4594594594594595,0,0.022261533784589657,0.046511627906976744,0.006904710358387347,0.6111111111111072,0.008458687776003674,0.07758620689655173,0.0197667523225934
0.22635135135135137,0.006609270371336638,0.0015593798730621034,0.005941692579453715,0.021523610748760764,0.004830005725353571,0.0017307036571143667,0.5675675675675675,1,0.06988223631753653,0.023255813953488372,0.004761853104305709,0.44444444444444287,0.005813313511766885,0.03694581280788178,0.015022731765170983
0.28040540540540543,0.0006522306287503262,0.0015593798730621034,0.007262879750069344,0.039568658144186454,0.009976733137615573,0.02003203521007705,0.5675675675675675,0,0.06459093333404864,0.20930232558139533,0.0030951863511311014,0.75,0.003850291938059183,0.04433497536945813,0.0061276932200039535
0.027027027027027015,0.0038699017305852687,0.001315629111340973,0.004832187331201916,0.01856683189842595,0.0012821137518120136,5.444266471055127e-05,0.6216216216216217,1,0.009886466529175256,0.0,0.0014285195979564936,0.7777777777777715,8.877094846432176e-05,0.009852216748768473,0.000790670092903736
0.26351351351351354,0.0038699017305852687,0.01874693358416745,0.004313931590242194,0.016566657970258285,0.020596045851554983,0.02003203521007705,0.689189189189189,1,0.014732745883418347,0.0,0.0033332816015846168,0.7222222222222214,0.022559657036399637,0.23891625615763548,0.05317256374777624
0.2837837837837838,0.0003478563353335073,0.000265625830080719,0.0005036569876932511,0.002000173928167667,0.0005725353571037021,0.000839563197904817,0.6081081081081081,1,0.0005255937041417383,0.046511627906976744,0.003571376852038132,0.7222222222222214,0.003402886357799001,0.09113300492610837,0.022534097647756476
0.32770270270270274,0.0037829376467518917,0.0031218847558898625,0.002912451276660973,0.01608835550917471,0.005294429352791415,0.031493648833351,0.5810810810810811,1,0.03766521219364718,0.046511627906976744,0.007142805608840863,0.8888888888888857,0.04672429282103422,0.2844827586206896,0.02767345325163076
0.25000000000000006,0.0052613270719192974,0.04062200194375608,0.10217667411203084,0.029915644838681626,0.06297432118015373,0.011435824992621586,0.6216216216216217,1,0.020359319207456022,0.09302325581395349,0.0033332816015846168,0.80555555555555,0.03332816489144497,0.1958128078817734,0.04230084997034987
0.2702702702702703,0.0038699017305852687,0.015621923818511933,0.006693528372676973,0.030306983215931824,0.018417061553641693,0.028628245427532513,0.7162162162162162,0,0.03366159978146646,0.0,0.0023809005997705553,0.0833333333333286,0.03393476637261783,0.0726600985221675,0.06068392963036173
0.20270270270270274,0.005217845030002609,0.001360941752942978,0.0033504138746551044,0.016566657970258285,0.004278788174099475,0.06587848970317287,0.6486486486486487,1,0.06820753220273429,0.0,0.0030951863511311014,0.9166666666666643,0.052208562017160016,0.34975369458128075,0.05238189365487251
0.21959459459459463,0.0004783024610835726,0.07030959471748349,0.029182907779675617,0.02952430646143143,0.07656442240927751,0.02003203521007705,0.49999999999999994,1,0.09496212115758214,0.023255813953488372,0.004047567352945162,0.47222222222222143,0.062472850884927995,0.17118226600985223,0.08262502470844041
0.18581081081081086,0.0032611531437516305,0.0007625023828199464,0.0021606154834377146,0.00682668058092008,0.0020784860703365778,0.042955262456624954,0.527027027027027,0,0.06252859240624874,0.0,0.01190471061791117,0.9444444444444429,0.032004294146680386,0.2795566502463054,0.041312512354220204
0.2837837837837838,0.003217671101834942,0.004684389638717621,0.004934378604067213,0.0074789112096704065,0.006472999476191056,0.02003203521007705,0.6216216216216217,1,0.014307275033716546,0.046511627906976744,0.007142805608840863,0.9166666666666643,0.03203151723754277,0.2660098522167487,0.024906107926467684
0.20270270270270274,0.012653274197756328,0.028121962881134003,0.08757792084555979,0.04074267327593704,0.04944512796774312,0.042955262456624954,0.5810810810810811,1,0.04262420076452157,0.0,0.005952329356573286,0.80555555555555,0.06486078939861825,0.33251231527093594,0.052777228701324376
0.32432432432432434,0.008087659796504046,0.015621923818511933,0.021883531146440094,0.04339507783285503,0.02494640094529242,0.10885954079045018,0.689189189189189,0,0.10523718964704386,0.046511627906976744,0.014285663122446324,0.8888888888888857,0.13407253888463444,0.4753694581280788,0.08835738288199249
0.28040540540540543,0.0038699017305852687,0.017184428701339693,0.00552562811135929,0.022567179754761284,0.021127468297377303,0.09739792716717623,0.8513513513513513,1,0.03550248016883661,0.046511627906976744,0.006666615107933832,0.05555555555555003,0.2731701052586726,0.37068965517241376,0.23067799960466495
0.1925675675675676,0.0006522306287503262,0.0008312525976643677,0.0027956612505292047,0.003304635185668319,0.0016460391516731432,0.02003203521007705,0.48648648648648657,1,0.03955151761949025,0.0,0.00833328186110844,0.6111111111111072,0.04491691631030063,0.19088669950738918,0.09349673848586677
0.195945945945946,0.0004783024610835726,0.017184428701339693,0.003554796420385699,0.013001130533089836,0.019315454800160798,0.0028396147751661217,0.5405405405405406,0,0.038095737574926875,0.023255813953488372,0.0030951863511311014,0.6111111111111072,0.017033961397657157,0.05911330049261084,0.031231468669697574
0.29054054054054057,0.006652752413253327,0.0359344872952728,0.007167987853837283,0.010740064353422039,0.03699857475240891,0.031493648833351,0.7297297297297296,0,0.10728830383430993,0.023255813953488372,0.009523758113376017,0.7222222222222214,0.028870679665889822,0.1440886699507389,0.05178889108519471
0.31081081081081086,0.17384120358292027,0.032809477529617284,0.08757792084555979,0.17384120358292027,0.05976599139978805,0.028628245427532513,0.8108108108108107,0,0.4185346990535646,0.06976744186046512,0.03333328315872756,0.7777777777777715,0.41208421167255116,0.5972906403940886,0.2083415694801344
0.23310810810810811,0.006652752413253327,0.0010703158447370148,0.0010876071183520926,0.0053482911557526745,0.0021896432008380942,0.02003203521007705,0.5945945945945945,0,0.06986631007235665,0.0,0.007380900859294378,0.27777777777777146,0.029807509075349962,0.08990147783251232,0.026685115635501088
0.30743243243243246,0.0054352552395860515,0.009371904287200899,0.006854114658608155,0.03461170536568397,0.0135124435078145,0.02003203521007705,0.7162162162162162,1,0.0014597182136777847,0.13953488372093023,0.001148757678673613,0.80555555555555,0.005743480365641618,0.19704433497536947,0.012650721486459775
0.1891891891891892,0.0008261587964170799,7.96877490242157e-05,0.00020438254573059463,0.0010870510479172102,0.0002055645564069143,0.02003203521007705,0.7297297297297296,1,0.00020487683796867342,0.0,0.00035709097091567426,0.7222222222222214,0.002769653592086839,0.061576354679802964,0.004348685510970548
0.2364864864864865,0.0022175841377511086,0.0031218847558898625,0.004328530343508665,0.024958692060179147,0.006424273062820529,0.00042694510746695474,0.2972972972972973,0,0.007855945218871048,0.0,0.00523804360521274,0.5833333333333286,0.0013203199068260126,0.020935960591133007,0.02174342755485274
0.195945945945946,0.004217758065918776,0.0012359413623167573,0.0044015241098410195,0.007783285503087225,0.0030225603293905544,0.00024069388608875298,0.5675675675675675,1,0.00023363138961939514,0.046511627906976744,5.9471907848779985e-05,0.5277777777777715,0.0004059791376434982,0.034482758620689655,0.004151017987744613
0.13175675675675674,0.0053917731976693625,1.875005859393311e-05,1.4598753266471044e-05,4.3482041916688424e-05,2.89313079387509e-05,0.00034957921550985555,0.689189189189189,1,5.1935180471399106e-05,0.023255813953488372,0.00038090049596102576,0.6111111111111072,0.0009072390933053684,0.07019704433497537,0.0061276932200039535
0.2533783783783784,0.0015218714670840944,0.017184428701339693,0.014584154513204573,0.02821984520393078,0.021425917579271786,0.028628245427532513,0.6621621621621621,0,0.0670855603137273,0.0,0.01190471061791117,0.6944444444444429,0.0921578560513972,0.33866995073891626,0.20794623443368254
0.27702702702702703,0.012305417862422821,0.01874693358416745,0.05838041431261771,0.004565614401252283,0.030805752153098394,0.04582066586244344,0.6486486486486487,0,0.15676387218591273,0.046511627906976744,0.023809473140586943,0.8333333333333286,0.11231537122235229,0.3251231527093596,0.06226526981616921
0.1925675675675676,0.0020871380120010435,0.0008109400341876069,0.0007737339231229654,0.0028263327245847463,0.00115116151587872,0.02003203521007705,0.6216216216216217,1,0.0878232567058325,0.0,0.010714234365643593,0.6111111111111072,0.033886238254124006,0.2044334975369458,0.06898596560585096
0.2364864864864865,0.0012174971736672755,0.001198441245128891,0.0030000437962597994,0.012783720323506394,0.003424553239697409,0.042955262456624954,0.7027027027027026,1,0.005320900395373113,0.023255813953488372,0.0009523290970494627,0.6111111111111072,0.040199628108906565,0.19950738916256158,0.07689266653488833
0.4121621621621622,0.0038699017305852687,0.0013890668408338776,0.006423451437247259,0.03200278285068267,0.004936594754601601,0.048686069268261925,0.6486486486486487,0,0.13835474878797258,0.0,0.04761899818593848,0.8333333333333286,0.1253108462712059,0.4211822660098522,0.10772880015813402
0.29391891891891897,0.02304548221584486,0.0007468773339916688,0.003262821355056278,0.0054352552395860515,0.0019170798260467043,0.16616760890681995,0.7702702702702702,1,0.16445575157008854,0.0,0.009523758113376017,0.9166666666666643,0.12069357333841498,0.39162561576354676,0.08282269223166634
0.2702702702702703,0.0003043742934168189,0.0009703155322360384,0.003430707017620695,0.020175667449343425,0.003779342437051565,0.02003203521007705,0.6216216216216217,1,0.03951300640178647,0.023255813953488372,0.004047567352945162,0.25,0.025426958671797232,0.10098522167487685,0.0395335046451868
0.24324324324324326,0.0013044612575006523,0.028121962881134003,0.005262850552562811,0.02817636316201409,0.031626487678308224,0.02003203521007705,0.48648648648648657,1,0.03162085238061041,0.023255813953488372,0.007142805608840863,0.4166666666666643,0.013941181553160186,0.05295566502463055,0.017197074520656257
0.28040540540540543,0.0183929037307592,0.02030943846699521,0.08027854421232428,0.03909035568310288,0.04168544663848656,0.02003203521007705,0.6756756756756757,1,0.11216199915717921,0.023255813953488372,0.0023809005997705553,0.027777777777771462,0.02876592994670192,0.06280788177339902,0.02628978058904922
0.29054054054054057,0.00491347073658579,0.015621923818511933,0.002292004262835954,0.013392468910340032,0.016775590503222037,0.02003203521007705,0.6351351351351351,1,0.0026095544571767405,0.06976744186046512,0.0038094721024916475,0.9166666666666643,0.012187659417828284,0.2820197044334975,0.013639059102589446
0.26351351351351354,0.003522045395251761,0.0031218847558898625,0.002686170601030672,0.0002608922515001305,0.0036346858973578104,0.0005071764028298723,0.7297297297297296,1,0.004021295383215971,0.023255813953488372,0.023809473140586943,0.55555555555555,0.0028081210030880452,0.07389162561576355,0.013441391579363512
0.18581081081081086,0.0082615879641708,0.0006953146728583527,0.001708054132177112,0.006087485868336377,0.0014024070848205042,0.02003203521007705,0.6621621621621621,1,0.004793226496393646,0.023255813953488372,0.000523757646233135,0.6388888888888857,0.03256000028406704,0.30788177339901474,0.10634512749555249
0.18243243243243246,0.007218018958170276,0.00016562551757974244,0.0005109563643264865,0.0008261587964170799,0.00036697080069678773,0.0004412721244960472,0.6351351351351351,1,6.20205751650627e-05,0.0,0.00017851953307553768,0.6111111111111072,0.0009699705635534893,0.03694581280788178,0.005930025696778019
0.5337837837837838,0.0038699017305852687,0.007809399404373138,0.006240967021416371,0.018001565353509004,0.009794009087476093,0.04582066586244344,0.9459459459459458,0,0.49574789174652917,0.046511627906976744,0.02238090163786585,0.6388888888888857,0.7194565797618808,0.4027093596059113,0.6301640640442776
0.2736486486486487,0.007218018958170276,0.0010859408935652924,0.0023868961590680156,0.013914253413340292,0.003412371636354777,0.001985724560232212,0.689189189189189,1,0.00024053206124290838,0.0,0.003571376852038132,0.7777777777777715,0.006913481466401379,0.06896551724137931,0.00691836331290769
0.3040540540540541,0.009131228802504566,0.02030943846699521,0.007153389100570812,0.024958692060179147,0.02526616803303651,0.02003203521007705,0.7027027027027026,1,0.15455615956375132,0.0,0.01666661562698148,0.27777777777777146,0.1596906509987915,0.17364532019704434,0.06226526981616921
0.21283783783783788,0.0003913383772501957,0.021871943349822967,0.007284777879969051,0.038481607096269244,0.025881339001839424,0.02003203521007705,0.6486486486486487,1,0.09401690928845588,0.06976744186046512,0.006190424607026801,0.5833333333333286,0.10152200750173695,0.20566502463054187,0.11267048823878238
0.20270270270270274,0.00017392816766675367,0.024996953115478487,0.007284777879969051,0.0348725976171841,0.03038548683777759,0.02003203521007705,0.6621621621621621,1,0.021171369678847304,0.06976744186046512,0.0007142338465959473,0.6944444444444429,0.045240634369033854,0.11083743842364532,0.04645186795809449
0.195945945945946,0.0009131228802504567,0.0007156272363351136,0.0032117257186236297,0.006957126706670145,0.00199930564860947,0.0010831224873993886,0.39189189189189183,0,0.03364860711067531,0.0,0.005035662642327251,0.5833333333333286,0.01164497301954973,0.08620689655172414,0.02332476774066021
0.22297297297297297,0.004174276024002087,0.0015593798730621034,0.006182572008350487,0.026176189233846424,0.004945730957108574,0.0006676389935557077,0.6351351351351351,1,0.016965853450523514,0.023255813953488372,0.002857091100677586,0.5,0.0023849794820747783,0.02832512315270936,0.017197074520656257
0.1925675675675676,0.0008261587964170799,0.0009296904052825166,0.003525598913852757,0.020306113575093487,0.003887454166717423,0.0002206360622480236,0.4594594594594595,1,0.00031976749785900683,0.06976744186046512,0.00011899572046215883,0.6111111111111072,0.0003142491575636991,0.012315270935960592,0.004546353034196481
0.2364864864864865,0.003435081311418384,0.004684389638717621,0.00467890042190397,0.026524045569179932,0.007704864114214713,0.005705018180984609,0.47297297297297297,0,0.06242418818999361,0.0,0.021428520636051787,0.47222222222222143,0.03444608703577233,0.1022167487684729,0.03558015418066812
0.35135135135135137,0.6956257065831812,0.000959377998056244,0.003934364005313946,0.011305330898338987,0.0029540388105882497,0.034359052239169484,0.8243243243243243,1,0.11851986221509968,0.0,0.005952329356573286,0.6388888888888857,0.20026311709124822,0.28078817733990147,0.18462146669302235
0.21283783783783788,0.000739194712583703,0.0624970703033447,0.07297916757908875,0.042394990868771194,0.0793631457772472,0.02003203521007705,0.6621621621621621,0,0.029190890269281813,0.06976744186046512,0.005952329356573286,0.38888888888888573,0.024434499467966116,0.05295566502463055,0.022929432694208343
0.20270270270270274,0.0036959735629185147,0.0001328129150403595,0.0004963576110600155,0.0015218714670840944,0.00038676590612856467,0.0011203727316750288,0.6351351351351351,0,4.8215287174349e-05,0.0,0.0003332814458703227,0.6666666666666643,0.0019346148701991192,0.0726600985221675,0.012255386440007909
0.19932432432432434,0.0003913383772501957,0.0006890646533270417,0.0021606154834377146,0.011696669275589183,0.002207915605852042,0.02003203521007705,0.6621621621621621,1,6.34682960982731e-05,0.023255813953488372,0.00011899572046215883,0.8333333333333286,0.011927264635666273,0.13669950738916256,0.014232061672267248
0.18581081081081086,0.0035655274371684496,0.02030943846699521,0.007284777879969051,0.04339507783285503,0.027606558575239675,0.02003203521007705,0.5945945945945945,0,0.05067977368242816,0.11627906976744186,0.019047568131516635,0.80555555555555,0.08960066092930163,0.31650246305418717,0.049614548329709435
0.2736486486486487,0.565179580833116,0.0624970703033447,0.11677542737850188,0.025480476563179408,0.0880760375680647,0.02003203521007705,0.6486486486486487,0,0.27147235460836827,0.06976744186046512,0.03571423566326271,0.6944444444444429,0.18953307664720412,0.33866995073891626,0.26882783158727025
0.2533783783783784,0.0038699017305852687,0.0015593798730621034,0.0017737485218762318,0.005130880946169232,0.0024058666601698116,0.028628245427532513,0.8108108108108107,1,0.034498678336638604,0.0,0.0014285195979564936,0.7777777777777715,0.14873690776461732,0.480295566502463,0.10792646768135997
0.29391891891891897,0.023436820593095053,0.0014343794824358826,0.00516795865633075,0.02948082441951474,0.004382331802511847,0.02003203521007705,0.47297297297297297,0,0.2419849760886403,0.09302325581395349,0.023809473140586943,0.4166666666666643,0.11289534141898586,0.17610837438423646,0.10634512749555249
0.2736486486486487,0.0037394556048352032,0.0015593798730621034,0.007284777879969051,0.038612053222019306,0.00720998647842029,0.0014298362995034256,0.6756756756756757,1,0.0571854962530622,0.13953488372093023,0.0017856624736367667,0.47222222222222143,0.003108758615220548,0.04064039408866995,0.005732358173552086
0.2364864864864865,0.004087311940168711,0.0014703170947409211,0.005554825617892232,0.024219497347595445,0.005321837960312336,0.02003203521007705,0.5945945945945945,0,0.056669517204200784,0.046511627906976744,0.006666615107933832,0.75,0.034943796153495625,0.20935960591133004,0.025103775449693617
0.24662162162162166,0.008087659796504046,0.017184428701339693,0.004664301668637499,0.02735020436559701,0.021168581208658686,0.02003203521007705,0.6081081081081081,0,0.055251817085364724,0.0,0.008571377111561954,0.9444444444444429,0.0035786528357583582,0.06527093596059114,0.006325360743229888
0.2567567567567568,0.0037394556048352032,0.02030943846699521,0.08757792084555979,0.47821549699973914,0.06821088791706764,0.02003203521007705,0.6216216216216217,0,0.1713506612379893,0.023255813953488372,0.019047568131516635,0.7777777777777715,0.0995122332285047,0.3251231527093596,0.07491599130262898
0.21621621621621623,0.009000782676754502,0.00024375076172113036,0.0010949064949853282,0.005522219323419428,0.0012394781401128018,0.02003203521007705,0.5810810810810811,0,0.07627291438327644,0.046511627906976744,0.005476138855666255,0.7777777777777715,0.040024453437270305,0.11822660098522168,0.02115042498517494
0.320945945945946,0.01974084703017654,0.0015593798730621034,0.006810318398808742,0.031046177928515526,0.006978536014910283,0.2893799553570149,0.2972972972972973,1,0.2184700604835058,0.0,0.009523758113376017,0.9722222222222214,0.13019620746835905,0.4445812807881773,0.26863016406404433
0.21621621621621623,0.00021741020958344207,0.0012546914209106903,0.005576723747791939,0.021958431167927648,0.0034550072480539888,0.02003203521007705,0.48648648648648657,1,3.113191717955402e-05,0.0,0.001666614848410009,0.9166666666666643,0.016894886911729717,0.14655172413793105,0.03142913619292351
0.28716216216216217,0.009174710844421256,0.0013812543164197389,0.002000029197506533,0.010740064353422039,0.002492660583986064,0.008570421586803097,0.6756756756756757,1,0.20597548984791614,0.0,0.0033332816015846168,0.19444444444444287,0.03259610046977586,0.1145320197044335,0.0395335046451868
0.22972972972972977,0.01421862770675711,0.0009515654736421052,0.0023868961590680156,0.01208800765283938,0.0027895871654627182,0.02003203521007705,0.554054054054054,1,0.005574718353354584,0.06976744186046512,0.0017856624736367667,0.6111111111111072,0.002181989913253029,0.009852216748768473,0.016208736904526587
0.26351351351351354,0.002043655970084355,0.0010218781933693543,0.0026350749645980233,0.010218279850421777,0.001987124045266838,0.02003203521007705,0.5675675675675675,0,0.11970734183269123,0.0,0.0030951863511311014,0.5833333333333286,0.028320299785411025,0.12315270935960591,0.06305593990907295
0.20945945945945948,0.003522045395251761,0.04062200194375608,0.007051197827705514,0.04017740673102009,0.04650174806007967,0.02003203521007705,0.5810810810810811,1,0.017922369640142793,0.0,0.004761853104305709,0.80555555555555,0.06657466051030275,0.1834975369458128,0.043882190156157345
0.22972972972972977,0.0006957126706670146,0.001043753261728943,0.0030438400560592127,0.008000695712670668,0.0023754126518132314,0.0007879859366000842,0.527027027027027,0,2.0290446612506255e-05,0.023255813953488372,0.004999948354759224,0.5277777777777715,0.0013451757723960227,0.01847290640394089,0.007709033405811426
0.2567567567567568,0.012001043569006001,0.004684389638717621,0.0026058774580650815,0.0076963214192538485,0.005880669013655577,0.0009771025613841044,0.4594594594594595,0,0.005728869732249273,0.06976744186046512,0.007142805608840863,0.44444444444444287,0.0030501697892340958,0.01724137931034483,0.005732358173552086
0.3175675675675676,0.0038699017305852687,0.001489067153334854,0.006328559541015197,0.03269849552134968,0.008225627657112228,0.02003203521007705,0.6081081081081081,0,0.04869949394263897,0.06976744186046512,0.007142805608840863,0.55555555555555,0.026509372436738864,0.1810344827586207,0.05099822099229097
0.19932432432432434,0.002261066179667797,0.0624970703033447,0.004496416006073082,0.02517610226976259,0.06395341754881777,0.0027335948491508375,0.40540540540540554,1,0.04585387287407326,0.0,0.002023757724090282,0.30555555555555003,0.018193901790924293,0.11083743842364532,0.049614548329709435
0.35810810810810817,0.0038699017305852687,0.04062200194375608,0.16787106381115052,0.6086616227498044,0.12051869267032927,0.2693221315162855,0.7162162162162162,0,0.4602647355621017,0.0,0.04523804568140333,0.9722222222222214,0.16464643714839305,0.520935960591133,0.1296698952362127
0.2567567567567568,0.0018697278024176016,0.0013812543164197389,0.004729996058336618,0.02578485085659623,0.004830005725353571,0.02003203521007705,0.7027027027027026,1,0.09204520673635727,0.023255813953488372,0.010714234365643593,0.5,0.11328060733532101,0.22536945812807882,0.11484483099426765
0.4560810810810811,0.9565179580833116,0.017184428701339693,0.08027854421232428,0.2608052874162971,0.04794374535576373,0.9999999999999999,0.9054054054054053,0,0.2471924677328349,0.023255813953488372,0.03928566442006544,0.9444444444444429,0.5493175881288386,0.875615763546798,0.5384463332674442
0.3141891891891892,0.03926428385076963,0.02343444823265073,0.004277434707076016,0.011696669275589183,0.024411933098634445,0.042955262456624954,0.7837837837837838,0,0.0504207157899155,0.18604651162790697,0.01666661562698148,0.75,0.12550022429459645,0.2795566502463054,0.09705475390393359
0.4155405405405406,0.0038699017305852687,0.021871943349822967,0.00601468634578607,0.02948082441951474,0.027734465410337313,0.02003203521007705,0.8108108108108107,1,0.03808654632213565,0.023255813953488372,0.016190425126074447,0.5277777777777715,0.07900851135853876,0.25615763546798026,0.10278711207748567
0.24662162162162166,0.0002608922515001305,0.00016250050781408692,0.00037956758492824715,0.0016088355509174712,0.00032433518899757587,0.02003203521007705,0.689189189189189,1,0.0009202271775259642,0.023255813953488372,0.01190471061791117,0.36111111111110716,0.014449543184699203,0.01847290640394089,0.015220399288396918
0.17905405405405406,0.0015653535090007827,0.0008593776855552674,0.003875968992248062,0.019262544569092967,0.003424553239697409,0.002547343627772636,0.36486486486486486,1,1.5384500380164811e-06,0.13953488372093023,0.00011899572046215883,0.8888888888888857,0.0011930815473604848,0.034482758620689655,0.003755682941292746
0.2972972972972973,0.47821549699973914,0.017184428701339693,0.08027854421232428,0.008087659796504046,0.033982105224689675,0.02003203521007705,0.4594594594594595,1,0.0006980184507102008,0.0,0.0023809005997705553,0.9722222222222214,0.004707227493901436,0.16009852216748768,0.01186005139355604
0.26689189189189194,0.03117662405426559,0.0009421904443451387,0.0022336092497700698,0.009348639012088008,0.0021911659012559233,0.02003203521007705,0.7567567567567568,1,0.15701757574632727,0.0,0.0154761393747139,0.27777777777777146,0.14216312312767274,0.24014778325123154,0.07709033405811426
0.29054054054054057,0.0038699017305852687,0.004684389638717621,0.001218995897750332,0.006870162622836768,0.0055274025167192506,0.008570421586803097,0.689189189189189,0,0.09961070573719642,0.0,0.02023804438378421,0.7777777777777715,0.12333243773309771,0.4236453201970443,0.0674046254200435
0.29391891891891897,0.006957126706670145,0.0015593798730621034,0.0010730083650856218,0.0010000869640838335,0.0017998318938738718,0.02003203521007705,0.7837837837837838,1,0.023149989996458738,0.023255813953488372,0.0014285195979564936,0.7222222222222214,0.08614214477713165,0.3091133004926108,0.0691836331290769
0.2398648648648649,0.0053482911557526745,0.028121962881134003,0.014584154513204573,0.08687711974954344,0.03520483366020636,0.02003203521007705,0.5135135135135136,0,0.01722666938380612,0.11627906976744186,0.00833328186110844,0.8888888888888857,0.014140620284043363,0.16502463054187191,0.009685708638070766
0.1891891891891892,0.0021741020958344205,0.05312204100637815,0.003540197667119228,0.009653013305504828,0.053265583316076066,0.034359052239169484,0.6486486486486487,0,0.004454993653334754,0.023255813953488372,5.9471907848779985e-05,0.8611111111111072,0.027691209663960534,0.2524630541871921,0.029452460960664166
0.19932432432432434,0.002348030263501174,0.0031218847558898625,0.007284777879969051,0.036350987042351506,0.00761807019039846,0.11172494419626867,0.7162162162162162,0,0.3120055834954081,0.0,0.04404756942913575,0.8888888888888857,0.1618791507815986,0.5997536945812808,0.08440403241747381
0.195945945945946,0.0011305330898338988,0.004684389638717621,0.00503656987693251,0.018305939646925822,0.007881497362682876,0.10599413738463169,0.5945945945945945,0,0.073559828813114,0.023255813953488372,0.01666661562698148,0.9444444444444429,0.0820006841281095,0.32019704433497537,0.08341569480134414
0.4560810810810811,0.0038699017305852687,0.028121962881134003,0.07297916757908875,0.03917731976693625,0.04566426283027372,0.02003203521007705,0.5675675675675675,0,0.2630739650552382,0.0,0.04976185544002012,0.7222222222222214,0.14225485310775252,0.5332512315270935,0.4676813599525598
0.2736486486486487,0.017262370640925298,0.0006203144384826203,0.0006350457670914905,0.003522045395251761,0.0010445724866306903,0.04008985905080646,0.7702702702702702,0,0.05845629806172981,0.023255813953488372,0.0011904243475029783,0.9166666666666643,0.01306885903291745,0.04926108374384237,0.01581340185807472
0.1891891891891892,0.0038699017305852687,0.0015593798730621034,0.006350457670914904,0.03326376206626663,0.006661814328001852,0.04008985905080646,0.7837837837837838,0,0.002303798688894745,0.0,0.0033332816015846168,0.8333333333333286,0.03576759055524453,0.1059113300492611,0.020359754892271202
0.1891891891891892,0.004261240107835464,0.0012937540429813843,0.0009197214557876758,0.0003043742934168189,0.001478542105711954,0.008570421586803097,0.6486486486486487,1,0.0020690838096759263,0.046511627906976744,2.9710001542090557e-05,0.8611111111111072,0.012780649353569953,0.20935960591133004,0.012057718916781974
0.32432432432432434,0.08687711974954344,0.0004156262988321839,0.0006058482605585483,0.0010000869640838335,0.0006821697871873896,0.02003203521007705,0.6756756756756757,0,0.0026128995998235044,0.0,0.01190471061791117,0.6944444444444429,0.015062654535426118,0.15517241379310345,0.02708045068195296
0.26689189189189194,0.0012609792155839638,0.007809399404373138,0.005496430604826348,0.020914862161927127,0.009539718117698652,0.02003203521007705,0.7027027027027026,1,0.00016938203427105215,0.046511627906976744,0.009523758113376017,0.75,0.01353756964080907,0.12931034482758622,0.01186005139355604
0.21621621621621623,0.01756674493434212,0.001340629189466217,0.003802975225915707,0.01756674493434212,0.003969679989280189,0.02003203521007705,0.7162162162162162,1,0.04309589349092111,0.11627906976744186,0.007142805608840863,0.6666666666666643,0.08050104690538555,0.2857142857142857,0.13816959873492785
0.3344594594594595,0.006522306287503261,0.034371982412445046,0.13137418064497292,0.47821549699973914,0.08084321058337698,0.07734010332644681,0.7702702702702702,0,0.09941454941260564,0.023255813953488372,0.01190471061791117,0.8611111111111072,0.16780135665681506,0.5147783251231527,0.06147459972326547
0.22972972972972977,0.0017827637185842248,0.00026250082031506353,0.0011314033781515058,0.004826506652752413,0.0014145886881631361,0.031493648833351,0.6351351351351351,1,0.002676382359981964,0.0,0.0030951863511311014,0.80555555555555,0.045736568067787864,0.29679802955665024,0.031824471239375374
0.20270270270270274,0.02078441603617706,0.0015593798730621034,0.0035620957970189347,0.02104530828767719,0.005918736524101302,0.02003203521007705,0.6216216216216217,1,0.09010510815576611,0.11627906976744186,0.0037142340023102413,0.55555555555555,0.078675324398636,0.12561576354679804,0.05949792449100613
0.3344594594594595,0.012001043569006001,0.007809399404373138,0.0008394283128220851,0.004565614401252283,0.008227150357530058,0.04008985905080646,0.7432432432432432,0,0.03200963711402105,0.0,0.010714234365643593,0.75,0.054350309100442556,0.19088669950738918,0.10338011464716348
0.20270270270270274,0.02839377337159753,0.014059418935684175,0.005722711280456649,0.016871032263675104,0.016099511517705962,0.02003203521007705,0.5945945945945945,1,0.021433291455276893,0.023255813953488372,0.002857091100677586,0.8611111111111072,0.03826619685135364,0.3990147783251231,0.039928839691638664
0.3344594594594595,0.0022175841377511086,0.0015593798730621034,0.005678915020657236,0.011348812940255675,0.004437149017553691,0.02003203521007705,0.6081081081081081,1,0.09040016314933924,0.0,0.013095186870178747,0.44444444444444287,0.024167003009926958,0.0726600985221675,0.028266455821308562
0.195945945945946,0.004261240107835464,0.0010562533007915649,0.004620505408838085,0.014131663622923734,0.0026297036215906736,0.02003203521007705,0.5135135135135136,0,0.1054532958553755,0.023255813953488372,0.007618996109747893,0.7222222222222214,0.03878047654612361,0.19950738916256158,0.08697371021941096
0.30743243243243246,0.01895817027567615,0.028121962881134003,0.10947605074526637,0.01608835550917471,0.05156320424894325,0.02003203521007705,0.7837837837837838,0,0.10167479550136432,0.046511627906976744,0.006190424607026801,0.36111111111110716,0.10576111619406986,0.08251231527093596,0.051393556038742835
0.1722972972972973,0.0003913383772501957,0.0007468773339916688,0.0028467568869618536,0.004956952778502478,0.0017830821892777528,0.02003203521007705,0.40540540540540554,0,0.056246912868245035,0.023255813953488372,0.026666616146029127,0.8333333333333286,0.03144740439664754,0.22536945812807882,0.02372010278711208
0.22635135135135137,0.020480041742760243,0.0012984415576298676,0.005890596943021066,0.01856683189842595,0.004093018723124338,0.1776292225300939,0.5405405405405406,0,0.2509791600045699,0.0,0.029761854401924828,0.9444444444444429,0.09886893975529992,0.4273399014778325,0.09685708638070765
0.2972972972972973,0.0038699017305852687,0.028121962881134003,0.006029285099052541,0.006783198539003392,0.029047033170505904,0.06301308629735437,0.8783783783783785,1,0.1710150069423873,0.0,0.003571376852038132,0.5277777777777715,0.4867476810069229,0.21551724137931036,0.5364696580351849
0.3006756756756757,0.005130880946169232,0.02030943846699521,0.006379655177447846,0.006391860161753196,0.02146703049055317,0.2578605178930115,0.7837837837837838,0,0.047188471707479744,0.0,0.003571376852038132,0.9444444444444429,0.1571157016870031,0.5147783251231527,0.07649733148843646
0.3648648648648649,0.03665536133576833,0.02030943846699521,0.007284777879969051,0.0341334029046004,0.025243327526769076,0.02003203521007705,0.6351351351351351,1,0.057102530403832556,0.023255813953488372,0.01666661562698148,0.6388888888888857,0.05531732063238057,0.10837438423645321,0.07768333662779206
0.2702702702702703,0.001174015131750587,0.001490629658217682,0.006394253930714317,0.026697973736846684,0.00587610091240209,0.02003203521007705,0.6351351351351351,1,0.04302594135111561,0.0,0.003571376852038132,0.80555555555555,0.04012446870587344,0.29556650246305416,0.05495157145680965
0.24662162162162166,0.022567179754761284,0.001204691264660202,0.0006350457670914905,0.0033915992695016956,0.0014831102069654408,0.02003203521007705,0.7837837837837838,1,0.0010097005389249653,0.0,0.00047613859614243194,0.6111111111111072,0.01166450262821188,0.11206896551724138,0.023522435263886147
0.22635135135135137,0.009131228802504566,0.02030943846699521,0.005730010657089885,0.020610487868510306,0.023569879767575012,0.18909083615336786,0.4594594594594595,1,0.08855190872110312,0.046511627906976744,0.02190471113695882,0.9166666666666643,0.09800075987931886,0.5061576354679803,0.09922909665941887
0.22635135135135137,0.0024349943473345507,0.01874693358416745,0.007102293464138163,0.021523610748760764,0.021326942052112902,0.0015645102595768946,0.5405405405405406,1,0.019647795269275337,0.06976744186046512,0.009523758113376017,0.4166666666666643,0.008406017013248175,0.04802955665024631,0.011662383870330107
0.1891891891891892,0.0018262457605009133,0.01874693358416745,0.006584037723178441,0.03161144447343247,0.024366252086099573,0.02003203521007705,0.6216216216216217,1,0.020093372477550907,0.046511627906976744,0.004285662603398677,0.80555555555555,0.038244891823722205,0.23522167487684728,0.020557422415497136
0.24324324324324326,0.003304635185668319,0.0015593798730621034,0.004832187331201916,0.01856683189842595,0.005862396608641629,0.05155147267408042,0.6756756756756757,0,0.00823502062315287,0.0,0.0021428053493170395,0.9166666666666643,0.03522608776961217,0.42487684729064035,0.06147459972326547
0.2364864864864865,0.00465257848508566,0.0007468773339916688,7.299376633235521e-05,0.00021741020958344207,0.0007841907151819323,0.12318655781954262,0.7432432432432432,1,0.02126029998053203,0.023255813953488372,0.0019047100988635244,0.9166666666666643,0.05883028296627533,0.34729064039408863,0.035777821703894055
0.21959459459459463,0.0038699017305852687,0.017184428701339693,0.0007591351698564943,0.0035655274371684496,0.017246104932331197,0.042955262456624954,0.6621621621621621,0,0.012101198165270784,0.023255813953488372,0.0011904243475029783,0.8611111111111072,0.02685262010413424,0.2832512315270936,0.026685115635501088
0.20608108108108109,0.0008261587964170799,0.01874693358416745,0.005839501306588417,0.021784503000260896,0.023198340865624736,0.02003203521007705,0.6621621621621621,0,0.11050131334652678,0.0,0.02857137814965725,0.5833333333333286,0.04294679306071578,0.17857142857142858,0.05692824668906899
0.21283783783783788,0.7825897904165581,0.015621923818511933,0.007284777879969051,0.042394990868771194,0.020885358930942493,0.0006189271356567934,0.5675675675675675,1,0.0004288541248708746,0.06976744186046512,0.0011904243475029783,0.44444444444444287,0.003911839795661113,0.04433497536945813,0.013441391579363512
0.1722972972972973,0.002043655970084355,0.0011203160009875032,0.0029416487831939154,0.017349334724758678,0.003721479821174063,0.02003203521007705,0.2972972972972973,0,0.005728531799206734,0.046511627906976744,0.0038094721024916475,0.5833333333333286,0.0021541750160675413,0.05541871921182266,0.015418066811622852
0.21621621621621623,0.001695799634750848,0.0011265660205188141,0.005138761149797807,0.02274110792242804,0.005994871544992752,0.02003203521007705,0.5675675675675675,1,0.07518210728431307,0.023255813953488372,0.0022618529745437976,0.55555555555555,0.016256919695432793,0.0665024630541872,0.01640640442775252
0.18581081081081086,0.001174015131750587,0.0031218847558898625,0.005021971123666039,0.019827811114009917,0.007407937532738059,0.0028396147751661217,0.27027027027027034,0,0.05761692235081715,0.0,0.004761853104305709,0.7777777777777715,0.016358710383005216,0.17857142857142858,0.0511958885155169
0.2364864864864865,0.0038699017305852687,0.021871943349822967,0.007284777879969051,0.01421862770675711,0.0241469832259322,0.02003203521007705,0.5405405405405406,1,0.00014209887201566414,0.023255813953488372,0.0010713767222762204,0.80555555555555,0.018235920039864073,0.16871921182266011,0.026882783158727025
0.32770270270270274,0.0022175841377511086,0.021871943349822967,0.006343158294281668,0.023741194886511875,0.024743881789721166,0.02003203521007705,0.7027027027027026,1,0.004934299735050633,0.06976744186046512,0.004285662603398677,0.6666666666666643,0.01757250515167404,0.14285714285714285,0.03162680371614944
0.1891891891891892,0.0027393686407513698,0.028121962881134003,0.005598621877691645,0.03165492651534916,0.03166150978791829,0.02003203521007705,0.6756756756756757,0,0.053234154324566296,0.13953488372093023,0.0023809005997705553,0.25,0.050504751612968135,0.09852216748768473,0.03558015418066812
0.18581081081081086,0.0004348204191668842,0.0015593798730621034,0.002970846289726857,0.0161318375510914,0.003127626658220755,0.02003203521007705,0.527027027027027,0,0.02940034695467135,0.0,0.006904710358387347,0.47222222222222143,0.00958726243414675,0.050492610837438424,0.0075113658825854916
0.3648648648648649,0.0038699017305852687,0.034371982412445046,0.03648228441291114,0.04339507783285503,0.044878549414673966,0.04582066586244344,0.8243243243243243,1,0.013055573673982464,0.0,0.003571376852038132,0.13888888888888573,0.09012263410627185,0.2820197044334975,0.1012057718916782
0.2533783783783784,0.0026958865988346813,0.024996953115478487,0.004642403538737792,0.023958605096095317,0.027201520264097164,0.09739792716717623,0.7297297297297296,0,0.043793065136653125,0.046511627906976744,0.0026189958502240707,0.9722222222222214,0.020023175135612418,0.24876847290640394,0.028859458390986362
0.26013513513513514,0.0053048091138359855,0.02030943846699521,0.08027854421232428,0.015436124880424387,0.03795483061480552,0.09166712035553926,0.7027027027027026,0,0.11881133406649025,0.09302325581395349,0.013809472621539294,0.8333333333333286,0.14137897974957123,0.38669950738916253,0.06463728009488041
0.3006756756756757,0.004609096443168971,0.0624970703033447,0.13867355727820843,0.13035916166623185,0.0970980375437015,0.1260519612253611,0.689189189189189,1,0.08226550075033298,0.16279069767441862,0.012618996369271716,0.9722222222222214,0.06817253758266055,0.480295566502463,0.05692824668906899
0.34121621621621623,0.017610226976258806,0.017184428701339693,0.0013649834304150425,0.004739542568919036,0.017355739362414885,0.02003203521007705,0.7702702702702702,1,0.017448654575146272,0.046511627906976744,0.0011904243475029783,0.44444444444444287,0.01371807056935319,0.08251231527093596,0.03399881399486065
0.19932432432432434,0.0011305330898338988,0.0015593798730621034,0.005058468006832216,0.017958083311592314,0.0035280968681097803,0.02003203521007705,0.5405405405405406,1,0.004601987952266261,0.046511627906976744,0.0006428052714598926,0.1666666666666643,0.005953571610340513,0.08497536945812809,0.019569084799367465
0.15202702702702703,0.003087224976084877,0.0015593798730621034,0.007284777879969051,0.004783024610835725,0.003657526403625245,0.02003203521007705,0.554054054054054,1,0.002991950020728642,0.046511627906976744,0.0019047100988635244,0.30555555555555003,0.007420659485294205,0.054187192118226604,0.019964419845819335
0.28040540540540543,0.0037829376467518917,0.01874693358416745,0.003934364005313946,0.0191320984433429,0.020669135471610776,0.02003203521007705,0.7162162162162162,1,0.03203439432540205,0.023255813953488372,0.005118995979985982,0.5277777777777715,0.04140158675111349,0.1896551724137931,0.11662383870330105
0.2398648648648649,0.0015653535090007827,0.01874693358416745,0.005182557409597221,0.030611357509348642,0.022018248041807267,0.02003203521007705,0.7162162162162162,1,8.740894553602186e-05,0.0,0.0015475672231832513,0.80555555555555,0.017509181875102826,0.2660098522167487,0.017987744613559994
0.2702702702702703,0.0074789112096704065,0.021871943349822967,0.007197185360370224,0.02839377337159753,0.025870680098914623,0.042955262456624954,0.6351351351351351,1,0.03476908788656853,0.046511627906976744,0.01190471061791117,0.9722222222222214,0.04497017887937922,0.28940886699507384,0.04032417473809054
0.21959459459459463,0.0292634142099313,0.0014062543945449829,0.00308033693922539,0.007044090790503522,0.0024058666601698116,0.0024184004745108037,0.6216216216216217,1,0.0005506743845050941,0.0,0.00035709097091567426,0.36111111111110716,0.010238249389551778,0.04433497536945813,0.018185412136785928
0.24662162162162166,0.02630663535959649,0.0031218847558898625,0.007131490970671105,0.026089225150013048,0.008312421580928483,0.0011834116066030355,0.4324324324324324,1,0.012879397476167453,0.0,0.01190471061791117,0.4166666666666643,0.005447577204093879,0.0603448275862069,0.013639059102589446
0.26689189189189194,0.0003043742934168189,0.00010781283691511537,0.00045986072789383785,0.0004348204191668842,0.00023906396559915217,0.00015473178391419833,0.47297297297297297,1,0.025225127672779988,0.023255813953488372,0.0007142338465959473,0.6111111111111072,0.0008545683305498709,0.02832512315270936,0.006720695789681755
0.2702702702702703,0.006870162622836768,0.0015593798730621034,0.0026642724711309655,0.011696669275589183,0.002762178557941796,0.02003203521007705,0.6756756756756757,0,0.02400050697845868,0.046511627906976744,0.007142805608840863,0.5,0.010856095190863457,0.0726600985221675,0.04309152006325361
0.2837837837837838,0.003217671101834942,0.0014062543945449829,0.0035474970437524636,0.010740064353422039,0.003162648767830822,0.00027794413036439335,0.445945945945946,0,0.001051718633766689,0.0,0.0033332816015846168,0.027777777777771462,0.0005148715010930662,0.0012315270935960591,0.003953350464518679
0.2972972972972973,0.005000434820419167,0.0624970703033447,0.007284777879969051,0.006000521784503001,0.06339610919589236,0.02003203521007705,0.6621621621621621,1,0.041548862320470364,0.023255813953488372,0.00833328186110844,0.5833333333333286,0.07382369616189927,0.25492610837438423,0.10674046254200435
0.3614864864864865,0.017610226976258806,0.0010718783496198425,0.004795690448035738,0.021697538916427516,0.003931612478834464,0.00043267591427859173,0.6756756756756757,0,0.004029153312640917,0.13953488372093023,0.0013332814977750874,0.6111111111111072,0.002018651368078677,0.08251231527093596,0.01581340185807472
0.23310810810810811,0.0018262457605009133,0.0014859421435691987,0.006182572008350487,0.027089312114096882,0.005020343277582195,0.0028396147751661217,0.40540540540540554,0,0.0266228082174034,0.046511627906976744,0.0033332816015846168,0.8333333333333286,0.0033727042353211317,0.08620689655172414,0.003755682941292746
0.15878378378378383,0.0038699017305852687,0.0015203172509914093,0.004693499175170441,0.017044960431341856,0.004099109524795653,0.02003203521007705,0.6756756756756757,1,8.185343150985124e-06,0.0,0.00023804334568891652,0.7222222222222214,0.0028643426037821156,0.06773399014778325,0.007116030836133623
0.2567567567567568,0.005043916862335855,0.017184428701339693,0.007284777879969051,0.012392381946256198,0.01960324517913048,0.031493648833351,0.554054054054054,0,0.007591471193275827,0.046511627906976744,0.009523758113376017,0.9722222222222214,0.0169232936152383,0.19458128078817735,0.01779007709033406
0.3648648648648649,0.03365510044351683,0.02030943846699521,0.014584154513204573,0.04339507783285503,0.029619568527609608,0.011435824992621586,0.7027027027027026,1,0.14901950404223474,0.023255813953488372,0.026190425645122094,0.55555555555555,0.12285366641771348,0.23522167487684728,0.22593397904724255
0.6013513513513513,0.0038699017305852687,0.01874693358416745,0.03648228441291114,0.03491607965910079,0.032171614427891,0.00259605548567155,0.7027027027027026,1,0.017831290768063095,0.0,0.01190471061791117,0.4166666666666643,0.014187964789891,0.10098522167487685,0.03162680371614944
0.2533783783783784,0.0003913383772501957,0.0007328147900462189,0.0022336092497700698,0.00682668058092008,0.0016247213458235373,0.0009111982830502792,0.40540540540540554,1,0.021641971026160046,0.023255813953488372,0.003571376852038132,0.5277777777777715,0.007869840484523672,0.10714285714285715,0.08183435461553668
0.34121621621621623,0.0010000869640838335,0.0014062543945449829,0.004189842187477189,0.023958605096095317,0.004161540241926642,0.0009627755443550119,0.7027027027027026,0,0.003999498044514946,0.0,0.0023809005997705553,0.55555555555555,0.0037609291832717655,0.11699507389162561,0.03558015418066812
0.24324324324324326,0.0005652665449169494,0.0,0.004832187331201916,0.01856683189842595,0.0,0.0006791006071789817,0.7837837837837838,0,1.2478539197244791e-06,0.0,4.756714532610421e-05,0.7222222222222214,0.0004432629359985134,0.012315270935960592,0.001779007709033406
0.24662162162162166,0.005696147491086182,0.026559457998306245,0.08027854421232428,0.39125141316636236,0.05900311849045572,0.27791834173374097,0.6486486486486487,1,0.13342443324404604,0.13953488372093023,0.007618996109747893,0.9166666666666643,0.18376651583496176,0.5135467980295566,0.1320419055149239
0.28716216216216217,0.0038699017305852687,0.0014156294238419494,0.005562124994525468,0.02569788677276285,0.004909186147080679,0.008570421586803097,0.40540540540540554,1,0.04389969287343329,0.0,0.003571376852038132,0.80555555555555,0.02151215984452064,0.2697044334975369,0.09685708638070765
0.3040540540540541,0.004174276024002087,0.0015593798730621034,0.0062044701382501935,0.025654404730846164,0.005448222094992143,0.04008985905080646,0.5810810810810811,0,0.025568585986309886,0.16279069767441862,0.014285663122446324,0.9166666666666643,0.04010908174147296,0.2832512315270936,0.050800553469065035
0.23310810810810811,0.0004348204191668842,4.218763183634949e-05,1.4598753266471044e-05,8.696408383337682e-05,6.395341754881778e-05,0.10885954079045018,0.689189189189189,0,0.00033200277786220626,0.0,0.004738043579260357,0.8333333333333286,0.03200606956564967,0.41379310344827586,0.03913816959873493
0.20608108108108109,0.0038699017305852687,0.0014015668798964998,0.006182572008350487,0.02817636316201409,0.004705144291091593,0.008570421586803097,0.6486486486486487,1,0.010363069146550824,0.09302325581395349,0.0030951863511311014,0.38888888888888573,0.012540375986393189,0.06280788177339902,0.020952757461949002
0.28040540540540543,0.010696582311505349,0.021871943349822967,0.005810303800055475,0.03148099834768241,0.02528291773763263,0.09166712035553926,0.6621621621621621,1,0.06776207859642758,0.023255813953488372,0.005952329356573286,0.8611111111111072,0.12018935435113763,0.5012315270935961,0.14904131251235422
0.21621621621621623,0.47821549699973914,0.0012718789746217958,0.005058468006832216,0.027045830072180192,0.005504562010451816,0.02003203521007705,0.7432432432432432,1,0.08073554111564596,0.023255813953488372,0.003571376852038132,0.0833333333333286,0.04211352975779735,0.0665024630541872,0.03597548922711999
0.18581081081081086,0.0038699017305852687,0.001075003359385498,0.0029051519000277376,0.01395773545525698,0.0032479199912292455,0.00028940574398766733,0.16216216216216217,0,0.02058564887651037,0.046511627906976744,0.0009523290970494627,0.7222222222222214,0.005374785026353135,0.04433497536945813,0.021941095078078673
0.2533783783783784,0.0003913383772501957,0.034371982412445046,0.006197170761616958,0.017784155143925562,0.036637694753383444,0.031493648833351,0.554054054054054,1,0.04672864739992049,0.023255813953488372,0.0027380434754508283,1.0,0.02938259213536741,0.1933497536945813,0.03261514133227911
0.13513513513513514,0.0038699017305852687,0.0013812543164197389,0.005883297566387831,0.03117662405426559,0.007822112046387546,0.00011461613623273951,0.527027027027027,0,0.008535357628523185,0.0,0.0023809005997705553,0.6666666666666643,0.0007154938446224334,0.03940886699507389,0.00494168808064835
0.21621621621621623,0.00021741020958344207,0.001451567036146988,0.00580300442342224,0.003087224976084877,0.002915971300142525,0.0021060715032765885,0.49999999999999994,1,0.03984995720314701,0.046511627906976744,0.0023809005997705553,0.6111111111111072,0.0073182769913986865,0.11206896551724138,0.028859458390986362
0.21959459459459463,0.011435777024089053,0.034371982412445046,0.0056716156440240004,0.011435777024089053,0.035874821844051115,0.02003203521007705,0.4594594594594595,1,0.08288510427111402,0.023255813953488372,0.006904710358387347,1.0,0.010038218852345505,0.18842364532019704,0.018778414706463728
0.15878378378378383,0.029046004000347857,0.0007562523632886353,0.00025547818216324327,0.0013914253413340291,0.0009455969594718058,0.02003203521007705,0.7972972972972974,1,0.009555697141172588,0.023255813953488372,0.000833281471822705,0.5,0.09554653905744191,0.22167487684729065,0.13994860644396126
0.21959459459459463,0.0004783024610835726,0.0006515645361391755,0.0018394429115753514,0.00682668058092008,0.001481587506547612,0.0004527337381193211,0.6351351351351351,0,0.00039715942425861024,0.06976744186046512,0.0007142338465959473,0.47222222222222143,0.0039550416572470826,0.05172413793103448,0.010278711207748568
0.4560810810810811,0.024393425515262197,0.0624970703033447,0.03648228441291114,0.04339507783285503,0.07361951980119623,0.02003203521007705,0.7027027027027026,0,0.4068398121179068,0.0,0.07142852323129002,0.75,0.27885795582994327,0.37068965517241376,0.24451472623048034
0.22635135135135137,0.0008261587964170799,0.0006531270410220033,0.0021095198470050657,0.006913644664753457,0.0018470356068265707,0.02003203521007705,0.6756756756756757,0,0.0011371341688261015,0.0,0.0009523290970494627,0.6944444444444429,0.011985853461652726,0.1416256157635468,0.0296501284838901
0.24324324324324326,0.0004348204191668842,0.017184428701339693,0.021883531146440094,0.04104704756935386,0.02673557393624149,0.02003203521007705,0.6216216216216217,0,0.015587696757322729,0.046511627906976744,0.007380900859294378,0.8333333333333286,0.008438566361018427,0.1539408866995074,0.012453053963233842
0.195945945945946,0.0004348204191668842,0.004684389638717621,0.00608038073548519,0.034568223323767286,0.008627620567419085,0.02003203521007705,0.6756756756756757,0,0.0115535664930631,0.11627906976744186,0.0011904243475029783,0.6666666666666643,0.0238213881172392,0.1477832512315271,0.06384661000197668
0.2533783783783784,0.006348378119836508,0.0031218847558898625,0.0031533307055577452,0.018436385772675888,0.005848692304881169,0.001690588009432908,0.7297297297297296,1,0.019488833932911363,0.046511627906976744,0.0014285195979564936,0.47222222222222143,0.004079320985097133,0.03694581280788178,0.04111484483099427
0.1925675675675676,0.0008696408383337683,0.010934409170028657,0.029182907779675617,0.04339507783285503,0.020730043488323937,0.2005524497766418,0.6081081081081081,0,0.44184994882714124,0.0,0.01761899662879554,0.9722222222222214,0.08426197608865732,0.3780788177339901,0.05416090136390592
0.347972972972973,0.0076963214192538485,0.026559457998306245,0.07297916757908875,0.17384120358292027,0.05138352559963943,0.07734010332644681,0.5675675675675675,1,0.0009435708557523801,0.09302325581395349,0.005952329356573286,0.8888888888888857,0.019579912199613903,0.3091133004926108,0.025103775449693617
0.195945945945946,0.0005652665449169494,0.0009859405810643158,0.0029270500299274443,0.002043655970084355,0.0017754686871886078,0.02003203521007705,0.6621621621621621,1,0.015523824782453797,0.023255813953488372,0.0002618528707342681,0.22222222222222143,0.03406200473208336,0.07389162561576355,0.041312512354220204
0.47972972972972977,0.006304896077919819,0.012496914052856417,0.021883531146440094,0.04339507783285503,0.02095235774932697,0.034359052239169484,0.6756756756756757,1,0.004007040394444914,0.09302325581395349,0.0017184243749086938,0.8888888888888857,0.025018020502538256,0.0603448275862069,0.05633524411939119
0.35810810810810817,0.005696147491086182,0.0006890646533270417,0.0018029460284091738,0.010305243934255155,0.0019292614293893364,0.0027335948491508375,0.7972972972972974,1,0.004116247993596524,0.023255813953488372,0.0006189957464145411,0.19444444444444287,0.00635185726578377,0.034482758620689655,0.013441391579363512
0.2398648648648649,0.0027393686407513698,0.000978128056650177,0.002292004262835954,0.004609096443168971,0.0019231706277180204,0.02003203521007705,0.5810810810810811,1,0.022342686366637745,0.0,0.013571377371085777,0.5833333333333286,0.02045874458941069,0.13054187192118227,0.037556829412927456
0.24662162162162166,0.003913383772501957,0.017184428701339693,0.03648228441291114,0.015479606922341075,0.026837594864236033,0.14037897825445356,0.689189189189189,0,0.01810091925874295,0.0,0.003571376852038132,0.8611111111111072,0.06278414101087622,0.270935960591133,0.03558015418066812
0.18243243243243246,0.0008696408383337683,0.0009937531054784545,0.0029051519000277376,0.011870597443255937,0.002495705984821722,0.0003037327610167597,0.6486486486486487,1,0.0006100730200327168,0.0,0.00023804334568891652,0.6111111111111072,0.0018464357280578928,0.05295566502463055,0.013243724056137577
0.22635135135135137,0.001043569006000522,0.0013062540820440063,0.00237959678243478,0.011479259066005741,0.00275608775627048,0.01716663180425856,0.5810810810810811,1,0.03271617621109565,0.0,0.003571376852038132,0.44444444444444287,0.03380279356256754,0.11330049261083744,0.0383474995058312
0.2364864864864865,0.0020871380120010435,0.007809399404373138,0.007007401567906101,0.04109052961127054,0.011031964527171067,0.02003203521007705,0.6351351351351351,0,0.03292563289648519,0.0,0.013095186870178747,0.7777777777777715,0.052094935203125685,0.2524630541871921,0.05495157145680965
0.23310810810810811,0.0010870510479172102,0.0015593798730621034,0.005890596943021066,0.023132446299678235,0.006759267154742907,0.02003203521007705,0.48648648648648657,0,0.03738991642120335,0.046511627906976744,0.002857091100677586,0.7222222222222214,0.022286834321452623,0.10344827586206896,0.0296501284838901
0.30743243243243246,0.0038699017305852687,0.015621923818511933,0.014584154513204573,0.041525350030437426,0.023703877404343963,0.005705018180984609,0.527027027027027,1,0.06331914533945923,0.023255813953488372,0.01190471061791117,0.47222222222222143,0.035688288507949736,0.11822660098522168,0.027871120774856692
0.18581081081081086,0.0038699017305852687,0.0008640652002037507,0.0035182995372195214,0.01752326289242543,0.0026647257312007407,0.0007077546412371666,0.1351351351351351,0,0.01740303229948899,0.046511627906976744,0.0014285195979564936,0.75,0.007289278481567008,0.06280788177339902,0.0061276932200039535
0.20270270270270274,0.0038699017305852687,0.03124697264678952,0.10217667411203084,0.13035916166623185,0.06251751105480503,0.07160929651480984,0.3243243243243243,1,0.011608866539899699,0.23255813953488372,0.0014285195979564936,0.9166666666666643,0.04682608350860664,0.2204433497536946,0.06938130065230283
0.1891891891891892,0.0038699017305852687,0.021871943349822967,0.07297916757908875,0.34776937124967394,0.052629094541423546,0.02003203521007705,0.6351351351351351,0,0.059384932802967805,0.0,0.006666615107933832,0.5833333333333286,0.11898976293422309,0.16502463054187191,0.10318244712393754
0.26351351351351354,0.019914775197843293,0.0015437548242338258,0.0065548402166454986,0.017088442473258546,0.004290969777442107,0.0026103825027006425,0.7837837837837838,1,0.005662725585016501,0.0,0.0011904243475029783,0.47222222222222143,0.015800045214003085,0.14655172413793105,0.03854516702905713
0.23310810810810811,0.003435081311418384,0.0031218847558898625,0.00497087548723339,0.027567614575180453,0.0071871459721528546,0.02003203521007705,0.5810810810810811,1,0.04032744475802308,0.0,0.00833328186110844,0.27777777777777146,0.06240952760835678,0.145320197044335,0.05732358173552086
0.3445945945945946,0.03622054091660144,0.001043753261728943,0.002686170601030672,0.009696495347421516,0.0027393380516743614,0.02003203521007705,0.7297297297297296,0,0.06807110324231172,0.023255813953488372,0.010238043864736562,0.55555555555555,0.0431923926848004,0.16748768472906403,0.058509586874876465
0.22972972972972977,0.0038699017305852687,0.021871943349822967,0.007284777879969051,0.0341334029046004,0.028384658488750294,0.028628245427532513,0.7837837837837838,1,0.010509950362829965,0.023255813953488372,0.0016428053233646573,0.36111111111110716,0.07102504405998075,0.18596059113300492,0.08045068195295514
0.3040540540540541,0.0038699017305852687,0.0031218847558898625,0.004021956524912772,0.023175928341594924,0.007796226139284453,0.02003203521007705,0.7972972972972974,1,0.07205710500375812,0.06976744186046512,0.0014285195979564936,0.0,0.02077713639123606,0.07512315270935961,0.055742241549713384
0.21959459459459463,0.0005652665449169494,0.01874693358416745,0.00048175885779354447,0.002565440473084616,0.018522127882471894,0.02003203521007705,0.47297297297297297,1,0.02009126072476368,0.023255813953488372,0.009523758113376017,0.7777777777777715,0.028538676318633258,0.15270935960591134,0.0302431310535679
0.24324324324324326,0.0038699017305852687,0.02030943846699521,0.0017372516387100542,0.0075223932515870945,0.02075745209584486,0.12032115441372414,0.6351351351351351,0,0.09945827163672025,0.09302325581395349,0.014285663122446324,0.8611111111111072,0.10679559364684076,0.5357142857142857,0.08104368452263294
0.3175675675675676,0.006870162622836768,0.012496914052856417,0.0023722974058015445,0.003435081311418384,0.012988634564081324,0.07734010332644681,0.8243243243243243,0,0.005284027561214088,0.046511627906976744,0.002857091100677586,0.8333333333333286,0.04127079755370938,0.25738916256157635,0.04625420043486855
0.20945945945945948,0.0038699017305852687,0.07655961424879454,0.007284777879969051,0.03913383772501957,0.07832618679270566,0.002429862088134078,0.689189189189189,0,0.00048772679457353437,0.046511627906976744,0.0014285195979564936,0.6666666666666643,0.004413099751322983,0.05541871921182266,0.01680173947420439
0.23310810810810811,0.0038699017305852687,0.0015593798730621034,0.0055037299814595835,0.014957822419340815,0.00434730969290178,0.05155147267408042,0.3108108108108108,0,0.1729961676749333,0.0,0.03571423566326271,0.8333333333333286,0.07038293419942217,0.3435960591133005,0.27297884957501484
0.320945945945946,0.6956257065831812,0.02030943846699521,0.004094950291245128,0.019349508652926343,0.021838569392503445,0.04582066586244344,0.6216216216216217,0,0.04305218836069582,0.0,0.01190471061791117,0.8333333333333286,0.047414338993763544,0.38669950738916253,0.06364894247875075
0.16891891891891891,0.0002608922515001305,0.00624689452154538,0.00671542650257668,0.03887294547351944,0.010585813304747171,0.02003203521007705,0.6216216216216217,1,0.018900138793834263,0.0,0.0020475672491356337,0.75,0.037398608781695666,0.1625615763546798,0.03854516702905713
0.2364864864864865,0.0030002608922515,0.01874693358416745,0.014584154513204573,0.042612401078354636,0.025092580185404004,0.042955262456624954,0.48648648648648657,1,0.014078295811818948,0.023255813953488372,0.01190471061791117,0.8611111111111072,0.04839673749010204,0.3633004926108374,0.04151017987744614
0.3006756756756757,0.004609096443168971,0.0015593798730621034,0.0019124366779077067,0.010305243934255155,0.002570318305295343,0.02003203521007705,0.7162162162162162,1,0.13180856103659502,0.0,0.005952329356573286,0.5,0.10386319331590266,0.16379310344827586,0.1484483099426764
0.1925675675675676,0.0012609792155839638,0.0015593798730621034,0.0018029460284091738,0.006044003826419689,0.0023784580526488895,0.02003203521007705,0.47297297297297297,1,0.013430341418157842,0.046511627906976744,0.00833328186110844,0.9722222222222214,0.013641135747350779,0.10960591133004927,0.01739474204388219
0.27702702702702703,0.021784503000260896,0.0359344872952728,0.13137418064497292,0.042612401078354636,0.06682370783642542,0.02003203521007705,0.49999999999999994,0,0.025615294381395714,0.0,0.019047568131516635,0.6388888888888857,0.0313864483453687,0.15024630541871922,0.0901363905910259
0.35135135135135137,0.019306026611009657,0.03124697264678952,0.007226382866903166,0.04030785285677015,0.03616870302469211,0.19482164296500482,0.6486486486486487,0,0.17429297454890164,0.023255813953488372,0.02857137814965725,0.9166666666666643,0.19413910525985623,0.5406403940886699,0.10515912235619689
0.1891891891891892,0.002043655970084355,0.01874693358416745,0.0015547672228791662,0.00821810592225411,0.01945097513734758,0.0024184004745108037,0.5405405405405406,1,0.006717448798558291,0.11627906976744186,0.00571423410611977,0.55555555555555,0.007395803619724194,0.07635467980295567,0.021941095078078673
0.32770270270270274,0.003087224976084877,0.0013703167822399446,0.001328486547248865,0.007000608748586834,0.0020434639607265106,0.008570421586803097,0.5810810810810811,1,0.03638077340605284,0.0,0.01190471061791117,0.75,0.05110365961194076,0.25615763546798026,0.0772880015813402
0.2398648648648649,0.00656578832941995,0.00624689452154538,0.006029285099052541,0.021262718497260632,0.01024016030989999,0.048686069268261925,0.6216216216216217,0,0.05955268565809604,0.046511627906976744,0.009999948614283048,0.8888888888888857,0.043880663438560445,0.18842364532019704,0.021941095078078673
0.25000000000000006,0.0010000869640838335,0.0015593798730621034,0.000824829559555614,0.004000347856335334,0.0019201252268823622,0.02003203521007705,0.6486486486486487,0,0.007889274358284383,0.0,0.004285662603398677,0.027777777777771462,0.006397426352662122,0.0726600985221675,0.019964419845819335
0.29054054054054057,0.0006957126706670146,0.0009875030859471435,0.0030511394326924483,0.012740238281589706,0.0027530423554348224,0.02003203521007705,0.20270270270270274,0,0.027314599232746036,0.2558139534883721,0.0011904243475029783,1.0,0.002650700521144648,0.034482758620689655,0.019964419845819335
0.3040540540540541,0.003174189059918254,0.00045625142578570565,0.0019781310676068265,0.011131402730672233,0.001959715437745916,0.02003203521007705,0.5405405405405406,1,0.054248266401848134,0.046511627906976744,0.01190471061791117,0.47222222222222143,0.027476975774999968,0.11330049261083744,0.03063846610001977
0.16554054054054057,0.0014349073832507176,0.02030943846699521,0.08027854421232428,0.03269849552134968,0.03926435297413846,0.02003203521007705,0.6351351351351351,0,0.11919226087047594,0.0,0.024999949392854517,0.5,0.07375031217783544,0.16009852216748768,0.05692824668906899
0.28716216216216217,0.008087659796504046,0.0002890634033231354,0.0009124220791544402,0.0014349073832507176,0.0005420813487471221,0.0028396147751661217,0.6486486486486487,1,0.007952200909582945,0.09302325581395349,0.002023757724090282,0.55555555555555,0.016282959173648994,0.14285714285714285,0.06443961257165448
0.29391891891891897,0.005609183407252805,0.02030943846699521,0.006846815281974919,0.025958779024262982,0.022669963820638076,0.02003203521007705,0.7432432432432432,1,0.030118791288193985,0.046511627906976744,0.002857091100677586,0.5,0.07199560642985733,0.1564039408866995,0.057125914212294925
0.35472972972972977,0.006435342203669885,0.0008109400341876069,0.0035693951736521703,0.017305852682841988,0.003133717459892071,0.031493648833351,0.6756756756756757,0,0.04012301104626194,0.0,0.007142805608840863,0.9444444444444429,0.009362967837693565,0.2019704433497537,0.020359754892271202
0.18581081081081086,0.006391860161753196,0.0014218794433732604,0.005474532474926641,0.025132620227845903,0.004813256020757452,0.02003203521007705,0.7162162162162162,0,0.008835092403023917,0.06976744186046512,0.00047613859614243194,0.5,0.0048539954620291145,0.06773399014778325,0.025894445542597355
0.26013513513513514,0.0038699017305852687,0.0008140650439532625,0.0034015095110877533,0.010087833724671712,0.0027302018491673873,0.05155147267408042,0.7027027027027026,1,0.0055099759050453384,0.0,0.005357091230439497,0.9444444444444429,0.03155452134112782,0.22413793103448276,0.036370824273571856
0.18243243243243246,0.0007826767545003914,0.034371982412445046,0.007284777879969051,0.039742586311853206,0.038603500992800674,0.04008985905080646,0.6351351351351351,0,0.21211841565655096,0.0,0.022618996888319365,0.8888888888888857,0.08598886693944993,0.2857142857142857,0.027278118205178892
0.1891891891891892,0.00021741020958344207,0.13593479979624937,0.0056862143972904716,0.030828767718932084,0.1359177619958339,0.0010372760329062927,0.6486486486486487,1,6.838081690342657e-05,0.06976744186046512,0.00047613859614243194,0.7777777777777715,0.0016393035149744753,0.05541871921182266,0.004151017987744613
0.1891891891891892,0.002869814766501435,0.026559457998306245,0.10217667411203084,0.027828506826680584,0.049962846109804976,0.02003203521007705,0.4324324324324324,1,3.77485672575873e-05,0.11627906976744186,0.003571376852038132,0.8611111111111072,0.008437974554695332,0.07512315270935961,0.00790670092903736
0.20270270270270274,0.000739194712583703,0.000564064262700821,0.0024817880553000774,0.005000434820419167,0.0015561998270212326,0.02003203521007705,0.5675675675675675,1,0.03425210424298143,0.06976744186046512,0.0019047100988635244,0.9444444444444429,0.04543237961771679,0.20073891625615764,0.019569084799367465
0.21283783783783788,0.02361074876076181,0.021871943349822967,0.007284777879969051,0.022915036090094792,0.0245093859253755,0.0544168760798989,0.5405405405405406,1,0.07906371403390626,0.023255813953488372,0.014285663122446324,0.8333333333333286,0.07777814601282326,0.31034482758620685,0.08084601699940701
0.26013513513513514,0.01974084703017654,0.03124697264678952,0.003985459641746595,0.017044960431341856,0.032572084637780024,0.06874389310899134,0.527027027027027,0,0.04597553534395999,0.09302325581395349,0.03571423566326271,0.9722222222222214,0.023633193706494835,0.31403940886699505,0.03656849179679779
0.2567567567567568,0.012174971736672755,0.017184428701339693,0.07297916757908875,0.004391686233585529,0.03224013594669331,0.08307091013808379,0.6351351351351351,0,0.16311725138517538,0.046511627906976744,0.04285709317686817,1.0,0.025062997783093514,0.3041871921182266,0.047044870527772294
0.35472972972972977,0.0076963214192538485,0.0004140637939493561,0.0014598753266471043,0.0020871380120010435,0.0008161674239563412,0.02003203521007705,0.6081081081081081,1,0.006028520352218012,0.0,0.010714234365643593,0.75,0.011298766320538875,0.14039408866995073,0.022534097647756476
0.1891891891891892,0.0002608922515001305,0.0006625020703189698,0.002897852523394502,0.0014349073832507176,0.0013095223593329354,0.02003203521007705,0.5405405405405406,0,9.936151890830376e-05,0.0,0.0005951862213691896,0.7777777777777715,0.003359684496213031,0.05665024630541872,0.007709033405811426
0.24662162162162166,0.00013044612575006522,0.0013921918505995332,0.005985488839253128,0.006044003826419689,0.003109354253206807,0.02003203521007705,0.7432432432432432,1,0.03683650832932301,0.023255813953488372,0.003571376852038132,0.47222222222222143,0.04339419864097596,0.1354679802955665,0.058311919351650525
0.2398648648648649,0.008131141838420734,0.07655961424879454,0.021883531146440094,0.04339507783285503,0.08228216247822538,0.005705018180984609,0.5405405405405406,0,0.2330601368219884,0.046511627906976744,0.03571423566326271,0.80555555555555,0.07708277358318608,0.22660098522167488,0.04111484483099427
0.195945945945946,0.0,0.0012203163134884797,0.004795690448035738,0.00013044612575006522,0.002200302103762897,0.02003203521007705,0.7837837837837838,0,0.0022060006034011438,0.0,0.00023804334568891652,0.7222222222222214,0.006664331004378183,0.1059113300492611,0.030440798576793836
0.27702702702702703,0.0038699017305852687,0.017184428701339693,0.007284777879969051,0.020393077658926863,0.019834695642640485,0.02003203521007705,0.7972972972972974,0,0.24116270610127,0.09302325581395349,0.02023804438378421,0.5833333333333286,0.23827483722367082,0.22783251231527094,0.16683138960268828
0.30743243243243246,0.0003478563353335073,0.0013500042187631837,0.0010584096118191506,0.00465257848508566,0.0019475338344032843,0.02003203521007705,0.7837837837837838,0,0.005348973821280507,0.023255813953488372,0.004047567352945162,0.6388888888888857,0.0012676491440705149,0.02955665024630542,0.014429729195493181
0.22972972972972977,8.696408383337682e-05,0.026559457998306245,0.09487729747879532,0.0382641968866858,0.04716716814267094,0.0028396147751661217,0.6621621621621621,0,0.0004166674967064842,0.023255813953488372,0.00369042447726489,0.7777777777777715,0.003965694171062801,0.0726600985221675,0.00691836331290769
0.26013513513513514,0.0038699017305852687,0.0031218847558898625,0.005394239331961051,0.029785198712931563,0.006827788673545212,0.07447469992062833,0.5810810810810811,1,0.05019913822208969,0.0,0.009523758113376017,0.8611111111111072,0.061605262815270026,0.5160098522167488,0.10219410950780787
0.21283783783783788,0.0013479432994173408,0.0007718774121169129,0.0017226528854435831,0.00987042351508827,0.0015105188144863629,0.02003203521007705,0.7162162162162162,1,0.0032986985495052547,0.023255813953488372,0.00023804334568891652,0.7777777777777715,0.012856400562926173,0.22167487684729065,0.018185412136785928
0.27702702702702703,0.0035655274371684496,0.017184428701339693,0.006693528372676973,0.024393425515262197,0.022732394537769065,0.02003203521007705,0.6351351351351351,0,0.10136133038900294,0.0,0.014761853623353355,0.55555555555555,0.03863015774005736,0.21798029556650247,0.11879818145878633
0.3141891891891892,0.0038699017305852687,0.0010562533007915649,0.0031387319522912746,0.013783807287590226,0.0023677991497240867,0.09453252376135775,0.8108108108108107,0,0.00029613848317254856,0.023255813953488372,0.002118995824271688,0.8888888888888857,0.04163949289299787,0.5492610837438423,0.03735916188970152
0.29054054054054057,0.0,0.0012609414404420015,0.0037883764726492357,0.0033915992695016956,0.002510932989000012,0.0023095151450897014,0.7297297297297296,0,0.0008338070477408726,0.023255813953488372,0.0038094721024916475,0.75,0.0030442517260031413,0.09482758620689656,0.005139355603874284
0.3006756756756757,0.027219758239846945,0.0008796902490320283,0.004036555278179243,0.007348465083920341,0.002425661765601588,0.30084156898028885,0.7972972972972974,1,0.020110817449050362,0.023255813953488372,0.002857091100677586,0.9166666666666643,0.1197336634823541,0.3362068965517241,0.07709033405811426
0.24324324324324326,0.0006087485868336378,0.0007031271972724915,0.00237959678243478,0.011435777024089053,0.002766746659195283,0.02003203521007705,0.6081081081081081,0,0.02936318089456491,0.0,0.002857091100677586,0.9722222222222214,0.0339264810840945,0.21674876847290642,0.03478948408776438
0.22635135135135137,0.0038699017305852687,0.12030975096797178,0.00013868815603147492,0.0006087485868336378,0.11731493099121706,0.02003203521007705,0.6081081081081081,0,0.0031927164357752305,0.16279069767441862,4.756714532610421e-05,0.8333333333333286,0.0012291817330693088,0.02955665024630542,0.00494168808064835
0.28040540540540543,0.0012609792155839638,0.0031218847558898625,0.003430707017620695,0.00904426471867119,0.00458941905933659,0.002487170156250448,0.3243243243243243,1,0.04312898463079865,0.023255813953488372,0.009523758113376017,0.44444444444444287,0.020638653711631715,0.061576354679802964,0.023127100217434277
0.2364864864864865,0.011740151317505871,0.034371982412445046,0.13137418064497292,0.7391077484998696,0.10959027177157057,0.002395477247264256,0.5135135135135136,1,0.0014322088861176625,0.023255813953488372,0.005952329356573286,0.7777777777777715,0.014052441141902136,0.16748768472906403,0.02174342755485274
0.24324324324324326,0.0018262457605009133,0.0013484417138803558,0.0029416487831939154,0.014175145664840422,0.004144790537330524,0.0028109607411079367,0.6756756756756757,1,0.03293528173954413,0.0,0.0014285195979564936,0.5277777777777715,0.003884024898475625,0.020935960591133007,0.009685708638070766
0.21621621621621623,0.010740064353422039,0.13593479979624937,0.014584154513204573,0.03043742934168189,0.14077974442996188,0.02003203521007705,0.49999999999999994,0,0.07975659116867745,0.0,0.03809518816779787,0.7222222222222214,0.04873998515749742,0.2832512315270936,0.12413520458588655
0.3006756756756757,0.0038699017305852687,0.017184428701339693,0.006810318398808742,0.04004696060527002,0.020280846865064383,0.037224455644987976,0.689189189189189,0,0.12376668032402677,0.046511627906976744,0.009523758113376017,0.80555555555555,0.04689591665473191,0.3091133004926108,0.054556236410357783
0.18581081081081086,0.0004783024610835726,0.0008890652783289948,0.0032117257186236297,0.01421862770675711,0.003409326235519119,0.02003203521007705,0.40540540540540554,0,0.07890557846388749,0.023255813953488372,0.0030951863511311014,0.55555555555555,0.005481901970833417,0.050492610837438424,0.01779007709033406
0.26351351351351354,0.0082615879641708,0.0015593798730621034,0.006664330866144031,0.03661187929385164,0.00484675542994969,0.014301228398440073,0.5810810810810811,1,0.04035640706617466,0.0,0.00833328186110844,0.7777777777777715,0.05100364434333762,0.25492610837438423,0.04566119786519075
0.31081081081081086,0.03161144447343247,0.0014218794433732604,0.0022190104965035986,0.012261935820506132,0.0033012145058532606,0.02003203521007705,0.7567567567567568,1,0.0940192064441964,0.0,0.002857091100677586,0.6666666666666643,0.08873780731022843,0.34975369458128075,0.16485471437042892
0.26689189189189194,0.0006522306287503262,0.021871943349822967,0.004357727850041606,0.023871641012261937,0.024229209048494967,0.02003203521007705,0.6621621621621621,1,0.07701632236976637,0.023255813953488372,0.004523757853852194,0.25,0.01786722470057559,0.05172413793103448,0.021941095078078673
0.195945945945946,0.0030437429341681884,0.0009703155322360384,0.004313931590242194,0.02461083572484564,0.0048163014215931105,0.042955262456624954,0.4324324324324324,0,0.02506076729722277,0.0,0.0154761393747139,0.9444444444444429,0.0388739819451727,0.3780788177339901,0.03814983198260526
0.2533783783783784,0.004130793982085399,0.026559457998306245,0.0070730959576052205,0.036394469084268195,0.03040223654237371,0.11172494419626867,0.7162162162162162,1,0.1820466404534504,0.046511627906976744,0.009999948614283048,0.8888888888888857,0.24162268559342193,0.4605911330049261,0.0679976279897213
0.38851351351351354,0.0038699017305852687,0.05312204100637815,0.160571687177915,0.8695538742499349,0.13922354460294065,0.23493729064646365,0.8243243243243243,0,0.3075780084405286,0.16279069767441862,0.04761899818593848,0.9444444444444429,0.30424940612235474,0.6625615763546798,0.1484483099426764
0.26013513513513514,0.0038699017305852687,0.0015593798730621034,0.003233623848523336,0.01065310026958866,0.0031321947594742418,0.07447469992062833,0.7567567567567568,1,1.9005775085034375e-05,0.023255813953488372,0.002857091100677586,0.9722222222222214,0.0001728074463438797,0.0,0.001779007709033406
0.14189189189189194,0.0038699017305852687,0.0015453173291166535,0.004182542810843954,0.0026089225150013043,0.0025261599931783022,0.00010601992601528405,0.6081081081081081,1,0.00027892362172151285,0.023255813953488372,5.9471907848779985e-05,0.44444444444444287,0.0010090297808777909,0.024630541871921183,0.003953350464518679
0.2533783783783784,0.00017392816766675367,0.0015593798730621034,0.005423436838493992,0.011696669275589183,0.00368036690989268,0.002424131281322441,0.5675675675675675,1,0.09178082343986685,0.023255813953488372,0.0023809005997705553,0.0,0.010722346961843878,0.02955665024630542,0.011662383870330107
0.35135135135135137,0.0038699017305852687,0.0003625011328160401,0.0014306778201141623,0.0012174971736672755,0.0008100766222850252,0.02003203521007705,0.7162162162162162,1,0.37013834682905755,0.0,0.03571423566326271,0.6388888888888857,0.24962153985638041,0.3374384236453202,0.551097054753904
0.2398648648648649,0.0017827637185842248,0.034371982412445046,0.10217667411203084,0.03587268458126794,0.057503258578894156,0.02003203521007705,0.47297297297297297,1,0.0023614050958738067,0.023255813953488372,0.00523804360521274,0.8333333333333286,0.020691324474387214,0.16871921182266011,0.026487448112275155
0.2972972972972973,0.08687711974954344,0.017184428701339693,0.007284777879969051,0.04339507783285503,0.023256203481502237,0.0018109349524772845,0.5675675675675675,0,0.02940456388567299,0.0,0.013095186870178747,0.5277777777777715,0.021054693556767836,0.14039408866995073,0.0383474995058312
0.20608108108108109,0.0018697278024176016,0.0009000028125087892,0.002474488678666842,0.01152274110792243,0.002072395268665262,0.0011690845895739432,0.4594594594594595,1,0.004680869676865072,0.0,0.0007142338465959473,0.47222222222222143,0.004724389877271204,0.03571428571428572,0.009488041114844832
0.31081081081081086,0.009392121054004698,0.017184428701339693,0.08027854421232428,0.013914253413340292,0.03459575349307476,0.02003203521007705,0.6216216216216217,0,0.24501584232075793,0.046511627906976744,0.02857137814965725,0.6944444444444429,0.2064451259423036,0.2857142857142857,0.15754101601106937
0.25000000000000006,0.0024349943473345507,0.021871943349822967,0.08027854421232428,0.036350987042351506,0.03959021086355386,0.028628245427532513,0.5945945945945945,0,0.1889585453920703,0.023255813953488372,0.012380901118818202,0.7777777777777715,0.08637531646843127,0.291871921182266,0.12057718916781973
0.16891891891891891,0.002348030263501174,0.032809477529617284,0.0007445364165900233,0.0004783024610835726,0.032162478225384025,0.0010831224873993886,0.49999999999999994,1,0.00256415703190963,0.06976744186046512,0.00023804334568891652,0.47222222222222143,0.003498167175817373,0.06527093596059114,0.019964419845819335
0.20945945945945948,0.002478476389251239,0.026559457998306245,0.00552562811135929,0.030306983215931824,0.03046162185866904,0.02003203521007705,0.6756756756756757,0,0.1499704989056065,0.0,0.03571423566326271,0.7777777777777715,0.0868440270763229,0.27586206896551724,0.034987151610990315
0.20608108108108109,0.024741281850595705,0.0007765649267653962,0.0021606154834377146,0.004348204191668841,0.0017023790671328162,0.02003203521007705,0.6216216216216217,1,0.0102228926796254,0.0,0.00369042447726489,0.7222222222222214,0.03662689333637917,0.30788177339901474,0.06938130065230283
0.2398648648648649,0.02113227237151057,0.02343444823265073,0.10217667411203084,0.565179580833116,0.06705211289909978,0.031493648833351,0.47297297297297297,0,0.027601812075868964,0.023255813953488372,0.00880947236201547,0.9722222222222214,0.02352785218098384,0.16871921182266011,0.033801146471634715
0.3445945945945946,0.0038699017305852687,0.028121962881134003,0.10217667411203084,0.13035916166623185,0.05681652069045328,0.02003203521007705,0.6756756756756757,1,0.02834222468698574,0.0,0.005952329356573286,0.5,0.021355922975223436,0.05788177339901478,0.021348092508400873
0.26351351351351354,0.004609096443168971,0.01874693358416745,0.0045694097724054365,0.0075223932515870945,0.020053964502807862,0.02003203521007705,0.7297297297297296,1,0.05188952137813408,0.0,0.001666614848410009,0.80555555555555,0.040087776713841526,0.33497536945812806,0.044475192725835146
0.19932432432432434,0.0029132968084181234,0.0008125025390704347,0.0016715572490109344,0.0029132968084181234,0.001451133498191032,0.0023868810370468005,0.36486486486486486,1,0.013276605552264873,0.046511627906976744,0.0009523290970494627,0.5833333333333286,0.0033081973461037244,0.03201970443349754,0.007313698359359557
0.18243243243243246,0.004435168275502218,0.000978128056650177,0.004182542810843954,0.013740325245673538,0.004147835938166182,0.04582066586244344,0.7972972972972974,0,0.10966366148860544,0.0,0.000833281471822705,0.0,0.09484228953295828,0.16379310344827586,0.08420636489424788
0.24324324324324326,0.0013914253413340291,0.004684389638717621,0.007284777879969051,0.020175667449343425,0.008111425125775054,0.02003203521007705,0.5675675675675675,0,0.022723919545716478,0.06976744186046512,0.014285663122446324,0.7777777777777715,0.03563265871357876,0.19704433497536947,0.021545760031626806
0.2398648648648649,0.004217758065918776,0.0031218847558898625,0.006832216528708449,0.022436733629011222,0.007325711710175293,0.02003203521007705,0.527027027027027,0,0.03376390144933631,0.13953488372093023,0.004761853104305709,0.8333333333333286,0.02441260263401158,0.11083743842364532,0.026685115635501088
0.30743243243243246,0.0053482911557526745,9.062528320401001e-05,0.0001970831690973591,0.0003913383772501957,0.00019795105431776933,0.0007822551297884473,0.6216216216216217,1,0.0002941674262435001,0.023255813953488372,0.0011904243475029783,0.6388888888888857,0.002086709095234657,0.04310344827586207,0.003953350464518679
0.29391891891891897,0.0006957126706670146,0.0015593798730621034,0.0062263682681499,0.03365510044351683,0.0060664384646307145,0.02003203521007705,0.554054054054054,0,0.038994354131619675,0.09302325581395349,0.0154761393747139,0.5277777777777715,0.031926767518354875,0.15270935960591134,0.08578770508005536
0.4391891891891892,0.9565179580833116,0.04218450682658384,0.16787106381115052,1.0,0.16255892850617,0.46990036992357964,0.8918918918918919,0,0.5892532940105504,0.0,0.05952376070861425,0.8888888888888857,0.6772128526130025,1.0,0.5337023127100218
0.39189189189189194,0.024393425515262197,0.0624970703033447,0.014584154513204573,0.04339507783285503,0.06967115761776564,0.13751357484863505,0.6216216216216217,0,0.11740838991887352,0.023255813953488372,0.05119042694274121,0.9166666666666643,0.10757263534906512,0.5529556650246306,0.14034394149041313
0.29391891891891897,0.0012609792155839638,9.843780761814881e-05,0.0003576694550285406,0.0017827637185842248,0.00030149468273014095,0.031493648833351,0.7837837837837838,1,0.005343414362510649,0.046511627906976744,0.0011428052974122751,0.6388888888888857,0.0676937662672763,0.18719211822660098,0.04427752520260921
0.20945945945945948,0.00708757283242021,0.01874693358416745,0.005635118760857823,0.024523871641012263,0.022803961457407027,0.02003203521007705,0.48648648648648657,1,0.00024058071308171746,0.023255813953488372,0.00833328186110844,0.8888888888888857,0.02183291887163839,0.11945812807881774,0.01680173947420439
0.18581081081081086,0.0006522306287503262,0.01874693358416745,0.0051533599030642785,0.013088094616923212,0.020385913193894583,0.0010086219988481079,0.48648648648648657,0,0.05944327687701638,0.023255813953488372,0.012618996369271716,0.5833333333333286,0.012582394235332967,0.11945812807881774,0.03735916188970152
0.26351351351351354,0.0021741020958344205,0.02343444823265073,0.007284777879969051,0.015001304461257503,0.025413869973565924,0.0010200836124713817,0.6486486486486487,0,0.008981911818318623,0.06976744186046512,0.004999948354759224,0.6111111111111072,0.007078595430545018,0.1354679802955665,0.028859458390986362
0.27702702702702703,0.00017392816766675367,0.039059497060928317,0.10217667411203084,0.009131228802504566,0.06008728118794996,0.05155147267408042,0.7027027027027026,1,0.005831542206025718,0.046511627906976744,0.004285662603398677,0.9166666666666643,0.01648772416144003,0.22783251231527094,0.02332476774066021
0.18581081081081086,0.000739194712583703,0.0008187525586017457,0.0028467568869618536,0.015088268545090879,0.0021028492770218416,0.0028396147751661217,0.2972972972972973,0,0.06096332600064654,0.0,0.004761853104305709,0.6944444444444429,0.01535027240845052,0.17118226600985223,0.0766949990116624
0.37162162162162166,0.0038699017305852687,0.0010312532226663207,0.004357727850041606,0.02517610226976259,0.0035494146739593864,0.02289743861589554,0.7027027027027026,0,0.4191418398141232,0.0,0.03571423566326271,0.75,0.3036771294079214,0.48645320197044334,0.3520458588653885
0.13851351351351354,0.0005652665449169494,0.0015593798730621034,0.0022409086264033053,0.001478389425167406,0.0021058946778574994,0.02003203521007705,0.6486486486486487,1,0.04238067595773463,0.0,0.0005951862213691896,0.9166666666666643,0.00357451019149669,0.030788177339901482,0.005732358173552086
0.2567567567567568,0.00491347073658579,0.0012656289550904845,0.004219039694010131,0.004391686233585529,0.0023419132426209938,0.02003203521007705,0.7027027027027026,1,0.004139771815117989,0.0,0.002857091100677586,0.7777777777777715,0.017512140906718304,0.23275862068965517,0.0191737497529156
0.32432432432432434,0.01395773545525698,0.001043753261728943,0.0032117257186236297,0.014262109748673799,0.003662094504878732,0.02003203521007705,0.5810810810810811,0,0.06576707181353943,0.023255813953488372,0.01666661562698148,0.36111111111110716,0.06303092424760703,0.09729064039408868,0.0506028859458391
0.22297297297297297,0.04339507783285503,0.001542192319350998,0.005416137461860757,0.009479085137838074,0.0032936010037641155,0.0017937425320423736,0.7162162162162162,1,0.01537709215152021,0.0,0.0007142338465959473,0.6944444444444429,0.0045563168815120885,0.13916256157635468,0.014034394149041314
0.32432432432432434,0.013348986868423342,0.0014640670752096101,0.006416152060614024,0.022610661796677974,0.004727984797359029,0.0028396147751661217,0.6081081081081081,1,0.03778326785288923,0.046511627906976744,0.0038094721024916475,0.5833333333333286,0.005648199547623247,0.04926108374384237,0.01581340185807472
0.22972972972972977,0.0007826767545003914,0.0001640630126969147,0.0005766507540256062,0.002261066179667797,0.0005481721504184381,0.031493648833351,0.6351351351351351,0,0.02445839573178207,0.13953488372093023,0.009999948614283048,0.8888888888888857,0.07407994829979961,0.31650246305418717,0.030045463530341966
0.2972972972972973,0.0038699017305852687,0.028121962881134003,0.007284777879969051,0.04074267327593704,0.03222186354167936,0.02003203521007705,0.689189189189189,0,0.01517153944746646,0.0,0.005952329356573286,0.8333333333333286,0.014010422892962357,0.2438423645320197,0.026487448112275155
0.24662162162162166,0.006913644664753457,0.032809477529617284,0.00601468634578607,0.02378467692842856,0.03497947399836767,0.02003203521007705,0.7432432432432432,1,0.02549526240556637,0.11627906976744186,0.013095186870178747,0.55555555555555,0.032325053173798135,0.21182266009852216,0.06602095275746195
0.21621621621621623,0.013914253413340292,0.0015265672705227205,0.006277463904582549,0.031350552221932344,0.009641739045693194,0.02003203521007705,0.3243243243243243,0,0.07660051219735457,0.023255813953488372,0.015238044124260386,0.7222222222222214,0.023346167639793528,0.09482758620689656,0.03676615932002372
0.22635135135135137,0.0019566918862509784,0.0010250032031350097,0.004627804785471321,0.017610226976258806,0.0046960080885846195,0.0021576487645813213,0.689189189189189,1,0.010839784846578762,0.023255813953488372,0.0007618528966866503,0.6388888888888857,0.01698010702225547,0.19211822660098524,0.04230084997034987
0.24324324324324326,0.0038699017305852687,0.034371982412445046,0.08027854421232428,0.04339507783285503,0.0538503002765224,0.11172494419626867,0.49999999999999994,0,0.10354613325474352,0.0,0.020952330135144758,0.9722222222222214,0.053113433885173006,0.31034482758620685,0.0674046254200435
0.20945945945945948,0.009522567179754762,0.00037187616211300665,0.0016350603658447569,0.004696060527002348,0.0010080276766027945,0.0020917444862474962,0.5405405405405406,0,0.025445446867369572,0.023255813953488372,0.00523804360521274,0.5833333333333286,0.01968643733777109,0.11822660098522168,0.0395335046451868
0.22972972972972977,0.0009131228802504567,0.0031218847558898625,0.014584154513204573,0.02821984520393078,0.010669561827727766,0.02003203521007705,0.6081081081081081,0,0.08435134183119222,0.023255813953488372,0.004761853104305709,0.80555555555555,0.0869227373172946,0.23399014778325122,0.036370824273571856
0.3344594594594595,0.01643621184450822,0.01874693358416745,0.08027854421232428,0.03982955039568658,0.04017797322483586,0.031493648833351,0.7567567567567568,1,0.08747953014973188,0.046511627906976744,0.007142805608840863,0.38888888888888573,0.0663728545541272,0.06896551724137931,0.06483494761810635
0.20270270270270274,0.004783024610835725,0.0015593798730621034,0.00601468634578607,0.018523349856509264,0.00469448538816679,0.001896897054651839,0.689189189189189,1,0.0022941261773736774,0.023255813953488372,0.00023804334568891652,0.55555555555555,0.00358752993060479,0.061576354679802964,0.023522435263886147
0.17905405405405406,0.0033481172275850075,0.000946877958993622,0.0026277755879647877,0.009392121054004698,0.0026921343387216624,0.02003203521007705,0.6351351351351351,1,0.08450658064443002,0.0,0.0011904243475029783,0.6111111111111072,0.040225075780799674,0.12931034482758622,0.06443961257165448
0.25000000000000006,0.0006957126706670146,0.0011125034765733643,0.0051022642666316296,0.018740760066092706,0.004237675262818092,0.02003203521007705,0.5945945945945945,0,0.015387035535441133,0.046511627906976744,0.003928519727718405,0.75,0.02229807864159144,0.0874384236453202,0.009685708638070766
0.16554054054054057,0.005087398904252543,0.001379691811536911,0.005941692579453715,0.027437168449430387,0.00442344471379323,0.0022579378837849686,0.3243243243243243,0,0.009206450573738973,0.046511627906976744,0.002857091100677586,0.7777777777777715,0.005052842386589195,0.054187192118226604,0.04032417473809054
0.32432432432432434,0.02874162970693104,0.0031218847558898625,0.004642403538737792,0.026176189233846424,0.007680500907529449,0.10599413738463169,0.6216216216216217,0,0.12283629806133534,0.046511627906976744,0.04523804568140333,0.9722222222222214,0.07591928235198037,0.5443349753694581,0.09804309152006326
0.27702702702702703,0.0022175841377511086,0.04218450682658384,0.007284777879969051,0.03930776589268632,0.04754175244545687,0.02003203521007705,0.6081081081081081,0,0.05669874381017941,0.0,0.014285663122446324,0.6111111111111072,0.03457805984582262,0.2105911330049261,0.16623838703301047
0.2567567567567568,0.0038699017305852687,0.0011234410107531585,0.0017810478985094674,0.010218279850421777,0.0029905836206161455,0.00231238054849552,0.7297297297297296,1,0.0045606628173989255,0.0,0.0009523290970494627,0.22222222222222143,0.005948245353432654,0.04802955665024631,0.015220399288396918
0.21959459459459463,0.006609270371336638,0.0012062537695430298,0.00503656987693251,0.015001304461257503,0.0038006602429011705,0.001057333856747022,0.37837837837837834,0,0.019701904003518397,0.023255813953488372,0.005952329356573286,0.55555555555555,0.005526879251388673,0.10467980295566502,0.031824471239375374
0.21959459459459463,0.006870162622836768,0.000512501601567505,0.0008540270660885561,0.0030437429341681884,0.0010643675920624673,0.02003203521007705,0.6081081081081081,1,0.050104707632790416,0.0,0.009523758113376017,0.80555555555555,0.03451828740718998,0.2881773399014778,0.03814983198260526
0.26013513513513514,0.0038699017305852687,0.0012406288769652406,0.005730010657089885,0.0315244803895991,0.004006224799308085,0.028628245427532513,0.6756756756756757,0,0.017138931709629494,0.023255813953488372,0.003571376852038132,0.80555555555555,0.03292987923600171,0.2820197044334975,0.023127100217434277
0.3614864864864865,0.0030002608922515,0.032809477529617284,0.021883531146440094,0.13035916166623185,0.04595662131049689,0.13464817144281657,0.7432432432432432,1,0.06193894921377215,0.023255813953488372,0.01190471061791117,0.9444444444444429,0.08104846775424887,0.33866995073891626,0.05416090136390592
0.20608108108108109,0.0006522306287503262,0.0013062540820440063,0.005255551175929575,0.02574136881467954,0.005626378043878135,0.08593631354390228,0.7162162162162162,0,0.1001141010536956,0.0,0.013095186870178747,0.9444444444444429,0.029107994001451108,0.27463054187192115,0.03419648151808658
0.2837837837837838,0.006609270371336638,0.004684389638717621,0.007153389100570812,0.03969910426993652,0.008580416854466385,0.02003203521007705,0.6351351351351351,0,0.13295321388688897,0.06976744186046512,0.019047568131516635,0.7777777777777715,0.08921006875605862,0.2635467980295566,0.06266060486262108
0.36824324324324326,0.0038699017305852687,0.02343444823265073,0.0029781456663600927,0.011740151317505871,0.024113483816739962,0.06587848970317287,0.7837837837837838,0,0.3072039047282073,0.023255813953488372,0.021428520636051787,0.55555555555555,0.23334627416493167,0.270935960591133,0.20755089938723068
0.3344594594594595,0.08687711974954344,0.0624970703033447,0.006576738346545205,0.023436820593095053,0.0644741810917153,0.02003203521007705,0.6486486486486487,1,0.024527869242686857,0.023255813953488372,0.009047567612468986,0.5277777777777715,0.08149173069024739,0.2105911330049261,0.12591421229491995
0.1925675675675676,0.0015653535090007827,0.0009734405420016937,0.003372312004554811,0.016305765718758154,0.00417981264694059,0.02003203521007705,0.7432432432432432,0,0.010661439039735779,0.0,0.0007856624217320019,0.7222222222222214,0.005672463606870161,0.0726600985221675,0.03419648151808658
0.3614864864864865,0.002348030263501174,0.00017343804199388123,0.0007007401567906102,0.0015653535090007827,0.00045528742493086943,0.037224455644987976,0.7027027027027026,0,0.01094611935741151,0.023255813953488372,0.00833328186110844,0.9166666666666643,0.012546885855947239,0.2586206896551724,0.02115042498517494
0.3648648648648649,0.0038699017305852687,0.021871943349822967,0.004875983591001329,0.02765457865901383,0.025066694278300914,0.0544168760798989,0.8648648648648649,1,0.05877646792344492,0.0,0.005952329356573286,0.0833333333333286,0.318048554157972,0.17980295566502463,0.16801739474204389
0.21959459459459463,0.0038699017305852687,0.0006218769433654481,0.0016131622359450502,0.0021741020958344205,0.0013612941735391213,0.0544168760798989,0.7297297297297296,0,0.014595338626561353,0.023255813953488372,0.005952329356573286,0.1666666666666643,0.054707760119592226,0.2204433497536946,0.06523028266455821
0.2702702702702703,0.0038699017305852687,0.004684389638717621,0.006795719645542271,0.012131489694756067,0.007461232047362074,0.02003203521007705,0.49999999999999994,0,0.08004470472827563,0.0,0.021428520636051787,0.55555555555555,0.035771733199506196,0.22167487684729065,0.1873888120181854
0.2972972972972973,0.0036959735629185147,0.0031218847558898625,0.00497087548723339,0.026219671275763114,0.0074886406548829955,0.02003203521007705,0.527027027027027,1,2.87151042138495e-05,0.09302325581395349,0.0007142338465959473,0.8611111111111072,0.01804358298485804,0.21305418719211824,0.044475192725835146
0.2567567567567568,0.0292634142099313,0.024996953115478487,0.007116892217404634,0.042003652491521,0.03034132852566055,0.02003203521007705,0.6486486486486487,1,0.008580606468444744,0.046511627906976744,0.0009523290970494627,0.6111111111111072,0.02622708082062232,0.1748768472906404,0.08381102984779601
0.2567567567567568,0.0002608922515001305,0.0015593798730621034,0.00503656987693251,0.013914253413340292,0.004565055852651326,0.02003203521007705,0.36486486486486486,0,0.021427337522138313,0.023255813953488372,0.00833328186110844,0.1666666666666643,0.019912507353193564,0.09852216748768473,0.05297489622455031
0.3006756756756757,0.019566918862509785,0.015621923818511933,0.002437991795500664,0.01421862770675711,0.017183674215200208,0.22920648383482667,0.6756756756756757,0,0.2118156697277023,0.18604651162790697,0.041666616924600594,1.0,0.07040719825866908,0.5135467980295566,0.19173749752915595
0.24324324324324326,0.006348378119836508,0.0014031293847793275,0.004715397305070147,0.020393077658926863,0.004522420240952114,0.02003203521007705,0.7702702702702702,1,0.0005199566654126984,0.023255813953488372,0.00047613859614243194,0.6388888888888857,0.012534457923162233,0.0874384236453202,0.02628978058904922
0.2533783783783784,0.001695799634750848,0.00155469235841362,0.00601468634578607,0.032437603269849555,0.005393404879950299,0.02003203521007705,0.445945945945946,0,0.08067797547101833,0.0,0.0033332816015846168,0.75,0.011530162592869207,0.10467980295566502,0.031824471239375374
0.26013513513513514,0.0024349943473345507,0.0007500023437573243,0.0026277755879647877,0.011131402730672233,0.0023205954367713877,0.0011518921691390323,0.527027027027027,1,0.0014022156849491532,0.0,0.0026189958502240707,0.75,0.001536329214755862,0.05172413793103448,0.02174342755485274
0.18243243243243246,0.004609096443168971,0.0013656292675914613,0.001021912728652973,0.005783111574919559,0.0023084138334287557,0.02003203521007705,0.689189189189189,0,0.003912511186553457,0.023255813953488372,0.007142805608840863,0.7222222222222214,0.014109846355242397,0.15147783251231528,0.027871120774856692
0.26351351351351354,0.0015218714670840944,0.004684389638717621,0.006365056424181375,0.02078441603617706,0.008690051284550073,0.02003203521007705,0.6351351351351351,0,0.03483793681305617,0.0,0.00833328186110844,0.5277777777777715,0.028761195496117158,0.11576354679802955,0.047044870527772294
0.22635135135135137,0.0038699017305852687,0.0014421920068500213,0.0034015095110877533,0.01204452561092269,0.0026434079253511347,0.031493648833351,0.6621621621621621,0,0.10154036126633294,0.0,0.023809473140586943,0.80555555555555,0.05187478325093417,0.4088669950738916,0.07649733148843646
0.15540540540540543,0.000739194712583703,0.017184428701339693,0.007131490970671105,0.03704669971301852,0.021901000109634434,0.02003203521007705,0.6216216216216217,0,0.06713115497617878,0.023255813953488372,0.00416661497817192,0.6944444444444429,0.027150890490974362,0.17364532019704434,0.04862621071357976
0.625,0.04222106270110444,0.0015593798730621034,0.00467890042190397,0.017305852682841988,0.003729093323263208,0.02003203521007705,0.7972972972972974,0,0.05783529152711068,0.0,0.005476138855666255,0.19444444444444287,0.041575577810103556,0.09113300492610837,0.026092113065823288
0.3141891891891892,0.0038699017305852687,0.0012062537695430298,0.002598578081431846,0.014740412209757373,0.0032266021853796394,0.34955342687920316,0.8243243243243243,0,0.1643333829910818,0.0,0.02857137814965725,0.8888888888888857,0.26043147415404244,0.6785714285714286,0.14904131251235422
0.3006756756756757,0.0038699017305852687,0.017184428701339693,0.004343129096775136,0.014001217497173668,0.018222155900159583,0.0008768134421804573,0.554054054054054,0,0.013540641711310811,0.09302325581395349,0.0064285198574803165,0.5,0.00490429899949223,0.07635467980295567,0.0075113658825854916
0.4493243243243244,0.0003478563353335073,0.0005484392138725434,0.0013430853005153359,0.004130793982085399,0.0011740020221461549,0.00023782848268293452,0.5810810810810811,1,0.0008031879472406575,0.06976744186046512,0.00023804334568891652,0.55555555555555,0.0015937344280961235,0.0,0.003558015418066812
0.35135135135135137,0.003304635185668319,0.01874693358416745,0.021883531146440094,0.042003652491521,0.02668075672119965,0.02003203521007705,0.5945945945945945,1,0.013503048303971588,0.0,0.0019047100988635244,0.80555555555555,0.03150125877204923,0.11083743842364532,0.036963826843249656
0.35472972972972977,0.005696147491086182,0.0006578145556704866,9.489189623206179e-05,0.00013044612575006522,0.0006760789855160737,0.0003381176018865816,0.5135135135135136,0,0.003252885611236424,0.023255813953488372,0.0033332816015846168,0.4166666666666643,0.0014232942070446259,0.023399014778325126,0.005139355603874284
0.1891891891891892,0.0038699017305852687,0.0010093781543067321,0.00384677148571512,0.009957387598921646,0.0029677431143487103,0.02003203521007705,0.4189189189189189,1,0.00013266567494495455,0.0,0.0009523290970494627,0.80555555555555,0.010330571175954671,0.3362068965517241,0.031231468669697574
0.1722972972972973,0.000521784503000261,0.0008984403076259614,0.0021095198470050657,0.010522654143838597,0.00251397838983567,0.0028396147751661217,0.20270270270270274,0,0.034314565314524904,0.0,0.004523757853852194,0.6388888888888857,0.01812643587009141,0.10344827586206896,0.05257956117809844
0.28716216216216217,0.00021741020958344207,0.028121962881134003,0.06567979094585323,0.03917731976693625,0.04489225371843442,0.02289743861589554,0.6486486486486487,0,0.0331069227970334,0.023255813953488372,0.009523758113376017,0.5833333333333286,0.041586230323919275,0.1145320197044335,0.05396323384067998
0.19932432432432434,0.008087659796504046,0.0031218847558898625,0.0033285157447553977,0.007218018958170276,0.00404429230975381,0.08880171694972076,0.7297297297297296,0,0.016810176770736433,0.0,0.0004285195460517289,0.8888888888888857,0.041612269802135476,0.8152709359605911,0.05297489622455031
0.5,0.0038699017305852687,0.007809399404373138,0.007080395334238456,0.03352465431776676,0.013932708823135301,0.4756311767352166,0.8108108108108107,0,0.3984205154232345,0.023255813953488372,0.04285709317686817,0.8888888888888857,0.37711319242819313,0.7931034482758621,0.2700138367266258
0.28040540540540543,0.00491347073658579,0.004684389638717621,0.0023722974058015445,0.004130793982085399,0.005602014837192871,0.02003203521007705,0.6756756756756757,1,0.03755792699958581,0.09302325581395349,0.004999948354759224,0.75,0.04300715730567152,0.27216748768472904,0.03913816959873493
0.195945945945946,0.0038699017305852687,0.0015593798730621034,0.004255536577176309,0.023349856509261677,0.005490857706691355,0.02003203521007705,0.6216216216216217,1,0.00384796992017226,0.0,0.0007142338465959473,0.7777777777777715,0.016896662330699006,0.19458128078817735,0.014034394149041314
0.34121621621621623,0.025828332898512916,0.015621923818511933,0.021883531146440094,0.08687711974954344,0.02408607520921904,0.002676286781034468,0.4324324324324324,1,0.013674898432876278,0.023255813953488372,0.01190471061791117,0.4166666666666643,0.007110552971992173,0.04064039408866995,0.017592409567108124
0.32770270270270274,0.01182711540133925,0.017184428701339693,0.007022000321172572,0.005913557700669624,0.019064209231219015,0.02003203521007705,0.6216216216216217,0,0.0552844769332658,0.046511627906976744,0.019047568131516635,0.6666666666666643,0.03884971788592578,0.15147783251231528,0.0674046254200435
0.37162162162162166,0.01039220801808853,0.02030943846699521,0.021883531146440094,0.04322114966518828,0.028564337138054112,0.02003203521007705,0.6756756756756757,0,0.0737454105947939,0.023255813953488372,0.0154761393747139,0.5833333333333286,0.08106622194394174,0.2044334975369458,0.12986756275943862
0.22972972972972977,0.00017392816766675367,0.034371982412445046,0.006036584475685777,0.015262196712757633,0.03555505475630703,0.0010831224873993886,0.39189189189189183,0,0.018848620441279145,0.023255813953488372,0.005952329356573286,0.6666666666666643,0.013272440408062296,0.15886699507389163,0.037556829412927456
0.22972972972972977,0.014262109748673799,7.18752246100769e-05,0.004832187331201916,0.01856683189842595,7.004421922013375e-05,0.07447469992062833,0.8918918918918919,0,0.0034209934932965032,0.0,0.0009523290970494627,0.8611111111111072,0.013277174858647059,0.14039408866995073,0.013441391579363512
0.28716216216216217,0.0006957126706670146,2.8125087890899663e-05,0.00011679002613176834,0.0003043742934168189,9.440742590539767e-05,0.02003203521007705,0.689189189189189,0,0.005567187837655678,0.0,0.004761853104305709,0.7777777777777715,0.008450402487480337,0.1206896551724138,0.008697371021941095
0.22972972972972977,0.00017392816766675367,0.004684389638717621,0.014584154513204573,0.00708757283242021,0.00826978596922927,0.02003203521007705,0.6621621621621621,0,0.0786937970095516,0.023255813953488372,0.003928519727718405,0.30555555555555003,0.03306599469031367,0.03694581280788178,0.022534097647756476
0.3783783783783784,0.006435342203669885,0.02343444823265073,0.021883531146440094,0.08687711974954344,0.035364717204078404,0.21487946680573425,0.8378378378378377,0,0.2231481346520112,0.046511627906976744,0.005952329356573286,0.8611111111111072,0.1887465660438102,0.458128078817734,0.0907293931607037
0.22635135135135137,0.015783981215757893,0.00036718864746452336,0.00018978379246412357,0.000521784503000261,0.0004568101253486984,0.02003203521007705,0.48648648648648657,1,0.010553122952657482,0.06976744186046512,0.0011189957723669235,0.1666666666666643,0.011369783079310332,0.19458128078817735,0.050800553469065035
0.24324324324324326,0.015436124880424387,0.0359344872952728,0.10217667411203084,0.17384120358292027,0.06901639643809918,0.04008985905080646,0.6486486486486487,0,0.1900211278499516,0.046511627906976744,0.009047567612468986,0.5833333333333286,0.1610902729529123,0.229064039408867,0.19509784542399683
0.16891891891891891,0.0,0.0012265663330197907,0.004036555278179243,0.020436559700843553,0.004435626317135862,0.0007450048855128069,0.527027027027027,0,0.020659819262232076,0.0,0.004761853104305709,0.6666666666666643,0.007804741788983169,0.09359605911330049,0.02708045068195296
0.21621621621621623,8.696408383337682e-05,0.004684389638717621,0.0035328982904859925,0.003522045395251761,0.005736012473961823,0.02003203521007705,0.4594594594594595,0,0.018741040706355797,0.0,0.00523804360521274,0.5833333333333286,0.011172119767396443,0.11330049261083744,0.047637873097450094
0.3445945945945946,0.0038699017305852687,0.03124697264678952,0.10217667411203084,0.04339507783285503,0.05743778246092751,0.037224455644987976,0.6216216216216217,0,0.6239854932839851,0.023255813953488372,0.027380901897389672,0.5277777777777715,0.3164009653544742,0.39285714285714285,0.7108124135204587
0.34121621621621623,0.08687711974954344,0.0015593798730621034,0.004306632213608958,0.023175928341594924,0.0043016286803669096,0.08307091013808379,0.8513513513513513,0,0.2244675317581617,0.0,0.013809472621539294,0.5833333333333286,0.361324983340652,0.25123152709359603,0.23127100217434277
0.21959459459459463,0.033220280024349944,0.0009265653955168611,0.0035328982904859925,0.011609705191755807,0.002309936533846585,0.02003203521007705,0.7297297297297296,1,0.000360579816047003,0.06976744186046512,0.0009523290970494627,0.80555555555555,0.017269500314249158,0.14039408866995073,0.00494168808064835
0.2398648648648649,0.0,0.0012546914209106903,0.0022190104965035986,0.0029132968084181234,0.0018013545942917007,0.02003203521007705,0.6486486486486487,1,8.296847905877259e-05,0.0,0.0033332816015846168,0.7222222222222214,0.008464605839234628,0.13669950738916256,0.017592409567108124
0.27702702702702703,0.006174449952169754,0.0015593798730621034,0.0035037007839530503,0.020653969910426995,0.005851737705716826,0.02003203521007705,0.554054054054054,0,0.09150014703703366,0.09302325581395349,0.0064285198574803165,0.6111111111111072,0.009072390933053684,0.11330049261083744,0.03913816959873493
0.22635135135135137,0.005522219323419428,0.00010000031250097657,2.1898129899706568e-05,4.3482041916688424e-05,0.00010963443008368762,0.02003203521007705,0.7027027027027026,0,0.05334147239149172,0.0,0.007142805608840863,0.6111111111111072,0.0852195187194258,0.1933497536945813,0.07709033405811426
0.36824324324324326,0.0038699017305852687,0.02343444823265073,0.021883531146440094,0.032437603269849555,0.031204699662569592,0.3380918132559292,0.7162162162162162,0,0.38266828077688864,0.0,0.053571379447276364,0.9166666666666643,0.3246359503403478,0.9014778325123153,0.5010871713777427
0.2972972972972973,0.013305504826506654,0.026559457998306245,0.08757792084555979,0.4347334550830508,0.06708713500870984,0.0544168760798989,0.445945945945946,0,0.25173948962656345,0.023255813953488372,0.00880947236201547,0.7777777777777715,0.20593972334238006,0.42980295566502463,0.30322198062858274
0.2837837837837838,0.004304722149752152,0.02030943846699521,0.0028321581336953824,0.014131663622923734,0.021369577663812114,0.02003203521007705,0.527027027027027,0,0.044481134943784154,0.046511627906976744,0.013095186870178747,0.6388888888888857,0.026294546741455205,0.15024630541871922,0.0302431310535679
0.24324324324324326,0.0038699017305852687,0.001328129150403595,0.004496416006073082,0.020871380120010437,0.004526988342205601,0.10026333057299472,0.6351351351351351,0,0.10989354931646565,0.0,0.0011904243475029783,0.9166666666666643,0.06462051603144149,0.39039408866995073,0.05297489622455031
0.29054054054054057,0.0012174971736672755,0.021871943349822967,0.0020803223404721235,0.0023045482215844856,0.022063929054342134,0.02003203521007705,0.6351351351351351,1,0.0001403105882107903,0.023255813953488372,0.004047567352945162,0.9444444444444429,0.008131418879331874,0.12931034482758622,0.0075113658825854916
0.27702702702702703,0.00656578832941995,0.0004265638330119782,0.0017883472751427027,0.00708757283242021,0.0011039578029260213,0.02003203521007705,0.7432432432432432,1,0.029193041469505913,0.023255813953488372,0.0019047100988635244,0.6944444444444429,0.019852143108237824,0.19458128078817735,0.04052184226131647
0.27702702702702703,0.005522219323419428,0.015621923818511933,0.006686228996043738,0.03391599269501696,0.020066146106150495,0.034359052239169484,0.6756756756756757,0,0.002982402426091003,0.09302325581395349,0.0015475672231832513,0.9166666666666643,0.024757625720376247,0.24507389162561577,0.02332476774066021
0.29054054054054057,0.028698147665014353,0.03124697264678952,0.014584154513204573,0.021741020958344206,0.0350967219305405,0.19195623955918634,0.6756756756756757,1,0.041510677201578056,0.0,0.011666615367457655,0.9722222222222214,0.10234876093510134,0.45566502463054187,0.12373986953943468
0.32770270270270274,0.02304548221584486,0.021871943349822967,0.07297916757908875,0.027176276197930258,0.04062107904642409,0.1260519612253611,0.5405405405405406,0,0.0856969241459385,0.0,0.04976185544002012,0.8888888888888857,0.11975792754160103,0.4630541871921182,0.1482506424194505
0.2567567567567568,0.0038699017305852687,0.004684389638717621,0.004211740317376896,0.024219497347595445,0.008537781242767174,0.02003203521007705,0.49999999999999994,0,0.05558483760709823,0.023255813953488372,0.01666661562698148,0.7222222222222214,0.04652367047750485,0.3485221674876847,0.2053765566317454
0.3141891891891892,0.04339507783285503,0.0015593798730621034,0.005029270500299275,0.028306809287764155,0.003957498385937557,0.028628245427532513,0.7702702702702702,0,0.0754579592656168,0.023255813953488372,0.012499948744044958,0.5833333333333286,0.1325592901164793,0.25615763546798026,0.458193318837715
0.22972972972972977,0.0008696408383337683,0.0015593798730621034,0.006949006554840217,0.035394382120184364,0.0061867317976392056,0.02003203521007705,0.6351351351351351,1,0.05008141918097562,0.046511627906976744,0.002857091100677586,0.7777777777777715,0.06740437297528262,0.18719211822660098,0.032417473809053174
0.195945945945946,0.0014349073832507176,0.029684467763961764,0.0029854450429933283,0.0076963214192538485,0.030394623040284566,0.031493648833351,0.6486486486486487,0,0.10959649565275767,0.0,0.031428521155099434,0.9444444444444429,0.03563147510093257,0.18719211822660098,0.023127100217434277
0.26013513513513514,0.0004783024610835726,0.0012750039843874511,0.0037153827063168806,0.004522132359335594,0.0022048702050163843,0.00240693886088753,0.554054054054054,1,0.03827265932929877,0.0,0.003571376852038132,0.5,0.009208506387365645,0.07881773399014778,0.025894445542597355
0.22635135135135137,0.0075658752935037835,0.004684389638717621,0.0019416341844406488,0.003522045395251761,0.005221339732735622,0.0027909029172672076,0.7027027027027026,1,0.017077433155545708,0.046511627906976744,0.007142805608840863,0.6111111111111072,0.014201576335322196,0.18226600985221675,0.03913816959873493
0.19932432432432434,0.0028263327245847463,0.00624689452154538,0.014584154513204573,0.025828332898512916,0.011874017858230501,0.0015988951004467164,0.40540540540540554,0,0.11069637829203077,0.0,0.019047568131516635,0.6666666666666643,0.019623114061199876,0.1145320197044335,0.029254793437438233
0.320945945945946,0.0202626315331768,0.001432816977553055,0.005029270500299275,0.007870249586920603,0.003078900244850227,0.02003203521007705,0.6756756756756757,1,0.049397760912201466,0.0,0.004761853104305709,0.05555555555555003,0.06689956218168218,0.20320197044334976,0.06641628780391381
0.28040540540540543,0.0038699017305852687,0.028121962881134003,0.09487729747879532,0.019349508652926343,0.04927154012011061,0.037224455644987976,0.7837837837837838,1,0.27691105030990004,0.0,0.0154761393747139,0.7222222222222214,0.35935249286577475,0.5652709359605911,0.40956710812413527
0.3175675675675676,0.0037394556048352032,0.001542192319350998,0.007065796580971985,0.041394903904687363,0.005152818213933318,0.06587848970317287,0.7027027027027026,0,0.04922006204332319,0.0,0.008095186610654923,0.9722222222222214,0.029601560474912737,0.14285714285714285,0.02273176517098241
0.27702702702702703,0.00708757283242021,0.0008984403076259614,0.0036423889399845254,0.02056700582659362,0.0035311422689454385,0.0025100933834969956,0.5945945945945945,1,0.13501270145008845,0.0,0.022618996888319365,0.5277777777777715,0.02526006928868431,0.13793103448275862,0.05396323384067998
0.22297297297297297,0.000739194712583703,0.000971878037118866,0.003554796420385699,0.018740760066092706,0.003127626658220755,0.02003203521007705,0.5945945945945945,1,0.007447793108870711,0.023255813953488372,0.010714234365643593,0.8333333333333286,0.013189587522828929,0.11576354679802955,0.019964419845819335
0.15540540540540543,0.0027828506826680583,0.0031218847558898625,0.006584037723178441,0.035394382120184364,0.008566712550705924,0.04582066586244344,0.5945945945945945,0,0.044158792843211954,0.0,0.0023809005997705553,0.8333333333333286,0.06158750862557716,0.33497536945812806,0.06285827238584701
0.20945945945945948,0.0008696408383337683,0.012496914052856417,0.014584154513204573,0.014001217497173668,0.016865429827873948,0.0013839898450103297,0.49999999999999994,0,0.020285226401693498,0.0,0.0038094721024916475,0.55555555555555,0.0069513570710794895,0.1022167487684729,0.029057125914212296
0.2972972972972973,0.00904426471867119,0.0013171916162238006,0.004591307902305143,0.020393077658926863,0.003977293491369334,0.037224455644987976,0.7837837837837838,1,0.0011458362734001126,0.023255813953488372,0.0010713767222762204,0.75,0.030378010370814005,0.22413793103448276,0.02806878829808263
0.3445945945945946,0.002043655970084355,0.026559457998306245,0.005875998189754595,0.03165492651534916,0.030906250380675106,0.02003203521007705,0.7162162162162162,0,0.08843185702155533,0.0,0.007142805608840863,0.6944444444444429,0.054848610024488945,0.15517241379310345,0.04111484483099427
0.2972972972972973,0.02952430646143143,0.0015562548632964478,0.0008540270660885561,0.004478650317418906,0.0020175780536234177,0.08593631354390228,0.7567567567567568,0,0.1715548832485059,0.09302325581395349,0.04404756942913575,1.0,0.031711941823071216,0.39532019704433496,0.08519470251037756
0.2398648648648649,0.0009566049221671452,0.0012093787793086854,0.004328530343508665,0.0053482911557526745,0.0026342717228441605,0.0005272342266706018,0.35135135135135137,0,2.9665787442469938e-05,0.023255813953488372,0.005952329356573286,0.5833333333333286,0.0013102591993333895,0.022167487684729065,0.007709033405811426
0.16216216216216217,0.0009131228802504567,1.406254394544983e-05,5.1095636432648645e-05,0.00017392816766675367,5.329451462401482e-05,0.034359052239169484,0.6756756756756757,0,0.06570429647741555,0.0,0.006666615107933832,0.5833333333333286,0.05054085179867696,0.14901477832512317,0.07372998616327338
0.24324324324324326,0.04339507783285503,0.0012718789746217958,0.0007518357932232588,0.004174276024002087,0.0017023790671328162,0.028628245427532513,0.689189189189189,1,0.01208454214250877,0.023255813953488372,0.001666614848410009,0.80555555555555,0.06042520100701764,0.4187192118226601,0.06384661000197668
0.3006756756756757,0.011957561527089313,0.017184428701339693,0.07297916757908875,0.17384120358292027,0.03912578723611602,0.031493648833351,0.7702702702702702,1,0.1384137529491315,0.0,0.014285663122446324,0.38888888888888573,0.14187372983567903,0.14655172413793105,0.08005534690650326
0.3378378378378379,0.00465257848508566,0.001432816977553055,0.002197112366603892,0.010740064353422039,0.0025779318073844877,0.02003203521007705,0.5405405405405406,0,0.049441146518188095,0.06976744186046512,0.013095186870178747,0.4166666666666643,0.032743460244226634,0.06403940886699508,0.03538248665744218
0.22297297297297297,0.0005652665449169494,0.0015593798730621034,0.007007401567906101,0.0348725976171841,0.007289166900147397,0.002171975781610414,0.48648648648648657,0,0.021364222938057325,0.06976744186046512,0.005952329356573286,0.6944444444444429,0.013910407624359222,0.07881773399014778,0.020359754892271202
0.35472972972972977,0.565179580833116,0.02030943846699521,0.00497087548723339,0.019958257239759983,0.023006480612978282,0.02003203521007705,0.7162162162162162,0,0.09239774322002603,0.0,0.00571423410611977,0.7222222222222214,0.09593653942436182,0.34975369458128075,0.18995848982012256
0.2567567567567568,0.01965388294634316,0.0031218847558898625,0.006598636476444912,0.035394382120184364,0.00724044048677687,0.14897518847190902,0.7162162162162162,1,0.019710042009745132,0.16279069767441862,0.003571376852038132,0.8888888888888857,0.1099712263765711,0.4926108374384236,0.05593990907293932
0.20608108108108109,0.0013914253413340291,0.026559457998306245,0.007248280996802873,0.029437342377598055,0.02970940785226152,0.05155147267408042,0.7297297297297296,0,0.06594356622067854,0.023255813953488372,0.01190471061791117,0.9444444444444429,0.02696151246758381,0.19088669950738918,0.019964419845819335
0.4391891891891892,0.0038699017305852687,0.007809399404373138,0.007080395334238456,0.03352465431776676,0.013932708823135301,0.18622543274754935,0.7567567567567568,0,0.33544549768881743,0.0,0.05952376070861425,0.9444444444444429,0.20962135047835703,0.5184729064039408,0.1583316861039731
0.15878378378378383,0.02021914949126011,0.0007265647705149079,0.002335800522635367,0.012392381946256198,0.002175938897077633,0.0013238163734881415,0.689189189189189,1,0.006874971618390992,0.023255813953488372,2.375762028075267e-05,0.19444444444444287,0.001626283775866375,0.024630541871921183,0.0061276932200039535
0.2702702702702703,0.0032611531437516305,0.029684467763961764,0.002854056263595089,0.01317505870075659,0.030900159579003793,0.4727657733293981,0.8378378378378377,0,0.11981671116633401,0.023255813953488372,0.0033332816015846168,0.9444444444444429,0.27672331042253784,0.5578817733990148,0.11998418659814193
0.1756756756756757,0.0003478563353335073,0.00029218841308879096,0.0009416195856873824,0.0053917731976693625,0.00116638852005701,0.002765114286614841,0.36486486486486486,1,0.0007035936884548076,0.0,0.0008094719467773534,0.8333333333333286,0.002038772783063923,0.05541871921182266,0.002372010278711208
0.25000000000000006,0.015131750587007567,0.012496914052856417,0.000824829559555614,0.0032611531437516305,0.012709980387618619,0.0017392998673318222,0.527027027027027,1,0.007363308533321483,0.023255813953488372,0.011190424866550624,0.44444444444444287,0.0070371689879283345,0.05541871921182266,0.018976082229689665
0.17905405405405406,8.696408383337682e-05,0.0031218847558898625,0.007284777879969051,0.027045830072180192,0.009478810100985492,0.008570421586803097,0.5810810810810811,1,2.547909947576526e-05,0.023255813953488372,0.00023804334568891652,0.6388888888888857,0.0024619143040771905,0.041871921182266014,0.010278711207748568
0.32432432432432434,0.03365510044351683,0.0014000043750136719,0.004248237200543074,0.015479606922341075,0.0037306160236810367,0.042955262456624954,0.6756756756756757,0,0.005868634630916664,0.06976744186046512,0.007142805608840863,0.8611111111111072,0.02039719673180876,0.35344827586206895,0.026685115635501088
0.26351351351351354,0.004478650317418906,0.028121962881134003,0.04378166104614666,0.032437603269849555,0.03847407145728521,0.02003203521007705,0.5810810810810811,1,0.00041677926444428883,0.0,0.0038094721024916475,0.9166666666666643,0.013796189004001794,0.1724137931034483,0.016999406997430324
0.2398648648648649,0.0010000869640838335,0.0007171897412179413,0.0005620520007591352,0.002130620053917732,0.0009334153561291737,0.034359052239169484,0.7162162162162162,0,0.0027959672648600912,0.0,0.008571377111561954,0.9722222222222214,0.012954640412560023,0.09482758620689656,0.008697371021941095
0.20270270270270274,0.0015218714670840944,0.0004937515429735719,0.0011314033781515058,0.004435168275502218,0.001140502612953917,4.871185789891429e-05,0.48648648648648657,1,5.309625003000471e-05,0.0,7.137667037145575e-05,0.47222222222222143,0.00016097131988197013,0.01847290640394089,0.00296501284838901
0.29391891891891897,0.024741281850595705,0.021871943349822967,0.10217667411203084,0.13035916166623185,0.049390310752701276,0.27505293832792244,0.8378378378378377,0,0.43803819033910313,0.06976744186046512,0.040476140672333016,0.9444444444444429,0.403690622592088,0.8029556650246306,0.21664360545562364
0.20608108108108109,0.010479172101921907,0.001510942221694443,0.007007401567906101,0.03143751630576572,0.005833465300702879,0.02003203521007705,0.6081081081081081,1,0.00013214496877824128,0.0,0.000214233820643565,0.80555555555555,0.01783585896545153,0.291871921182266,0.03795216445937933
0.21621621621621623,0.0004783024610835726,0.004684389638717621,0.0070730959576052205,0.02600226106617967,0.007892156265607679,0.02003203521007705,0.5945945945945945,1,0.0003898761124974365,0.023255813953488372,0.0011904243475029783,0.6388888888888857,0.0074881254061270885,0.04679802955665025,0.031033801146471637
0.16891891891891891,0.0002608922515001305,0.0008484401513754731,0.0017956466517759383,0.009435603095921386,0.001746537379249857,0.0015931642936350794,0.527027027027027,0,0.006281143052862254,0.06976744186046512,0.009523758113376017,0.5833333333333286,0.008941009929326489,0.07389162561576355,0.0191737497529156
0.3817567567567568,0.018871206191842772,0.004684389638717621,0.003430707017620695,0.0075223932515870945,0.005972031038725317,0.037224455644987976,0.8378378378378377,1,0.097433459685446,0.023255813953488372,0.009523758113376017,0.6944444444444429,0.38859068425830684,0.45935960591133,0.3421624827040918
0.2736486486486487,0.0004783024610835726,0.001179691186534958,0.0015912641060453437,0.004739542568919036,0.0018257178009769646,0.02003203521007705,0.6486486486486487,0,0.022583273654292274,0.046511627906976744,0.004285662603398677,0.55555555555555,0.009347580873293081,0.08251231527093596,0.041312512354220204
0.3310810810810811,0.0033481172275850075,0.021871943349822967,0.08757792084555979,0.04339507783285503,0.04277570013765212,0.0028396147751661217,0.689189189189189,0,0.01130805222054323,0.046511627906976744,0.005952329356573286,0.11111111111110716,0.010628841562794793,0.034482758620689655,0.018580747183237795
0.22297297297297297,0.0027393686407513698,0.0015593798730621034,0.0067227258792099155,0.03165492651534916,0.009393538877587069,0.002206360622480236,0.47297297297297297,0,0.025138648371839586,0.11627906976744186,0.009523758113376017,0.6944444444444429,0.011721907841552142,0.07142857142857142,0.01838307966001186
0.3175675675675676,0.01395773545525698,0.02030943846699521,0.004065752784712186,0.021175754413427256,0.021731980363255413,0.02003203521007705,0.7702702702702702,1,0.13150767965659588,0.023255813953488372,0.021428520636051787,0.4166666666666643,0.17708975689779857,0.1810344827586207,0.06819529551294723
0.26689189189189194,0.0008696408383337683,0.0011328160400501251,0.0012335946510168031,0.006348378119836508,0.0019916921465203247,0.02003203521007705,0.6486486486486487,0,0.05733204479595705,0.023255813953488372,0.004285662603398677,0.6388888888888857,0.0211251185092162,0.1354679802955665,0.06246293733939515
0.2533783783783784,0.0038699017305852687,0.004684389638717621,0.003204426341990394,0.0053917731976693625,0.005582219731761095,0.005705018180984609,0.7432432432432432,1,0.004994532026410822,0.0,0.0010713767222762204,0.44444444444444287,0.024332708780393692,0.14655172413793105,0.04091717730776834
0.4189189189189189,0.9130359161666233,0.028121962881134003,0.007284777879969051,0.025350030437429345,0.031041770717861888,0.15470599528354598,0.7972972972972974,1,0.134799296076268,0.023255813953488372,0.021428520636051787,0.8611111111111072,0.1953730214435103,0.6354679802955665,0.12472820715556435
0.35135135135135137,0.03195930080876598,0.05312204100637815,0.16787106381115052,0.6086616227498044,0.12639936168398486,0.1804946259359124,0.7297297297297296,1,0.19739187748478174,0.11627906976744186,0.009523758113376017,0.9166666666666643,0.2120998353594809,0.6613300492610837,0.1482506424194505
0.24662162162162166,0.002956778850334812,0.0012000037500117188,0.0030438400560592127,0.014262109748673799,0.0024545930735403393,0.02003203521007705,0.6351351351351351,0,0.09355424739527095,0.0,0.021428520636051787,0.7777777777777715,0.04078314914347871,0.24261083743842365,0.024510772880015814
0.2364864864864865,0.009218192886337944,0.0015593798730621034,0.0037007839530504094,0.01861031394034264,0.0032387837887222714,0.02003203521007705,0.7432432432432432,1,0.0024990779654724083,0.023255813953488372,0.00047613859614243194,0.6944444444444429,0.025555972450232046,0.20566502463054187,0.04566119786519075
0.320945945945946,0.011131402730672233,0.0031218847558898625,0.0020073285741397683,0.007000608748586834,0.004357968595826583,0.0026992100082810157,0.5405405405405406,0,0.05963955943340516,0.023255813953488372,0.017857091879249058,0.6944444444444429,0.042344926030127676,0.16748768472906403,0.04803320814390196
0.2364864864864865,0.0006087485868336378,0.0015593798730621034,0.005094964889998394,0.025306548395512656,0.005107137201398448,0.02003203521007705,0.4594594594594595,0,0.04928441790675109,0.0,0.00833328186110844,0.8333333333333286,0.02404627452001548,0.1810344827586207,0.018976082229689665
0.2364864864864865,0.004304722149752152,0.0012265663330197907,0.0021679148600709497,0.00960953126358814,0.002778928262537915,0.02003203521007705,0.5810810810810811,0,0.05531964826798107,0.023255813953488372,0.007142805608840863,0.6944444444444429,0.021423980702379417,0.15147783251231528,0.04091717730776834
0.20270270270270274,0.0009566049221671452,0.0013000040625126953,0.00454751164250573,0.02361074876076181,0.0040503831114251255,0.0008596210217455464,0.527027027027027,1,0.003681547758581187,0.06976744186046512,0.0009523290970494627,0.5277777777777715,0.0025773165370808087,0.054187192118226604,0.016604071950978457
0.3040540540540541,0.015740499173841207,0.017184428701339693,0.07297916757908875,0.04339507783285503,0.03350245459307354,0.20341785318246028,0.689189189189189,0,0.11705576270609995,0.0,0.02857137814965725,0.9166666666666643,0.22927405485571167,0.6625615763546798,0.17612176319430717
0.195945945945946,8.696408383337682e-05,0.0009828155712986602,0.0032190250952568653,0.01752326289242543,0.0030728094431789112,0.0002607517099294824,0.6081081081081081,1,9.885527680177697e-06,0.0,0.00047613859614243194,0.5277777777777715,0.0004036119123511163,0.01847290640394089,0.003360347894840878
0.25000000000000006,0.009131228802504566,0.001510942221694443,0.005781106293522533,0.015001304461257503,0.004258993068667698,0.02003203521007705,0.49999999999999994,0,0.016085053986151333,0.023255813953488372,0.00523804360521274,0.80555555555555,0.013493775972900005,0.13793103448275862,0.022138762601304606
0.6114864864864865,0.0038699017305852687,0.0010093781543067321,0.004131447174411306,0.02004522132359336,0.0029464253084991046,0.02003203521007705,0.7702702702702702,1,0.04784395661683976,0.0,0.012380901118818202,0.5,0.08221314259810078,0.19088669950738918,0.2860249061079265
0.24662162162162166,0.0033915992695016956,0.0031218847558898625,0.001861341041475058,0.010870510479172103,0.004571146654322642,0.014301228398440073,0.5135135135135136,0,0.023673804621197538,0.046511627906976744,0.0030951863511311014,0.9166666666666643,0.016896662330699006,0.1834975369458128,0.016999406997430324
0.195945945945946,0.00017392816766675367,0.0013875043359510499,0.005306646812362224,0.025002174102095837,0.005560901925911488,0.02003203521007705,0.5810810810810811,1,0.005263330806001798,0.0,0.004761853104305709,0.5277777777777715,0.01995748463374882,0.07142857142857142,0.038940502075509
0.2398648648648649,0.0038699017305852687,0.000654689545904831,0.000686141403524139,0.0018697278024176016,0.0009440742590539768,0.0,0.4324324324324324,1,0.00016983042013683303,0.09302325581395349,0.01666661562698148,0.6944444444444429,0.00013907448592743744,0.003694581280788177,0.0005930025696778019
0.4290540540540541,0.022567179754761284,0.017184428701339693,0.006700827749310209,0.007913731628837292,0.0190581184295477,0.02003203521007705,0.7162162162162162,0,0.11452884536951226,0.0,0.007380900859294378,0.13888888888888573,0.030961531405386145,0.08004926108374384,0.039335837121960864
0.2736486486486487,0.007739803461170537,0.0015593798730621034,0.003890567745514533,0.0036959735629185147,0.0025642275036240267,0.02003203521007705,0.527027027027027,1,0.01399132604774677,0.0,0.009523758113376017,0.9722222222222214,0.016811442220173257,0.27463054187192115,0.021545760031626806
0.2837837837837838,0.0038699017305852687,0.02030943846699521,0.09487729747879532,0.024219497347595445,0.04213616596216394,0.09739792716717623,0.5675675675675675,0,0.10260470045006961,0.16279069767441862,0.01666661562698148,0.9444444444444429,0.06049799318475838,0.45566502463054187,0.07946234433682546
0.30743243243243246,0.003304635185668319,0.0015593798730621034,0.007058497204338749,0.032307157144099485,0.006055779561705912,0.02003203521007705,0.689189189189189,1,0.0075594070016715255,0.0,0.004761853104305709,0.9444444444444429,0.02709111805234172,0.42980295566502463,0.03538248665744218
0.18243243243243246,0.0056526654491694936,0.0006765646142644197,0.0016642578723776989,0.007739803461170537,0.001732833075489396,0.001449894123344155,0.5405405405405406,1,0.017576382745909388,0.046511627906976744,0.0015475672231832513,0.7222222222222214,0.011654441920719258,0.1354679802955665,0.03261514133227911
0.21959459459459463,0.002261066179667797,0.001165628642589508,0.003554796420385699,0.01721888859900861,0.0026175220182480417,0.002315245951901338,0.5405405405405406,1,0.01145606426334604,0.0,0.0064285198574803165,0.6666666666666643,0.009784333939737546,0.12315270935960591,0.027278118205178892
0.26351351351351354,0.004130793982085399,0.026559457998306245,0.006700827749310209,0.025306548395512656,0.029579978316746053,0.06874389310899134,0.7027027027027026,1,0.25195876872373413,0.046511627906976744,0.01190471061791117,0.9444444444444429,0.1527830875956211,0.4051724137931034,0.06345127495552481
0.26689189189189194,0.004304722149752152,0.034371982412445046,0.0068906115417743325,0.03678580746151839,0.039951090862579336,0.02003203521007705,0.5945945945945945,0,0.31779936398503056,0.0,0.02190471113695882,0.44444444444444287,0.08523845652176486,0.13916256157635468,0.077881004151018
0.40202702702702703,0.0038699017305852687,0.02030943846699521,0.08757792084555979,0.0232628924254283,0.03963132377483525,0.031493648833351,0.6351351351351351,0,0.2650515742035512,0.0,0.03333328315872756,0.5,0.19078237979525867,0.2044334975369458,0.23127100217434277
0.20270270270270274,0.006870162622836768,0.0008562526757896119,0.0015620665995124017,0.007174536916253587,0.0016749704596118941,0.005705018180984609,0.6216216216216217,0,0.04208181297158877,0.023255813953488372,0.005952329356573286,0.6666666666666643,0.04682312447699116,0.15517241379310345,0.06997430322198063
0.35135135135135137,0.006913644664753457,0.028121962881134003,0.0028905531467612665,0.00904426471867119,0.029124690891815182,0.031493648833351,0.8648648648648649,1,0.08494981204512626,0.046511627906976744,0.00833328186110844,0.47222222222222143,0.24512440360717788,0.21674876847290642,0.12334453449298281
0.4662162162162163,0.029046004000347857,0.02343444823265073,0.03648228441291114,0.04339507783285503,0.03454093627803292,0.3552842336908401,0.7567567567567568,1,0.035632104446398714,0.11627906976744186,0.02428566364149397,0.8888888888888857,0.16854821623656155,0.6280788177339901,0.1634710417078474
0.39189189189189194,0.026437081485346556,0.0011765661767693023,0.00467890042190397,0.020697451952343685,0.0033042599066889183,0.02003203521007705,0.7432432432432432,1,0.0008239872657888153,0.09302325581395349,0.13181709779431602,0.7777777777777715,0.02182108274517648,0.1958128078817734,0.020557422415497136
0.2567567567567568,0.005043916862335855,0.02030943846699521,0.08027854421232428,0.04339507783285503,0.04027390335115908,0.028628245427532513,0.7972972972972974,1,0.029578115514021435,0.06976744186046512,0.0064285198574803165,0.7222222222222214,0.15513078327934085,0.24753694581280788,0.1000197667523226
0.24662162162162166,0.0030002608922515,0.0015078172119287873,0.0033066176148556915,0.0131315766588399,0.0029844928189448295,0.02003203521007705,0.6216216216216217,0,0.1051929519764208,0.0,0.0019523291489542275,0.11111111111110716,0.030440741841062127,0.0726600985221675,0.022138762601304606
0.20270270270270274,0.0003913383772501957,0.0015593798730621034,0.0044015241098410195,0.010000869640838335,0.00336212252256642,0.001309489356459049,0.48648648648648657,1,0.029176477490763266,0.0,0.003571376852038132,0.36111111111110716,0.010091481421424098,0.02955665024630542,0.010674046254200436
0.8006756756756757,0.0013479432994173408,0.0013312541601692505,0.005109563643264865,0.010827028437255415,0.003205284379530034,0.02003203521007705,0.7837837837837838,0,0.014161364224384463,0.0,0.005952329356573286,0.36111111111110716,0.012971210989606697,0.025862068965517244,0.05040521842261317
0.29054054054054057,0.022001913209844338,0.032809477529617284,0.08027854421232428,0.04339507783285503,0.05490857706691355,0.09453252376135775,0.6756756756756757,0,0.0771855965810433,0.023255813953488372,0.009047567612468986,0.8611111111111072,0.0564257738755384,0.3423645320197044,0.0511958885155169
0.18243243243243246,0.0038699017305852687,0.00624689452154538,0.021883531146440094,0.042612401078354636,0.015091483841103167,0.02003203521007705,0.49999999999999994,0,0.15796842465418257,0.046511627906976744,0.019047568131516635,0.7777777777777715,0.028689586931022606,0.1724137931034483,0.02431310535678988
0.22635135135135137,0.002130620053917732,0.0006937521679755249,0.0001313887793982394,0.0002608922515001305,0.0007537367068253524,0.02003203521007705,0.7702702702702702,0,0.027314238946155936,0.023255813953488372,0.0014285195979564936,0.6111111111111072,0.020245694313096318,0.18226600985221675,0.06819529551294723
0.25000000000000006,0.00017392816766675367,8.125025390704346e-05,0.0003065738185958919,0.0017827637185842248,0.000292358480223167,0.0013811244416045113,0.7702702702702702,1,0.0026921665943891006,0.06976744186046512,0.00011899572046215883,0.5277777777777715,0.004005345194710198,0.08497536945812809,0.015615734334848787
0.26351351351351354,0.004304722149752152,0.0013968793652480165,0.004080351537978657,0.009392121054004698,0.003071286742761082,0.02003203521007705,0.6351351351351351,1,0.047363092361367425,0.046511627906976744,0.00523804360521274,0.6944444444444429,0.03702458718549933,0.1416256157635468,0.07392765368649931
0.2837837837837838,0.03769893034176885,0.00020625064453326416,0.00018248441583088807,0.0008261587964170799,0.0003151989864906019,0.02003203521007705,0.7432432432432432,1,0.045470367522630686,0.023255813953488372,0.012380901118818202,0.5277777777777715,0.05960732466849969,0.17118226600985223,0.10832180272781183
0.22972972972972977,0.0008696408383337683,0.015621923818511933,0.007284777879969051,0.0033915992695016956,0.01702683607216382,0.02003203521007705,0.6756756756756757,1,0.0019419184223455213,0.06976744186046512,0.00047613859614243194,0.9722222222222214,0.009837596508816139,0.20566502463054187,0.014034394149041314
0.320945945945946,0.009000782676754502,0.017184428701339693,0.08027854421232428,0.038438125054352554,0.03506626792218392,0.042955262456624954,0.6756756756756757,0,0.08505550750748168,0.13953488372093023,0.021428520636051787,1.0,0.02416937023521934,0.24014778325123154,0.027278118205178892
0.30743243243243246,0.13035916166623185,0.021871943349822967,0.08027854421232428,0.13035916166623185,0.045693194138212476,0.08593631354390228,0.6081081081081081,1,0.10684645703864791,0.0,0.016190425126074447,0.9722222222222214,0.06966566493583044,0.3435960591133005,0.04506819529551295
0.26013513513513514,0.0026958865988346813,0.0012125037890743408,0.004620505408838085,0.01643621184450822,0.003354509020477275,0.02003203521007705,0.7027027027027026,1,0.015654527289957077,0.0,0.04761899818593848,0.6944444444444429,0.017865449281606303,0.13669950738916256,0.04210318244712394
0.4560810810810811,0.6086616227498044,0.02343444823265073,0.10217667411203084,0.565179580833116,0.06851542800063344,0.06301308629735437,0.9054054054054053,1,0.2841784529197833,0.046511627906976744,0.01666661562698148,0.5,0.521508017200259,0.26847290640394084,0.4498912828622258
0.23310810810810811,0.0013914253413340291,0.0012640664502076568,0.0037956758492824713,0.009783459431254892,0.0027210656466604135,8.882750558037313e-05,0.1891891891891892,1,2.0912401200524885e-05,0.0,0.0011904243475029783,0.6666666666666643,0.0007012904928681419,0.01477832512315271,0.008499703498715162
0.24662162162162166,0.0018697278024176016,0.03749699217810056,0.002875954393494796,0.011696669275589183,0.037767538463412555,0.01716663180425856,0.4324324324324324,1,0.021307705280335938,0.023255813953488372,0.0038094721024916475,0.80555555555555,0.0548545280877199,0.36822660098522164,0.05791658430519866
0.3378378378378379,0.005696147491086182,0.01874693358416745,0.002248208003036541,0.011131402730672233,0.019409862226066197,0.02003203521007705,0.8108108108108107,0,0.03018360868663329,0.023255813953488372,0.0027380434754508283,0.36111111111110716,0.027034304645324553,0.07019704433497537,0.03063846610001977
0.18581081081081086,0.00017392816766675367,1.875005859393311e-05,5.1095636432648645e-05,0.0002608922515001305,6.395341754881778e-05,0.02003203521007705,0.8783783783783785,1,0.00017569362417060695,0.023255813953488372,0.00011899572046215883,0.8888888888888857,0.001813294573964546,0.030788177339901482,0.001581340185807472
0.20945945945945948,0.0038699017305852687,0.015621923818511933,0.04378166104614666,0.022045395251761024,0.026204151490419172,0.02003203521007705,0.7837837837837838,1,0.02250439455952259,0.023255813953488372,0.005952329356573286,0.75,0.1119857351003881,0.437192118226601,0.0784740067206958
0.37500000000000006,0.010870510479172103,0.0013703167822399446,0.005029270500299275,0.00904426471867119,0.0036209815935973493,0.02003203521007705,0.7297297297297296,0,0.07496418780879988,0.023255813953488372,0.02023804438378421,0.6944444444444429,0.07058118931765915,0.28078817733990147,0.1081241352045859
0.29391891891891897,0.026350117401513176,0.00022968821777568055,0.0003065738185958919,0.0010000869640838335,0.0003791524040394197,0.0013610666177637817,0.7702702702702702,1,0.00014828685994635265,0.0,0.0021428053493170395,0.6111111111111072,0.004816711663674099,0.09852216748768473,0.01838307966001186
0.29391891891891897,0.003522045395251761,0.004684389638717621,0.003343114498021869,0.010435690060005219,0.0063039797298120375,0.034359052239169484,0.8378378378378377,0,0.03086464501577,0.023255813953488372,0.00416661497817192,0.6666666666666643,0.1565392823283081,0.229064039408867,0.12018185412136786
0.18581081081081086,0.0038699017305852687,0.0015437548242338258,0.005175258032963985,0.005087398904252543,0.003051491637329305,0.0020516288385660376,0.22972972972972971,1,0.0007869540120531775,0.0,0.0023809005997705553,0.6111111111111072,0.0077662743779819635,0.08620689655172414,0.04230084997034987
0.2533783783783784,0.004304722149752152,0.02030943846699521,0.006547540840012263,0.036394469084268195,0.02463272465921965,0.15757139868936448,0.5135135135135136,0,0.11335595472899061,0.023255813953488372,0.00833328186110844,0.9444444444444429,0.05741882488569261,0.2672413793103448,0.05613757659616525
0.2364864864864865,0.0012174971736672755,0.0015593798730621034,0.007007401567906101,0.027524132533263766,0.0067912438635173164,0.0013811244416045113,0.48648648648648657,0,0.02866532154851676,0.023255813953488372,0.007142805608840863,0.6666666666666643,0.007185712375025299,0.07635467980295567,0.012255386440007909
0.22972972972972977,0.0038699017305852687,0.00010468782714945984,0.00016058628593118148,0.0005652665449169494,0.00024210936643481018,9.74237157978286e-05,0.6081081081081081,0,0.001644479488670752,0.0,0.00011899572046215883,0.6111111111111072,0.0006373754099738303,0.0049261083743842365,0.010278711207748568
0.22297297297297297,0.0053917731976693625,0.029684467763961764,0.007284777879969051,0.0401339246891034,0.038378141330961985,0.02003203521007705,0.47297297297297297,0,0.061801409150544356,0.046511627906976744,0.017857091879249058,0.8333333333333286,0.04311013160589013,0.17118226600985223,0.023522435263886147
0.20945945945945948,0.47821549699973914,0.029684467763961764,0.0031022350691250968,0.01752326289242543,0.030651959410897666,0.02003203521007705,0.6486486486486487,0,0.013826874943084745,0.0,0.0009523290970494627,0.7222222222222214,0.039543314896593684,0.21674876847290642,0.048823878236805694
0.27702702702702703,0.01643621184450822,0.028121962881134003,0.09487729747879532,0.03582920253935125,0.05060085758487533,0.0027679796900206594,0.6351351351351351,1,0.07747258194394693,0.023255813953488372,0.01095232961609711,0.44444444444444287,0.02373380078142107,0.07881773399014778,0.020952757461949002
0.18243243243243246,0.00013044612575006522,0.017184428701339693,0.0028102600037956758,0.014609966084007307,0.018226724001413067,0.0007994475502233582,0.40540540540540554,0,0.008509117193515787,0.11627906976744186,0.01190471061791117,0.6666666666666643,0.009384864671648098,0.09113300492610837,0.018185412136785928
0.3040540540540541,0.0038699017305852687,0.0011265660205188141,0.0003065738185958919,0.000739194712583703,0.001204456030502735,0.02003203521007705,0.6621621621621621,1,0.025929810110492467,0.0,0.010714234365643593,0.5833333333333286,0.025210357557544288,0.1834975369458128,0.10476378730974502
0.34121621621621623,0.0038699017305852687,0.001360941752942978,0.004073052161345421,0.013392468910340032,0.003605754589419059,0.04582066586244344,0.6486486486486487,0,0.05783346642569806,0.023255813953488372,0.0154761393747139,0.80555555555555,0.07402727753704412,0.3780788177339901,0.11701917374975292
0.21283783783783788,0.0004783024610835726,0.017184428701339693,0.00650374458021285,0.030133055048265068,0.020748315893337883,0.0023095151450897014,0.527027027027027,1,0.026060728263983982,0.0,0.01666661562698148,0.5,0.0159024277078986,0.09605911330049262,0.02470844040324175
0.2398648648648649,0.0024349943473345507,0.017184428701339693,0.007284777879969051,0.025263066353595966,0.0196306537866514,0.05155147267408042,0.6081081081081081,0,0.03939388566174887,0.023255813953488372,0.0030951863511311014,0.8611111111111072,0.04870861942237336,0.4064039408866995,0.06898596560585096
0.22635135135135137,0.008348552048004176,0.0015593798730621034,0.005941692579453715,0.026089225150013048,0.005871532811148604,0.10026333057299472,0.9054054054054053,1,0.008825810421127884,0.046511627906976744,0.0017856624736367667,0.5,0.46303814428474876,0.19827586206896552,0.28049021545760033
0.17905405405405406,0.004304722149752152,0.0011234410107531585,0.004189842187477189,0.014001217497173668,0.0025855453094736328,0.001550183242547802,0.39189189189189183,1,0.001051718633766689,0.0,0.0009523290970494627,0.19444444444444287,0.0013528692545962638,0.01724137931034483,0.006720695789681755
0.4222972972972973,0.0020871380120010435,0.0003375010546907959,0.0009562183389538534,0.0030437429341681884,0.000840530630641605,0.06014768289153588,0.8783783783783785,1,0.008544101810363193,0.023255813953488372,0.004291888318007536,0.9722222222222214,0.03712637787307175,0.05295566502463055,0.08084601699940701
0.3445945945945946,0.011131402730672233,0.01874693358416745,0.0012554927809165096,0.004000347856335334,0.01887234897857256,0.02003203521007705,0.6486486486486487,0,0.1233007350891795,0.0,0.0154761393747139,0.5,0.08011992363331207,0.19088669950738918,0.06266060486262108
0.19932432432432434,0.0038699017305852687,0.02030943846699521,0.006795719645542271,0.033220280024349944,0.023927714365764824,0.014301228398440073,0.7837837837837838,1,0.022479636033227023,0.046511627906976744,0.0021428053493170395,0.5,0.07956007485166375,0.21921182266009853,0.12630954734137181
0.20945945945945948,0.0038699017305852687,0.0015593798730621034,0.006175272631717251,0.011305330898338987,0.004009270200143743,0.07734010332644681,0.8648648648648649,0,0.38524287165585097,0.023255813953488372,0.041666616924600594,0.80555555555555,0.39387847375516494,0.5012315270935961,0.13896026882783158
0.19932432432432434,0.003174189059918254,0.0010921909130966034,0.0033504138746551044,0.019306026611009657,0.0037869559391407095,0.02003203521007705,0.6486486486486487,1,0.00019115964925364102,0.023255813953488372,0.00011899572046215883,0.6111111111111072,0.015831410949127146,0.13916256157635468,0.054556236410357783
0.22972972972972977,0.0038699017305852687,0.004684389638717621,0.007036599074439043,0.024045569179928693,0.00851189533566408,0.02003203521007705,0.6216216216216217,1,0.03323762004487843,0.23255813953488372,0.002857091100677586,0.9444444444444429,0.012812606895017108,0.19704433497536947,0.018185412136785928
0.22297297297297297,0.000739194712583703,0.0011000034375107423,0.0032117257186236297,0.01700147838942517,0.0024012985589163243,0.02003203521007705,0.7297297297297296,0,0.0011306161373402486,0.0,0.002857091100677586,0.6944444444444429,0.0038064982701501173,0.04556650246305419,0.008302035975489229
0.195945945945946,0.0006522306287503262,0.021871943349822967,0.001861341041475058,0.009957387598921646,0.02225426660657076,0.031493648833351,0.5945945945945945,1,0.003895894611228317,0.023255813953488372,0.00523804360521274,0.9444444444444429,0.028910330689537217,0.18226600985221675,0.020557422415497136
0.2837837837837838,4.3482041916688424e-05,0.0015593798730621034,0.005182557409597221,0.019001652317592835,0.005778648085661035,0.02003203521007705,0.6486486486486487,0,0.04563156684357988,0.0,0.007142805608840863,0.7222222222222214,0.01286882849571118,0.12315270935960591,0.024906107926467684
0.3040540540540541,0.0038699017305852687,0.02030943846699521,0.06567979094585323,0.027785024784763895,0.03669098926800746,0.27791834173374097,0.689189189189189,1,0.16629033088687564,0.0,0.030952330654192402,0.8888888888888857,0.2700045332364349,0.9532019704433498,0.4595769915002965
0.3648648648648649,0.020088703365510045,0.02343444823265073,0.07297916757908875,0.03578572049743456,0.04359339026202629,0.11745575100790565,0.6486486486486487,0,0.2667353775271253,0.0,0.04761899818593848,0.9444444444444429,0.19009115000988314,0.6083743842364532,0.2107135797588456
0.29054054054054057,0.000739194712583703,0.04062200194375608,0.08027854421232428,0.39125141316636236,0.07113599541971714,0.04582066586244344,0.5675675675675675,0,0.06305259637868453,0.046511627906976744,0.027380901897389672,1.0,0.02232766895774621,0.2832512315270936,0.02628978058904922
0.20608108108108109,0.00013044612575006522,0.0015593798730621034,0.004802989824668973,0.01917558048525959,0.004152404039419668,0.0012607774985601348,0.4594594594594595,1,0.017828370342819987,0.0,0.0026189958502240707,0.5833333333333286,0.009116776407285846,0.09113300492610837,0.02372010278711208
0.22635135135135137,0.0002608922515001305,0.0008468776464926453,0.003262821355056278,0.004696060527002348,0.001964283538999403,0.02003203521007705,0.5675675675675675,0,0.03649979684241283,0.046511627906976744,0.004523757853852194,0.8333333333333286,0.04614017998013898,0.22167487684729065,0.023522435263886147
0.24662162162162166,0.0017392816766675365,0.0013640667627086334,0.0043358297201419,0.007348465083920341,0.002588590710309291,0.02003203521007705,0.6216216216216217,0,0.02644793247009061,0.06976744186046512,0.009523758113376017,0.8888888888888857,0.009000782367959132,0.15270935960591134,0.01284838900968571
0.2567567567567568,0.004217758065918776,0.01874693358416745,0.006854114658608155,0.03622054091660144,0.023096319937630193,0.02003203521007705,0.5810810810810811,0,0.11917967582319913,0.0,0.00523804360521274,0.75,0.026038886409877955,0.13669950738916256,0.016208736904526587
0.21621621621621623,0.0003043742934168189,0.017184428701339693,0.05838041431261771,0.01752326289242543,0.0304646672595047,0.0011604883793564877,0.6081081081081081,1,0.000132893155164251,0.09302325581395349,0.000833281471822705,0.6944444444444429,0.0042645563642260175,0.0603448275862069,0.010278711207748568
0.29054054054054057,0.0026958865988346813,0.00022187569336154175,0.0007883326763894364,0.0030437429341681884,0.0007187145972152855,0.02003203521007705,0.689189189189189,1,0.006580471518763203,0.023255813953488372,0.0023809005997705553,0.80555555555555,0.008290614780244558,0.22167487684729065,0.022336430124530543
0.2702702702702703,0.03195930080876598,0.0031218847558898625,0.0035620957970189347,0.01700147838942517,0.005696422263098269,0.008570421586803097,0.7027027027027026,1,0.07975203235988959,0.023255813953488372,0.01142852011700414,0.5277777777777715,0.081569849124896,0.1834975369458128,0.1104961454832971
0.21621621621621623,0.004348204191668841,0.0008765652392663728,0.003525598913852757,0.015566571006174451,0.00399861129721894,0.0005816768913811531,0.5675675675675675,1,0.00013909297732600116,0.0,0.00035709097091567426,0.9722222222222214,0.0007865106033938909,0.01600985221674877,0.00197667523225934
0.30743243243243246,0.011000956604922169,0.017184428701339693,0.007197185360370224,0.04178624228193756,0.020267142561303922,0.30084156898028885,0.7297297297297296,0,0.15476377668366806,0.13953488372093023,0.017857091879249058,0.9166666666666643,0.26510378507488125,0.4716748768472906,0.12413520458588655
0.22297297297297297,0.0016088355509174712,0.04062200194375608,0.08027854421232428,0.03461170536568397,0.06088822160772801,0.042955262456624954,0.6216216216216217,1,0.026013763460558482,0.023255813953488372,0.00523804360521274,0.9166666666666643,0.048990911038489904,0.24876847290640394,0.0302431310535679
0.31081081081081086,0.565179580833116,0.0014343794824358826,0.005905195696287537,0.016871032263675104,0.004411263110450598,0.02003203521007705,0.689189189189189,0,0.2141095579055402,0.0,0.019047568131516635,0.3333333333333286,0.12737625033880912,0.18719211822660098,0.1203795216445938
0.35135135135135137,0.0038699017305852687,0.028121962881134003,0.007167987853837283,0.03791634055135229,0.03190057375351744,0.18336002934173087,0.7297297297297296,1,0.12327197922261422,0.0,0.007380900859294378,0.8888888888888857,0.15625166445528368,0.5517241379310345,0.09685708638070765
0.21283783783783788,0.005609183407252805,0.0007890649658280183,0.0005328544942261931,0.0028263327245847463,0.0009928006724245046,0.02003203521007705,0.7837837837837838,1,0.0006177271377004895,0.0,2.851952528982298e-05,0.8611111111111072,0.011731968549044765,0.1748768472906404,0.013243724056137577
0.20270270270270274,0.005217845030002609,0.0015593798730621034,0.004503715382706317,0.026741455778763374,0.0064882264803693464,0.02003203521007705,0.689189189189189,0,0.1600214047052127,0.046511627906976744,0.004761853104305709,0.3333333333333286,0.06781390295086469,0.07389162561576355,0.03459181656453845
0.3006756756756757,0.0023045482215844856,0.004684389638717621,0.007102293464138163,0.04148186798852074,0.008888002338867843,0.02003203521007705,0.5405405405405406,0,0.04542180246818273,0.023255813953488372,0.019523758632423664,0.55555555555555,0.059168204376762845,0.20812807881773399,0.05692824668906899
0.24324324324324326,0.0022175841377511086,0.02030943846699521,0.007014700944539337,0.02569788677276285,0.022239039602392468,0.10312873397881321,0.7027027027027026,0,0.08212056034794796,0.046511627906976744,0.011952329668001874,0.8611111111111072,0.11836895810129594,0.5073891625615763,0.0802530144297292
0.1891891891891892,0.00708757283242021,0.001068753339854187,0.004715397305070147,0.013783807287590226,0.0026510214274402797,0.031493648833351,0.7297297297297296,1,0.0006430694860617643,0.0,8.685286165093425e-05,0.47222222222222143,0.09497840498727024,0.1206896551724138,0.1373789286420241
0.23310810810810811,0.0023915123054178626,0.000842190131844162,0.0032774201083227493,0.0056526654491694936,0.0018668307122583474,0.0028396147751661217,0.47297297297297297,0,0.029138405454523328,0.0,0.0025237577500426644,0.6111111111111072,0.009897960753771877,0.13177339901477833,0.06878829808262503
0.1891891891891892,0.005913557700669624,0.0005796893115290986,0.0022336092497700698,0.011348812940255675,0.002785019064209231,0.0027966337240788444,0.4324324324324324,1,0.00597314798508048,0.046511627906976744,0.0014285195979564936,0.80555555555555,0.010824729455739396,0.09236453201970443,0.014232061672267248
0.1891891891891892,0.003217671101834942,0.001243753886730896,0.005598621877691645,0.014914340377424125,0.003372781425491223,0.02003203521007705,0.6351351351351351,1,0.0001791834074192358,0.0,0.0011904243475029783,0.7222222222222214,0.018859683904406708,0.24507389162561577,0.03814983198260526
0.28716216216216217,0.00013044612575006522,4.218763183634949e-05,0.00011679002613176834,0.0004348204191668842,0.00012790683509763555,0.0028396147751661217,0.7972972972972974,1,6.306330241305165e-06,0.046511627906976744,0.00047613859614243194,0.7777777777777715,0.00572099172536399,0.03571428571428572,0.004348685510970548
0.25000000000000006,0.0008696408383337683,0.01874693358416745,0.014584154513204573,0.002565440473084616,0.021508143401834552,0.028628245427532513,0.6621621621621621,1,0.013577676279961011,0.0,0.007857091360201409,0.80555555555555,0.07185120568702204,0.26847290640394084,0.061079264676813606
0.18581081081081086,0.0054787372815027395,0.0015015671923974763,0.0033796113811880467,0.016044873467258025,0.003124581257385097,0.09166712035553926,0.7027027027027026,0,0.0849071023052247,0.0,0.002857091100677586,0.8888888888888857,0.12090899084002173,0.5086206896551724,0.09290373591618897
0.2567567567567568,0.0038699017305852687,9.687530273532105e-05,0.0003138731952291274,0.00021741020958344207,0.00020099645515342732,0.02003203521007705,0.5810810810810811,1,0.0001339805895073618,0.0,0.07142852323129002,0.7777777777777715,0.014527661619347805,0.13423645320197045,0.014034394149041314
0.24662162162162166,0.0038699017305852687,0.001243753886730896,0.002715368107563614,0.011000956604922169,0.0038600455591965015,0.02003203521007705,0.39189189189189183,1,0.01924683574193137,0.046511627906976744,0.005952329356573286,0.8333333333333286,0.009699113829211797,0.1958128078817734,0.026685115635501088
0.22972972972972977,0.0082615879641708,0.000537501679692749,0.00028467568869618533,0.0012609792155839638,0.0007583048080788394,0.02003203521007705,0.6486486486486487,0,0.017375107458927147,0.06976744186046512,0.004761853104305709,0.7777777777777715,0.035800731709337875,0.25738916256157635,0.028859458390986362
0.29054054054054057,0.001478389425167406,0.0013812543164197389,0.004766492941502796,0.027437168449430387,0.004991411969643445,0.02003203521007705,0.7567567567567568,1,0.06959712076314065,0.023255813953488372,0.0026189958502240707,0.3333333333333286,0.048954810852781076,0.06527093596059114,0.0395335046451868
0.21621621621621623,0.002348030263501174,0.004684389638717621,0.014584154513204573,0.023088964257761548,0.010263000816167425,0.02003203521007705,0.5675675675675675,0,0.07369317561380227,0.023255813953488372,0.00880947236201547,0.6666666666666643,0.07229801946095912,0.145320197044335,0.0668116228503657
0.34121621621621623,0.6956257065831812,0.0359344872952728,0.004642403538737792,0.013392468910340032,0.03725438842260419,0.02003203521007705,0.7027027027027026,1,0.04414716505373659,0.0,0.021428520636051787,0.7222222222222214,0.059890208090939326,0.3423645320197044,0.08183435461553668
0.24324324324324326,0.008087659796504046,0.015621923818511933,0.005941692579453715,0.031133142012348902,0.019140344252110465,0.11459034760208715,0.6621621621621621,0,0.2353969148830229,0.023255813953488372,0.053571379447276364,0.8888888888888857,0.15868221302423682,0.5541871921182265,0.06720695789681756
0.24324324324324326,0.0038699017305852687,0.0011562536132925414,0.004379625979941313,0.01647969388642491,0.0034534845476361597,0.02003203521007705,0.7162162162162162,1,0.03319441063744317,0.023255813953488372,0.0014285195979564936,0.027777777777771462,0.05385141637007307,0.24630541871921183,0.05593990907293932
0.21959459459459463,0.02361074876076181,0.0014546920459126435,0.005255551175929575,0.023088964257761548,0.0038676590612856466,0.02003203521007705,0.554054054054054,1,0.01915530848398589,0.023255813953488372,0.017857091879249058,0.5,0.02617322644522063,0.0812807881773399,0.07353231864004744
0.23310810810810811,0.015436124880424387,0.0031218847558898625,0.00482488795456868,0.0016523175928341595,0.004123472731480917,0.02003203521007705,0.6081081081081081,0,0.06747771780299051,0.0,0.013571377371085777,0.44444444444444287,0.04635086303116097,0.0726600985221675,0.027278118205178892
0.21959459459459463,0.0012174971736672755,0.0007468773339916688,0.001861341041475058,0.009000782676754502,0.0018759669147653214,0.000621792539062612,0.6081081081081081,1,0.0005236752437951861,0.06976744186046512,0.0019047100988635244,0.75,0.0029750103862009702,0.04926108374384237,0.009290373591618897
0.24662162162162166,0.0022175841377511086,0.0014875046484520264,0.004007357771646301,0.02004522132359336,0.0038219780487507766,0.0008166399706582691,0.6081081081081081,1,7.01099295529921e-05,0.11627906976744186,0.0019047100988635244,0.7222222222222214,0.003275647998333473,0.030788177339901482,0.006523028266455821
0.22635135135135137,0.0006522306287503262,0.0014031293847793275,0.0017810478985094674,0.009392121054004698,0.002485047081896919,0.0014155092824743331,0.47297297297297297,1,0.01853390616008347,0.023255813953488372,0.005952329356573286,0.44444444444444287,0.009345805454323796,0.0603448275862069,0.013243724056137577
0.1756756756756757,0.015783981215757893,0.0014562545507954712,0.006043883852319012,0.022610661796677974,0.0041295635331522335,0.08880171694972076,0.689189189189189,1,0.0052696910477401625,0.0,0.00017851953307553768,0.8888888888888857,0.05992926730826363,0.33251231527093594,0.0511958885155169
0.4256756756756757,0.0038699017305852687,0.0359344872952728,0.007284777879969051,0.03582920253935125,0.04108245727302628,0.02003203521007705,0.554054054054054,1,0.010409816989073527,0.0,0.010714234365643593,0.7777777777777715,0.009276564114521624,0.1933497536945813,0.035777821703894055
0.21621621621621623,0.023436820593095053,0.00033125103515948493,0.000686141403524139,0.0030002608922515,0.0006197390700564009,0.02003203521007705,0.6756756756756757,1,0.0020640950238261535,0.023255813953488372,0.004047567352945162,0.6388888888888857,0.009594364110023897,0.12931034482758622,0.022138762601304606
0.2702702702702703,0.0027393686407513698,0.0011578161181753693,0.00531394618899546,0.019045134359509525,0.0036011864881655723,0.0008223707774699061,0.40540540540540554,0,0.015865526370128318,0.023255813953488372,0.014285663122446324,0.5,0.00960975107442438,0.06773399014778325,0.017197074520656257
0.23310810810810811,0.00013044612575006522,0.04062200194375608,0.03648228441291114,0.03791634055135229,0.05110639412359455,0.02003203521007705,0.5945945945945945,1,0.029541964567957175,0.0,0.005952329356573286,0.75,0.04299532117920961,0.145320197044335,0.03261514133227911
0.20270270270270274,0.0036959735629185147,0.0013500042187631837,0.005781106293522533,0.01208800765283938,0.0032311702866331267,0.02003203521007705,0.5945945945945945,1,0.052185495496986326,0.023255813953488372,0.00571423410611977,0.75,0.08330147442627336,0.23645320197044337,0.07412532120972525
0.23310810810810811,0.0033915992695016956,0.0012562539257935182,0.0042993328369757226,0.025350030437429345,0.004886345640813244,0.02003203521007705,0.4594594594594595,0,0.0227803451594185,0.06976744186046512,0.006666615107933832,0.7222222222222214,0.026087414528371787,0.11945812807881774,0.029254793437438233
0.4189189189189189,0.0038699017305852687,0.0004218763183634949,0.000795632053022672,0.004435168275502218,0.0008085539218671962,0.04582066586244344,0.8378378378378377,1,0.05288420822258548,0.0,0.005952329356573286,0.75,0.2207248207122744,0.48891625615763545,0.21862028068788297
0.2702702702702703,0.015436124880424387,0.02030943846699521,0.07297916757908875,0.015827463257674583,0.038256325297535664,0.02003203521007705,0.527027027027027,0,0.04324149529533103,0.0,0.019047568131516635,0.44444444444444287,0.031430833819600865,0.07389162561576355,0.0197667523225934
0.1756756756756757,8.696408383337682e-05,0.001496879677748993,0.0032555219784230426,0.01834942168884251,0.003674276108221364,0.0011346997487041214,0.4594594594594595,1,0.006330106526422613,0.09302325581395349,0.0026189958502240707,0.6111111111111072,0.007347275501230365,0.08004926108374384,0.020952757461949002
0.26013513513513514,0.0030437429341681884,0.029684467763961764,0.08757792084555979,0.031307070180015655,0.05193017504964004,0.014301228398440073,0.7432432432432432,1,0.008153251346175013,0.0,0.001666614848410009,0.5833333333333286,0.05687673029373715,0.14901477832512317,0.09626408381102985
0.2533783783783784,0.012957648491173148,0.0011359410498157807,0.001861341041475058,0.008609444299504306,0.001964283538999403,0.02003203521007705,0.554054054054054,1,0.005402895837655704,0.0,0.0007142338465959473,0.44444444444444287,0.004862872556875546,0.03940886699507389,0.017987744613559994
0.26351351351351354,0.028698147665014353,0.0031218847558898625,0.0031460313289245097,0.004565614401252283,0.004015361001815059,0.06301308629735437,0.8243243243243243,1,0.15206470547291176,0.0,0.007142805608840863,0.80555555555555,0.31467229908471234,0.5800492610837438,0.24925874678790275
0.22297297297297297,0.0021741020958344205,0.0012390663720824127,0.0030438400560592127,0.017044960431341856,0.00401383830139723,0.02003203521007705,0.554054054054054,0,0.13192279029446047,0.0,0.01190471061791117,0.4166666666666643,0.05082491883376279,0.030788177339901482,0.017987744613559994
0.37500000000000006,0.0038699017305852687,0.0009953156103612824,0.0027372662374633206,0.01208800765283938,0.002748474254181335,0.02003203521007705,0.6351351351351351,1,0.007454144146207139,0.023255813953488372,0.0025758470384606323,0.8888888888888857,0.002155950435036828,0.05172413793103448,0.011069381300652305
0.20608108108108109,0.0033915992695016956,0.004684389638717621,0.0032701207316895137,0.012392381946256198,0.007053148335383903,0.02003203521007705,0.445945945945946,0,0.050081931997654955,0.023255813953488372,0.009523758113376017,0.38888888888888573,0.029347675562304776,0.022167487684729065,0.0075113658825854916
0.31081081081081086,0.017610226976258806,0.0009937531054784545,0.0007664345464897299,0.0016088355509174712,0.0012501370430376046,0.0005358304368880573,0.7027027027027026,1,0.0026267325010200285,0.0,0.0019047100988635244,0.5277777777777715,0.003039517275418377,0.05541871921182266,0.027475785728404825
0.22297297297297297,0.0038699017305852687,4.6875146484832766e-06,0.004832187331201916,0.01856683189842595,4.5681012534869835e-06,0.005705018180984609,0.7027027027027026,1,0.0016138551285122872,0.0,5.424285995831988e-06,0.30555555555555003,0.00892503115860291,0.07389162561576355,0.015615734334848787
0.23310810810810811,0.0038699017305852687,0.001328129150403595,0.004496416006073082,0.025480476563179408,0.004610736865186196,0.17189841571845693,0.6621621621621621,0,0.0709935192660657,0.023255813953488372,0.00035709097091567426,0.8333333333333286,0.12000530258465493,0.5467980295566502,0.1484483099426764
0.28040540540540543,0.0029132968084181234,0.015621923818511933,0.007284777879969051,0.04339507783285503,0.02205479285183516,0.02003203521007705,0.554054054054054,0,0.15337582124714821,0.023255813953488372,0.019047568131516635,0.6388888888888857,0.0708895204119919,0.17610837438423646,0.06700929037359163
0.24662162162162166,0.008174623880337422,0.0031218847558898625,0.007284777879969051,0.022523697712844598,0.006457772472012766,0.048686069268261925,0.6081081081081081,1,0.06837624889023676,0.0,0.009523758113376017,0.8333333333333286,0.10143323655327263,0.43103448275862066,0.12215852935362721
0.18243243243243246,0.0010870510479172102,0.0011562536132925414,0.0008613264427217917,0.004304722149752152,0.00172674227381808,0.02003203521007705,0.5405405405405406,1,0.023363188928692886,0.0,0.0011904243475029783,0.22222222222222143,0.01752160980788783,0.17610837438423646,0.07372998616327338
0.16216216216216217,0.00930515697017132,0.0015593798730621034,0.00671542650257668,0.038394643012435864,0.00876923170627718,0.0018682430205936543,0.5945945945945945,1,0.00017285209380124488,0.023255813953488372,0.0023809005997705553,0.6944444444444429,0.005887881108476915,0.09605911330049262,0.02332476774066021
0.20270270270270274,0.0016088355509174712,0.00011718786621208191,0.00021898129899706567,0.0006957126706670146,0.0002344958643456652,0.10885954079045018,0.7972972972972974,0,0.011874229447739106,0.0,0.0029761387259043437,0.7777777777777715,0.07833385215020991,0.22660098522167488,0.0784740067206958
0.28040540540540543,0.012696756239673016,0.015621923818511933,0.014584154513204573,0.04339507783285503,0.021559915216040736,0.17189841571845693,0.5810810810810811,0,0.07706299394724446,0.0,0.023809473140586943,0.9444444444444429,0.10822776494873182,0.604679802955665,0.12433287210911248
0.3141891891891892,0.0019132098443342901,0.001315629111340973,0.0029197506532942087,0.010522654143838597,0.0032220340841261526,0.005705018180984609,0.6621621621621621,0,0.08191896422181248,0.023255813953488372,0.006666615107933832,0.027777777777771462,0.042647339061229465,0.13669950738916256,0.05178889108519471
0.15540540540540543,0.005522219323419428,0.0005828143212947541,0.0003065738185958919,0.001043569006000522,0.0006973967913656796,0.02003203521007705,0.7027027027027026,1,0.0011265924987792825,0.023255813953488372,4.756714532610421e-05,0.7777777777777715,0.007231281461903652,0.2315270935960591,0.021941095078078673
0.19932432432432434,0.010913992521088791,0.004684389638717621,0.006474547073679908,0.027611096617097142,0.008493622930650133,0.0019312818955216611,0.37837837837837834,0,0.0071128396627304635,0.0,0.017857091879249058,0.5833333333333286,0.008437974554695332,0.08990147783251232,0.03360347894840878
0.21621621621621623,4.3482041916688424e-05,0.0005421891943412323,0.002518284938466255,0.014131663622923734,0.003187011974516086,0.0010458722431237481,0.5945945945945945,0,0.002555519358149177,0.06976744186046512,0.0004047100210063773,0.5277777777777715,0.005133919852853276,0.09359605911330049,0.023917770310338014
0.26351351351351354,0.47821549699973914,0.0005984393701230317,0.0016131622359450502,0.00682668058092008,0.0018318086026482808,0.05155147267408042,0.5945945945945945,1,0.021938284392969395,0.0,0.004047567352945162,0.8888888888888857,0.04016648695481322,0.3374384236453202,0.03202213876260131
0.22972972972972977,0.0038699017305852687,0.0014640670752096101,0.006219068891516665,0.033350726150100006,0.005466494500006091,0.02003203521007705,0.5810810810810811,0,0.03322258794160099,0.11627906976744186,0.00833328186110844,0.6666666666666643,0.032149286695838775,0.20073891625615764,0.07056730579165843
0.21283783783783788,0.0038699017305852687,0.0015593798730621034,0.0065402414633790274,0.02848073745543091,0.004549828848473036,0.02003203521007705,0.7432432432432432,1,0.03174030842386142,0.06976744186046512,0.0011904243475029783,0.7222222222222214,0.06792457073328355,0.21305418719211824,0.0931014034394149
0.22972972972972977,0.0017827637185842248,0.00047812649414529423,0.002065723587205653,0.01208800765283938,0.0021896432008380942,0.001948474315956572,0.49999999999999994,1,0.031616292256907985,0.0,0.009047567612468986,0.5833333333333286,0.011637279537349488,0.12931034482758622,0.03538248665744218
0.30743243243243246,0.0016523175928341595,0.02030943846699521,0.005730010657089885,0.017610226976258806,0.024232254449330623,0.0028310185649486662,0.5945945945945945,1,0.02508416883168993,0.0,0.014285663122446324,0.6111111111111072,0.02581991807033263,0.13669950738916256,0.03854516702905713
0.18243243243243246,0.0012174971736672755,0.02030943846699521,0.007043898451072278,0.015827463257674583,0.022838983567017093,0.02003203521007705,0.5945945945945945,0,0.11892539764512082,0.023255813953488372,0.019047568131516635,0.44444444444444287,0.06636812010354244,0.05541871921182266,0.024115437833563947
0.17905405405405406,0.0003478563353335073,0.02030943846699521,0.007284777879969051,0.015088268545090879,0.022188790488604112,0.005705018180984609,0.5135135135135136,1,0.07063122611634388,0.023255813953488372,0.01499994887380687,0.22222222222222143,0.054495893455924045,0.1022167487684729,0.03360347894840878
0.2364864864864865,0.0038699017305852687,0.04062200194375608,0.08027854421232428,0.04339507783285503,0.059648743467615215,0.07734010332644681,0.8648648648648649,1,0.03956965160622041,0.13953488372093023,0.0014285195979564936,0.55555555555555,0.35566021321598207,0.18472906403940886,0.14330895433880214
0.22297297297297297,0.012653274197756328,0.0015593798730621034,0.004832187331201916,0.01856683189842595,0.005862396608641629,0.02003203521007705,0.7297297297297296,0,0.015159920862393029,0.046511627906976744,1.5424286514879632e-05,0.6666666666666643,0.050307088301054244,0.23645320197044337,0.0796600118600514
0.27702702702702703,0.6086616227498044,0.015621923818511933,0.007284777879969051,0.03500304374293417,0.019423566529826658,0.02003203521007705,0.6216216216216217,0,0.30805409955613944,0.0,0.031428521155099434,0.6944444444444429,0.19785446535624965,0.4926108374384236,0.5416090136390591
0.20945945945945948,4.3482041916688424e-05,0.0031218847558898625,0.002671571847764201,0.01317505870075659,0.004263561169921185,0.02003203521007705,0.5135135135135136,1,0.0,0.11627906976744186,0.0021428053493170395,0.9444444444444429,0.0030809437180350607,0.08004926108374384,0.007313698359359557
0.28040540540540543,0.7825897904165581,0.028121962881134003,0.004642403538737792,0.023523784676928432,0.03114531434627426,0.02003203521007705,0.7297297297297296,0,0.02771574679287243,0.0,0.0029761387259043437,0.6111111111111072,0.01566570517866041,0.1477832512315271,0.031231468669697574
0.2567567567567568,0.0006087485868336378,0.0031218847558898625,0.00516795865633075,0.030002608922515005,0.008097720822014595,0.001432701702909244,0.2972972972972973,0,0.12801995950891545,0.0,0.017857091879249058,0.5277777777777715,0.021582584796969003,0.08497536945812809,0.04546353034196482
0.21959459459459463,4.3482041916688424e-05,0.012496914052856417,0.0037007839530504094,0.021219236455343946,0.015263548988317843,0.02003203521007705,0.527027027027027,1,0.04401372489411437,0.06976744186046512,0.013095186870178747,0.7777777777777715,0.039640962939904434,0.20073891625615764,0.02332476774066021
0.21959459459459463,0.009131228802504566,0.0008968778027431336,0.002598578081431846,0.007826767545003915,0.002311459234264414,0.034359052239169484,0.3108108108108108,0,0.02474816082407063,0.0,0.01666661562698148,0.9444444444444429,0.02655375791097102,0.19088669950738918,0.03973117216841273
0.4121621621621622,0.0038699017305852687,0.03749699217810056,0.08027854421232428,0.17384120358292027,0.07012492234227868,0.02003203521007705,0.5810810810810811,0,0.44250838308986473,0.0,0.061428522712242375,0.75,0.22668194316055348,0.4815270935960591,0.37576596165250054
0.20945945945945948,0.00017392816766675367,0.00031875099609686284,0.001386881560314749,0.0015653535090007827,0.0007476459051540364,0.02003203521007705,0.5810810810810811,1,0.00714085391748255,0.0,0.001666614848410009,0.3333333333333286,0.004952827117986059,0.04679802955665025,0.014627396718719116
0.2398648648648649,0.0013914253413340291,0.0015593798730621034,0.004956276733966919,0.027828506826680584,0.00664963272465922,0.0013610666177637817,0.445945945945946,0,0.026853244364636143,0.023255813953488372,0.00833328186110844,0.6666666666666643,0.00889484903612504,0.08866995073891626,0.02273176517098241
0.24662162162162166,0.004304722149752152,0.001451567036146988,0.0062044701382501935,0.03222019306026611,0.007098829347918773,0.02003203521007705,0.7027027027027026,1,0.23206091615212582,0.023255813953488372,0.005476138855666255,0.5,0.14633417409284966,0.20935960591133004,0.12057718916781973
0.26351351351351354,0.04339507783285503,0.015621923818511933,0.007284777879969051,0.03117662405426559,0.019315454800160798,0.10312873397881321,0.7567567567567568,0,0.04141206123922664,0.0,0.014285663122446324,0.8333333333333286,0.16209516008952846,0.48275862068965514,0.1029847796007116
0.26689189189189194,0.0013479432994173408,0.0624970703033447,0.18246981707762155,0.47821549699973914,0.12304028456225409,0.08593631354390228,0.6081081081081081,0,0.10104653195327527,0.023255813953488372,0.040476140672333016,1.0,0.012623228871626556,0.2672413793103448,0.02569677801937142
0.3040540540540541,0.0012609792155839638,0.017184428701339693,0.004766492941502796,0.021523610748760764,0.019115981045425202,0.02003203521007705,0.6081081081081081,0,0.15577945087945005,0.0,0.016190425126074447,0.6111111111111072,0.05118059443394317,0.21551724137931036,0.11207748566910457
0.16891891891891891,0.005087398904252543,0.0012578164306763459,0.005678915020657236,0.03252456735368293,0.005522834415465763,0.02003203521007705,0.48648648648648657,0,0.1446404966716324,0.16279069767441862,0.01142852011700414,0.6388888888888857,0.06598877225043823,0.18472906403940886,0.06839296303617316
0.22297297297297297,0.011957561527089313,0.032809477529617284,0.005584023124425175,0.00904426471867119,0.0335054999939092,0.0018481851967529247,0.48648648648648657,1,0.01564727027648715,0.0,0.007142805608840863,0.5277777777777715,0.006498625233911448,0.07512315270935961,0.029057125914212296
0.26013513513513514,0.0183929037307592,0.0011578161181753693,0.0028613556402283247,0.014870858335507437,0.003656003703207416,0.02003203521007705,0.554054054054054,0,0.12025883277913958,0.09302325581395349,0.006190424607026801,0.27777777777777146,0.06378429369690758,0.05541871921182266,0.021348092508400873
0.20608108108108109,0.0015653535090007827,0.0006359394873108979,0.0007664345464897299,0.0007826767545003914,0.0008770754406695009,0.1317827680369981,0.7027027027027026,1,0.017621855121306554,0.0,0.00833328186110844,0.8888888888888857,0.12039471114525176,0.5307881773399015,0.11603083613362325
0.18243243243243246,0.0026958865988346813,0.0015593798730621034,0.006240967021416371,0.015697017131924517,0.0039057265717313714,0.02003203521007705,0.40540540540540554,1,0.022374623011529492,0.0,0.002857091100677586,0.6666666666666643,0.016931578903761638,0.1810344827586207,0.04210318244712394
0.37500000000000006,0.0038699017305852687,0.015621923818511933,0.006219068891516665,0.024262979389512135,0.01841858425405952,0.011435824992621586,0.7162162162162162,1,0.09204603907727527,0.0,0.0033332816015846168,0.25,0.04546256174019466,0.0874384236453202,0.03399881399486065
0.26013513513513514,0.03930776589268632,0.0015593798730621034,0.007284777879969051,0.03930776589268632,0.009612807737754444,0.008570421586803097,0.7702702702702702,0,0.12097327714256337,0.046511627906976744,0.010714234365643593,0.44444444444444287,0.057888127299907326,0.1748768472906404,0.05633524411939119
0.19932432432432434,0.0038699017305852687,0.017184428701339693,0.014584154513204573,0.020132185407426735,0.020931039943477364,0.02003203521007705,0.445945945945946,0,0.07820514977478439,0.023255813953488372,0.021428520636051787,0.6666666666666643,0.029422834965337902,0.20689655172413793,0.0802530144297292
0.1891891891891892,0.0013914253413340291,0.0015062547070459596,0.004956276733966919,0.021914949126010958,0.004048860411007296,0.02003203521007705,0.6081081081081081,1,0.005733535049116694,0.16279069767441862,0.003571376852038132,0.80555555555555,0.007900022607001542,0.1416256157635468,0.011662383870330107
0.3310810810810811,0.02361074876076181,0.001432816977553055,0.005905195696287537,0.03500304374293417,0.0072998258030722,0.02003203521007705,0.6081081081081081,0,0.03915985322318794,0.023255813953488372,0.01142852011700414,0.5833333333333286,0.013271256795416105,0.10837438423645321,0.041312512354220204
0.25000000000000006,0.000739194712583703,0.0015171922412257539,0.006949006554840217,0.021871467084094272,0.0050888647963845,0.001338143390517234,0.40540540540540554,0,0.025895571050201946,0.046511627906976744,0.008095186610654923,0.5833333333333286,0.007676319816871451,0.0603448275862069,0.020952757461949002
0.20270270270270274,0.0056526654491694936,0.04062200194375608,0.006029285099052541,0.01369684320375685,0.04226559549767941,0.034359052239169484,0.6216216216216217,1,0.022511149275629673,0.046511627906976744,0.007142805608840863,0.8888888888888857,0.04916431029115688,0.31650246305418717,0.02628978058904922
0.21621621621621623,0.002000173928167667,0.032809477529617284,0.006817617775441978,0.031307070180015655,0.037552837704498666,0.002114667713494044,0.337837837837838,0,0.08035805018341184,0.0,0.01190471061791117,0.7222222222222214,0.008797792799137383,0.09236453201970443,0.016208736904526587
0.21621621621621623,0.001478389425167406,0.02030943846699521,0.014584154513204573,0.03904687364118619,0.026769073345433728,0.02003203521007705,0.6486486486486487,1,0.07529507159436948,0.09302325581395349,0.00571423410611977,0.55555555555555,0.053470884904322676,0.15763546798029557,0.06266060486262108
0.3378378378378379,0.13035916166623185,0.0003171884912140351,0.0009343202090541468,0.0032611531437516305,0.0006486703779951517,0.0028396147751661217,0.7162162162162162,0,0.027262548339793146,0.023255813953488372,0.0011904243475029783,0.47222222222222143,0.00686495334790755,0.11576354679802955,0.030836133623245703
0.20270270270270274,0.0021741020958344205,0.0010640658252057038,0.0028467568869618536,0.009218192886337944,0.002262732820893886,0.02003203521007705,0.4324324324324324,1,0.0506811609172915,0.046511627906976744,0.009523758113376017,0.9444444444444429,0.049924781416334565,0.24630541871921183,0.031033801146471637
0.18243243243243246,0.0038699017305852687,0.0008390651220785065,0.0003722682082950116,0.0019132098443342901,0.0010750264949872703,0.0011375651521099398,0.6216216216216217,1,0.009384992302851754,0.0,4.161476406476633e-05,0.1666666666666643,0.002809304615734236,0.030788177339901482,0.00494168808064835
0.1925675675675676,0.0038699017305852687,0.0006015643798886872,0.000686141403524139,0.0027393686407513698,0.0009836644699175306,0.02003203521007705,0.7027027027027026,1,0.0013684539386447847,0.0,0.001666614848410009,0.44444444444444287,0.03222740513048738,0.10098522167487685,0.03617315675034592
0.18581081081081086,0.0038699017305852687,4.531264160200501e-05,0.00016058628593118148,4.3482041916688424e-05,8.527122339842369e-05,0.0011404305555157582,0.689189189189189,1,1.4616590275718978e-05,0.0,0.00030947192082497114,0.9166666666666643,0.0007143102319762425,0.0603448275862069,0.000197667523225934
0.1722972972972973,0.0008261587964170799,0.001451567036146988,0.0062263682681499,0.03391599269501696,0.005812147494853272,0.002037301821536945,0.4189189189189189,0,0.03755890924076393,0.0,0.002023757724090282,0.6111111111111072,0.009633423327348197,0.10467980295566502,0.042696185016801745
0.2837837837837838,0.0038699017305852687,0.02030943846699521,0.09487729747879532,0.03778589442560223,0.04128345372817971,0.02003203521007705,0.5405405405405406,0,0.04983457290000403,0.046511627906976744,0.020952330135144758,0.6944444444444429,0.058263332508749856,0.2857142857142857,0.09705475390393359
0.20270270270270274,0.008044177754587357,0.0015593798730621034,0.006459948320413437,0.018479867814592574,0.005615719140953332,0.0021232639237114995,0.6621621621621621,1,0.0016400810994594997,0.0,0.0006666147965052442,0.6944444444444429,0.006616394692207449,0.14901477832512317,0.024115437833563947
0.26351351351351354,0.017088442473258546,0.02030943846699521,0.004328530343508665,0.0033915992695016956,0.020868609226346375,0.02003203521007705,0.7027027027027026,1,0.041094764465830394,0.023255813953488372,0.0009523290970494627,0.5833333333333286,0.04229817333060314,0.18719211822660098,0.1029847796007116
0.21283783783783788,0.0012609792155839638,0.001431254472670227,0.005693513773923707,0.028698147665014353,0.007141464959617985,0.008570421586803097,0.527027027027027,1,0.10803752900282396,0.0,0.007142805608840863,0.6388888888888857,0.05271751545502213,0.33497536945812806,0.17473809053172565
0.25000000000000006,0.010000869640838335,0.015621923818511933,0.00524825179929634,0.015262196712757633,0.017445578687066796,0.02003203521007705,0.6756756756756757,1,0.0038945520834600994,0.09302325581395349,0.0007856624217320019,0.44444444444444287,0.009387823703263574,0.050492610837438424,0.015220399288396918
0.21283783783783788,0.0035655274371684496,0.0014015668798964998,0.006131476371917838,0.03391599269501696,0.00446760302591027,0.02003203521007705,0.08108108108108109,0,0.03568914412520138,0.046511627906976744,0.004285662603398677,0.5277777777777715,0.011555018458439217,0.054187192118226604,0.033010476378730974
0.22297297297297297,0.001043569006000522,0.0014000043750136719,0.002839457510328618,0.01665362205409166,0.004405172308779281,0.0014126438790685147,0.22972972972972971,0,0.00021489517201965427,0.11627906976744186,0.0031904244513125076,0.8333333333333286,0.0005267076275549758,0.003694581280788177,0.003162680371614944
0.3175675675675676,0.026350117401513176,0.07655961424879454,0.007284777879969051,0.04339507783285503,0.07858200046290092,0.06587848970317287,0.8243243243243243,0,0.12604764946628902,0.0,0.0039047102026730537,0.25,0.16418423641005547,0.11699507389162561,0.09685708638070765
0.2837837837837838,0.017827637185842248,0.0012546914209106903,0.004956276733966919,0.021262718497260632,0.0038021829433189996,0.20628325658827878,0.8648648648648649,1,0.019299647970415893,0.0,0.0030951863511311014,0.9722222222222214,0.09543823850031544,0.5172413793103449,0.0691836331290769
0.20608108108108109,0.0037829376467518917,0.024996953115478487,0.003759178966116294,0.011348812940255675,0.02660005359905471,0.06874389310899134,0.689189189189189,1,0.0013523843677776058,0.0,0.0007142338465959473,0.8333333333333286,0.07022492191115567,0.44581280788177335,0.08815971535876656
0.22297297297297297,0.0038699017305852687,0.0009968781152441101,0.004000058395013066,0.016827550221758414,0.003167216869084309,0.034359052239169484,0.47297297297297297,1,0.009449644022056194,0.0,0.0014285195979564936,0.9166666666666643,0.012691878405105632,0.34975369458128075,0.03221980628582724
0.2398648648648649,0.004087311940168711,0.0007921899755936738,0.0021314179769047724,0.0014349073832507176,0.0013491125701964894,0.02003203521007705,0.7837837837837838,0,0.047088861669719144,0.0,0.001309471972729736,0.44444444444444287,0.025442345636197714,0.08620689655172414,0.020359754892271202
0.3040540540540541,0.0002608922515001305,0.0007906274707108461,0.00195623293770712,0.010000869640838335,0.002524637292760473,0.02003203521007705,0.48648648648648657,1,0.049535708598943615,0.023255813953488372,0.004761853104305709,0.5,0.003198713176331061,0.034482758620689655,0.009883376161296701
0.39189189189189194,0.0033915992695016956,0.0015593798730621034,0.001372282807048278,0.0034785633533350726,0.002002351049445128,0.02003203521007705,0.6756756756756757,0,0.38357331017190227,0.11627906976744186,0.04285709317686817,0.6944444444444429,0.16954304266568504,0.3485221674876847,0.2889899189563155
0.1925675675675676,0.0006522306287503262,0.0015593798730621034,0.0057884056701557685,0.029046004000347857,0.004600077962261393,0.02003203521007705,0.48648648648648657,1,0.05505257728612509,0.0,0.004761853104305709,0.5833333333333286,0.03875739609952289,0.18226600985221675,0.09428740857877052
0.2736486486486487,0.00491347073658579,0.014059418935684175,0.007284777879969051,0.042394990868771194,0.01740598847620324,0.0011232381350808473,0.6081081081081081,1,0.0011604752172233925,0.046511627906976744,0.00571423410611977,0.55555555555555,0.009583119789885082,0.11330049261083744,0.02708045068195296
0.3378378378378379,0.0018697278024176016,1.0937534179794311e-05,0.0,0.01856683189842595,1.3704303760460954e-05,0.0017135112366794558,0.7027027027027026,1,0.0002573629676417212,0.0,0.5952380742290239,0.6944444444444429,0.0033028710891958653,0.08866995073891626,0.008697371021941095
0.24324324324324326,0.00017392816766675367,0.01874693358416745,0.014584154513204573,0.018262457605009132,0.0228603013728667,0.02003203521007705,0.6081081081081081,0,0.042250398167635005,0.023255813953488372,0.03261899740736701,0.5833333333333286,0.04275031336144808,0.20320197044334976,0.15556434077881004
0.195945945945946,0.002261066179667797,0.0012093787793086854,0.004328530343508665,0.013218540742673278,0.0026784300349612013,0.02003203521007705,0.6756756756756757,1,0.010885986999558065,0.023255813953488372,0.0019047100988635244,0.55555555555555,0.020221430253849402,0.24014778325123154,0.0668116228503657
0.32432432432432434,0.0038699017305852687,0.02030943846699521,0.007284777879969051,0.033350726150100006,0.025415392673983753,0.028628245427532513,0.7432432432432432,1,0.04030378813013081,0.18604651162790697,0.0023809005997705553,0.5277777777777715,0.10754008600129487,0.2524630541871921,0.20043486855109705
0.20608108108108109,0.0003478563353335073,0.0011000034375107423,0.0019270354311741776,0.004739542568919036,0.0021607118928993435,0.0014928751744314323,0.5135135135135136,1,0.03350766404856001,0.046511627906976744,0.0033332816015846168,0.6111111111111072,0.005723358950656372,0.04802955665024631,0.006325360743229888
0.2364864864864865,0.0036959735629185147,0.0015593798730621034,0.00601468634578607,0.029959126880598316,0.0047904155144900176,0.002025840207913671,0.27027027027027034,0,0.01406438927540693,0.0,0.005595186480893012,0.36111111111110716,0.020710854083049363,0.09113300492610837,0.03538248665744218
0.22297297297297297,0.0003913383772501957,0.0359344872952728,0.005292048059095753,0.02430646143142882,0.03865375010658903,0.02003203521007705,0.5135135135135136,0,0.02667351000801526,0.046511627906976744,0.006666615107933832,0.9444444444444429,0.018985738651226044,0.21674876847290642,0.021941095078078673
0.1756756756756757,0.003913383772501957,0.001159378623058197,0.003554796420385699,0.020175667449343425,0.004566578553069155,0.02003203521007705,0.527027027027027,0,0.050269542692504665,0.06976744186046512,0.005952329356573286,0.6111111111111072,0.017540547610226886,0.09852216748768473,0.03518481913421625
0.2702702702702703,0.0026089225150013043,0.01874693358416745,0.014584154513204573,0.038351160970519174,0.025453460184429476,0.14897518847190902,0.5675675675675675,0,0.20405050621021986,0.0,0.026190425645122094,0.9722222222222214,0.08727663749850569,0.4396551724137931,0.09843842656651512
0.195945945945946,0.0003043742934168189,0.0009906280957127991,0.0015182703397129886,0.0030002608922515,0.0015699041307816936,0.0009828333681957415,0.6486486486486487,1,0.008204272661025538,0.0,0.0011904243475029783,0.6388888888888857,0.0032703217414256137,0.0812807881773399,0.013046056532911644
0.21283783783783788,0.00017392816766675367,0.0015593798730621034,0.004211740317376896,0.02430646143142882,0.004118904630227431,0.02003203521007705,0.7027027027027026,0,0.06106506488508367,0.023255813953488372,0.023809473140586943,0.8611111111111072,0.020964147189334228,0.23275862068965517,0.015220399288396918
0.2702702702702703,0.0005652665449169494,0.0013265666455207672,0.004948977357333684,0.02817636316201409,0.0053035655552983885,0.02003203521007705,0.40540540540540554,0,0.035366707350780686,0.09302325581395349,0.003928519727718405,0.7777777777777715,0.009800312710461122,0.15147783251231528,0.024510772880015814
0.22972972972972977,0.0038699017305852687,0.0014750046093894044,0.005824902553321946,0.022915036090094792,0.006197390700564008,0.02003203521007705,0.4594594594594595,0,0.019452506788295736,0.023255813953488372,0.004285662603398677,0.80555555555555,0.01668124482909225,0.13054187192118227,0.015615734334848787
0.24662162162162166,0.001478389425167406,0.00043906387207460026,0.001021912728652973,0.005043916862335855,0.0010049822757671365,0.02003203521007705,0.7027027027027026,0,0.16792341927069224,0.046511627906976744,0.02023804438378421,0.75,0.08431701407670521,0.27216748768472904,0.07867167424392173
0.21621621621621623,0.0011305330898338988,0.0005781268066462708,0.0018978379246412356,0.004348204191668841,0.0014084978864918201,0.0009656409477608306,0.4189189189189189,0,0.01051910348309888,0.0,0.004285662603398677,0.027777777777771462,0.0008155091132255693,0.02955665024630542,0.00790670092903736
0.2972972972972973,0.03665536133576833,0.028121962881134003,0.006416152060614024,0.03704669971301852,0.03405976294599895,0.02003203521007705,0.7837837837837838,1,0.10027653376450434,0.046511627906976744,0.010714234365643593,0.5833333333333286,0.1810376968791685,0.1330049261083744,0.12492587467879028
0.21621621621621623,0.0007826767545003914,0.007809399404373138,0.006467247697046673,0.03782937646751892,0.012094809418815704,0.02003203521007705,0.6351351351351351,1,0.04843265701557511,0.023255813953488372,0.005952329356573286,0.5833333333333286,0.031427282981662294,0.1416256157635468,0.0500098833761613
0.20945945945945948,0.0004783024610835726,0.024996953115478487,0.006416152060614024,0.02004522132359336,0.026516305076074116,0.037224455644987976,0.6216216216216217,0,0.10917043703624647,0.0,0.03214280690645998,0.9166666666666643,0.03692989817380405,0.20320197044334976,0.017592409567108124
0.1722972972972973,0.0003478563353335073,0.004684389638717621,0.0019781310676068265,0.0076528393773371605,0.005504562010451816,0.0028396147751661217,0.554054054054054,1,0.018408590857542373,0.0,0.000833281471822705,0.19444444444444287,0.009429841952203354,0.11576354679802955,0.023127100217434277
0.16554054054054057,0.0023915123054178626,0.0007234397607492524,0.0010949064949853282,0.0026089225150013043,0.0011085259041795081,0.02003203521007705,0.2972972972972973,0,0.006483365078329428,0.023255813953488372,0.004047567352945162,0.8888888888888857,0.009614485525009143,0.17733990147783252,0.02115042498517494
0.5337837837837838,0.006304896077919819,0.012496914052856417,0.006262865151316078,0.017175406557091922,0.015199595570769026,0.005705018180984609,0.8108108108108107,1,0.0038416228275795204,0.0,0.001666614848410009,0.6666666666666643,0.020374116285208035,0.034482758620689655,0.02332476774066021
0.2398648648648649,0.009739977389338204,0.034371982412445046,0.08027854421232428,0.04191668840768763,0.054348223313152484,0.07734010332644681,0.6351351351351351,0,0.08403674326247804,0.046511627906976744,0.006666615107933832,0.9166666666666643,0.0631652642829497,0.27216748768472904,0.03399881399486065
0.195945945945946,0.0006087485868336378,0.004684389638717621,0.007284777879969051,0.03182885468301591,0.009631080142768391,0.02003203521007705,0.25675675675675674,0,0.023137360242086815,0.023255813953488372,0.00833328186110844,0.8333333333333286,0.007324786860952737,0.12315270935960591,0.01640640442775252
0.3344594594594595,0.011740151317505871,0.015621923818511933,0.0065402414633790274,0.027219758239846945,0.018703329232193543,0.034359052239169484,0.8243243243243243,1,0.22725046821970832,0.06976744186046512,0.005952329356573286,0.22222222222222143,0.227112778163767,0.12192118226600986,0.06523028266455821
0.29054054054054057,0.0019132098443342901,0.021871943349822967,0.00601468634578607,0.0303939472997652,0.026394489042647795,0.02003203521007705,0.689189189189189,1,0.02227204521160154,0.06976744186046512,0.0019047100988635244,0.55555555555555,0.0244362748869354,0.16133004926108374,0.04842854319035383
0.14864864864864868,0.00021741020958344207,0.00047812649414529423,0.0018029460284091738,0.006087485868336377,0.0015318366203359688,0.00025502090311784544,0.48648648648648657,1,0.0002513419738604584,0.023255813953488372,3.566238280342845e-05,0.6666666666666643,0.001636344483358998,0.05172413793103448,0.012453053963233842
0.2736486486486487,0.02874162970693104,0.0015593798730621034,0.005262850552562811,0.0023045482215844856,0.002891608093457261,0.02003203521007705,0.8243243243243243,0,0.3437678654565219,0.0,0.02190471113695882,0.6666666666666643,0.28356044887325993,0.34729064039408863,0.16090136390591026
0.30743243243243246,0.0019132098443342901,0.0005718767871149598,0.002197112366603892,0.010740064353422039,0.002510932989000012,0.02003203521007705,0.7162162162162162,0,0.07731676325338711,0.0,0.001309471972729736,0.027777777777771462,0.023961646215812826,0.10960591133004927,0.041905514923898005
0.22635135135135137,0.0012174971736672755,0.0015593798730621034,0.006219068891516665,0.00960953126358814,0.003389531130087342,0.0003896948631913144,0.5675675675675675,1,0.0014136988338226558,0.06976744186046512,0.00523804360521274,0.44444444444444287,0.004586499003989958,0.050492610837438424,0.010674046254200436
0.18243243243243246,0.0038699017305852687,0.00624689452154538,0.005795705046789004,0.025610922688929474,0.009519923012266875,0.02003203521007705,0.6486486486486487,0,0.04082936474038324,0.0,0.013095186870178747,0.8888888888888857,0.02181102203768386,0.291871921182266,0.0197667523225934
0.18243243243243246,0.0015653535090007827,0.0005140641064503327,0.0015328690929794595,0.009087746760587878,0.0023510494451279675,0.0009026020728328237,0.5810810810810811,1,0.00010022278794668051,0.046511627906976744,3.5195239922038645e-06,0.80555555555555,0.0006935970106679007,0.025862068965517244,0.0013836726625815379
0.21959459459459463,0.6956257065831812,0.024996953115478487,0.08757792084555979,0.01969736498825985,0.044146130513698215,0.0544168760798989,0.8783783783783785,1,0.0036973648658523836,0.0,0.00028566239577961964,0.3333333333333286,0.3933718875425952,0.21182266009852216,0.1838307966001186
0.15202702702702703,0.0012174971736672755,0.0014656295800924378,0.0019635323143403554,0.011435777024089053,0.0024241390651837595,0.037224455644987976,0.7027027027027026,0,0.04173955648996891,0.0,0.007142805608840863,0.80555555555555,0.06574672346429218,0.3226600985221675,0.048230875667127894
0.23310810810810811,0.007304983042003652,0.0013234416357551118,0.004532912889239259,0.011609705191755807,0.0037382295257701818,0.00016905880094329078,0.40540540540540554,1,0.002832823005129804,0.046511627906976744,0.010714234365643593,0.47222222222222143,0.002237619707624004,0.02832512315270936,0.00790670092903736
0.1925675675675676,0.0016088355509174712,0.0015593798730621034,0.0042993328369757226,0.02434994347334551,0.0047234166961055415,0.02003203521007705,0.5405405405405406,0,0.07330328109250096,0.023255813953488372,0.013095186870178747,0.9166666666666643,0.010664349942180521,0.1440886699507389,0.014232061672267248
0.3141891891891892,0.010740064353422039,0.028121962881134003,0.08027854421232428,0.03504652578485085,0.04626116139406269,0.02003203521007705,0.6351351351351351,1,0.08918199079603198,0.06976744186046512,0.01190471061791117,0.4166666666666643,0.05394551357544525,0.07758620689655173,0.025499110496145484
0.22635135135135137,0.02361074876076181,0.0015593798730621034,0.007284777879969051,0.02361074876076181,0.005807579393599786,0.02003203521007705,0.527027027027027,0,0.0925175503454652,0.0,0.004285662603398677,0.4166666666666643,0.04838667678260942,0.0874384236453202,0.055742241549713384
0.2364864864864865,0.0003478563353335073,0.0007890649658280183,0.001708054132177112,0.008435516131837552,0.0019475338344032843,0.02003203521007705,0.554054054054054,0,0.00018867840547437853,0.0,0.0009523290970494627,0.9444444444444429,0.0006835363031752776,0.03694581280788178,0.001779007709033406
0.2567567567567568,0.0341334029046004,0.0015593798730621034,0.005730010657089885,0.027828506826680584,0.007248053988866015,0.02003203521007705,0.7567567567567568,1,0.0031107841093916348,0.046511627906976744,0.00035709097091567426,0.5,0.021680824646602852,0.12931034482758622,0.06266060486262108
0.21621621621621623,0.02630663535959649,0.017184428701339693,0.003007343172893035,0.010827028437255415,0.018045522651691417,0.034359052239169484,0.6486486486486487,1,0.002613524184240648,0.0,0.0026189958502240707,0.8611111111111072,0.03507931980148449,0.46182266009852213,0.04249851749357581
0.5067567567567568,0.0013914253413340291,0.0007562523632886353,0.0034234076409874596,0.006652752413253327,0.0024347979681085623,0.02003203521007705,0.7432432432432432,1,0.0006260413424785904,0.046511627906976744,0.004761853104305709,0.7777777777777715,0.01750563103716425,0.1958128078817734,0.021545760031626806
0.16554054054054057,0.00017392816766675367,0.00110156594239357,0.002211711119870363,0.006087485868336377,0.0023799807530667186,0.037224455644987976,0.5135135135135136,1,0.04146866831113827,0.0,0.00023804334568891652,0.9444444444444429,0.026221162757391364,0.33128078817733986,0.06088159715358767
0.26689189189189194,0.017088442473258546,0.012496914052856417,0.0013649834304150425,0.0032611531437516305,0.012729775493050396,0.037224455644987976,0.7702702702702702,0,0.05277753314888107,0.023255813953488372,0.009047567612468986,0.7222222222222214,0.11064115113431518,0.31034482758620685,0.10436845226329315
0.18581081081081086,0.0003913383772501957,0.0015593798730621034,0.007153389100570812,0.04222106270110444,0.00617911829555006,0.0023066497416838827,0.39189189189189183,0,0.016690814086419353,0.0,0.004047567352945162,0.6111111111111072,0.006428792087786182,0.09852216748768473,0.053370231271002176
0.2837837837837838,0.0038699017305852687,0.04062200194375608,0.006219068891516665,0.017740673102008872,0.04226102739642592,0.0019628013329856643,0.554054054054054,1,6.0866080179269145e-05,0.046511627906976744,0.001666614848410009,0.8333333333333286,0.004521992114772551,0.03201970443349754,0.007313698359359557
0.3378378378378379,0.6956257065831812,0.0013718792871227723,0.0030000437962597994,0.0101313157665884,0.003470234252232279,0.04582066586244344,0.6756756756756757,1,0.06184583616886441,0.023255813953488372,0.009523758113376017,0.9444444444444429,0.015057328278518259,0.3054187192118226,0.03735916188970152
0.3445945945945946,0.0038699017305852687,0.029684467763961764,0.08757792084555979,0.13035916166623185,0.05304631445590869,0.02003203521007705,0.6756756756756757,0,0.04707244759123662,0.023255813953488372,0.02999994965237834,0.6944444444444429,0.15582674751530112,0.31527093596059114,0.17750543585688872
0.2702702702702703,0.0038699017305852687,0.0015312547851712036,0.004496416006073082,0.02521958431167928,0.004188948849447564,0.02003203521007705,0.39189189189189183,0,0.08628859362175577,0.11627906976744186,0.004761853104305709,0.8888888888888857,0.004339123960936048,0.03694581280788178,0.009685708638070766
0.18243243243243246,0.0035655274371684496,0.0015593798730621034,0.007284777879969051,0.04339507783285503,0.007956109683156498,0.005705018180984609,0.35135135135135137,0,0.28877263290937794,0.0,0.017857091879249058,0.80555555555555,0.018717058580540697,0.13054187192118227,0.0191737497529156
0.30743243243243246,0.02108879032959388,0.0006687520898502809,0.0023868961590680156,0.008652926341420994,0.001976465142342035,0.12318655781954262,0.5405405405405406,0,0.03499886657652007,0.06976744186046512,0.009523758113376017,0.9166666666666643,0.054705984700622934,0.3657635467980295,0.06839296303617316
0.195945945945946,0.0002608922515001305,0.0007343772949290467,0.0017299522620768187,0.005522219323419428,0.0015881765357956415,0.02003203521007705,0.37837837837837834,0,0.024777134966453274,0.023255813953488372,0.004761853104305709,0.7222222222222214,0.01625336885749422,0.09482758620689656,0.05593990907293932
0.25000000000000006,0.002261066179667797,0.01874693358416745,0.08027854421232428,0.2608052874162971,0.04602818823013485,0.08880171694972076,0.7972972972972974,0,0.001760657449917682,0.023255813953488372,0.019333282432060853,0.9722222222222214,0.01672089585273965,0.145320197044335,0.012453053963233842
0.24324324324324326,0.0009131228802504567,0.0015593798730621034,0.0019781310676068265,0.008609444299504306,0.0024485022718690234,0.02003203521007705,0.6621621621621621,0,0.0006995713648084038,0.046511627906976744,0.0019047100988635244,0.47222222222222143,0.003344297531812549,0.027093596059113302,0.007116030836133623
0.22297297297297297,0.0011305330898338988,0.0014734421045065765,0.0055037299814595835,0.021697538916427516,0.004449330620896323,0.0028252877581370294,0.5135135135135136,1,2.632984919764275e-05,0.18604651162790697,0.00022137667815717044,0.8611111111111072,0.003552613357542157,0.020935960591133007,0.002767345325163076
0.2702702702702703,0.0013914253413340291,0.00101094065918956,0.0023722974058015445,0.012392381946256198,0.0026236128199193577,0.02003203521007705,0.527027027027027,0,0.06670277290563581,0.0,0.00523804360521274,0.4166666666666643,0.028931635717168655,0.06403940886699508,0.03261514133227911
0.2533783783783784,0.02108879032959388,0.03124697264678952,0.07297916757908875,0.13035916166623185,0.05178551850994628,0.14897518847190902,0.6486486486486487,0,0.04937999904629247,0.046511627906976744,0.009523758113376017,0.8611111111111072,0.1800842968926617,0.4421182266009852,0.0913223957303815
0.20608108108108109,0.03930776589268632,0.001490629658217682,0.004211740317376896,0.012392381946256198,0.00343825754345787,0.001226392657690313,0.3108108108108108,0,0.008899201062514083,0.0,0.013571377371085777,0.6666666666666643,0.006584437150760293,0.09236453201970443,0.04506819529551295
0.20945945945945948,0.0038699017305852687,0.0005781268066462708,0.0014890728331800464,0.0055657013653361165,0.00148463290738327,0.0017650884979841886,0.49999999999999994,0,0.018682598013715045,0.046511627906976744,0.007142805608840863,0.6388888888888857,0.006804589102951811,0.08866995073891626,0.020557422415497136
0.3006756756756757,0.5216975389164276,0.028121962881134003,0.07297916757908875,0.028828593790764415,0.04587896358918761,0.02003203521007705,0.7297297297297296,1,0.12018297798786343,0.0,0.012618996369271716,0.4166666666666643,0.04793867939602614,0.09975369458128079,0.03814983198260526
0.26689189189189194,0.565179580833116,0.04062200194375608,0.09487729747879532,0.21732324549960869,0.07058173246762739,0.16330220550100147,0.6216216216216217,1,0.13541175435131692,0.20930232558139533,0.019047568131516635,0.8333333333333286,0.15990843572569066,0.520935960591133,0.14627396718719113
0.1891891891891892,0.00021741020958344207,0.000817190053718918,0.0020365260806727106,0.010827028437255415,0.0021972567029272393,0.02003203521007705,0.02702702702702703,0,0.006472014735826728,0.046511627906976744,0.002857091100677586,0.6388888888888857,0.013957160323883763,0.0726600985221675,0.059893259537458
0.1722972972972973,0.0038699017305852687,0.0015593798730621034,0.007284777879969051,0.03682928950343508,0.0065278166912329,0.02003203521007705,0.6351351351351351,1,0.0028924057286961635,0.023255813953488372,0.00028566239577961964,0.5277777777777715,0.011814821434278132,0.1206896551724138,0.03656849179679779
0.48648648648648657,0.0038699017305852687,0.001412504414076294,0.003386910757821282,0.017436298808592054,0.003005810624794435,0.048686069268261925,0.8783783783783785,1,0.09940732790182889,0.023255813953488372,0.01714280612788851,0.4166666666666643,0.43593400649329894,0.16133004926108374,0.21031824471239374
0.22635135135135137,4.3482041916688424e-05,0.021871943349822967,0.007284777879969051,0.03582920253935125,0.026895457480113537,0.0006676389935557077,0.5135135135135136,1,0.002145515848444973,0.0,0.0023809005997705553,0.55555555555555,0.0034999425947866594,0.05911330049261084,0.01779007709033406
0.2533783783783784,0.0038699017305852687,0.024996953115478487,0.0031241331990248034,0.0006957126706670146,0.025089534784568348,0.048686069268261925,0.8108108108108107,1,0.04639842501637578,0.0,0.018095187129702574,0.7222222222222214,0.21408297834817386,0.4568965517241379,0.23818936548725045
0.27702702702702703,0.004304722149752152,0.0013859418310682222,0.004540212265872494,0.0033481172275850075,0.0026022950140697516,0.02003203521007705,0.6216216216216217,1,0.11908860352569224,0.023255813953488372,0.012142805868364685,0.55555555555555,0.10999075598523325,0.1896551724137931,0.09488041114844832
0.2533783783783784,0.008609444299504306,0.032809477529617284,0.13137418064497292,0.04339507783285503,0.06340981349965283,0.0013897206518219667,0.49999999999999994,1,0.00044219787785018335,0.046511627906976744,0.0019047100988635244,0.6388888888888857,0.004198274056039324,0.08004926108374384,0.015418066811622852
0.15878378378378383,0.0038699017305852687,0.0008718777246178895,0.004036555278179243,0.023480302635011743,0.003404758134265632,0.02003203521007705,0.445945945945946,0,0.0043301398858050615,0.0,0.0007142338465959473,0.5833333333333286,0.006732980537857258,0.03694581280788178,0.02569677801937142
0.195945945945946,0.000521784503000261,0.0012296913427854463,0.003781077096016,0.02113227237151057,0.0035265741676919517,0.0028396147751661217,0.47297297297297297,1,0.06577718219160979,0.023255813953488372,0.014285663122446324,0.4166666666666643,0.021243479773835294,0.05665024630541872,0.02470844040324175
0.24324324324324326,0.565179580833116,0.017184428701339693,0.0031241331990248034,0.013348986868423342,0.0189058483877648,0.05728227948571739,0.689189189189189,0,0.019039455306635873,0.06976744186046512,0.0023809005997705553,0.9444444444444429,0.03285531163929168,0.3990147783251231,0.028859458390986362
0.21959459459459463,0.016740586137925038,0.012496914052856417,0.003554796420385699,0.017262370640925298,0.014627060213665322,0.0003839640563796774,0.48648648648648657,0,0.00016697048096359725,0.09302325581395349,0.0019047100988635244,0.6944444444444429,0.0030401090817414726,0.038177339901477834,0.005139355603874284
0.2567567567567568,0.00573962953300287,0.0359344872952728,0.007284777879969051,0.034481259239933906,0.03813907736536283,0.02003203521007705,0.527027027027027,0,0.024289366094613744,0.06976744186046512,0.01190471061791117,0.6944444444444429,0.03762527060344124,0.14655172413793105,0.04091717730776834
0.22297297297297297,0.0054352552395860515,0.0015593798730621034,0.0024671893020336063,0.010783546395338727,0.0029646977135130525,0.16330220550100147,0.5810810810810811,0,0.09413217995865475,0.023255813953488372,0.004761853104305709,0.9166666666666643,0.079803307250456,0.48275862068965514,0.059893259537458
0.21621621621621623,0.002956778850334812,0.0007187522461007691,0.003226324471890101,0.00960953126358814,0.002821563874237127,0.001590298890229261,0.36486486486486486,0,0.02019889568609865,0.0,0.0030951863511311014,0.6111111111111072,0.007244301201011751,0.07019704433497537,0.025894445542597355
0.3817567567567568,0.011740151317505871,0.034371982412445046,0.08027854421232428,0.03874249934776937,0.05645259529059215,0.02003203521007705,0.7567567567567568,1,0.07008585346735442,0.06976744186046512,0.010476139115190079,0.44444444444444287,0.09141336369694308,0.08866995073891626,0.05099822099229097
0.38513513513513514,0.0006087485868336378,0.0011171909912218476,0.003759178966116294,0.021175754413427256,0.0026312263220085027,0.02003203521007705,0.8378378378378377,1,0.001459586722221544,0.046511627906976744,0.003047567301040398,0.6666666666666643,0.01889104963953077,0.10467980295566502,0.04407985767938328
0.35135135135135137,0.0038699017305852687,0.0012781289941531067,0.0021752142367041853,0.011131402730672233,0.0027591331571061384,0.02003203521007705,0.5135135135135136,0,0.17373023713820102,0.0,0.03261899740736701,0.6388888888888857,0.12551265222738145,0.3275862068965517,0.2854319035382487
0.32432432432432434,0.005522219323419428,0.032809477529617284,0.1240748040117374,0.5216975389164276,0.09751068935693316,0.037224455644987976,0.36486486486486486,0,0.39003452288459883,0.046511627906976744,0.01190471061791117,0.80555555555555,0.13063296053480353,0.3669950738916256,0.18145878632140738
0.19932432432432434,0.0027828506826680583,0.0015593798730621034,0.0014452765733806332,0.006913644664753457,0.0021439621883032243,0.04008985905080646,0.5675675675675675,1,0.0278724451612745,0.0,0.0011904243475029783,0.9444444444444429,0.029546522486864856,0.24014778325123154,0.04151017987744614
0.22635135135135137,0.0004348204191668842,0.0010000031250097655,0.0012335946510168031,0.006391860161753196,0.0015592452278568906,0.02003203521007705,0.5675675675675675,0,0.10555706759772611,0.046511627906976744,0.00833328186110844,0.7777777777777715,0.08327780217334954,0.1810344827586207,0.0296501284838901
0.35810810810810817,0.0038699017305852687,0.0006781271191472473,0.0019051373012744712,0.00904426471867119,0.0021195989816179604,0.002693479201469379,0.6351351351351351,1,0.031921310358120465,0.046511627906976744,0.00833328186110844,0.3333333333333286,0.010121071737578872,0.038177339901477834,0.013243724056137577
0.2533783783783784,0.0033915992695016956,0.021871943349822967,0.029182907779675617,0.03622054091660144,0.03121688126591222,0.02003203521007705,0.5405405405405406,0,0.01819574563732551,0.06976744186046512,0.009523758113376017,0.80555555555555,0.02128608982909817,0.19211822660098524,0.030836133623245703
0.22297297297297297,0.0003478563353335073,0.0012875040234500733,0.004525613512606023,0.017958083311592314,0.004501102435102509,0.02003203521007705,0.6081081081081081,1,0.027042749851370274,0.046511627906976744,0.003571376852038132,1.0,0.009091920541715835,0.15763546798029557,0.01640640442775252
0.17905405405405406,0.000521784503000261,0.017184428701339693,0.029182907779675617,0.029959126880598316,0.025229623223008615,0.02003203521007705,0.5945945945945945,0,0.07117952576514927,0.0,0.008095186610654923,0.75,0.031817875154905306,0.23399014778325122,0.04151017987744614
0.3141891891891892,0.019306026611009657,0.017184428701339693,0.007284777879969051,0.03895990955735281,0.020451389311861228,0.02003203521007705,0.7297297297297296,1,0.03796293514886743,0.0,0.00571423410611977,0.5277777777777715,0.07421192110984991,0.1625615763546798,0.07590432891875866
0.3648648648648649,0.0038699017305852687,0.017184428701339693,0.07297916757908875,0.4347334550830508,0.050678515306184606,0.031493648833351,0.7972972972972974,0,0.32788520837947455,0.06976744186046512,0.030952330654192402,0.6666666666666643,0.22620790629575402,0.3362068965517241,0.2970942874085788
0.2837837837837838,0.0006957126706670146,0.0015593798730621034,0.0068906115417743325,0.03930776589268632,0.00978335018455129,0.02003203521007705,0.6351351351351351,0,0.09949788343791276,0.0,0.00833328186110844,0.38888888888888573,0.035793630033460734,0.11945812807881774,0.04902154576003163
0.16891891891891891,0.0009131228802504567,0.0015593798730621034,0.006751923385742858,0.030611357509348642,0.007328757111010951,0.0015358562255187095,0.5405405405405406,1,0.013171340066971361,0.06976744186046512,0.0007142338465959473,0.80555555555555,0.004878259521276029,0.05911330049261084,0.003755682941292746
0.21283783783783788,0.009131228802504566,0.001496879677748993,0.006678929619410502,0.027611096617097142,0.004962480661704694,0.008570421586803097,0.4594594594594595,0,0.03062691503745958,0.0,0.004761853104305709,0.7222222222222214,0.02338759408241021,0.14655172413793105,0.06582328523423601
0.22297297297297297,0.007044090790503522,0.028121962881134003,0.10217667411203084,0.004217758065918776,0.04916190569002692,0.02003203521007705,0.7972972972972974,1,0.014102545466178864,0.023255813953488372,0.0029761387259043437,0.3333333333333286,0.04477192376114224,0.14655172413793105,0.07195097845423998
0.24662162162162166,0.006044003826419689,0.03749699217810056,0.007065796580971985,0.023175928341594924,0.04034090216954356,0.36961125071993256,0.8918918918918919,1,0.017214648434876592,0.0,0.0007856624217320019,0.9444444444444429,0.23619937244857497,0.6576354679802956,0.1442972919549318
0.18243243243243246,0.0022175841377511086,0.0008765652392663728,0.002087621717105359,0.0075658752935037835,0.0019521019356567714,9.45583123920101e-05,0.2972972972972973,1,7.350372403856521e-07,0.046511627906976744,0.00023804334568891652,0.7222222222222214,0.0004503646118756591,0.008620689655172414,0.002174342755485274
0.195945945945946,8.696408383337682e-05,0.0011750036718864746,0.002350399275901838,0.01343595095225672,0.002876381089278971,0.0005702152777578791,0.49999999999999994,1,0.004024553741501616,0.09302325581395349,0.0023809005997705553,0.19444444444444287,0.0010332938401247055,0.03201970443349754,0.007116030836133623
0.20608108108108109,0.0012609792155839638,0.004684389638717621,0.005058468006832216,0.029611270545264808,0.009378311873408778,0.0011662191861681246,0.25675675675675674,0,0.00580000923990463,0.023255813953488372,0.023809473140586943,0.6111111111111072,0.011997689588114634,0.08004926108374384,0.03221980628582724
0.18581081081081086,0.0005652665449169494,0.0013765668017712556,0.00601468634578607,0.028611183581180973,0.005008161674239563,0.00019484743159565716,0.4324324324324324,0,0.006170436451109501,0.046511627906976744,0.0019047100988635244,0.5277777777777715,0.0016854644081759228,0.012315270935960592,0.006523028266455821
0.21283783783783788,4.3482041916688424e-05,0.0010578158056743928,0.003905166498781004,0.00878337246717106,0.002168325394988488,0.02003203521007705,0.5810810810810811,0,0.0011620228716633459,0.06976744186046512,0.0021428053493170395,0.80555555555555,0.0006977396549295691,0.030788177339901482,0.002569677801937142
0.2837837837837838,0.7825897904165581,0.028121962881134003,0.03648228441291114,0.01234889990433951,0.0360682047971154,0.02003203521007705,0.6486486486486487,0,0.008079681876408328,0.023255813953488372,0.005476138855666255,0.6666666666666643,0.007574529129299029,0.13793103448275862,0.048823878236805694
0.24662162162162166,0.0183929037307592,0.0011562536132925414,0.002788361873895969,0.01065310026958866,0.0032722831979145094,0.02003203521007705,0.554054054054054,0,0.14718658940728366,0.023255813953488372,0.003571376852038132,0.22222222222222143,0.051792522172023896,0.03201970443349754,0.015418066811622852
0.18243243243243246,0.008131141838420734,0.0014562545507954712,0.006751923385742858,0.03465518740760066,0.005641605048056425,0.002541612820960999,0.47297297297297297,0,0.06286752872859852,0.023255813953488372,0.003571376852038132,0.6111111111111072,0.017154098081245538,0.08374384236453203,0.01937141727614153
0.3310810810810811,0.01039220801808853,0.04218450682658384,0.0011095052482517993,0.006478824245586573,0.04211332545589651,0.12318655781954262,0.689189189189189,1,0.0024531203866017125,0.046511627906976744,0.007142805608840863,0.9722222222222214,0.05187774228254965,0.3189655172413793,0.03419648151808658
0.30743243243243246,0.0023045482215844856,0.0015453173291166535,5.8395013065884176e-05,0.0,0.0015242231182468237,0.0028396147751661217,0.7027027027027026,1,0.0013511891104403776,0.09302325581395349,0.009523758113376017,0.7777777777777715,0.004772917995765034,0.0812807881773399,0.006325360743229888
0.24324324324324326,0.008087659796504046,0.015621923818511933,0.029182907779675617,0.02521958431167928,0.02416221023011049,0.02003203521007705,0.39189189189189183,0,0.1495652803699949,0.046511627906976744,0.040476140672333016,0.5277777777777715,0.07668567154038901,0.10344827586206896,0.12789088752717928
0.20945945945945948,0.012653274197756328,0.13593479979624937,0.08027854421232428,0.3042873293329855,0.16447296293138106,0.005705018180984609,0.47297297297297297,0,0.13187216082414954,0.0,0.041666616924600594,0.75,0.06810329624285838,0.22783251231527094,0.0506028859458391
0.20270270270270274,0.0003478563353335073,0.001081253378916809,0.0044015241098410195,0.006044003826419689,0.002536818896103105,0.001214931044067039,0.554054054054054,0,0.01744211024536917,0.046511627906976744,0.00833328186110844,0.5833333333333286,0.007134225224915993,0.05295566502463055,0.031824471239375374
0.5472972972972973,0.010740064353422039,0.017184428701339693,0.03648228441291114,0.03661187929385164,0.027320290896687825,0.02003203521007705,0.7162162162162162,1,0.17518368189450156,0.046511627906976744,0.041666616924600594,0.6666666666666643,0.22586288320938935,0.2697044334975369,0.3346511168215063
0.2364864864864865,0.0003478563353335073,0.001114065981456192,0.0031679294588242164,0.003956865814418645,0.00199930564860947,0.0028396147751661217,0.6351351351351351,1,0.0013884708830283101,0.0,0.0011904243475029783,0.6388888888888857,0.01110820468450213,0.11083743842364532,0.030045463530341966
0.18581081081081086,0.0013479432994173408,0.0007312522851633912,0.002744565614096556,0.005043916862335855,0.0018744442143474925,0.02003203521007705,0.5675675675675675,1,1.6674431565886323e-05,0.0,0.0014285195979564936,0.8888888888888857,0.016141517462429176,0.3423645320197044,0.02569677801937142
0.195945945945946,0.0013914253413340291,0.0005953143603573762,0.002416093665600958,0.013914253413340292,0.0029586069118417366,0.04582066586244344,0.39189189189189183,1,0.04514640018765935,0.0,0.0026189958502240707,0.9166666666666643,0.020777728197559152,0.3460591133004926,0.050207550899387235
0.1925675675675676,0.019306026611009657,0.0015593798730621034,0.006350457670914904,0.028611183581180973,0.0060405525575276215,0.031493648833351,0.7297297297297296,1,0.06768627903156306,0.0,0.007142805608840863,0.6388888888888857,0.10522671508431465,0.16625615763546797,0.1409369440600909
0.195945945945946,0.01756674493434212,0.03749699217810056,0.10947605074526637,0.042003652491521,0.06374785299241086,0.02003203521007705,0.5810810810810811,1,0.014219516320906924,0.13953488372093023,0.0019047100988635244,0.80555555555555,0.022197471566665208,0.23522167487684728,0.02075508993872307
0.3040540540540541,0.00682668058092008,0.00044687639648873905,0.0018029460284091738,0.010348725976171843,0.0015287912195003108,0.02003203521007705,0.7567567567567568,1,0.03946430459622403,0.023255813953488372,0.005952329356573286,0.5,0.04494828204542469,0.1724137931034483,0.08064834947618107
0.20945945945945948,0.002869814766501435,0.004684389638717621,0.007284777879969051,0.04339507783285503,0.012326259882325712,0.02003203521007705,0.4189189189189189,0,0.028355414594961246,0.20930232558139533,0.002023757724090282,0.9166666666666643,0.004187621542223605,0.06280788177339902,0.00790670092903736
0.16891891891891891,0.0003913383772501957,0.0007609398779371186,0.003408808887720989,0.010740064353422039,0.003340804716716814,9.74237157978286e-05,0.3243243243243243,1,0.007924656079329637,0.0,0.00047613859614243194,0.5277777777777715,0.00030418845007107594,0.01847290640394089,0.002372010278711208
0.2702702702702703,0.026480563527263242,0.0013703167822399446,0.0003649688316617761,0.0003478563353335073,0.001441997295684058,0.02003203521007705,0.689189189189189,1,0.00863285196875287,0.046511627906976744,0.010714234365643593,0.7222222222222214,0.021561279769337565,0.2315270935960591,0.04506819529551295
0.4155405405405406,0.0076963214192538485,0.032809477529617284,0.08027854421232428,0.4347334550830508,0.08132895201666443,0.02003203521007705,0.7702702702702702,0,0.3813176426156499,0.023255813953488372,0.03571423566326271,0.6944444444444429,0.22822892488912508,0.3620689655172414,0.3745799565131449
0.34121621621621623,0.01369684320375685,8.593776855552673e-05,0.00027737631206294983,0.0013914253413340291,0.00024667746768829716,0.02003203521007705,0.5945945945945945,0,0.06573868280813706,0.023255813953488372,0.013095186870178747,0.44444444444444287,0.017270683926895347,0.09236453201970443,0.03814983198260526
0.15540540540540543,0.002261066179667797,0.0015593798730621034,0.00586869881312136,0.023523784676928432,0.004580282856829616,0.02003203521007705,0.7027027027027026,0,0.0031032272954014803,0.06976744186046512,7.137667037145575e-05,0.6388888888888857,0.010660207297918854,0.16009852216748768,0.03478948408776438
0.2702702702702703,0.005043916862335855,0.0007609398779371186,0.0006642432736244325,0.0016523175928341595,0.0010308681828702295,0.02003203521007705,0.689189189189189,0,0.01687161483875035,0.0,0.007142805608840863,0.6666666666666643,0.026605836867403424,0.11945812807881774,0.0587072543981024
0.31081081081081086,0.012740238281589706,0.028121962881134003,0.006803019022175507,0.012261935820506132,0.03009921915922574,0.06874389310899134,0.48648648648648657,0,0.04094763867544265,0.09302325581395349,0.03333328315872756,1.0,0.03069699397896247,0.22536945812807882,0.05376556631745404
0.3378378378378379,0.0008696408383337683,0.0015593798730621034,0.004313931590242194,0.02113227237151057,0.004575714755576129,0.0028396147751661217,0.22972972972972971,0,0.020618988535240204,0.13953488372093023,0.004047567352945162,0.19444444444444287,0.019853918527207113,0.1145320197044335,0.05099822099229097
0.1891891891891892,0.002348030263501174,0.0001937506054706421,0.0005401538708594287,0.002348030263501174,0.0004294015178277765,0.02003203521007705,0.689189189189189,0,0.00014513237991113767,0.023255813953488372,9.471905253541749e-06,0.5833333333333286,0.0024234468930759844,0.10714285714285715,0.023127100217434277
0.1925675675675676,0.003522045395251761,0.004684389638717621,0.007284777879969051,0.034437777198017216,0.011988220389567676,0.02003203521007705,0.35135135135135137,0,0.0022510666701985272,0.0,0.0020225672478380143,0.9722222222222214,0.004247393980856249,0.11330049261083744,0.010278711207748568
0.21283783783783788,0.0005652665449169494,0.028121962881134003,0.007182586607103754,0.03791634055135229,0.032136592318280935,0.0028396147751661217,0.6621621621621621,1,0.00135285642210551,0.046511627906976744,0.0015475672231832513,0.6666666666666643,0.007117654647869319,0.1022167487684729,0.026487448112275155
0.320945945945946,0.002130620053917732,0.0014781296191550598,0.005985488839253128,0.027306722323680324,0.006581111205856915,0.02003203521007705,0.6216216216216217,1,0.011041048299329939,0.023255813953488372,0.004523757853852194,0.7777777777777715,0.04302017704477962,0.12438423645320199,0.02016208736904527
0.31081081081081086,0.03622054091660144,0.07655961424879454,0.09487729747879532,0.03874249934776937,0.09700819821904959,0.08880171694972076,0.8648648648648649,1,0.18190429306258243,0.046511627906976744,0.0023809005997705553,0.47222222222222143,0.3579729923266392,0.19704433497536947,0.13461158331686104
0.3378378378378379,0.0015653535090007827,0.017184428701339693,0.05838041431261771,0.08687711974954344,0.0370762324737182,0.02003203521007705,0.6081081081081081,0,0.02547984240249302,0.06976744186046512,0.010714234365643593,0.6944444444444429,0.02078305445446701,0.20566502463054187,0.08064834947618107
0.21621621621621623,0.0027828506826680583,0.004684389638717621,0.004788391071402502,0.02434994347334551,0.006951127407389361,0.07734010332644681,0.5810810810810811,0,0.05600532493060851,0.0,0.003571376852038132,0.9722222222222214,0.017662459712784555,0.24261083743842365,0.03558015418066812
0.4391891891891892,0.7391077484998696,0.0013765668017712556,0.004496416006073082,0.00682668058092008,0.0029418572072456178,0.02003203521007705,0.7702702702702702,1,0.011010335839895793,0.0,0.001666614848410009,0.22222222222222143,0.023469855161320486,0.13916256157635468,0.06068392963036173
0.2702702702702703,0.0018262457605009133,0.001289066528332901,0.00014598753266471045,0.00021741020958344207,0.0013003861568259615,0.02003203521007705,0.8108108108108107,1,0.001605640857240929,0.0,0.00035709097091567426,0.55555555555555,0.02260285889798561,0.1145320197044335,0.024510772880015814
0.2736486486486487,0.022567179754761284,0.02030943846699521,0.003905166498781004,0.004043829898252022,0.020950835048909138,0.02003203521007705,0.6756756756756757,1,0.04605397920200952,0.023255813953488372,0.023809473140586943,0.8333333333333286,0.06530109330300128,0.3263546798029556,0.051393556038742835
0.28716216216216217,0.004956952778502478,0.0011500035937612304,0.0031095344457583323,0.01665362205409166,0.0033027372062710892,0.0025903246788599133,0.6486486486486487,1,0.011686935647298943,0.0,0.006666615107933832,0.5277777777777715,0.013154670949766295,0.08990147783251232,0.024115437833563947
0.28716216216216217,0.0004783024610835726,0.0014921921631005097,0.0005766507540256062,0.0010000869640838335,0.0016825839617010392,0.0002607517099294824,0.7162162162162162,0,0.0010495371905076554,0.0,0.00023804334568891652,0.5833333333333286,0.0005687258764947548,0.01354679802955665,0.012255386440007909
0.24662162162162166,0.004217758065918776,0.028121962881134003,0.08027854421232428,0.02517610226976259,0.047221985357712784,0.0028396147751661217,0.49999999999999994,0,0.027022217460478285,0.023255813953488372,0.01190471061791117,0.44444444444444287,0.023863998172502073,0.05665024630541872,0.018580747183237795
0.22972972972972977,0.021784503000260896,0.02030943846699521,0.006766522139009329,0.034481259239933906,0.0229181639887442,0.02003203521007705,0.6351351351351351,0,0.04849848952805659,0.046511627906976744,0.012380901118818202,0.7222222222222214,0.06672438751004592,0.2438423645320197,0.06009092706068393
0.1891891891891892,0.0015653535090007827,0.0031218847558898625,0.006532942086745792,0.0382641968866858,0.01031324992995578,0.02003203521007705,0.6351351351351351,0,0.09502380511461922,0.09302325581395349,0.009523758113376017,0.7777777777777715,0.07545885703261208,0.2881773399014778,0.08321802727811821
0.1925675675675676,0.0012609792155839638,0.0013625042578258057,0.004459919122906904,0.0020871380120010435,0.002445456871033365,0.02003203521007705,0.4189189189189189,0,0.021430325008024102,0.0,0.0033332816015846168,0.6944444444444429,0.01312922327787319,0.15270935960591134,0.14745997232654676
0.19932432432432434,0.0015653535090007827,0.0015593798730621034,0.004664301668637499,0.02735020436559701,0.007007467322849034,0.0014957405778372507,0.3243243243243243,0,0.06326631733199996,0.023255813953488372,0.006190424607026801,0.6666666666666643,0.0055381235715274875,0.07142857142857142,0.01779007709033406
0.2702702702702703,0.00682668058092008,0.02030943846699521,0.014584154513204573,0.03804678667710236,0.025729068960056525,0.02003203521007705,0.6756756756756757,0,0.021386182011249526,0.023255813953488372,0.013095186870178747,0.75,0.03241027328432388,0.24753694581280788,0.04249851749357581
0.3040540540540541,0.017044960431341856,0.017184428701339693,0.021883531146440094,0.08687711974954344,0.030087037555883107,0.1317827680369981,0.6756756756756757,0,0.23226210859949062,0.0,0.03333328315872756,0.8611111111111072,0.30110868996568707,0.626847290640394,0.13401858074718323
0.17905405405405406,0.0012174971736672755,0.0011609411279410247,0.0031971269653571586,0.018740760066092706,0.0046960080885846195,0.02003203521007705,0.7432432432432432,0,0.2408032071449933,0.0,0.017857091879249058,0.75,0.15331393786743774,0.3669950738916256,0.1506226526981617
0.17905405405405406,0.0004783024610835726,0.0007203147509835969,0.0029051519000277376,0.013305504826506654,0.0029784020172735136,0.02003203521007705,0.49999999999999994,0,0.05389820721721495,0.0,0.0004285195460517289,0.8333333333333286,0.024552268926262114,0.3817733990147783,0.059102589444554265
0.22635135135135137,0.015436124880424387,0.0014140669189591218,0.003233623848523336,0.01617531959300809,0.003759547331619788,0.031493648833351,0.4324324324324324,0,0.03400862545820417,0.0,0.00833328186110844,0.8888888888888857,0.016709651532600834,0.2586206896551724,0.0296501284838901
0.1925675675675676,0.0006957126706670146,0.0014875046484520264,0.005584023124425175,0.025871814940429606,0.005937008929115251,0.000845294004716454,0.6216216216216217,0,0.00015736765991433712,0.023255813953488372,0.00035709097091567426,0.6111111111111072,0.001418559756459862,0.03694581280788178,0.010674046254200436
0.40202702702702703,0.00013044612575006522,0.0008281275878987123,0.0018029460284091738,0.0025219584311679277,0.0013704303760460953,0.00028367493717603034,0.47297297297297297,1,0.0011472379723236389,0.06976744186046512,0.0014285195979564936,0.75,0.0017085448547766464,0.01847290640394089,0.007116030836133623
0.20270270270270274,0.002956778850334812,0.0015593798730621034,0.00399275901837983,0.021523610748760764,0.004290969777442107,0.04008985905080646,0.554054054054054,0,0.08970068251363564,0.023255813953488372,0.013095186870178747,0.8611111111111072,0.039751038916000195,0.2315270935960591,0.02115042498517494
0.25000000000000006,0.004478650317418906,0.034371982412445046,0.08027854421232428,0.026697973736846684,0.05234282686287169,0.0011662191861681246,0.5810810810810811,1,0.029498468509147304,0.023255813953488372,0.014285663122446324,0.6111111111111072,0.012603699262964405,0.1268472906403941,0.03261514133227911
0.2567567567567568,0.013001130533089836,0.0015593798730621034,0.0030438400560592127,0.017827637185842248,0.003406280834683461,0.16616760890681995,0.6621621621621621,1,0.0631905572145723,0.0,0.0007142338465959473,0.8888888888888857,0.09180750670812467,0.5049261083743842,0.10338011464716348
0.20608108108108109,0.002956778850334812,0.0015125047265772706,0.006073081358851954,0.02217584137751109,0.00437624100084053,0.02003203521007705,0.6486486486486487,0,0.06349914662373628,0.023255813953488372,0.013809472621539294,0.6944444444444429,0.04899978813333633,0.17364532019704434,0.05178889108519471
0.2364864864864865,0.0033915992695016956,0.012496914052856417,0.00699280281463963,0.028524219497347597,0.015878719957120757,0.02003203521007705,0.5810810810810811,1,0.016821769057518615,0.09302325581395349,0.0014285195979564936,0.22222222222222143,0.010808750685015819,0.04064039408866995,0.014232061672267248
0.2398648648648649,0.0021741020958344205,0.0007421898193431855,0.002883253770128031,0.011870597443255937,0.0035174379651849775,0.0004240797040611362,0.36486486486486486,0,0.0068603510833715855,0.09302325581395349,0.003571376852038132,0.55555555555555,0.002157725854006114,0.05911330049261084,0.016604071950978457
0.25000000000000006,4.3482041916688424e-05,0.0011062534570420533,0.005073066760098687,0.018871206191842772,0.0032235567845439817,0.0028396147751661217,0.689189189189189,1,6.490944245867144e-05,0.023255813953488372,0.0016189957983193059,0.6944444444444429,0.009632831521025103,0.08990147783251232,0.02530144297291955
0.26013513513513514,0.0013914253413340291,0.0013062540820440063,0.00038686696156148265,0.002261066179667797,0.0015120415149041918,0.10312873397881321,0.7567567567567568,0,0.05038407175089033,0.023255813953488372,0.0026189958502240707,0.9722222222222214,0.0433362016213126,0.43103448275862066,0.04170784740067207
0.32770270270270274,0.01591442734150796,0.017184428701339693,0.00384677148571512,0.016566657970258285,0.018403357249881232,0.02003203521007705,0.7027027027027026,0,0.0572410342994346,0.0,0.0154761393747139,0.7222222222222214,0.02777287893654771,0.11699507389162561,0.034394149041312515
0.2702702702702703,0.0038699017305852687,0.0008156275488360902,0.003759178966116294,0.019566918862509785,0.0040595193139321,0.02003203521007705,0.6621621621621621,0,0.08546923354031206,0.0,0.014761853623353355,0.4166666666666643,0.02545063092472105,0.09113300492610837,0.04210318244712394
0.38513513513513514,0.0038699017305852687,1.5625048828277587e-06,0.0,0.01856683189842595,4.5681012534869835e-06,0.0017880117252307365,0.6621621621621621,1,0.000829207476601572,0.0,0.00833328186110844,0.5277777777777715,0.006556622253574806,0.11576354679802955,0.031231468669697574
0.2398648648648649,0.011218366814505611,0.03124697264678952,0.10947605074526637,0.13035916166623185,0.06467060944561523,0.028628245427532513,0.7027027027027026,1,0.03747702293639002,0.0,0.006190424607026801,0.80555555555555,0.05208664991460235,0.2660098522167487,0.0395335046451868
0.26351351351351354,0.0052613270719192974,0.021871943349822967,0.007219083490269931,0.0341334029046004,0.024658610566322743,0.014301228398440073,0.7027027027027026,1,0.051590575552370795,0.0,0.005476138855666255,0.55555555555555,0.11477491830113709,0.2623152709359606,0.15892468867365092
0.2736486486486487,0.025871814940429606,0.0013921918505995332,0.006219068891516665,0.025871814940429606,0.006005530447917555,0.02003203521007705,0.6756756756756757,0,0.04294791958064061,0.023255813953488372,0.00571423410611977,0.55555555555555,0.009733438595951334,0.12931034482758622,0.05416090136390592
0.26689189189189194,0.001174015131750587,0.0013875043359510499,0.006175272631717251,0.01943647273675972,0.004079314419363877,0.02003203521007705,0.554054054054054,0,0.0037603834611703133,0.046511627906976744,0.00028566239577961964,0.9166666666666643,0.001417376143813671,0.011083743842364532,0.0061276932200039535
0.29054054054054057,0.0038699017305852687,0.004684389638717621,0.007284777879969051,0.04339507783285503,0.01196537988330024,0.02003203521007705,0.6351351351351351,0,0.2282499097952174,0.046511627906976744,0.004285662603398677,0.3333333333333286,0.11839381396686595,0.04433497536945813,0.03716149436647559
0.1891891891891892,0.0021741020958344205,0.0011265660205188141,0.0025109855618330196,0.01287068440733977,0.0030088560256300934,0.034359052239169484,0.49999999999999994,1,0.06005305930093081,0.0,0.004761853104305709,0.8333333333333286,0.04021679049227634,0.21798029556650247,0.05495157145680965
0.22297297297297297,0.013914253413340292,0.0013265666455207672,0.0039489627585804175,0.023132446299678235,0.0048543689320388345,0.0010286798226888372,0.527027027027027,1,0.03864830543640184,0.046511627906976744,0.0023809005997705553,0.38888888888888573,0.002309228272718557,0.008620689655172414,0.00494168808064835
0.26689189189189194,0.0038699017305852687,0.034371982412445046,0.007197185360370224,0.013262022784589966,0.035713415599761246,0.05728227948571739,0.5135135135135136,0,0.0717159175476775,0.3488372093023256,0.013333282120632263,0.8611111111111072,0.03938885344626576,0.24507389162561577,0.02628978058904922
0.14527027027027029,0.0020871380120010435,0.0013812543164197389,0.005817603176688711,0.0232628924254283,0.004080837119781706,0.0012894315326183196,0.47297297297297297,0,0.08512224599609666,0.0,0.02857137814965725,0.6111111111111072,0.021570748670507095,0.08620689655172414,0.013441391579363512
0.3040540540540541,0.011131402730672233,0.0013515667236460114,0.00601468634578607,0.032437603269849555,0.0052106808298108195,0.02003203521007705,0.5405405405405406,0,0.0900364051847949,0.0,0.017857091879249058,0.55555555555555,0.02930269828174952,0.16379310344827586,0.07471832377940305
0.195945945945946,8.696408383337682e-05,0.00014218794433732605,0.00021168192236383014,0.0004348204191668842,0.0002527682693596131,0.001802338742259829,0.4324324324324324,0,0.0005598077810555749,0.0,9.518619541680728e-05,0.8333333333333286,0.0006515787617281218,0.003694581280788177,0.005930025696778019
0.21959459459459463,0.002348030263501174,0.00624689452154538,0.00656943896991197,0.03387251065310027,0.01031477263037361,0.0002980019542051228,0.40540540540540554,1,7.343140373763281e-05,0.06976744186046512,0.001309471972729736,0.5833333333333286,0.0022086211977923255,0.03201970443349754,0.013441391579363512
0.29054054054054057,0.003174189059918254,0.017184428701339693,0.029182907779675617,0.13035916166623185,0.03463838910477397,0.02003203521007705,0.5675675675675675,0,0.18469150168154233,0.0,0.017857091879249058,0.5,0.08023650947896188,0.15270935960591134,0.09725242142715952
0.20945945945945948,0.0004783024610835726,0.017184428701339693,0.007284777879969051,0.04222106270110444,0.02632749022426332,0.02003203521007705,0.5945945945945945,0,0.03012931454943693,0.023255813953488372,0.00833328186110844,0.6666666666666643,0.02827532250485577,0.10837438423645321,0.04803320814390196
0.3040540540540541,0.018175493521175756,0.034371982412445046,0.08757792084555979,0.03800330463518567,0.0546116504854369,0.02003203521007705,0.7162162162162162,1,0.12219480384291934,0.0,0.018571377630609603,0.6111111111111072,0.12075275397072452,0.25738916256157635,0.1508203202213876
0.2837837837837838,0.0030437429341681884,0.015621923818511933,0.007102293464138163,0.02952430646143143,0.020440730408936427,0.02003203521007705,0.6351351351351351,0,0.23349592712117598,0.023255813953488372,0.01666661562698148,0.6944444444444429,0.14488484040758884,0.20935960591133004,0.07333465111682151
0.21959459459459463,0.008087659796504046,0.0015593798730621034,0.007284777879969051,0.018871206191842772,0.005624855343460306,0.014301228398440073,0.6621621621621621,0,0.1492455431151708,0.0,0.009047567612468986,0.30555555555555003,0.05715961371617679,0.0665024630541872,0.024510772880015814
0.320945945945946,0.0038699017305852687,0.0013687542773571167,0.00467890042190397,0.024958692060179147,0.003617936192761691,0.02003203521007705,0.7567567567567568,1,0.00034361215853369987,0.0,0.002857091100677586,0.6666666666666643,0.024544575444061873,0.23768472906403942,0.041312512354220204
0.24662162162162166,0.03195930080876598,0.009371904287200899,0.005226353669396634,0.029393860335681365,0.012321691781072225,0.02003203521007705,0.6486486486486487,1,0.016810592283738154,0.2558139534883721,0.00523804360521274,0.6666666666666643,0.03360927289491532,0.22413793103448276,0.07511365882585491
0.28716216216216217,0.03117662405426559,0.0012984415576298676,0.004540212265872494,0.018305939646925822,0.0035844367835694536,0.02003203521007705,0.5135135135135136,1,0.09626381425406438,0.0,0.022618996888319365,0.55555555555555,0.06025298536699686,0.2204433497536946,0.12393753706266061
0.29391891891891897,0.015262196712757633,6.718770996159363e-05,0.00020438254573059463,0.0006957126706670146,0.00021317805849605927,0.02003203521007705,0.6351351351351351,1,0.004041034880626829,0.0,0.005952329356573286,0.7777777777777715,0.035176967844795244,0.28078817733990147,0.059102589444554265
0.20608108108108109,0.0013914253413340291,0.0008625026953209229,0.003189827588723923,0.01591442734150796,0.003371258725073394,0.02003203521007705,0.5135135135135136,0,0.017824753012858807,0.023255813953488372,0.00523804360521274,0.55555555555555,0.004272841652749354,0.04556650246305419,0.007313698359359557
0.2736486486486487,0.0038699017305852687,0.000129687905274704,0.0005620520007591352,0.0014349073832507176,0.00048117333203396233,0.031493648833351,0.8378378378378377,1,0.0070790687120241575,0.0,0.00047613859614243194,0.55555555555555,0.10269555944043529,0.19211822660098524,0.07116030836133624
0.22635135135135137,0.019392990694843033,0.0007500023437573243,0.00146717470328034,0.003522045395251761,0.001452656198608861,0.05728227948571739,0.7702702702702702,0,0.12685202083663583,0.0,0.004047567352945162,0.5833333333333286,0.1589349143241986,0.29310344827586204,0.21901561573433484
0.38851351351351354,0.9130359161666233,0.001301566567395523,0.005912495072920773,0.027089312114096882,0.006617656015884811,0.41832310861884686,0.8378378378378377,1,0.2205575018153875,0.0,0.014523758372899839,0.9444444444444429,0.3372224872199424,0.6982758620689655,0.22257363115240167
0.26013513513513514,0.000739194712583703,0.0003734386669958344,0.0008467276894553206,0.004565614401252283,0.0012516597434554337,0.02003203521007705,0.47297297297297297,0,0.008497522276904479,0.0,0.0044047102286254355,1.0,0.0008445076230572477,0.02832512315270936,0.005732358173552086
0.22297297297297297,0.0038699017305852687,0.0012906290332157287,0.003861370238981591,0.0027393686407513698,0.002175938897077633,0.005705018180984609,0.7162162162162162,1,0.032533008612552324,0.046511627906976744,0.00028566239577961964,0.25,0.022348382179054552,0.07019704433497537,0.018580747183237795
0.22635135135135137,0.0012174971736672755,0.0015593798730621034,0.007109592840771398,0.011566223149839117,0.0040107929005615715,0.02003203521007705,0.5675675675675675,0,0.12269156673036573,0.046511627906976744,0.014285663122446324,0.6111111111111072,0.05068880337945083,0.1440886699507389,0.05297489622455031
0.24324324324324326,0.01395773545525698,0.0007343772949290467,0.00032847194849559846,0.01856683189842595,0.0007872361160175903,0.0019628013329856643,0.554054054054054,0,0.05982944756027695,0.046511627906976744,0.009523758113376017,0.3333333333333286,0.01030985795464633,0.02955665024630542,0.01087171377742637
0.18243243243243246,0.0035655274371684496,0.0010125031640723877,0.002788361873895969,0.0076093573354204715,0.0020419412603086815,0.02003203521007705,0.0,0,0.011977767135297615,0.06976744186046512,0.004761853104305709,0.6666666666666643,0.015001698484147284,0.038177339901477834,0.02530144297291955
0.27702702702702703,0.002130620053917732,0.028121962881134003,0.08027854421232428,0.020132185407426735,0.04654742907261454,0.034359052239169484,0.5945945945945945,1,0.0715504894614956,0.16279069767441862,0.009999948614283048,0.9444444444444429,0.06762689215276652,0.24014778325123154,0.03676615932002372
0.22972972972972977,0.0021741020958344205,0.012496914052856417,0.005350443072161638,0.022784589964344727,0.016064489408095895,0.02003203521007705,0.47297297297297297,0,0.06494617196714315,0.023255813953488372,0.023809473140586943,0.80555555555555,0.030778071445226547,0.2044334975369458,0.04407985767938328
0.320945945945946,0.0101313157665884,0.02030943846699521,0.0021752142367041853,0.012827202365423082,0.021255375132474937,0.02003203521007705,0.7162162162162162,0,0.1768831511101722,0.023255813953488372,0.026190425645122094,0.75,0.19897297930690008,0.43472906403940886,0.15437833563945444
0.2533783783783784,0.0075223932515870945,0.028121962881134003,0.003613191433451583,0.019871293155926603,0.030676322617582928,0.06301308629735437,0.6486486486486487,1,0.09937221968301262,0.023255813953488372,0.014523758372899839,0.9166666666666643,0.09284020874192628,0.3251231527093596,0.033801146471634715
0.29054054054054057,0.015783981215757893,0.0013828168213025666,0.00560592125432488,0.031350552221932344,0.005898941418669526,0.031493648833351,0.7432432432432432,0,0.10072224246423614,0.0,0.002547567275088016,0.05555555555555003,0.06239058980601772,0.2733990147783251,0.06325360743229888
0.27702702702702703,0.0038699017305852687,0.0015593798730621034,0.005021971123666039,0.019871293155926603,0.004915276948751995,0.11172494419626867,0.8918918918918919,0,0.2769336300227657,0.0,0.004523757853852194,0.13888888888888573,0.4333146717072784,0.24261083743842365,0.15971535876655465
0.1925675675675676,0.0013044612575006523,0.0014406295019671936,0.004832187331201916,0.027219758239846945,0.004936594754601601,0.02003203521007705,0.39189189189189183,0,0.17161311949956037,0.046511627906976744,0.010714234365643593,0.38888888888888573,0.03601851643623701,0.041871921182266014,0.016604071950978457
0.22972972972972977,0.0038699017305852687,0.0624970703033447,0.021883531146440094,0.016740586137925038,0.0667064599042526,0.05728227948571739,0.47297297297297297,1,0.0023955389629993365,0.0,0.0007142338465959473,0.9444444444444429,0.01838564703960723,0.31157635467980294,0.051393556038742835
0.19932432432432434,0.0038699017305852687,0.026559457998306245,0.09487729747879532,0.04109052961127054,0.047485412529997204,0.02003203521007705,0.527027027027027,1,0.024897507505154282,0.11627906976744186,0.005476138855666255,0.8611111111111072,0.04297934240848603,0.4839901477832512,0.07827633919746986
0.28716216216216217,0.018262457605009132,0.0013421916943490448,0.0036277901867180543,0.018262457605009132,0.005031002180506998,0.0020172439976962157,0.49999999999999994,1,0.006564049550793299,0.046511627906976744,0.002035662486612958,0.6666666666666643,0.014085582295995483,0.08004926108374384,0.0395335046451868
0.20608108108108109,0.0038699017305852687,0.0015593798730621034,0.005912495072920773,0.027828506826680584,0.006905446394854491,0.001802338742259829,0.47297297297297297,0,0.04968807826860624,0.023255813953488372,0.008380900911199142,0.6388888888888857,0.008891298198186468,0.05295566502463055,0.015615734334848787
0.26013513513513514,0.020480041742760243,0.04062200194375608,0.06567979094585323,0.0034785633533350726,0.0534193760582768,0.02003203521007705,0.689189189189189,0,0.13954642561284733,0.13953488372093023,0.014285663122446324,0.6388888888888857,0.16902047768239173,0.1896551724137931,0.09804309152006326
0.19932432432432434,0.00021741020958344207,0.0015593798730621034,0.007284777879969051,0.04000347856335334,0.00658872470794606,0.0005215034198589649,0.5405405405405406,1,0.001552960120212645,0.0,0.00369042447726489,0.6944444444444429,0.0019393493207838831,0.04802955665024631,0.004546353034196481
0.2398648648648649,0.0038699017305852687,2.0312563476760868e-05,7.299376633235521e-05,8.696408383337682e-05,5.177181420618582e-05,0.06301308629735437,0.8378378378378377,1,0.007100325620840033,0.023255813953488372,0.0005951862213691896,0.4166666666666643,0.10845797760841595,0.1477832512315271,0.077881004151018
0.35810810810810817,0.030698321593182018,0.017184428701339693,0.05838041431261771,0.032307157144099485,0.031120951139588994,0.07447469992062833,0.5135135135135136,0,0.10594772608438818,0.023255813953488372,0.014285663122446324,0.8333333333333286,0.037562539133193115,0.2610837438423645,0.05949792449100613
0.21283783783783788,0.007044090790503522,0.0006781271191472473,0.002350399275901838,0.013305504826506654,0.0017815594888599237,0.001756492287766733,0.6486486486486487,1,0.016058071939330735,0.06976744186046512,0.003571376852038132,0.6388888888888857,0.018121701419506645,0.145320197044335,0.028266455821308562
0.2533783783783784,0.019610400904426475,0.028121962881134003,0.08027854421232428,0.08687711974954344,0.05158299935437503,0.02003203521007705,0.6621621621621621,1,0.03473410852937937,0.09302325581395349,0.004761853104305709,0.7777777777777715,0.056144665872068046,0.23275862068965517,0.03716149436647559
0.5371621621621622,0.005696147491086182,0.0031218847558898625,0.00601468634578607,0.03556831028785112,0.009652397948617997,0.02003203521007705,0.8108108108108107,0,0.02827045007559674,0.0,0.0064285198574803165,0.0833333333333286,0.026778644313747303,0.09729064039408868,0.03340581142518285
0.5202702702702703,0.0038699017305852687,0.001225003828136963,0.00454751164250573,0.011740151317505871,0.0028992215955464056,0.037224455644987976,0.8243243243243243,1,0.029520900951581972,0.023255813953488372,0.00880947236201547,0.5277777777777715,0.14263005831659506,0.27463054187192115,0.28385056335244124
0.35135135135135137,0.0038699017305852687,0.015621923818511933,0.014584154513204573,0.02487172797634577,0.022257312007406417,0.02003203521007705,0.7702702702702702,1,0.18585004528927357,0.0,0.009523758113376017,0.3333333333333286,0.10762412249917443,0.09852216748768473,0.06285827238584701
0.29054054054054057,0.00017392816766675367,0.034371982412445046,0.004875983591001329,0.016523175928341596,0.03619002083054172,0.00049284938580078,0.4324324324324324,0,5.617052027691286e-05,0.06976744186046512,0.00571423410611977,0.6666666666666643,0.0017144629180076013,0.01847290640394089,0.009685708638070766
0.25000000000000006,0.0038699017305852687,0.03124697264678952,0.10947605074526637,0.04339507783285503,0.05796920490674983,0.30370697238610733,0.8243243243243243,1,0.14063295923948288,0.023255813953488372,0.0030951863511311014,0.8333333333333286,0.3262870899817842,0.8226600985221675,0.2251433089543388
0.18243243243243246,0.0004348204191668842,0.0005078140869190217,0.0020365260806727106,0.010740064353422039,0.0022947095296682947,0.0004126180904378623,0.49999999999999994,0,0.01711899234520515,0.09302325581395349,0.005476138855666255,0.55555555555555,0.002303310209487602,0.06403940886699508,0.009092706068392964
0.26689189189189194,0.004609096443168971,0.0015593798730621034,0.0007153389100570812,0.0008696408383337683,0.00172674227381808,0.02003203521007705,0.6756756756756757,1,0.04095486544587763,0.06976744186046512,0.004761853104305709,0.8333333333333286,0.03279731461962832,0.31650246305418717,0.032417473809053174
0.28040540540540543,0.009522567179754762,0.017184428701339693,0.021883531146440094,0.021784503000260896,0.024855038920222682,0.0544168760798989,0.6081081081081081,0,0.13547294784522224,0.023255813953488372,0.019047568131516635,0.8611111111111072,0.10229727378499202,0.25,0.039928839691638664
0.21283783783783788,0.003522045395251761,0.0014218794433732604,0.005722711280456649,0.025089138185929213,0.004080837119781706,0.0006705043969615262,0.2972972972972973,1,0.02822943394565157,0.046511627906976744,0.0033332816015846168,0.55555555555555,0.007708869164641702,0.13177339901477833,0.044672860249061086
0.26351351351351354,0.00682668058092008,0.004684389638717621,0.0021314179769047724,0.0032611531437516305,0.005397972981203786,0.10885954079045018,0.7567567567567568,1,0.0022860184141818745,0.0,0.001666614848410009,0.8611111111111072,0.05652164649987986,0.4778325123152709,0.0593002569677802
0.2533783783783784,0.0009566049221671452,0.0004453138916059113,0.0012627921575497452,0.007174536916253587,0.0012988634564081326,0.02003203521007705,0.5675675675675675,0,0.03812632643239215,0.11627906976744186,0.00833328186110844,0.8333333333333286,0.01136741585401795,0.11822660098522168,0.011464716347104172
0.24324324324324326,0.01947995477867641,0.021871943349822967,0.021883531146440094,0.030872249760848774,0.02838770388958595,0.04582066586244344,0.7027027027027026,1,0.027354266260350178,0.023255813953488372,0.000833281471822705,0.8333333333333286,0.06545022849642135,0.396551724137931,0.05732358173552086
0.24662162162162166,0.0033915992695016956,0.0031218847558898625,0.014584154513204573,0.036481433168101575,0.009120975502795678,0.00083383239109318,0.48648648648648657,0,0.009410268905484909,0.13953488372093023,0.004523757853852194,0.7222222222222214,0.013384883609450436,0.18719211822660098,0.042696185016801745
0.2837837837837838,0.0038699017305852687,0.0624970703033447,0.005043869253565746,0.023871641012261937,0.06563295610968316,0.042955262456624954,0.7837837837837838,1,0.013888423463921905,0.0,0.0044047102286254355,0.5,0.12617547530924839,0.19088669950738918,0.12789088752717928
0.29054054054054057,0.04339507783285503,0.045309516592239356,0.007284777879969051,0.041394903904687363,0.051450524418023905,0.028628245427532513,0.6621621621621621,0,0.06093125523446942,0.046511627906976744,0.0034523292268113744,0.44444444444444287,0.09926249096015842,0.12931034482758622,0.09982209922909667
0.35472972972972977,0.02113227237151057,0.015621923818511933,0.005408838085227522,0.025871814940429606,0.018546491089157156,0.02003203521007705,0.7297297297297296,1,0.20199804292061277,0.0,0.01190471061791117,0.44444444444444287,0.11238461256215446,0.1330049261083744,0.06266060486262108
0.2702702702702703,0.002478476389251239,0.07655961424879454,0.005109563643264865,0.017436298808592054,0.07754351877794155,0.05155147267408042,0.7567567567567568,0,0.041623527114067534,0.0,0.007142805608840863,0.75,0.05167001826314313,0.1810344827586207,0.07175331093101404
0.24324324324324326,0.012392381946256198,0.024996953115478487,0.005992788215886363,0.03326376206626663,0.02985710979279093,0.02003203521007705,0.5945945945945945,0,0.054545345048932804,0.0,0.01190471061791117,0.27777777777777146,0.0404831033376693,0.12807881773399016,0.029057125914212296
0.26013513513513514,0.0026089225150013043,0.000135937924806015,8.029314296559074e-05,0.00017392816766675367,0.0001720651472146764,0.002315245951901338,0.7432432432432432,1,0.00012417264178636613,0.0,0.00023804334568891652,0.47222222222222143,0.0037260126102091323,0.09482758620689656,0.009685708638070766
0.25000000000000006,0.0038699017305852687,0.001360941752942978,0.004948977357333684,0.025958779024262982,0.0068445383781413315,0.0006934276242080742,0.4189189189189189,1,0.006446813083323631,0.06976744186046512,0.002857091100677586,0.44444444444444287,0.002922931429768568,0.03571428571428572,0.006325360743229888
0.25000000000000006,0.0033481172275850075,0.0012078162744258575,0.0044672184995401395,0.0232628924254283,0.004615304966439682,0.02003203521007705,0.5945945945945945,1,0.032852753756863765,0.046511627906976744,0.003571376852038132,0.9444444444444429,0.02961043756975917,0.2105911330049261,0.029847796007116033
0.445945945945946,0.9130359161666233,0.017184428701339693,0.007284777879969051,0.03987303243760327,0.02029911927007833,0.06587848970317287,0.7972972972972974,0,0.1676392991066201,0.046511627906976744,0.03571423566326271,0.7777777777777715,0.27183084754950754,0.4445812807881773,0.1622850365684918
0.17905405405405406,0.0003913383772501957,0.0015593798730621034,0.006584037723178441,0.032307157144099485,0.0072785079972225945,0.10312873397881321,0.6621621621621621,0,0.42538193254926165,0.0,0.017857091879249058,1.0,0.014431197188683242,0.2019704433497537,0.030440798576793836
0.347972972972973,0.0038699017305852687,0.01874693358416745,0.0032190250952568653,0.006913644664753457,0.01971135690879634,0.034359052239169484,0.7702702702702702,1,0.05508877819894272,0.023255813953488372,0.00571423410611977,0.30555555555555003,0.03743293354843521,0.1022167487684729,0.03340581142518285
0.26689189189189194,0.565179580833116,0.0624970703033447,0.1240748040117374,0.6956257065831812,0.12310576068022074,0.23493729064646365,0.5810810810810811,0,0.1048138331799584,0.16279069767441862,0.023809473140586943,0.8888888888888857,0.11777951900349284,0.646551724137931,0.09448507610199645
0.34121621621621623,0.006391860161753196,0.0009953156103612824,0.004489116629439846,0.010783546395338727,0.002806336870058837,0.02003203521007705,0.7567567567567568,0,0.0846423902800937,0.0,0.006666615107933832,0.6666666666666643,0.021668396713817848,0.15763546798029557,0.05692824668906899
0.15878378378378383,0.0010000869640838335,0.001451567036146988,0.005416137461860757,0.028350291329680845,0.0058563058069703135,0.0007249470616720775,0.5135135135135136,0,0.009181414600470738,0.0,0.0023809005997705553,0.55555555555555,0.004108911301251907,0.034482758620689655,0.013441391579363512
0.18243243243243246,0.016305765718758154,0.000823440073250229,0.003649688316617761,0.010174797808505089,0.002284050626743492,0.02003203521007705,0.7567567567567568,1,0.006273244361085874,0.023255813953488372,0.00019042429559821343,0.4166666666666643,0.01567754130512232,0.08990147783251232,0.03419648151808658
0.3310810810810811,0.0038699017305852687,0.001198441245128891,0.005189856786230456,0.010870510479172103,0.0029449026080812755,0.0025043625766853587,0.6351351351351351,1,0.09833908999641469,0.023255813953488372,0.007142805608840863,0.30555555555555003,0.007413557809417059,0.03571428571428572,0.021348092508400873
0.27702702702702703,0.020480041742760243,0.0012984415576298676,0.005073066760098687,0.020088703365510045,0.006089278970898149,0.07160929651480984,0.527027027027027,0,0.10986409260043861,0.0,0.01666661562698148,0.8611111111111072,0.09169032905615176,0.4359605911330049,0.15793635105752124
0.195945945945946,0.006130967910253066,0.0015593798730621034,0.006883312165141097,0.026567527611096618,0.0046960080885846195,0.02003203521007705,0.4324324324324324,0,3.6843906038651113e-06,0.046511627906976744,0.0038094721024916475,0.8888888888888857,0.004392386530014641,0.06527093596059114,0.008104368452263293
0.26351351351351354,0.001478389425167406,0.015621923818511933,0.005467233098293406,0.032350639186016175,0.01929870509556468,0.10312873397881321,0.7162162162162162,0,0.08546708759974621,0.09302325581395349,0.004047567352945162,0.8888888888888857,0.12657316915836855,0.2733990147783251,0.04921921328325756
0.22972972972972977,0.0038699017305852687,0.0009734405420016937,0.0027518649907297917,0.012696756239673016,0.002517023790671328,0.02003203521007705,0.7702702702702702,1,0.03521546456289804,0.06976744186046512,0.0005951862213691896,0.6666666666666643,0.11100688744198818,0.25123152709359603,0.1931211701917375
0.20608108108108109,0.000739194712583703,0.0015593798730621034,0.005029270500299275,0.019349508652926343,0.004021451803486375,0.02003203521007705,0.39189189189189183,0,0.043947921309753266,0.023255813953488372,0.01190471061791117,0.5833333333333286,0.018197452628862867,0.05541871921182266,0.03221980628582724
0.16216216216216217,0.0034785633533350726,0.0031218847558898625,0.004153345304311012,0.021219236455343946,0.005943099730786566,0.0005759460845695161,0.554054054054054,1,1.687561349393463e-05,0.0,0.00023804334568891652,0.55555555555555,0.001133900915050937,0.034482758620689655,0.010476378730974503
0.40540540540540543,0.6956257065831812,0.034371982412445046,0.007284777879969051,0.038568571180102616,0.03885931466299595,0.02003203521007705,0.7567567567567568,1,0.052132987013765716,0.11627906976744186,0.002857091100677586,0.47222222222222143,0.1417482668951828,0.17118226600985223,0.09112472820715557
0.3040540540540541,0.0017392816766675365,0.0012484414013793793,0.0012554927809165096,0.006913644664753457,0.0022231426100303322,0.0028396147751661217,0.35135135135135137,0,0.0026296161086553876,0.0,0.004761853104305709,0.0,0.001761215617532144,0.030788177339901482,0.014429729195493181
0.20608108108108109,0.00021741020958344207,0.0359344872952728,0.007284777879969051,0.04339507783285503,0.04375022840506268,0.02003203521007705,0.527027027027027,0,0.08325953145241774,0.046511627906976744,0.0023809005997705553,0.5277777777777715,0.03970606163544494,0.11699507389162561,0.0766949990116624
0.2533783783783784,0.006652752413253327,0.0006625020703189698,0.0028102600037956758,0.012653274197756328,0.0026784300349612013,0.02003203521007705,0.4189189189189189,0,0.10653723252575029,0.0,0.01190471061791117,0.4166666666666643,0.020387136024316136,0.0665024630541872,0.028859458390986362
0.21283783783783788,0.002956778850334812,0.0031218847558898625,0.0038394721090818846,0.02217584137751109,0.006063393063795057,0.02003203521007705,0.5675675675675675,0,0.14493287581407102,0.046511627906976744,0.006190424607026801,0.6388888888888857,0.057210509059963,0.15763546798029557,0.053370231271002176
0.2837837837837838,0.6086616227498044,0.017184428701339693,0.003116833822391568,0.010218279850421777,0.018114044170493723,0.02003203521007705,0.7702702702702702,0,0.23651382566587917,0.046511627906976744,0.006666615107933832,0.11111111111110716,0.19526472088638383,0.1810344827586207,0.10338011464716348
0.3344594594594595,0.0003478563353335073,0.001075003359385498,0.00016058628593118148,0.000739194712583703,0.001175524722563984,0.02003203521007705,0.7702702702702702,1,1.2817787154345861e-05,0.3488372093023256,0.005952329356573286,0.6666666666666643,0.008001813294573964,0.04064039408866995,0.01838307966001186
0.15540540540540543,0.026480563527263242,0.007809399404373138,0.00467890042190397,0.024958692060179147,0.00948185550182115,0.02003203521007705,0.8108108108108107,0,0.0001115034399775723,0.09302325581395349,0.007380900859294378,0.6111111111111072,0.08841113021987972,0.34729064039408863,0.16604071950978455
0.24324324324324326,0.0017827637185842248,0.0015593798730621034,0.0036788858231507028,0.019914775197843293,0.0037960921416476836,0.02003203521007705,0.6621621621621621,0,0.009844428710615097,0.0,0.0064285198574803165,0.75,0.010305715310384662,0.1440886699507389,0.01383672662581538
0.25000000000000006,8.696408383337682e-05,0.0010703158447370148,0.0022628067563030116,0.004087311940168711,0.001723696872982422,0.0014212400892859702,0.445945945945946,0,0.029071202801067817,0.023255813953488372,0.009761853363829532,0.6388888888888857,0.01765890887484598,0.11945812807881774,0.025894445542597355
0.22635135135135137,0.17384120358292027,0.026559457998306245,0.10217667411203084,0.023349856509261677,0.0490766344666285,0.02003203521007705,0.5675675675675675,0,0.036877275940415885,0.0,0.0154761393747139,0.6944444444444429,0.04005641097871746,0.16625615763546797,0.03973117216841273
0.22635135135135137,0.0017827637185842248,0.007809399404373138,0.004496416006073082,0.018697278024176017,0.01045333836839605,0.0028396147751661217,0.527027027027027,1,0.0455011615067677,0.046511627906976744,0.007142805608840863,0.6388888888888857,0.02066587680249411,0.1330049261083744,0.036370824273571856
0.40540540540540543,0.0038699017305852687,0.0013937543554823609,0.006036584475685777,0.02517610226976259,0.003945316782594925,0.1317827680369981,0.5945945945945945,0,0.4633214766829784,0.046511627906976744,0.046428521933670905,0.8611111111111072,0.19302236672817505,0.5258620689655172,0.17750543585688872
0.20945945945945948,0.0002608922515001305,0.00082969009278154,0.0015839647294121082,0.008565962257587618,0.0019064209231219014,0.0028396147751661217,0.39189189189189183,0,0.05609404221613413,0.0,0.004047567352945162,0.36111111111110716,0.014833033682065072,0.0726600985221675,0.016999406997430324
0.21621621621621623,0.0037829376467518917,0.00013437541992318726,0.0005255551175929576,4.3482041916688424e-05,0.0002603817714487581,0.0024527853153806256,0.7567567567567568,0,0.003863279470422368,0.023255813953488372,5.35195265874421e-05,0.27777777777777146,0.004214252826762902,0.08620689655172414,0.010081043684522634
0.21959459459459463,0.0038699017305852687,0.004684389638717621,0.007284777879969051,0.022523697712844598,0.007723136519228661,0.07734010332644681,0.6621621621621621,1,0.0022381358003918145,0.09302325581395349,0.002857091100677586,0.9166666666666643,0.05006563132123129,0.5763546798029556,0.04625420043486855
0.2702702702702703,0.0038699017305852687,0.00021875068359588625,0.0008394283128220851,0.004696060527002348,0.00089382514526562,0.0013266817768939599,0.554054054054054,0,0.04102408912301556,0.18604651162790697,0.013809472621539294,0.7777777777777715,0.016358710383005216,0.22783251231527094,0.023522435263886147
0.20270270270270274,0.004565614401252283,0.001301566567395523,0.0018540416648418225,0.005000434820419167,0.0019125117247932174,0.02003203521007705,0.689189189189189,0,0.2584774142746875,0.0,0.021428520636051787,0.80555555555555,0.09869494869630985,0.23029556650246305,0.025894445542597355
0.20945945945945948,0.47821549699973914,0.034371982412445046,0.0028613556402283247,0.010174797808505089,0.034850044462852205,0.0023983426506700746,0.5405405405405406,1,0.042237799971212575,0.023255813953488372,0.014285663122446324,0.6111111111111072,0.041010402771547376,0.12807881773399016,0.02708045068195296
0.26689189189189194,0.0038699017305852687,0.0009453154541107942,0.0019489335610738843,0.011044438646838857,0.002227710711283819,0.0028396147751661217,0.2972972972972973,0,0.06797751551324695,0.13953488372093023,0.0030951863511311014,0.80555555555555,0.0049261958334467625,0.04310344827586207,0.011464716347104172
0.20608108108108109,0.011348812940255675,0.0004078137744180451,0.001890538548008,0.0076963214192538485,0.0015089961140685338,0.02003203521007705,0.7972972972972974,1,0.003982769701452001,0.0,0.0014285195979564936,0.5833333333333286,0.015551486558302983,0.13177339901477833,0.04546353034196482
0.20945945945945948,0.0009131228802504567,0.001445317016615677,0.0037007839530504094,0.021784503000260896,0.005405586483292931,0.002094609889653315,0.35135135135135137,1,0.01269971834595819,0.13953488372093023,0.0011904243475029783,1.0,0.0006853117221445641,0.01354679802955665,0.001581340185807472
0.16216216216216217,0.010696582311505349,0.0005484392138725434,0.0017956466517759383,0.008435516131837552,0.002277959825072176,0.1317827680369981,0.527027027027027,1,0.00012867096450436133,0.0,0.00011899572046215883,0.8333333333333286,0.015483428831147002,0.2820197044334975,0.03340581142518285
0.28716216216216217,0.004217758065918776,0.02343444823265073,0.006065781982218719,0.0337420645273502,0.026772118746269388,0.02003203521007705,0.7702702702702702,1,0.15971355164820367,0.046511627906976744,0.004761853104305709,0.75,0.2500878832389797,0.31403940886699505,0.10950780786716743
0.22635135135135137,0.0038699017305852687,0.02030943846699521,0.0065402414633790274,0.03148099834768241,0.023187681962699932,0.06587848970317287,0.7297297297297296,1,0.0052598449674968566,0.0,0.0015475672231832513,0.8611111111111072,0.086032660607359,0.5972906403940886,0.07392765368649931
0.22972972972972977,0.00017392816766675367,0.001107815961924881,0.00497087548723339,0.025306548395512656,0.0044325809163002034,0.0012493158849368607,0.527027027027027,0,0.04452850342598031,0.023255813953488372,0.009523758113376017,0.5277777777777715,0.0177222321514172,0.10960591133004927,0.022929432694208343
0.22297297297297297,0.013305504826506654,0.015621923818511933,0.014584154513204573,0.03961214018610314,0.023399337320778164,0.05728227948571739,0.47297297297297297,0,0.04950969301432639,0.046511627906976744,0.009999948614283048,0.8611111111111072,0.05393071841736786,0.3571428571428571,0.055742241549713384
0.2702702702702703,0.000739194712583703,0.0015593798730621034,0.006430750813880495,0.036524915210018265,0.005612673740117674,0.02003203521007705,0.527027027027027,1,0.09164933198362613,0.046511627906976744,0.00833328186110844,0.05555555555555003,0.004572295652235666,0.012315270935960592,0.009290373591618897
0.2736486486486487,0.012696756239673016,0.0009109403466885835,0.0002700769354297143,0.0005652665449169494,0.0010110730774384525,0.031493648833351,0.8378378378378377,1,1.0385195213892451e-05,0.023255813953488372,0.0009523290970494627,0.75,0.048304415703699144,0.17364532019704434,0.020952757461949002
0.22297297297297297,0.0003478563353335073,0.0010203156884865264,0.0011314033781515058,0.004565614401252283,0.0016171078437343925,0.0003868294597854959,0.6351351351351351,1,0.0001558226353035086,0.16279069767441862,0.0005951862213691896,0.7222222222222214,4.083463629358801e-05,0.002463054187192118,0.00039533504645186793
0.3175675675675676,0.022567179754761284,0.00092031537598555,0.0018029460284091738,0.010740064353422039,0.0031946254766052305,0.02003203521007705,0.6081081081081081,0,0.095351289846045,0.023255813953488372,0.019047568131516635,0.6944444444444429,0.050972278608213566,0.27832512315270935,0.08104368452263294
0.30743243243243246,8.696408383337682e-05,0.0002734383544948578,0.0004671601045270734,0.001478389425167406,0.0005040138383013973,0.0019427435091449348,0.7297297297297296,1,0.0012188534790505872,0.023255813953488372,0.003571376852038132,0.5277777777777715,0.0030365582438028997,0.07635467980295567,0.009883376161296701
0.26351351351351354,0.023436820593095053,0.034371982412445046,0.160571687177915,0.02765457865901383,0.07007467322849033,0.02003203521007705,0.6081081081081081,1,0.005897816529800168,0.023255813953488372,0.003571376852038132,0.5277777777777715,0.008634454253963031,0.09482758620689656,0.020557422415497136
0.21283783783783788,0.0003913383772501957,0.0014046918896621552,0.005642418137491058,0.02578485085659623,0.004245288764907237,0.02003203521007705,0.6081081081081081,0,0.19044327722546875,0.0,0.00523804360521274,0.38888888888888573,0.03830170523073937,0.07758620689655173,0.02174342755485274
0.20270270270270274,0.004956952778502478,0.0010046906396582488,0.0037956758492824713,0.020827898078093748,0.004146313237748353,0.02003203521007705,0.5810810810810811,0,0.28018068135808877,0.046511627906976744,0.01499994887380687,0.6111111111111072,0.0963975565500532,0.23768472906403942,0.1569480134413916
0.2533783783783784,0.0036959735629185147,0.02343444823265073,0.021883531146440094,0.04004696060527002,0.03190666455518876,0.11745575100790565,0.6351351351351351,1,0.07337564084087024,0.046511627906976744,0.00833328186110844,0.8611111111111072,0.15990961933833683,0.291871921182266,0.03814983198260526
0.1891891891891892,0.00656578832941995,0.017184428701339693,0.007284777879969051,0.018479867814592574,0.021045242474814537,0.02003203521007705,0.5675675675675675,0,0.21234172628177,0.0,0.004761853104305709,0.5,0.0706782455546468,0.13177339901477833,0.059102589444554265
0.195945945945946,0.006652752413253327,0.0006968771777411805,0.003094935692491861,0.006304896077919819,0.002020623454459076,0.0006647735901498893,0.5405405405405406,1,0.0018406673712110383,0.0,0.0002618528707342681,0.19444444444444287,0.000770531832670313,0.06896551724137931,0.007116030836133623
0.31081081081081086,0.0015218714670840944,0.01874693358416745,0.07297916757908875,0.038307678928602484,0.03906944732065635,0.0028396147751661217,0.689189189189189,1,0.023410884824615084,0.0,0.004761853104305709,0.55555555555555,0.012088827761871338,0.16625615763546797,0.07293931607036964
0.2364864864864865,0.011870597443255937,0.0006828146337957306,0.001160600884684448,0.004348204191668841,0.0014282929919235971,0.02003203521007705,0.5675675675675675,1,4.529880667492972e-06,0.09302325581395349,0.0023809005997705553,0.7777777777777715,0.013452349530283321,0.08620689655172414,0.01838307966001186
0.30743243243243246,0.00682668058092008,0.004684389638717621,0.0004306632213608958,0.0016088355509174712,0.004781279311983043,0.02003203521007705,0.6216216216216217,0,0.024070831239085346,0.046511627906976744,0.00833328186110844,0.6111111111111072,0.016634492129567708,0.12807881773399016,0.04230084997034987
0.1925675675675676,0.001695799634750848,0.0008828152587976838,0.0029197506532942087,0.014175145664840422,0.004495011633431192,0.02003203521007705,0.445945945945946,0,0.02737516288257595,0.023255813953488372,0.006190424607026801,0.80555555555555,0.049822398922439046,0.2044334975369458,0.0395335046451868
0.16216216216216217,0.0013479432994173408,0.001159378623058197,0.0036569876932509965,0.02056700582659362,0.003651435601953929,0.02003203521007705,0.6486486486486487,1,0.022720169409384493,0.0,0.0019047100988635244,0.5,0.02852684019217135,0.04802955665024631,0.03221980628582724
0.35810810810810817,0.0038699017305852687,0.0011218785058703308,0.004189842187477189,0.023915123054178627,0.004632054671035802,0.02003203521007705,0.7162162162162162,1,0.04626346744534855,0.023255813953488372,0.009047567612468986,0.30555555555555003,0.040323907436756616,0.09975369458128079,0.04111484483099427
0.3783783783783784,0.022001913209844338,0.05312204100637815,0.10217667411203084,0.022654143838594664,0.07514983372111438,0.23493729064646365,0.7702702702702702,0,0.5583724400429695,0.023255813953488372,0.030952330654192402,0.9166666666666643,0.29494147627270906,0.6169950738916256,0.13935560387428345
0.19932432432432434,0.007739803461170537,0.021871943349822967,0.005941692579453715,0.021001826245760503,0.025062126177047426,0.08307091013808379,0.8108108108108107,0,0.1906636989833942,0.0,0.005952329356573286,0.7777777777777715,0.2862768398962682,0.3793103448275862,0.19233050009883376
0.19932432432432434,0.0034785633533350726,0.0014437545117328492,0.006328559541015197,0.03161144447343247,0.006533907492904216,0.02003203521007705,0.05405405405405406,0,0.05225139507011049,0.2558139534883721,0.004761853104305709,0.75,0.05306431396035608,0.13669950738916256,0.13144890294524608
0.20608108108108109,0.0006522306287503262,0.0009218778808683778,0.002744565614096556,0.011000956604922169,0.0030423554348223314,0.0006733698003673447,0.02702702702702703,0,0.009216901514680985,0.13953488372093023,0.0013332814977750874,0.7222222222222214,0.005139837916084231,0.02955665024630542,0.00691836331290769
0.3040540540540541,0.6086616227498044,0.034371982412445046,0.07297916757908875,0.042481954952604574,0.053012815046716455,0.02003203521007705,0.6756756756756757,0,0.17538612745544435,0.0,0.03571423566326271,0.7222222222222214,0.15190070436788572,0.3805418719211822,0.17197074520656255
0.20945945945945948,0.0015653535090007827,0.000564064262700821,0.0016131622359450502,0.0036090094790851377,0.001175524722563984,0.001332412583705597,0.6351351351351351,1,0.00026067523742442504,0.023255813953488372,0.00047613859614243194,0.7222222222222214,0.006071932874959609,0.09482758620689656,0.015220399288396918
0.1722972972972973,0.0027393686407513698,0.0014687545898580932,0.005897896319654302,0.023175928341594924,0.005643127748474254,0.08880171694972076,0.5135135135135136,1,0.08471138253226865,0.0,0.0007142338465959473,0.9166666666666643,0.08244276345146181,0.44334975369458124,0.11405416090136392
0.20608108108108109,0.17384120358292027,0.00624689452154538,0.004255536577176309,0.014436037916340553,0.00798351829067742,0.0011003149078342995,0.6081081081081081,1,0.006980283125694188,0.046511627906976744,0.0011904243475029783,0.5833333333333286,0.008895440842448137,0.09852216748768473,0.032417473809053174
0.20945945945945948,0.02361074876076181,0.021871943349822967,0.007284777879969051,0.04226454474302113,0.027273087183735126,0.09166712035553926,0.47297297297297297,1,0.05568054234860848,0.0,0.0154761393747139,0.8888888888888857,0.062026628917314,0.29310344827586204,0.08341569480134414
0.2398648648648649,0.001174015131750587,0.0009093778418057557,0.0015912641060453437,0.004130793982085399,0.001720651472146764,0.0017421652707376408,0.49999999999999994,1,0.04644813404649303,0.023255813953488372,0.016190425126074447,0.4166666666666643,0.019057347216320596,0.04802955665024631,0.012057718916781974
0.22297297297297297,0.0038699017305852687,0.0015203172509914093,0.0037883764726492357,0.017305852682841988,0.004872641337052783,0.02003203521007705,0.37837837837837834,0,0.06907005303977444,0.0,0.005952329356573286,0.9166666666666643,0.002511034228894115,0.02832512315270936,0.005139355603874284
0.3040540540540541,0.005696147491086182,0.021871943349822967,0.0016642578723776989,0.007304983042003652,0.02242024095211412,0.02003203521007705,0.7432432432432432,1,0.009284235659592736,0.023255813953488372,0.003214233976357859,0.55555555555555,0.026496944503953856,0.16133004926108374,0.06186993476971734
0.3006756756756757,0.012001043569006001,0.00624689452154538,0.007284777879969051,0.03895990955735281,0.010765491954050993,0.02003203521007705,0.7432432432432432,1,0.033893106269153005,0.0,0.002857091100677586,0.6111111111111072,0.036472431886051246,0.1564039408866995,0.053370231271002176
0.2364864864864865,0.0013914253413340291,0.0008484401513754731,0.002547482444999197,0.01208800765283938,0.0019368749314784813,0.02003203521007705,0.6216216216216217,0,0.06286098045407773,0.0,0.010238043864736562,0.6944444444444429,0.05173866779662221,0.23645320197044337,0.07313698359359558
0.3175675675675676,0.0019566918862509784,0.028121962881134003,0.007284777879969051,0.042612401078354636,0.031920368858949215,0.10026333057299472,0.5945945945945945,0,0.05035747102929283,0.046511627906976744,0.041666616924600594,0.9166666666666643,0.06922476922512431,0.2672413793103448,0.06384661000197668
0.1722972972972973,0.004956952778502478,0.012496914052856417,0.0024014949123344867,0.01421862770675711,0.014113910172856951,0.05155147267408042,0.5810810810810811,1,0.11426215702779395,0.0,0.022618996888319365,0.8888888888888857,0.06318597750425804,0.31280788177339897,0.03478948408776438
0.38513513513513514,0.0038699017305852687,0.00031562598633120734,0.0012846902874494518,0.0075223932515870945,0.0010735037945694412,0.05155147267408042,0.6486486486486487,1,0.010641808680233601,0.0,0.004761853104305709,0.9444444444444429,0.03664050488181036,0.4926108374384236,0.047637873097450094
0.22972972972972977,0.009392121054004698,0.0014031293847793275,0.004094950291245128,0.016262283676841467,0.003765638133291104,0.02003203521007705,0.7297297297297296,1,0.022145976463016182,0.06976744186046512,0.0015475672231832513,0.5277777777777715,0.035184069520672386,0.16748768472906403,0.08242735718521448
0.3310810810810811,0.0038699017305852687,0.0006296894677795869,0.00140148031358122,0.005217845030002609,0.0013887027810600432,0.02003203521007705,0.6351351351351351,0,0.03997318968102126,0.023255813953488372,0.002857091100677586,0.0833333333333286,0.005610915749268231,0.01847290640394089,0.013243724056137577
0.3817567567567568,0.029046004000347857,0.0002734383544948578,0.00018248441583088807,0.0006087485868336378,0.0003821978048750777,0.07447469992062833,0.7567567567567568,1,0.002904353042410196,0.0,0.01190471061791117,0.7222222222222214,0.1127201667473496,0.27709359605911327,0.09507807867167425
0.26351351351351354,0.004130793982085399,0.0008984403076259614,0.003021941926159506,0.009957387598921646,0.0020388958594730238,0.02003203521007705,0.689189189189189,1,0.008698706834781912,0.046511627906976744,0.0030951863511311014,0.80555555555555,0.009072390933053684,0.22536945812807882,0.016011069381300654
0.32770270270270274,0.03365510044351683,0.026559457998306245,0.004007357771646301,0.011044438646838857,0.027716193005323363,0.09453252376135775,0.6081081081081081,0,0.09612501713251492,0.046511627906976744,0.03571423566326271,0.9166666666666643,0.09718406715344709,0.41625615763546797,0.08559003755682942
0.21959459459459463,0.0003913383772501957,0.001035940737314804,0.0032409232251565715,0.014131663622923734,0.003456529948471818,0.0003151943746400337,0.6081081081081081,1,0.00016437352470284294,0.046511627906976744,0.002499948224997313,0.38888888888888573,0.0004953418924309155,0.0049261083743842365,0.005930025696778019
0.22297297297297297,0.00847899817375424,0.0007984399951249849,0.0017299522620768187,0.00682668058092008,0.0020967584753505257,0.028628245427532513,0.7162162162162162,1,0.03419533412166406,0.0,0.000833281471822705,0.6944444444444429,0.09168026834865914,0.4199507389162561,0.21723660802530145
0.22297297297297297,0.00017392816766675367,0.000615626923834137,0.002364998029168309,0.014044699539090356,0.0035143925643493197,0.00014613557369674287,0.5135135135135136,1,4.1781410220490334e-05,0.06976744186046512,0.00011899572046215883,0.75,0.0007906532476555592,0.009852216748768473,0.001779007709033406
0.22972972972972977,0.5216975389164276,0.029684467763961764,0.0063723558008146105,0.03474215149143404,0.0327334908820699,0.008570421586803097,0.5405405405405406,0,0.22061741458250902,0.09302325581395349,0.0026189958502240707,0.19444444444444287,0.021835286096930775,0.024630541871921183,0.008104368452263293
0.19932432432432434,0.005609183407252805,0.0007734399169997407,0.000810230806289143,0.00382641968866858,0.001178570123399642,0.0023524961961769787,0.6216216216216217,1,0.0031908887045334843,0.023255813953488372,0.0009523290970494627,0.75,0.009588446046792942,0.1477832512315271,0.01482506424194505
0.3378378378378379,0.011740151317505871,0.0008531276660239564,0.00195623293770712,0.009261674928254632,0.0015866538353778124,0.02003203521007705,0.554054054054054,0,0.04862055041705573,0.06976744186046512,0.017857091879249058,0.5,0.048284886095037,0.13177339901477833,0.05396323384067998
0.2567567567567568,0.0038699017305852687,0.0007937524804765016,0.0024963868085665485,0.013305504826506654,0.003005810624794435,0.002713537025310108,0.5135135135135136,1,0.04461151924196333,0.0,0.009523758113376017,0.47222222222222143,0.011335458312570794,0.11576354679802955,0.032417473809053174
0.3445945945945946,0.0038699017305852687,0.0014078168994278108,0.004306632213608958,0.0006522306287503262,0.0024012985589163243,0.037224455644987976,0.5945945945945945,0,0.0689994237189693,0.046511627906976744,0.01666661562698148,0.8333333333333286,0.04976854454703736,0.3645320197044335,0.048230875667127894
0.3310810810810811,0.03665536133576833,0.028121962881134003,0.1240748040117374,0.029611270545264808,0.05725810381162369,0.16043680209518296,0.7162162162162162,1,0.13350403291199592,0.0,0.013095186870178747,0.9444444444444429,0.13585032507921327,0.3583743842364532,0.08598537260328129
0.2736486486486487,0.022567179754761284,0.02030943846699521,0.006532942086745792,0.038307678928602484,0.02644473815643615,0.02003203521007705,0.8378378378378377,0,0.2986656542876468,0.0,0.026190425645122094,0.75,0.29060945398765015,0.40394088669950734,0.16188970152203994
0.21621621621621623,0.0007826767545003914,0.0031218847558898625,0.014584154513204573,0.042003652491521,0.010715242840262635,0.02003203521007705,0.445945945945946,1,0.07227716779000803,0.0,0.009523758113376017,0.47222222222222143,0.03123731315194864,0.08497536945812809,0.04111484483099427
0.2736486486486487,0.008044177754587357,0.021871943349822967,0.0065548402166454986,0.038481607096269244,0.02604122254571147,0.00037823324956804045,0.6216216216216217,1,0.0005309230528631749,0.09302325581395349,0.004761853104305709,0.55555555555555,0.003096330682435543,0.08620689655172414,0.017987744613559994
0.20608108108108109,0.004174276024002087,0.0006296894677795869,0.002598578081431846,0.003304635185668319,0.0016262440462413664,0.02003203521007705,0.527027027027027,0,0.04878444662777242,0.023255813953488372,0.009523758113376017,0.8888888888888857,0.01797434164505587,0.17980295566502463,0.02016208736904527
0.1891891891891892,8.696408383337682e-05,0.03124697264678952,0.0033942101344545178,0.004826506652752413,0.03169044109585704,0.02003203521007705,0.7702702702702702,1,0.00036432469272073886,0.11627906976744186,9.471905253541749e-06,0.5277777777777715,0.0015440226969561034,0.024630541871921183,0.00494168808064835
0.195945945945946,0.00017392816766675367,0.015621923818511933,0.0022044117432371275,0.009783459431254892,0.016885224933305725,0.002613247906106461,0.5810810810810811,1,3.0149676001435807e-05,0.023255813953488372,0.003571376852038132,0.7777777777777715,0.0033389712749046893,0.0812807881773399,0.008104368452263293
0.21283783783783788,0.024002087138012003,0.0013656292675914613,0.006102278865384897,0.022958518132011482,0.0038707044621213043,0.0008653518285571834,0.6756756756756757,1,0.000306297513081707,0.06976744186046512,0.001666614848410009,0.6944444444444429,0.001567103143556827,0.05911330049261084,0.009685708638070766
0.2702702702702703,0.0038699017305852687,0.0013484417138803558,0.0049854742404998615,0.017436298808592054,0.0032342156874687845,0.02003203521007705,0.7162162162162162,1,0.0005885399791587357,0.0,0.0023809005997705553,0.55555555555555,0.010947233364620161,0.09852216748768473,0.026092113065823288
0.6013513513513513,0.03291590573093312,0.0031218847558898625,0.006737324632476387,0.03522045395251761,0.008688528584132243,0.02003203521007705,0.6351351351351351,0,0.03294102660126729,0.0,0.01499994887380687,0.38888888888888573,0.020886028754685624,0.04802955665024631,0.028464123344534496
0.2837837837837838,0.004130793982085399,0.0012078162744258575,0.003802975225915707,0.01891468823375946,0.004865027834963638,0.0544168760798989,0.6486486486486487,0,0.035188587709242436,0.0,0.006190424607026801,0.9444444444444429,0.025484363885137494,0.10344827586206896,0.01937141727614153
0.1756756756756757,0.0004783024610835726,0.0015593798730621034,0.0051022642666316296,0.023958605096095317,0.0052091581293929904,0.002598920889077369,0.47297297297297297,0,0.033136175701303276,0.06976744186046512,0.010714234365643593,0.80555555555555,0.009799129097814932,0.09975369458128079,0.010674046254200436
0.22635135135135137,0.0023915123054178626,0.0015593798730621034,0.004386925356574548,0.009913905557004958,0.0029616523126773943,0.02003203521007705,0.48648648648648657,1,0.013502442128358319,0.023255813953488372,0.00833328186110844,0.80555555555555,0.01887625448145338,0.20320197044334976,0.027871120774856692
0.1891891891891892,0.00878337246717106,0.0015593798730621034,0.005073066760098687,0.030220019132098448,0.0048802548391419275,0.0001719242043491093,0.5810810810810811,1,0.0001301568179598815,0.06976744186046512,0.00047613859614243194,0.5,0.001101943373603781,0.03694581280788178,0.005337023127100217
0.23310810810810811,0.02787198886859727,0.03749699217810056,0.007284777879969051,0.02539351247934603,0.0410154584546418,0.02003203521007705,0.48648648648648657,0,0.04964166572929695,0.046511627906976744,0.009523758113376017,0.55555555555555,0.011942059793743659,0.12315270935960591,0.03538248665744218
0.25000000000000006,0.0038699017305852687,0.0015593798730621034,0.006328559541015197,0.029915644838681626,0.005570038128418463,0.034359052239169484,0.7972972972972974,0,0.1558171626290999,0.0,0.009523758113376017,0.25,0.20125143365081768,0.15270935960591134,0.06443961257165448
0.3378378378378379,0.022567179754761284,0.02343444823265073,0.003890567745514533,0.008000695712670668,0.024788040101838205,0.18622543274754935,0.8108108108108107,0,0.14082826086960812,0.0,0.013095186870178747,0.9166666666666643,0.19134933025278414,0.603448275862069,0.10397311721684128
0.25000000000000006,0.022915036090094792,0.026559457998306245,0.0062701645279493136,0.029915644838681626,0.030367214432763644,0.04008985905080646,0.5945945945945945,0,0.10521246793835604,0.023255813953488372,0.005952329356573286,0.8333333333333286,0.06174552091384365,0.19827586206896552,0.03656849179679779
0.2837837837837838,0.002043655970084355,0.017184428701339693,0.0015620665995124017,0.006652752413253327,0.01775468687188608,0.008570421586803097,0.554054054054054,1,0.021370784361723738,0.023255813953488372,0.009999948614283048,0.5833333333333286,0.026566777650079122,0.11330049261083744,0.03558015418066812
0.28716216216216217,0.0026958865988346813,0.0011578161181753693,0.0008394283128220851,0.001695799634750848,0.001475496704876296,0.02003203521007705,0.06756756756756754,0,0.02823321826976218,0.0,0.010476139115190079,0.55555555555555,0.0387289893960143,0.21305418719211824,0.25835145285629574
0.320945945945946,0.025523958605096098,0.001075003359385498,0.0042847340837092514,0.014740412209757373,0.0034991655601710296,0.028628245427532513,0.689189189189189,0,0.04539355810338223,0.16279069767441862,0.00047613859614243194,0.8611111111111072,0.009101389442885363,0.04064039408866995,0.034394149041312515
0.2972972972972973,0.009000782676754502,0.026559457998306245,0.08757792084555979,0.040525263066353595,0.04865941455214336,0.12032115441372414,0.527027027027027,0,0.161092668229035,0.13953488372093023,0.030952330654192402,0.9166666666666643,0.08659901925856137,0.43103448275862066,0.05673057916584306
0.22297297297297297,0.0005652665449169494,0.0012453163916137239,0.004021956524912772,0.012261935820506132,0.003097172649864175,0.08307091013808379,0.7972972972972974,0,0.26404418002476865,0.023255813953488372,0.0619047132131494,0.8333333333333286,0.1744574023726699,0.3977832512315271,0.07629966396521053
0.195945945945946,0.017044960431341856,0.02030943846699521,0.08027854421232428,0.024480389599095577,0.03870095381954173,0.028628245427532513,0.5135135135135136,1,0.012470201324004568,0.06976744186046512,0.013095186870178747,0.8888888888888857,0.023213603023420144,0.3423645320197044,0.02569677801937142
0.2533783783783784,0.003304635185668319,0.0013312541601692505,0.006124176995284603,0.02682841986259675,0.00516499981727595,0.02003203521007705,0.6756756756756757,0,0.043391967543280105,0.023255813953488372,0.0023809005997705553,0.13888888888888573,0.005564163049743689,0.0665024630541872,0.021348092508400873
0.21283783783783788,0.006130967910253066,0.001445317016615677,0.0020365260806727106,0.008652926341420994,0.0026220901195015286,0.02003203521007705,0.6621621621621621,0,0.07446546569865549,0.023255813953488372,0.002857091100677586,0.4166666666666643,0.07300996246764299,0.10714285714285715,0.048823878236805694
0.24662162162162166,0.0038699017305852687,0.001510942221694443,0.003262821355056278,0.004783024610835725,0.0026997478408108074,0.02003203521007705,0.6081081081081081,1,0.023786829417323817,0.0,0.0019047100988635244,0.38888888888888573,0.022588655546231316,0.1330049261083744,0.053370231271002176
0.21283783783783788,8.696408383337682e-05,0.0015593798730621034,0.007284777879969051,0.03582920253935125,0.007619592890816289,0.0006705043969615262,0.3243243243243243,0,0.0409981866210507,0.11627906976744186,0.002857091100677586,0.6666666666666643,0.0034952081442018957,0.054187192118226604,0.009488041114844832
0.22297297297297297,0.0015653535090007827,0.0012984415576298676,0.005875998189754595,0.019914775197843293,0.004260515769085527,0.02003203521007705,0.5675675675675675,1,0.06395418595720294,0.09302325581395349,0.0029761387259043437,0.9444444444444429,0.010035259820730029,0.10960591133004927,0.008104368452263293
0.22297297297297297,0.0023045482215844856,0.01874693358416745,0.007284777879969051,0.018001565353509004,0.022245130404063784,0.02003203521007705,0.48648648648648657,0,0.11879136445903096,0.09302325581395349,0.014285663122446324,0.6111111111111072,0.06042756823231002,0.2044334975369458,0.08519470251037756
0.35472972972972977,0.03369858248543352,0.0002015631298847809,0.0004671601045270734,0.0024349943473345507,0.0005192408424796872,0.10599413738463169,0.8513513513513513,1,0.009016282370065387,0.0,0.0016189957983193059,0.8333333333333286,0.04758537102113814,0.27709359605911327,0.03063846610001977
0.32770270270270274,0.0019132098443342901,0.0015593798730621034,0.003189827588723923,0.018740760066092706,0.004478261928835073,0.02003203521007705,0.5945945945945945,0,0.0661399894729255,0.046511627906976744,0.007142805608840863,0.13888888888888573,0.04056418080393338,0.13177339901477833,0.059102589444554265
0.11486486486486487,0.004956952778502478,0.012496914052856417,0.0036569876932509965,0.020827898078093748,0.01607210291018504,0.02003203521007705,0.689189189189189,0,0.07083164407903143,0.046511627906976744,0.004047567352945162,0.47222222222222143,0.10853905507468004,0.15763546798029557,0.08381102984779601
0.20270270270270274,0.0038699017305852687,0.0008765652392663728,0.0005693513773923708,0.000521784503000261,0.0010369589845415454,0.0026705559742228307,0.554054054054054,0,0.019896193149430565,0.0,0.020476139634237726,0.7222222222222214,0.01528103106864835,0.12315270935960591,0.012453053963233842
0.16216216216216217,0.005087398904252543,0.0005156266113331605,0.00118979839121739,0.00017392816766675367,0.0007659183101679844,0.02003203521007705,0.7297297297297296,1,0.1689741425141352,0.023255813953488372,0.004285662603398677,0.7222222222222214,0.17576174350877233,0.4211822660098522,0.23660802530144298
0.21283783783783788,0.0038699017305852687,0.001437504492201538,0.002715368107563614,0.009913905557004958,0.002791109865880547,0.0003409830052924001,0.3108108108108108,0,0.0013754058919362318,0.09302325581395349,0.0021428053493170395,0.6944444444444429,0.001525084894617048,0.04926108374384237,0.008697371021941095
0.26689189189189194,0.009131228802504566,0.0031218847558898625,0.006153374501817545,0.02461083572484564,0.006692268336358432,0.0028396147751661217,0.5675675675675675,0,0.027625063710076014,0.09302325581395349,0.010714234365643593,0.6666666666666643,0.027100586953511245,0.13916256157635468,0.04368452263293141
0.3040540540540541,0.004609096443168971,0.0015593798730621034,0.0029051519000277376,0.008000695712670668,0.0028870399922037737,0.13751357484863505,0.7297297297297296,0,0.060981608572722244,0.06976744186046512,0.0023809005997705553,0.8611111111111072,0.04455354722792,0.3238916256157635,0.05238189365487251
0.22972972972972977,0.014609966084007307,0.0015593798730621034,0.0024817880553000774,0.0025219584311679277,0.0021972567029272393,0.14610978506609051,0.7702702702702702,1,0.005397672997013822,0.0,0.0002618528707342681,0.8611111111111072,0.08770510527642682,0.5911330049261083,0.06226526981616921
0.1925675675675676,0.015436124880424387,0.004684389638717621,0.0033796113811880467,0.014088181581007046,0.007316575507668319,0.02289743861589554,0.36486486486486486,1,0.04652877512677634,0.023255813953488372,0.0009523290970494627,0.9722222222222214,0.01608292863644272,0.18226600985221675,0.02569677801937142
0.32770270270270274,0.0024349943473345507,0.02343444823265073,0.007284777879969051,0.03122010609618228,0.02611431216576726,0.02003203521007705,0.7837837837837838,0,0.07130511062517567,0.023255813953488372,0.00833328186110844,0.6111111111111072,0.06212131792900928,0.16871921182266011,0.10733346511168215
0.2736486486486487,0.009435603095921386,0.0014062543945449829,0.006094979488751661,0.011131402730672233,0.003751933829530643,0.02003203521007705,0.49999999999999994,0,0.019783565457502136,0.023255813953488372,0.0038094721024916475,0.80555555555555,0.0451435781320462,0.35221674876847286,0.07412532120972525
0.2567567567567568,0.0018697278024176016,0.0015593798730621034,0.006350457670914904,0.03665536133576833,0.007174964368810223,0.02003203521007705,0.527027027027027,0,0.0873924275792889,0.06976744186046512,0.018571377630609603,0.6388888888888857,0.08374710458756425,0.24753694581280788,0.15516900573235817
0.320945945945946,0.0038699017305852687,0.00047968899902812203,0.0019489335610738843,0.010044351682755024,0.0016140624428987345,0.02003203521007705,0.6486486486486487,1,0.18311447205026482,0.0,0.03571423566326271,0.6388888888888857,0.21596551426194055,0.3004926108374384,0.4190551492389801
0.29391891891891897,0.0023045482215844856,0.0015593798730621034,0.007284777879969051,0.03982955039568658,0.00475539340487995,0.0015817026800118055,0.6081081081081081,1,0.0029215192520224225,0.023255813953488372,0.00833328186110844,0.47222222222222143,0.006938929138294485,0.0603448275862069,0.01937141727614153
0.3175675675675676,0.0038699017305852687,0.045309516592239356,0.0010730083650856218,0.005783111574919559,0.04540997186049628,0.02003203521007705,0.7027027027027026,1,0.05178170364367494,0.023255813953488372,0.01666661562698148,0.7777777777777715,0.10310804844763283,0.291871921182266,0.05178889108519471
0.2364864864864865,0.0015653535090007827,0.0012484414013793793,0.005292048059095753,0.029915644838681626,0.004057996613514271,0.02003203521007705,0.527027027027027,1,0.0045327432364953325,0.16279069767441862,0.00035709097091567426,0.9166666666666643,0.017455327499701138,0.11822660098522168,0.015418066811622852
0.22972972972972977,0.0038699017305852687,0.0624970703033447,0.029182907779675617,0.03800330463518567,0.07032439609701428,0.02003203521007705,0.6081081081081081,1,0.07343243068590605,0.023255813953488372,0.006904710358387347,0.6388888888888857,0.07697743205767507,0.21798029556650247,0.09290373591618897
0.32770270270270274,0.01665362205409166,0.04062200194375608,0.09487729747879532,0.47821549699973914,0.08010622358114775,0.16043680209518296,0.5675675675675675,0,0.051665438898066886,0.3488372093023256,0.021428520636051787,0.9444444444444429,0.0752990693253763,0.39285714285714285,0.0691836331290769
0.15540540540540543,0.0038699017305852687,0.0015593798730621034,0.004832187331201916,0.01856683189842595,0.005862396608641629,0.00030659816442257825,0.7027027027027026,1,7.489753347471688e-06,0.0,3.566238280342845e-05,0.9444444444444429,0.00014084990489672387,0.020935960591133007,0.000197667523225934
0.25000000000000006,0.02839377337159753,0.03749699217810056,0.07297916757908875,0.04078615531785373,0.05360971361050542,0.0544168760798989,0.7432432432432432,1,0.11020732606357835,0.0,0.005952329356573286,0.80555555555555,0.1599155374015678,0.480295566502463,0.08914805297489622
0.23310810810810811,0.008131141838420734,0.004684389638717621,0.007043898451072278,0.033220280024349944,0.009990437441376034,0.02003203521007705,0.554054054054054,1,0.010450936997269128,0.023255813953488372,0.00833328186110844,0.7777777777777715,0.02898489828624725,0.18472906403940886,0.055149238980035584
0.3445945945945946,0.009392121054004698,0.017184428701339693,0.005029270500299275,0.017305852682841988,0.018613489907541633,0.02003203521007705,0.689189189189189,0,0.049837033105150294,0.023255813953488372,0.01666661562698148,0.47222222222222143,0.0570282327124496,0.09236453201970443,0.02332476774066021
0.2567567567567568,0.004087311940168711,0.0013828168213025666,0.006452648943780202,0.024002087138012003,0.004150881339001839,0.0022321492531326022,0.337837837837838,0,0.00025035973268234017,0.0,0.021428520636051787,0.8333333333333286,0.0014712305192153595,0.05665024630541872,0.004546353034196481
0.21621621621621623,0.008087659796504046,0.0031218847558898625,0.007065796580971985,0.030046090964431692,0.006509544286218952,0.0025588052413959097,0.4324324324324324,0,0.03238602220310819,0.0,0.0007142338465959473,0.47222222222222143,0.007646137694393582,0.041871921182266014,0.006523028266455821
0.25000000000000006,0.02078441603617706,0.0015125047265772706,0.0067811208922758,0.025089138185929213,0.006657246226748364,0.0013610666177637817,0.5405405405405406,0,0.023410257610368815,0.023255813953488372,0.004761853104305709,0.7222222222222214,0.015433125293683887,0.13423645320197045,0.018976082229689665
0.1722972972972973,0.0021741020958344205,0.0015593798730621034,0.006810318398808742,0.021175754413427256,0.004641190873542775,0.02003203521007705,0.337837837837838,1,0.016581820818341416,0.023255813953488372,0.0026189958502240707,0.5833333333333286,0.02305854976676913,0.25123152709359603,0.13283257560782763
0.3445945945945946,0.03291590573093312,0.017184428701339693,0.004357727850041606,0.015305678754674321,0.018564763494171105,0.011435824992621586,0.48648648648648657,1,0.044293036415631794,0.023255813953488372,0.016190425126074447,0.6388888888888857,0.044711559516186494,0.2142857142857143,0.13065823285234235
0.3783783783783784,0.5216975389164276,0.028121962881134003,0.007226382866903166,0.0195234368205931,0.031142268945438603,0.04008985905080646,0.7837837837837838,1,0.10238238258534517,0.046511627906976744,0.01666661562698148,0.6666666666666643,0.15759092216444875,0.20935960591133004,0.1361929235026685
0.22297297297297297,0.03252456735368293,0.07655961424879454,0.08027854421232428,0.04287329332985477,0.09538499957364388,0.02003203521007705,0.5405405405405406,0,0.08414423095338203,0.0,0.03214280690645998,0.8611111111111072,0.019160913322862305,0.19088669950738918,0.015418066811622852
0.20608108108108109,0.0038699017305852687,0.0008859402685633393,0.00384677148571512,0.0082615879641708,0.0027332472500030455,0.02003203521007705,0.5135135135135136,1,0.0012524008942812832,0.0,0.00047613859614243194,0.75,0.02413267824318742,0.3435960591133005,0.06542795018778415
0.24662162162162166,0.04148186798852074,0.015621923818511933,0.0016861560022774055,0.004826506652752413,0.01578431253121536,0.0024384582983515333,0.6351351351351351,1,0.006235094744886752,0.023255813953488372,0.0033332816015846168,0.5277777777777715,0.004000610744125434,0.05665024630541872,0.022336430124530543
0.2567567567567568,0.0006087485868336378,0.00014218794433732605,0.00010949064949853283,0.0003913383772501957,0.00021926886016737524,0.042955262456624954,0.6216216216216217,1,0.09205836640129784,0.0,0.002857091100677586,0.8888888888888857,0.034309379775137275,0.2647783251231527,0.06878829808262503
0.30743243243243246,0.565179580833116,0.01874693358416745,0.007284777879969051,0.038307678928602484,0.02457029394208866,0.07447469992062833,0.8243243243243243,0,0.0871220837750871,0.0,0.01666661562698148,0.6388888888888857,0.20753227415783,0.2881773399014778,0.1610990314291362
0.2837837837837838,0.0002608922515001305,0.00016250050781408692,0.00039416633819471815,0.0003913383772501957,0.00027408607520921905,0.000363906232538948,0.554054054054054,1,0.00019185918380084166,0.0,0.03333328315872756,0.5,0.004216620052055284,0.008620689655172414,0.00296501284838901
0.23310810810810811,0.00017392816766675367,0.010934409170028657,0.007284777879969051,0.040568745108270285,0.01470624063539243,0.02003203521007705,0.6216216216216217,0,0.0007006206666292047,0.0,0.001666614848410009,0.9722222222222214,0.0034567407332006896,0.1625615763546798,0.004744020557422415
0.26689189189189194,0.013783807287590226,0.0015593798730621034,0.00045986072789383785,0.002000173928167667,0.0017800367884420948,0.0018539160035645618,0.4594594594594595,1,0.006202837260841778,0.0,0.002857091100677586,0.6388888888888857,0.011013515672806853,0.16871921182266011,0.0697766356987547
0.24662162162162166,0.0013914253413340291,0.0359344872952728,0.029182907779675617,0.04339507783285503,0.048006176072894716,0.02003203521007705,0.5810810810810811,0,0.07592916021396999,0.11627906976744186,0.004761853104305709,0.8333333333333286,0.027778796999778664,0.145320197044335,0.025894445542597355
0.21621621621621623,0.0012174971736672755,0.0014718795996237488,0.006846815281974919,0.02878511174884773,0.007426209937752007,0.02003203521007705,0.5405405405405406,0,0.05771778155741203,0.046511627906976744,0.007142805608840863,0.6944444444444429,0.015304703321572168,0.14655172413793105,0.051591223561968776
0.22297297297297297,0.005000434820419167,2.9687592773727418e-05,7.29937663323552e-06,0.01856683189842595,3.3499409192237886e-05,0.00032092518145167065,0.689189189189189,1,3.8225881243741134e-05,0.0,0.000833281471822705,0.9722222222222214,3.1365735124060355e-05,0.006157635467980295,0.000197667523225934
0.24662162162162166,0.01395773545525698,0.0015593798730621034,0.007284777879969051,0.034437777198017216,0.006427318463656187,0.037224455644987976,0.7972972972972974,1,0.07854692894241809,0.023255813953488372,0.003571376852038132,0.19444444444444287,0.17217243815919825,0.2660098522167487,0.12413520458588655
0.20270270270270274,0.47821549699973914,0.0009609405029390718,0.0014744740799135755,0.007870249586920603,0.001959715437745916,0.2234756770231897,0.7837837837837838,0,0.07470884323501145,0.023255813953488372,0.004047567352945162,0.8611111111111072,0.17820886265477212,0.5985221674876847,0.10041510179877447
0.2736486486486487,0.004565614401252283,0.001301566567395523,0.004292033460342487,0.01039220801808853,0.002760655857523967,0.02003203521007705,0.6756756756756757,0,0.2568417368240975,0.0,0.019047568131516635,0.7222222222222214,0.1149447667158655,0.20073891625615764,0.04981221585293537
0.24324324324324326,0.007174536916253587,0.0015062547070459596,0.005875998189754595,0.02930689625184799,0.007351597617278386,0.008570421586803097,0.5135135135135136,0,0.08570878730512053,0.18604651162790697,0.00571423410611977,0.9444444444444429,0.009047535067483674,0.06280788177339902,0.007313698359359557
0.2972972972972973,0.007174536916253587,0.00155469235841362,0.007036599074439043,0.03500304374293417,0.007861702257251099,0.02003203521007705,0.6351351351351351,0,0.12037653998602259,0.18604651162790697,0.002857091100677586,0.8888888888888857,0.02045105110721045,0.09359605911330049,0.012057718916781974
0.1756756756756757,4.3482041916688424e-05,0.0012984415576298676,0.00399275901837983,0.014131663622923734,0.004188948849447564,0.0008997366694270053,0.554054054054054,1,0.0006243714009843333,0.046511627906976744,0.0006666147965052442,0.7222222222222214,0.004088198079943565,0.023399014778325126,0.010278711207748568
0.2567567567567568,0.005130880946169232,0.01874693358416745,0.007284777879969051,0.02878511174884773,0.024710382380528927,0.02003203521007705,0.7162162162162162,0,0.0984724183882991,0.0,0.007142805608840863,0.30555555555555003,0.0328399246748912,0.13669950738916256,0.036963826843249656
0.20270270270270274,0.0033915992695016956,0.0015593798730621034,0.0030292413027927416,0.009913905557004958,0.0032722831979145094,0.0012579120951543162,0.40540540540540554,0,0.04842816526742992,0.046511627906976744,0.0154761393747139,0.5277777777777715,0.006427608475139991,0.05911330049261084,0.014232061672267248
0.20608108108108109,0.003522045395251761,0.028121962881134003,0.05838041431261771,0.04339507783285503,0.04556528730311484,0.02003203521007705,0.527027027027027,1,0.026940517873972235,0.023255813953488372,0.01190471061791117,0.80555555555555,0.06714693722473608,0.2204433497536946,0.048230875667127894
0.25000000000000006,0.008957300634837814,0.0013656292675914613,0.0060219857224193055,0.02987216279676494,0.007366824621456676,0.0010945841010226625,0.5810810810810811,0,0.03169395374079288,0.0,0.0015475672231832513,0.36111111111110716,0.0037650718275334337,0.01600985221674877,0.010476378730974503
0.18243243243243246,0.0002608922515001305,0.01874693358416745,0.08027854421232428,0.34776937124967394,0.051497728130976604,0.0016733955889979971,0.5405405405405406,0,0.036992487439459446,0.023255813953488372,0.01190471061791117,0.7222222222222214,0.017773719301526505,0.12807881773399016,0.013639059102589446
0.20608108108108109,0.0038699017305852687,0.00035156359863624577,1.4598753266471044e-05,0.01856683189842595,0.0003486983956828398,0.02003203521007705,0.7162162162162162,0,0.0013943735344989563,0.0,0.00030947192082497114,0.75,0.005757091911072814,0.1330049261083744,0.01284838900968571
0.18243243243243246,0.0005652665449169494,0.0014625045703267822,0.006584037723178441,0.024567353682928953,0.0057375351743796515,0.02003203521007705,0.554054054054054,1,0.0016354894178075736,0.0,0.0002023290581208892,0.8888888888888857,0.007929612923156316,0.14039408866995073,0.006523028266455821
0.16891891891891891,4.3482041916688424e-05,0.015621923818511933,0.004737295434969853,0.019306026611009657,0.01902461902035546,0.02003203521007705,0.7027027027027026,1,0.0004983000225698511,0.0,0.00010709095793948306,0.6944444444444429,0.005989671796049338,0.44827586206896547,0.010476378730974503
0.20608108108108109,8.696408383337682e-05,0.0012281288379026184,0.003248222601789807,0.0033915992695016956,0.0021500529899745402,0.028628245427532513,0.5675675675675675,0,0.018791980496503453,0.046511627906976744,0.004761853104305709,0.8888888888888857,0.048563626873214964,0.354679802955665,0.04645186795809449
0.23310810810810811,0.0033915992695016956,0.0015593798730621034,0.006350457670914904,0.03391599269501696,0.007117101752932721,0.0028396147751661217,0.5405405405405406,0,0.013690651109333917,0.0,0.003571376852038132,0.6666666666666643,0.01339080167268139,0.05541871921182266,0.04170784740067207
0.2567567567567568,0.0038699017305852687,0.026559457998306245,0.10947605074526637,0.47821549699973914,0.07102483828921563,0.15470599528354598,0.5675675675675675,1,0.14951871135585265,0.023255813953488372,0.001666614848410009,0.8888888888888857,0.06440095588557307,0.3977832512315271,0.05534690650326152
0.24324324324324326,0.0038699017305852687,0.028121962881134003,0.007131490970671105,0.02487172797634577,0.031701099998781845,0.0802055067322653,0.9054054054054053,1,0.03060088104403848,0.09302325581395349,0.0014285195979564936,0.4166666666666643,0.4384669375561476,0.19827586206896552,0.23344534492982802
0.581081081081081,0.0038699017305852687,0.0006734396044987642,0.0018540416648418225,8.696408383337682e-05,0.0010597994908089804,0.02003203521007705,0.8243243243243243,1,0.09257700157757531,0.023255813953488372,0.009523758113376017,0.30555555555555003,0.06714042735518204,0.15270935960591134,0.08717137774263689
0.2533783783783784,4.3482041916688424e-05,8.125025390704346e-05,0.0003722682082950116,0.0010000869640838335,0.000278654176462706,6.0173471522188246e-05,0.6351351351351351,1,6.623224650845312e-06,0.0,4.756714532610421e-05,0.6666666666666643,0.00041308081352064394,0.01477832512315271,0.004348685510970548
0.195945945945946,0.000739194712583703,0.028121962881134003,0.00552562811135929,0.025958779024262982,0.03065652751215115,0.0004355413176844102,0.527027027027027,1,1.666522716394947e-05,0.023255813953488372,0.0009523290970494627,0.47222222222222143,0.0009847657216308762,0.01354679802955665,0.005337023127100217
0.2533783783783784,0.009392121054004698,2.9687592773727418e-05,0.00010949064949853283,0.0002608922515001305,8.070312214493672e-05,0.005705018180984609,0.7027027027027026,0,0.024914301593945348,0.0,0.014204710737292129,0.6666666666666643,0.006969111260772354,0.10714285714285715,0.02431310535678988
0.32432432432432434,0.02361074876076181,0.0011250035156359862,0.004255536577176309,0.023915123054178627,0.0038417731541825536,0.028628245427532513,0.6486486486486487,1,0.03499832877646405,0.0,0.014285663122446324,0.47222222222222143,0.07124993046275703,0.2105911330049261,0.16920339988139949
0.3344594594594595,0.009435603095921386,0.02343444823265073,0.006795719645542271,0.0303939472997652,0.025943769718970413,0.09453252376135775,0.8378378378378377,1,0.0009568909402695655,0.023255813953488372,0.0010713767222762204,0.5833333333333286,0.3438258621730418,0.34729064039408863,0.4168808064834948
0.22972972972972977,0.0002608922515001305,0.021871943349822967,0.001175199637950919,0.0016523175928341595,0.021742639266180218,0.0027450564627741116,0.4324324324324324,0,0.0036918750975543334,0.023255813953488372,0.0026189958502240707,0.30555555555555003,0.008348611799907915,0.01600985221674877,0.0075113658825854916
0.24324324324324326,0.000521784503000261,0.0,0.004832187331201916,0.01856683189842595,0.0,0.0028252877581370294,0.5135135135135136,0,0.022975611286850536,0.023255813953488372,0.01666661562698148,0.55555555555555,0.02816406291611382,0.17733990147783252,0.0685906305593991
0.3006756756756757,0.0038699017305852687,0.01874693358416745,0.03648228441291114,0.038438125054352554,0.02861306355142464,0.002346765389365342,0.6216216216216217,1,0.03405607415018864,0.023255813953488372,0.013809472621539294,0.11111111111110716,0.007544938813144254,0.04310344827586207,0.01640640442775252
0.38513513513513514,0.0030437429341681884,0.0009062528320401002,0.0007372370399567877,0.004217758065918776,0.0012212057350988537,0.02003203521007705,0.6486486486486487,0,0.0516116667819518,0.046511627906976744,0.017857091879249058,0.5277777777777715,0.01838032078269937,0.11083743842364532,0.042696185016801745
0.3006756756756757,0.020480041742760243,0.0013875043359510499,0.006197170761616958,0.029698234629098184,0.005571560828836292,0.02003203521007705,0.6621621621621621,1,0.04740128405483254,0.09302325581395349,0.0021428053493170395,0.44444444444444287,0.005987304570756955,0.034482758620689655,0.013639059102589446
0.1925675675675676,0.0038699017305852687,0.004684389638717621,0.00497087548723339,0.017610226976258806,0.006710540741372379,0.0016361453447223567,0.40540540540540554,0,0.026344507865184465,0.023255813953488372,0.0021428053493170395,0.55555555555555,0.007280401386720576,0.07758620689655173,0.03399881399486065
0.22297297297297297,0.005217845030002609,0.0003250010156281739,0.0010657089884523862,0.003522045395251761,0.0007111010951261406,0.02003203521007705,0.6216216216216217,1,0.0004915216380006417,0.0,0.00035709097091567426,0.5833333333333286,0.02593117765907458,0.15517241379310345,0.09488041114844832
0.22635135135135137,0.0003478563353335073,0.0015593798730621034,0.005014671747032804,0.02952430646143143,0.0065415209949933615,0.008570421586803097,0.527027027027027,0,0.06050260097661203,0.046511627906976744,0.009523758113376017,0.7777777777777715,0.032193672170070936,0.1564039408866995,0.0197667523225934
0.22297297297297297,0.0013044612575006523,0.0009500029687592775,0.00167885662564417,0.0075223932515870945,0.0021911659012559233,0.0020086477874787603,0.4594594594594595,0,0.020209462339522154,0.023255813953488372,0.0007142338465959473,0.27777777777777146,0.001513840574478234,0.01847290640394089,0.010476378730974503
0.18243243243243246,0.011609705191755807,0.0015593798730621034,0.003554796420385699,0.016610140012174975,0.0038904995675530813,0.0005587536641346052,0.4594594594594595,0,2.6371926463639782e-05,0.046511627906976744,0.00571423410611977,0.5833333333333286,0.003201080401623443,0.054187192118226604,0.009685708638070766
0.26689189189189194,0.9565179580833116,0.0011156284863390199,0.004737295434969853,0.016392729802591533,0.003037787333568844,0.11459034760208715,0.8918918918918919,1,0.03357071814657112,0.0,0.0021428053493170395,0.55555555555555,0.5004065709439666,0.3362068965517241,0.40838110298477964
0.2837837837837838,0.01595790938342465,0.0015593798730621034,0.003036540679425977,0.012740238281589706,0.0028733356884433126,0.02003203521007705,0.7162162162162162,1,0.0037461652900070037,0.023255813953488372,0.0038094721024916475,0.75,0.014251879872785311,0.17857142857142858,0.017197074520656257
0.21959459459459463,0.0011305330898338988,0.028121962881134003,0.007284777879969051,0.00960953126358814,0.029916495109086262,0.02003203521007705,0.7027027027027026,1,0.006048393970914234,0.046511627906976744,0.0004523290710970804,0.1666666666666643,0.0069483980394640125,0.054187192118226604,0.02174342755485274
0.1925675675675676,0.0,0.01874693358416745,0.07297916757908875,0.02078441603617706,0.034513527670511995,0.02003203521007705,0.5675675675675675,0,0.055481370924926096,0.023255813953488372,0.01666661562698148,0.80555555555555,0.024404317345488244,0.19088669950738918,0.014034394149041314
0.20270270270270274,0.0038699017305852687,0.0005812518164119263,0.0018686404181082936,0.0101313157665884,0.0018820577164366376,0.001091718697616844,0.37837837837837834,0,0.04738655832664815,0.06976744186046512,0.014285663122446324,0.55555555555555,0.0059831619264952875,0.09975369458128079,0.025499110496145484
0.24662162162162166,0.6086616227498044,0.0031218847558898625,0.006343158294281668,0.03665536133576833,0.007048580234130416,0.1260519612253611,0.7432432432432432,0,0.10198986875423555,0.023255813953488372,0.03214280690645998,0.8611111111111072,0.10496336127053715,0.5406403940886699,0.08815971535876656
0.16891891891891891,0.0038699017305852687,1.5625048828277587e-06,0.004832187331201916,0.01856683189842595,1.522700417828995e-06,0.0002922711473934858,0.7162162162162162,1,4.4692631061659985e-05,0.0,0.00010709095793948306,0.9722222222222214,9.705623698765846e-05,0.027093596059113302,0.00039533504645186793
0.30743243243243246,0.0008261587964170799,0.01874693358416745,0.014584154513204573,0.02517610226976259,0.02407237090545858,0.02003203521007705,0.6756756756756757,0,0.05053566562096114,0.023255813953488372,0.007142805608840863,0.7222222222222214,0.019556239946690087,0.10344827586206896,0.02628978058904922
0.2533783783783784,0.0033915992695016956,0.0008484401513754731,0.0024452911721338996,0.009174710844421256,0.0023936850568271797,0.02003203521007705,0.5810810810810811,0,0.14044274369888504,0.023255813953488372,0.010714234365643593,0.55555555555555,0.08128755750877945,0.17118226600985223,0.07293931607036964
0.4662162162162163,0.0038699017305852687,0.024996953115478487,0.03648228441291114,0.03717714583876859,0.03509824463095833,0.028628245427532513,0.9189189189189186,0,0.4477004481564132,0.023255813953488372,0.02238090163786585,0.6111111111111072,0.6512378812860188,0.3608374384236453,0.4775647361138565
0.2736486486486487,0.012740238281589706,0.015621923818511933,0.007146089723937576,0.020175667449343425,0.01837290324152465,0.02003203521007705,0.7027027027027026,0,0.19039330126769533,0.023255813953488372,0.02857137814965725,0.6666666666666643,0.2293900488950384,0.27586206896551724,0.15576200830203596
0.3006756756756757,0.017958083311592314,0.05155953612355039,0.004642403538737792,0.02361074876076181,0.052522505512175514,0.16330220550100147,0.8108108108108107,0,8.431758139980242e-05,0.0,0.006904710358387347,0.6666666666666643,0.23457663951064717,0.21674876847290642,0.2194109507807867
0.3310810810810811,0.6956257065831812,0.024996953115478487,0.08027854421232428,0.024567353682928953,0.04389640764517426,0.04008985905080646,0.8378378378378377,0,0.13204717069274768,0.023255813953488372,0.007142805608840863,0.6666666666666643,0.28527550359759063,0.32881773399014774,0.21842261316465705
0.23310810810810811,0.0014349073832507176,0.0008531276660239564,0.003598592680185112,0.020871380120010437,0.0036346858973578104,0.0008281015842815431,0.6081081081081081,0,0.0018677256830762546,0.0,0.0004523290710970804,0.6388888888888857,0.0028832804061211708,0.0726600985221675,0.023917770310338014
0.34121621621621623,0.0038699017305852687,0.02030943846699521,0.006817617775441978,0.03961214018610314,0.025520459002813953,0.02003203521007705,0.7027027027027026,0,0.06029747167504738,0.023255813953488372,0.009523758113376017,0.47222222222222143,0.02734086032068801,0.11083743842364532,0.02767345325163076
0.21959459459459463,0.0025219584311679277,0.00624689452154538,0.005730010657089885,0.027219758239846945,0.009934097525916362,0.008570421586803097,0.6081081081081081,1,0.0021751382437068833,0.0,0.001666614848410009,0.7222222222222214,0.010849585321309406,0.14285714285714285,0.02075508993872307
0.21283783783783788,0.016740586137925038,0.009371904287200899,0.0010000145987532664,0.0026958865988346813,0.009623466640679246,0.02003203521007705,0.5945945945945945,1,0.009959036663874512,0.046511627906976744,0.0023809005997705553,0.9444444444444429,0.017933507008762284,0.33128078817733986,0.018778414706463728
0.3006756756756757,0.026437081485346556,0.015621923818511933,0.005781106293522533,0.028306809287764155,0.01816277058386425,0.02003203521007705,0.5675675675675675,0,0.2832288426614457,0.0,0.029761854401924828,0.55555555555555,0.14331537003873962,0.29064039408866993,0.28167622059695596
0.22635135135135137,0.0003043742934168189,0.0015171922412257539,0.006350457670914904,0.008652926341420994,0.0035083017626780038,0.0006905622208022556,0.4324324324324324,0,0.001286967368297845,0.0,0.0005713766963238381,0.7222222222222214,0.0023879385136902553,0.02955665024630542,0.017592409567108124
0.1891891891891892,0.016349247760674843,0.0014921921631005097,0.006737324632476387,0.028524219497347597,0.007018126225773837,0.02003203521007705,0.7567567567567568,0,0.024485138464152307,0.20930232558139533,0.0014285195979564936,0.55555555555555,0.027126626431727446,0.145320197044335,0.06700929037359163
0.1891891891891892,0.004956952778502478,0.0009250028906340333,0.002992744419626564,0.013088094616923212,0.002792632566298376,0.02003203521007705,0.554054054054054,1,0.0021068928630033844,0.0,0.14285709836734464,0.8333333333333286,0.005711522824194463,0.04926108374384237,0.02075508993872307
0.17905405405405406,0.001174015131750587,0.0010640658252057038,0.0011168046248850349,0.006304896077919819,0.001731310375071567,0.0002808095337702118,0.4324324324324324,1,0.0015776844587295886,0.023255813953488372,0.0007142338465959473,0.36111111111110716,0.0005326256907859306,0.022167487684729065,0.004348685510970548
0.23310810810810811,0.007000608748586834,0.017184428701339693,0.014584154513204573,0.042003652491521,0.02669446102496011,0.02003203521007705,0.445945945945946,0,0.07942175212010413,0.046511627906976744,0.00833328186110844,0.5833333333333286,0.036274768574137355,0.13177339901477833,0.04506819529551295
0.2364864864864865,0.04339507783285503,0.004684389638717621,0.0019927298208732972,0.011740151317505871,0.0062126177047422985,0.07447469992062833,0.7432432432432432,1,0.017375403314703688,0.023255813953488372,0.0026189958502240707,0.9166666666666643,0.05693827815133908,0.6576354679802956,0.061672267246491407
0.1925675675675676,0.0015653535090007827,0.0011375035546986084,0.0033504138746551044,0.0038699017305852687,0.002136348686214079,0.0009541793341375565,0.22972972972972971,0,0.013345879196156174,0.0,0.0015475672231832513,0.5277777777777715,0.004895421904645798,0.11822660098522168,0.03142913619292351
0.3175675675675676,0.01669710409600835,0.029684467763961764,0.1240748040117374,0.008739890425254372,0.05532731968181653,0.031493648833351,0.5810810810810811,1,0.0042787451352188114,0.023255813953488372,0.006666615107933832,0.9166666666666643,0.0173162530137737,0.27463054187192115,0.020557422415497136
0.21283783783783788,0.0006522306287503262,0.00024375076172113036,0.0005985488839253128,0.0031307070180015655,0.0007080556942904826,0.02003203521007705,0.5405405405405406,1,0.042866001718317205,0.0,0.0004285195460517289,0.11111111111110716,0.017438165116331367,0.20320197044334976,0.06424194504842855
0.17905405405405406,0.0,0.0011546911084097137,0.002153316106804479,0.011653187233672495,0.0027895871654627182,0.02003203521007705,0.27027027027027034,0,0.035340126352901624,0.023255813953488372,0.0064285198574803165,0.7777777777777715,0.01574323180698592,0.1724137931034483,0.03716149436647559
0.19932432432432434,0.0013479432994173408,0.0015593798730621034,0.001357684053781807,0.005783111574919559,0.0023282089388605327,0.02003203521007705,0.1891891891891892,0,0.04889970677865479,0.023255813953488372,0.002857091100677586,0.6111111111111072,0.020238000830896077,0.1354679802955665,0.11405416090136392
0.26689189189189194,0.0018262457605009133,9.218778808683778e-05,7.299376633235521e-05,8.696408383337682e-05,0.00013704303760460953,0.0028396147751661217,0.7432432432432432,1,0.0008113890693663915,0.023255813953488372,0.020107091996034776,0.7222222222222214,0.0036461187565912426,0.1206896551724138,0.005139355603874284
0.22297297297297297,0.0054787372815027395,0.0009281279003996888,0.0026131768346983166,0.003304635185668319,0.0019170798260467043,0.11745575100790565,0.3243243243243243,0,0.07378519333487954,0.06976744186046512,0.02857137814965725,0.9722222222222214,0.06537329367441894,0.45320197044334976,0.13718126111879816
0.1925675675675676,0.011479259066005741,0.01874693358416745,0.08027854421232428,0.47821549699973914,0.05655309351816887,0.0802055067322653,0.7027027027027026,0,0.19501877359404618,0.046511627906976744,0.02023804438378421,0.8888888888888857,0.0971308045843685,0.31403940886699505,0.033010476378730974
0.20608108108108109,0.0006957126706670146,0.0009687530273532106,0.001160600884684448,0.0006957126706670146,0.0012882045534833295,0.042955262456624954,0.6216216216216217,0,0.15751809271484934,0.0,0.018571377630609603,0.9166666666666643,0.038091613986040475,0.20689655172413793,0.016604071950978457
0.21283783783783788,0.0038699017305852687,0.017184428701339693,0.014584154513204573,0.03295938777284981,0.022636464411445838,0.06301308629735437,0.7432432432432432,0,0.1228812563051386,0.023255813953488372,0.010714234365643593,0.75,0.10934982973732084,0.25369458128078815,0.061079264676813606
0.23310810810810811,0.006609270371336638,0.0015593798730621034,0.005700813150556943,0.024958692060179147,0.006230890109756246,0.005705018180984609,0.7162162162162162,1,0.0008895870383927505,0.0,0.004285662603398677,0.6111111111111072,0.015805963277234037,0.09605911330049262,0.03538248665744218
0.2567567567567568,0.0003043742934168189,0.0007546898584058076,0.0007883326763894364,0.004043829898252022,0.001426770291505768,0.02003203521007705,0.6351351351351351,0,0.0748609038997519,0.046511627906976744,0.013095186870178747,0.55555555555555,0.057208733640993714,0.17857142857142858,0.057718916781972725
0.2533783783783784,0.0033915992695016956,0.029684467763961764,0.021883531146440094,0.08687711974954344,0.04338325760436589,0.0020831482760300408,0.6216216216216217,0,0.05981492432893516,0.046511627906976744,0.006190424607026801,0.6666666666666643,0.028969511321846764,0.19211822660098524,0.04210318244712394
0.27702702702702703,0.0006957126706670146,0.0031218847558898625,0.007284777879969051,0.010740064353422039,0.005711649267276559,0.001320950970082323,0.5135135135135136,1,0.03970902992000645,0.0,0.009523758113376017,0.55555555555555,0.014986903326069896,0.13423645320197045,0.03281280885550504
0.2837837837837838,0.006435342203669885,0.03749699217810056,0.0015182703397129886,0.007826767545003915,0.037374681755612676,0.0009828333681957415,0.5675675675675675,1,0.022754660933270998,0.0,0.009047567612468986,0.44444444444444287,0.0083113280015529,0.05665024630541872,0.014627396718719116
0.29054054054054057,0.0038699017305852687,0.07655961424879454,0.007284777879969051,0.030046090964431692,0.07865509008295672,0.02003203521007705,0.6216216216216217,0,0.00651703083587074,0.046511627906976744,0.003571376852038132,0.5277777777777715,0.007444331738218023,0.08251231527093596,0.01739474204388219
0.2533783783783784,0.008044177754587357,0.0012750039843874511,0.0033942101344545178,0.00878337246717106,0.0027576104566883093,0.02003203521007705,0.5675675675675675,1,0.0002824489076633267,0.0,0.0030951863511311014,0.8333333333333286,0.01684339976162041,0.27586206896551724,0.03459181656453845
0.2972972972972973,0.012305417862422821,0.012496914052856417,0.007284777879969051,0.04291677537177146,0.01889366678442217,0.02003203521007705,0.6351351351351351,0,0.1948877147446965,0.11627906976744186,0.017380901378342025,0.7222222222222214,0.0773810439700262,0.20073891625615764,0.08618304012650722
0.21959459459459463,0.007000608748586834,0.017184428701339693,0.006328559541015197,0.021436646664927388,0.019534723660328174,0.02003203521007705,0.5675675675675675,0,0.1446322981793358,0.0,0.019047568131516635,0.7777777777777715,0.042789964385095476,0.17610837438423646,0.02273176517098241
0.15202702702702703,0.006739716497086703,0.00624689452154538,0.0017956466517759383,0.009435603095921386,0.007470368249869048,0.02003203521007705,0.6216216216216217,0,0.005720683074183725,0.06976744186046512,0.0019047100988635244,0.38888888888888573,0.006186743301640132,0.01724137931034483,0.010081043684522634
0.17905405405405406,0.0009131228802504567,0.0012875040234500733,0.005941692579453715,0.032437603269849555,0.006807993568113435,0.02003203521007705,0.39189189189189183,0,0.0006313588569689653,0.09302325581395349,0.004999948354759224,0.7222222222222214,0.022773299119037107,0.13423645320197045,0.03538248665744218
0.2533783783783784,0.020480041742760243,0.021871943349822967,0.006693528372676973,0.02521958431167928,0.025290531239721775,0.02003203521007705,0.5675675675675675,1,0.03442845400951868,0.0,0.008571377111561954,0.6388888888888857,0.022681569138957306,0.13423645320197045,0.026487448112275155
0.17905405405405406,0.0019566918862509784,0.029684467763961764,0.003941663381947182,0.009348639012088008,0.03059866489627365,0.02003203521007705,0.689189189189189,0,0.11231533002938696,0.0,0.007142805608840863,0.6666666666666643,0.034847923529154154,0.10837438423645321,0.03656849179679779
0.34121621621621623,0.01974084703017654,0.0006562520507876588,0.0020730229638388884,0.01039220801808853,0.0016460391516731432,0.048686069268261925,0.7972972972972974,0,0.050456559045972155,0.046511627906976744,0.006666615107933832,0.6944444444444429,0.11447487249532769,0.21674876847290642,0.20893457204981222
0.21959459459459463,0.009479085137838074,0.0012656289550904845,0.005730010657089885,0.025958779024262982,0.005078205893459697,0.0009599101409491935,0.6351351351351351,1,0.0016136131842328042,0.06976744186046512,0.0029761387259043437,0.44444444444444287,0.004082871823035706,0.05788177339901478,0.009290373591618897
0.1925675675675676,0.0003043742934168189,0.00020000062500195314,0.00012408940276500388,0.0004783024610835726,0.00029844928189448296,0.04008985905080646,0.7432432432432432,0,0.006503683138147744,0.0,0.00023804334568891652,0.9166666666666643,0.0056328125832227635,0.18226600985221675,0.015615734334848787
0.37162162162162166,0.0038699017305852687,9.531279785249329e-05,0.0002992744419626564,0.0006087485868336378,0.00025124556894178413,0.02003203521007705,0.7972972972972974,1,0.0029223778912316747,0.0,0.002857091100677586,0.80555555555555,0.03132785951938225,0.3583743842364532,0.03795216445937933
0.30743243243243246,0.0003913383772501957,0.017184428701339693,0.006584037723178441,0.037611966257935475,0.02213092787272661,0.02003203521007705,0.5405405405405406,1,0.020694743393009613,0.046511627906976744,0.009999948614283048,0.5833333333333286,0.02252059781907534,0.13793103448275862,0.07867167424392173
0.24324324324324326,0.012392381946256198,0.0011953162353632355,0.0020365260806727106,0.010044351682755024,0.003123058556967268,0.04008985905080646,0.7162162162162162,0,0.19483067769572296,0.0,0.0026189958502240707,0.11111111111110716,0.08419687739311682,0.22413793103448276,0.048230875667127894
0.27702702702702703,0.0038699017305852687,0.0001671880224625702,0.0004744594811603089,0.0020871380120010435,0.0003700162015324457,0.0005587536641346052,0.554054054054054,1,0.0004277798396733879,0.0,0.00416661497817192,0.6111111111111072,0.002583234600311763,0.04556650246305419,0.013046056532911644
0.20270270270270274,0.0038699017305852687,0.0012390663720824127,0.005489131228193112,0.016392729802591533,0.00372604792242755,0.0005788114879753345,0.337837837837838,0,0.0006729180466284088,0.023255813953488372,0.009523758113376017,0.7777777777777715,0.0014416402030605856,0.04926108374384237,0.00494168808064835
0.16891891891891891,0.0008261587964170799,0.0007234397607492524,0.0012262952743835676,0.002000173928167667,0.0010841626974942443,0.0004355413176844102,0.6216216216216217,1,0.00302642708055496,0.046511627906976744,0.00015471000803018612,0.47222222222222143,0.00047166963950709634,0.02955665024630542,0.00691836331290769
0.48310810810810817,0.0038699017305852687,0.0014234419482560884,0.0026277755879647877,0.008696408383337682,0.00372604792242755,0.031493648833351,0.6351351351351351,0,0.03602844599379951,0.06976744186046512,0.009523758113376017,0.11111111111110716,0.05744368075126262,0.17610837438423646,0.1122751531923305
0.19932432432432434,8.696408383337682e-05,0.00082969009278154,0.00024087942889677223,8.696408383337682e-05,0.0008770754406695009,0.028628245427532513,0.39189189189189183,0,0.034954645999786316,0.023255813953488372,0.0023809005997705553,1.0,0.012318448615232383,0.22660098522167488,0.024906107926467684
0.3648648648648649,0.016349247760674843,0.05312204100637815,0.10217667411203084,0.02491521001826246,0.07604365886638,0.40113068818393594,0.7297297297297296,0,0.5364839488346493,0.0,0.018571377630609603,0.8888888888888857,0.41520243918894123,0.8275862068965517,0.3870330104763788
0.1925675675675676,0.018175493521175756,0.0004156262988321839,0.0019416341844406488,0.007435429167753718,0.001709992569221961,0.02003203521007705,0.5810810810810811,0,0.18419413656322636,0.046511627906976744,0.03333328315872756,0.75,0.07164525708658481,0.19827586206896552,0.04348685510970548
0.1891891891891892,0.004609096443168971,0.0015593798730621034,0.002335800522635367,0.011653187233672495,0.0030149468273014094,0.02003203521007705,0.5675675675675675,1,0.049269657990788064,0.0,0.0023809005997705553,0.5833333333333286,0.051409031674658025,0.23275862068965517,0.19450484285431904
0.1756756756756757,0.0006522306287503262,0.0008093775293047792,0.00195623293770712,0.008826854509087748,0.002311459234264414,0.02003203521007705,0.445945945945946,0,0.023252302183645084,0.0,0.0011904243475029783,0.8611111111111072,0.02793621748172206,0.2795566502463054,0.06364894247875075
0.19932432432432434,0.00021741020958344207,0.001412504414076294,0.006175272631717251,0.026480563527263242,0.007191714073406342,0.00043267591427859173,0.27027027027027034,0,7.099223722436736e-06,0.023255813953488372,0.0023809005997705553,0.75,0.0029430528447538145,0.023399014778325126,0.006523028266455821
0.21283783783783788,4.3482041916688424e-05,0.03749699217810056,0.0060219857224193055,0.02735020436559701,0.03927044377580977,0.02003203521007705,0.49999999999999994,0,0.021958444663040224,0.023255813953488372,0.0019047100988635244,0.80555555555555,0.010320510468462048,0.1477832512315271,0.015220399288396918
0.20945945945945948,0.0003043742934168189,0.0012875040234500733,0.004554811019138965,0.004565614401252283,0.002775882861702257,0.02003203521007705,0.5405405405405406,0,0.06292187283254826,0.0,0.004761853104305709,0.75,0.03689438979441832,0.22536945812807882,0.06641628780391381
0.195945945945946,0.0008696408383337683,0.0010093781543067321,0.0013795821836815136,0.00682668058092008,0.0017054244679684742,0.12318655781954262,0.6621621621621621,1,0.03305449320868654,0.0,0.000833281471822705,0.9722222222222214,0.039332040039248596,0.5221674876847291,0.08914805297489622
0.2398648648648649,0.5216975389164276,0.01874693358416745,0.004832187331201916,0.02787198886859727,0.022475058167155965,0.02003203521007705,0.6351351351351351,0,0.10045925955175469,0.023255813953488372,0.004047567352945162,0.11111111111110716,0.0347514590984896,0.13423645320197045,0.03775449693615339
0.27702702702702703,0.022567179754761284,0.02030943846699521,0.0037883764726492357,0.020827898078093748,0.022382173441668395,0.02003203521007705,0.7432432432432432,0,0.2330026474424054,0.023255813953488372,0.00523804360521274,0.05555555555555003,0.04577266825349669,0.1145320197044335,0.03814983198260526
0.2364864864864865,0.012653274197756328,0.0012156287988399964,0.0019197360545409423,0.011044438646838857,0.0032083297803656916,0.02003203521007705,0.5675675675675675,0,0.03953112197971275,0.0,0.014285663122446324,0.6111111111111072,0.018799319659450968,0.14285714285714285,0.04783554062067603
0.21621621621621623,0.0003913383772501957,0.0015062547070459596,0.004948977357333684,0.004565614401252283,0.003069764042343253,0.0022579378837849686,0.4594594594594595,0,0.06599426932620497,0.046511627906976744,0.014285663122446324,0.6111111111111072,0.03665885087782632,0.09852216748768473,0.040719509784542404
0.17905405405405406,0.565179580833116,0.0014656295800924378,0.006737324632476387,0.0341334029046004,0.0072663263938799625,0.07160929651480984,0.689189189189189,0,0.04640021330018066,0.0,0.009285662862922501,0.8888888888888857,0.043713182249124426,0.4544334975369458,0.032417473809053174
0.23310810810810811,0.0035655274371684496,0.01874693358416745,0.07297916757908875,0.02878511174884773,0.03633467737023548,0.02003203521007705,0.554054054054054,0,0.04869832498359299,0.023255813953488372,0.010238043864736562,0.55555555555555,0.02046170362102617,0.1416256157635468,0.03814983198260526
0.1925675675675676,0.002000173928167667,9.218778808683778e-05,0.00032117257186236296,0.0016088355509174712,0.00033499409192237886,0.02003203521007705,0.5405405405405406,0,0.024244377607775543,0.18604651162790697,0.009523758113376017,0.8888888888888857,0.018239470877802647,0.08497536945812809,0.018185412136785928
0.18243243243243246,0.00017392816766675367,0.0004687514648483277,0.00195623293770712,0.002869814766501435,0.0010065049761849656,0.0006017347152218825,0.7162162162162162,1,0.0027268987476405256,0.023255813953488372,0.00019042429559821343,0.6111111111111072,0.002793917651333754,0.07142857142857142,0.026487448112275155
0.1722972972972973,0.0038699017305852687,0.017184428701339693,0.0007299376633235523,0.0034785633533350726,0.017204992021049813,0.0024957663664679033,0.6486486486486487,0,0.03456668177306262,0.0,0.014285663122446324,0.6388888888888857,0.021377228002854874,0.11945812807881774,0.01779007709033406
0.37162162162162166,0.08687711974954344,0.0010593783105572205,0.004766492941502796,0.0232628924254283,0.0038387277533468954,0.02003203521007705,0.8243243243243243,0,0.08105680235644787,0.0,0.020952330135144758,0.6944444444444429,0.08771516598391944,0.24630541871921183,0.10436845226329315
0.26351351351351354,0.00465257848508566,0.0012140662939571687,0.004576709149038672,0.011261848856422299,0.002772837460866599,0.02003203521007705,0.6081081081081081,0,0.07443344884397543,0.18604651162790697,0.01142852011700414,0.5833333333333286,0.05524216122934744,0.12561576354679804,0.09804309152006326
0.2533783783783784,0.028698147665014353,0.02030943846699521,0.014584154513204573,0.04339507783285503,0.026932002290141432,0.1747638191242754,0.6351351351351351,1,0.1223527408608392,0.0,0.027380901897389672,0.9166666666666643,0.20006900461727292,0.5849753694581281,0.1607036963826843
0.1756756756756757,0.001695799634750848,0.001490629658217682,0.002292004262835954,0.006652752413253327,0.00283222277716193,0.02003203521007705,0.5405405405405406,1,0.025603878293164895,0.0,0.0007142338465959473,0.1666666666666643,0.01497861803754656,0.1933497536945813,0.0604862621071358
0.37162162162162166,0.0038699017305852687,0.02343444823265073,0.00699280281463963,0.032307157144099485,0.028078595704766663,0.02003203521007705,0.6216216216216217,1,5.399959633437849e-05,0.13953488372093023,0.006071376981800043,0.9166666666666643,0.008634454253963031,0.11083743842364532,0.00790670092903736
0.3310810810810811,0.6086616227498044,0.029684467763961764,0.007146089723937576,0.04026437081485346,0.032599493245300946,0.2635913247046485,0.7972972972972974,0,0.300794687682052,0.0,0.04523804568140333,0.9166666666666643,0.2340895829067396,0.7253694581280788,0.23127100217434277
0.31081081081081086,0.0033915992695016956,0.0010406282519632873,0.004664301668637499,0.009696495347421516,0.0030484462364936474,0.02003203521007705,0.7162162162162162,0,0.11939402925041907,0.0,0.0019047100988635244,0.11111111111110716,0.07509134530596978,0.09852216748768473,0.04625420043486855
0.20270270270270274,0.0038699017305852687,0.0015593798730621034,0.007284777879969051,0.02878511174884773,0.006824743272709554,0.0011834116066030355,0.36486486486486486,1,0.00617188943170096,0.0,0.0015475672231832513,0.7777777777777715,0.0065033596844962125,0.050492610837438424,0.015220399288396918
0.18581081081081086,0.000521784503000261,0.0015140672314600983,0.003481802654053344,0.011653187233672495,0.0038295915508399217,0.02003203521007705,0.2837837837837838,1,0.0208003770543806,0.0,0.001666614848410009,0.9444444444444429,0.008220781634119292,0.16748768472906403,0.023522435263886147
0.16891891891891891,0.0038699017305852687,0.0015593798730621034,0.003722682082950116,0.008348552048004176,0.003141330961981216,0.06874389310899134,0.7567567567567568,1,0.004229827683668137,0.0,1.4233810262612057e-05,0.5,0.08438980625444595,0.16871921182266011,0.11563550108717138
0.29391891891891897,0.0005652665449169494,0.00624689452154538,0.006970904684739924,0.03522045395251761,0.010518814486362695,0.02003203521007705,0.527027027027027,1,0.02179414214372375,0.09302325581395349,0.0030951863511311014,0.5,0.016365220252559265,0.07635467980295567,0.03558015418066812
0.2837837837837838,0.01669710409600835,0.021871943349822967,0.007284777879969051,0.03522045395251761,0.02662898490699346,0.02003203521007705,0.7027027027027026,1,0.013431175073990408,0.0,0.0026189958502240707,0.6666666666666643,0.02525060038751478,0.23029556650246305,0.040126507214864604
0.2364864864864865,0.01447951995825724,0.00017500054687670898,0.00018978379246412357,0.0006087485868336378,0.00031063088523711495,0.02003203521007705,0.6216216216216217,1,0.0019556921523867375,0.0,0.0009999481471401658,0.6666666666666643,0.02785928265971965,0.2844827586206896,0.061079264676813606
0.20945945945945948,0.0,0.001496879677748993,7.299376633235521e-05,0.01856683189842595,0.0014770194052941249,0.00034957921550985555,0.10810810810810811,1,0.004882067383888129,0.023255813953488372,0.0019047100988635244,0.6388888888888857,0.002123992893589672,0.06280788177339902,0.012057718916781974
0.26013513513513514,0.0006522306287503262,0.02030943846699521,0.007051197827705514,0.02826332724584747,0.0251763287083846,0.02003203521007705,0.5675675675675675,1,0.043313739331218806,0.023255813953488372,0.014285663122446324,0.5,0.03213034889349972,0.09605911330049262,0.024906107926467684
0.18581081081081086,0.0038699017305852687,0.0006250019531311036,0.0021460167301712435,0.0056526654491694936,0.0020297596569660496,0.002679152184440286,0.7027027027027026,1,0.0041984433028926,0.0,0.0021428053493170395,0.5277777777777715,0.01443415622029872,0.1354679802955665,0.04724253805099823
0.35472972972972977,0.0038699017305852687,0.004684389638717621,0.005043869253565746,0.028089399078180713,0.008307853479674995,0.02003203521007705,0.7567567567567568,1,0.07669701772183334,0.0,0.00523804360521274,0.6388888888888857,0.03200133511506491,0.18719211822660098,0.09745008895038546
0.2736486486486487,0.6086616227498044,0.017184428701339693,0.005700813150556943,0.02113227237151057,0.01964892619166535,0.04582066586244344,0.8918918918918919,0,0.3187014861039468,0.023255813953488372,0.004285662603398677,0.027777777777771462,0.39118102053449577,0.28694581280788173,0.15220399288396916
0.2567567567567568,0.000739194712583703,0.039059497060928317,0.004211740317376896,0.0016088355509174712,0.039093810527341614,0.02003203521007705,0.6621621621621621,0,0.005312814985728871,0.0,0.0011904243475029783,0.7777777777777715,0.0072265470113188875,0.1330049261083744,0.01739474204388219
0.1925675675675676,0.000739194712583703,0.001509379716811615,0.006803019022175507,0.011218366814505611,0.0038463412554360405,0.02003203521007705,0.6756756756756757,1,0.015851224044433013,0.0,0.0019047100988635244,0.7777777777777715,0.036176528724503505,0.23891625615763548,0.02628978058904922
0.22297297297297297,0.0038699017305852687,0.0009968781152441101,0.001890538548008,0.010740064353422039,0.002267300922147373,0.00037536784616222193,0.5135135135135136,0,9.433460053622084e-05,0.023255813953488372,0.0005951862213691896,0.7222222222222214,0.0004639761573068551,0.020935960591133007,0.003360347894840878
0.22635135135135137,0.002000173928167667,0.0012078162744258575,0.003934364005313946,0.02300200017392817,0.004566578553069155,0.02003203521007705,0.445945945945946,1,0.039851959818025556,0.046511627906976744,0.00833328186110844,0.6111111111111072,0.02602113222018509,0.16748768472906403,0.13718126111879816
0.320945945945946,0.01447951995825724,0.02343444823265073,0.0033942101344545178,0.0026958865988346813,0.023743467615207518,0.11172494419626867,0.6756756756756757,0,0.041862386603987056,0.023255813953488372,0.009523758113376017,0.8611111111111072,0.04809965071590811,0.34729064039408863,0.06720695789681756
0.195945945945946,0.001695799634750848,0.0015593798730621034,0.0069563059314734525,0.022610661796677974,0.006163891291371771,0.002512958786902814,0.48648648648648657,0,0.1369465357777043,0.023255813953488372,0.014285663122446324,0.6388888888888857,0.029273107965594746,0.09852216748768473,0.02273176517098241
0.3141891891891892,0.012001043569006001,0.0031218847558898625,0.0069563059314734525,0.039568658144186454,0.008886479638450013,0.02003203521007705,0.6081081081081081,0,0.2403729052991892,0.023255813953488372,0.01666661562698148,0.55555555555555,0.09400369997313199,0.18226600985221675,0.077881004151018
0.28716216216216217,0.0038699017305852687,0.045309516592239356,0.003007343172893035,0.0016088355509174712,0.044857231608824356,0.02003203521007705,0.6351351351351351,1,0.05230524608109932,0.0,0.01190471061791117,0.55555555555555,0.10424490839429924,0.1440886699507389,0.1081241352045859
0.20945945945945948,0.0038699017305852687,0.0015593798730621034,0.006153374501817545,0.024393425515262197,0.004511761338027311,0.02003203521007705,0.5405405405405406,0,0.04683388658692276,0.023255813953488372,0.010714234365643593,0.4166666666666643,0.012230269473091158,0.02955665024630542,0.009092706068392964
0.21621621621621623,0.0038699017305852687,0.0014421920068500213,0.003430707017620695,0.01617531959300809,0.003037787333568844,0.02003203521007705,0.7027027027027026,1,0.012400730442928906,0.046511627906976744,0.004047567352945162,0.80555555555555,0.027205336672699143,0.2660098522167487,0.022534097647756476
0.22297297297297297,0.0015653535090007827,0.0012640664502076568,0.004262835953809545,0.015653535090007827,0.0037991375424833414,0.0024327274915398964,0.2972972972972973,0,0.015221352355834132,0.06976744186046512,0.007142805608840863,0.5277777777777715,0.00871434810758092,0.10344827586206896,0.06661395532713976
0.2533783783783784,0.019610400904426475,0.02343444823265073,0.07297916757908875,0.041351421862770674,0.04230975380979645,0.10885954079045018,0.7837837837837838,1,0.05388893180989173,0.046511627906976744,0.001666614848410009,0.8888888888888857,0.1071187198992509,0.4359605911330049,0.06621862028068788
0.19932432432432434,0.0056526654491694936,0.0006750021093815919,0.0019197360545409423,0.00930515697017132,0.0017983091934560427,0.034359052239169484,0.7027027027027026,0,0.023059164902889583,0.046511627906976744,0.0019047100988635244,0.9166666666666643,0.029127523610113257,0.2832512315270936,0.027871120774856692
0.22297297297297297,0.0004348204191668842,0.00037968868652714545,0.00026277755879647877,0.00017392816766675367,0.0004461512224238955,0.001702049623056182,0.7162162162162162,1,0.0012913144758411634,0.0,0.00023804334568891652,0.5,0.001156389555328565,0.01847290640394089,0.009883376161296701
0.28716216216216217,0.0017392816766675365,0.0031218847558898625,0.006941707178206981,0.039786068353769896,0.010445724866306903,0.02003203521007705,0.6351351351351351,0,0.0512929485859136,0.0,0.005952329356573286,0.6944444444444429,0.026522392175846964,0.10714285714285715,0.043882190156157345
0.21959459459459463,0.0009131228802504567,0.0006296894677795869,0.0019416341844406488,0.005783111574919559,0.0016201532445700505,0.02003203521007705,0.6216216216216217,0,0.04094221596778728,0.023255813953488372,0.010476139115190079,0.8333333333333286,0.028017294947986143,0.14285714285714285,0.014627396718719116
0.26351351351351354,0.0027828506826680583,0.00023125072265850832,0.00018978379246412357,0.0008261587964170799,0.0003821978048750777,0.02003203521007705,0.7837837837837838,1,0.004513023462802911,0.046511627906976744,0.0014285195979564936,0.6388888888888857,0.014735385638754319,0.16502463054187191,0.03261514133227911
0.20270270270270274,0.000521784503000261,0.0015593798730621034,0.007284777879969051,0.027524132533263766,0.0063831601515391455,0.0011003149078342995,0.47297297297297297,0,0.0438620179413912,0.0,0.00833328186110844,0.5833333333333286,0.004361612601213676,0.061576354679802964,0.010278711207748568
0.2567567567567568,0.0006957126706670146,0.02030943846699521,0.006430750813880495,0.037525002174102096,0.026517827776491944,0.0012865661292125012,0.36486486486486486,1,0.00023038355065024924,0.023255813953488372,0.002857091100677586,0.5277777777777715,0.004060974989081173,0.050492610837438424,0.026092113065823288
0.21283783783783788,8.696408383337682e-05,0.0015593798730621034,0.004832187331201916,0.01856683189842595,0.005862396608641629,0.014301228398440073,0.7432432432432432,1,3.237582635559128e-05,0.0,0.00028566239577961964,0.8611111111111072,0.0003367377978413272,0.027093596059113302,0.001779007709033406
0.195945945945946,0.565179580833116,0.0014421920068500213,0.00503656987693251,0.009348639012088008,0.0029707885151843685,0.042955262456624954,0.7567567567567568,0,0.09641808792001337,0.06976744186046512,0.003571376852038132,0.22222222222222143,0.11208279133737577,0.1330049261083744,0.060288594583909866
0.25000000000000006,0.022567179754761284,0.02030943846699521,0.005861399436488124,0.005522219323419428,0.021559915216040736,0.02003203521007705,0.7972972972972974,0,0.23148935171996776,0.023255813953488372,0.017857091879249058,0.6666666666666643,0.20607287976507654,0.29310344827586204,0.15912235619687684
0.26689189189189194,0.01395773545525698,0.0015593798730621034,0.007116892217404634,0.03622054091660144,0.007092738546247457,0.02003203521007705,0.6621621621621621,1,0.09112897295435733,0.0,0.01142852011700414,0.5277777777777715,0.04322908467683232,0.18596059113300492,0.08262502470844041
0.20945945945945948,0.0012609792155839638,0.0010140656689552154,0.004438020993007197,0.02321941038351161,0.004746257202372976,0.031493648833351,0.7027027027027026,0,0.021915578448305748,0.0,0.0026189958502240707,0.27777777777777146,0.053290975782101645,0.16133004926108374,0.048823878236805694
0.20608108108108109,0.0017827637185842248,0.0015593798730621034,0.0057373100337231205,0.026480563527263242,0.007934791877306892,0.002048763435160219,0.05405405405405406,0,0.0004030910038496294,0.023255813953488372,0.0023809005997705553,0.5,0.0030306401805719452,0.01354679802955665,0.012057718916781974
0.20270270270270274,0.0003913383772501957,0.0015593798730621034,0.007087694710871692,0.019871293155926603,0.003923998976745319,0.02003203521007705,0.6216216216216217,0,0.26078959028425935,0.046511627906976744,0.041666616924600594,0.80555555555555,0.06778016999044825,0.26847290640394084,0.03676615932002372
0.2972972972972973,0.0038699017305852687,0.0005062515820361939,0.002364998029168309,0.002261066179667797,0.0012288192371879988,0.11172494419626867,0.8783783783783785,1,0.043657134528849714,0.0,0.018333282380156087,0.5833333333333286,0.31616661005052843,0.29679802955665024,0.25953745799565137
0.17905405405405406,0.0053048091138359855,0.0013484417138803558,0.003204426341990394,0.0032611531437516305,0.0021546210912280275,0.05728227948571739,0.5135135135135136,0,0.03831196081065456,0.0,0.014285663122446324,0.8611111111111072,0.05744486436390881,0.27586206896551724,0.045858865388416686
0.26689189189189194,0.005870075658752936,0.0013703167822399446,0.006219068891516665,0.020827898078093748,0.004542215346383891,0.02003203521007705,0.7297297297297296,0,0.16722451193773785,0.046511627906976744,0.0038094721024916475,0.38888888888888573,0.17069410596410575,0.1022167487684729,0.08638070764973316
0.195945945945946,0.0017827637185842248,0.001542192319350998,0.006839515905341684,0.040612227150186975,0.0071993275754954865,0.02003203521007705,0.6486486486486487,0,0.15032617409033572,0.0,0.004761853104305709,0.6666666666666643,0.1096711805707617,0.23399014778325122,0.0772880015813402
0.2736486486486487,0.004174276024002087,0.0005296891552786102,0.00017518503919765254,8.696408383337682e-05,0.000561876454178899,0.0015186638050837986,0.7162162162162162,0,0.0022184567890508274,0.06976744186046512,0.16666662341269617,0.5,0.0014144171121981937,0.041871921182266014,0.007709033405811426
0.16554054054054057,0.020480041742760243,0.03124697264678952,0.029182907779675617,0.025871814940429606,0.04019929103068546,0.02003203521007705,0.5405405405405406,1,0.05195342622586707,0.0,0.0038094721024916475,0.7222222222222214,0.03328733025515138,0.24014778325123154,0.07214864597746591
0.5439189189189189,0.04339507783285503,0.032809477529617284,0.029182907779675617,0.13035916166623185,0.04632663751202934,0.27218753492210396,0.7162162162162162,0,0.5377896813486673,0.06976744186046512,0.04761899818593848,0.9166666666666643,0.3299124955170671,0.7475369458128078,0.2344336825459577
0.2567567567567568,0.0022175841377511086,0.0007468773339916688,0.001890538548008,0.0036959735629185147,0.0013034315576616194,0.02003203521007705,0.6216216216216217,1,0.003649454638856513,0.09302325581395349,0.0064285198574803165,0.7777777777777715,0.036246361870628775,0.16502463054187191,0.0191737497529156
0.32770270270270274,0.0038699017305852687,0.012496914052856417,0.006430750813880495,0.028524219497347597,0.015228526878707776,0.02003203521007705,0.7297297297297296,1,0.16508558118142141,0.0,0.012380901118818202,0.55555555555555,0.08002641823426299,0.20689655172413793,0.09824075904328919
0.16891891891891891,0.016349247760674843,0.0014421920068500213,0.005306646812362224,0.026480563527263242,0.005416245386217734,0.02003203521007705,0.7702702702702702,1,0.003803285178597975,0.0,0.0009523290970494627,0.44444444444444287,0.013419208376189973,0.0603448275862069,0.03973117216841273
0.24662162162162166,0.0024349943473345507,0.0008546901709067841,0.003189827588723923,0.013653361161840162,0.0026571122291115957,0.02003203521007705,0.6621621621621621,1,0.05881150250704569,0.11627906976744186,0.0030951863511311014,0.22222222222222143,0.025206214913282617,0.0603448275862069,0.023522435263886147
0.2567567567567568,0.0038699017305852687,1.5625048828277587e-06,0.0,0.01856683189842595,4.5681012534869835e-06,0.00018911662478402023,0.7162162162162162,1,4.823106614909788e-06,0.06976744186046512,0.00028566239577961964,0.9166666666666643,2.9590316154773903e-06,0.0,0.0
0.26013513513513514,0.012740238281589706,0.004684389638717621,0.006423451437247259,0.02300200017392817,0.007147555761289301,0.04008985905080646,0.7837837837837838,1,0.01885247840060525,0.023255813953488372,0.0064285198574803165,0.5,0.09285855473794224,0.27216748768472904,0.12314686696975688
0.21959459459459463,0.0082615879641708,0.021871943349822967,0.002489087431933313,0.01260979215583964,0.022557283989718728,0.04582066586244344,0.7702702702702702,1,0.012053428634133091,0.046511627906976744,0.001666614848410009,0.80555555555555,0.04921461382861999,0.3448275862068965,0.04862621071357976
0.3310810810810811,0.014392555874423864,0.0005906268457088929,0.002364998029168309,0.012261935820506132,0.0021728934962419754,0.02003203521007705,0.7297297297297296,1,0.00036046673339463597,0.046511627906976744,0.024523758891947488,0.6111111111111072,0.0065424189018205145,0.08374384236453203,0.010674046254200436
0.3817567567567568,0.004000347856335334,0.032809477529617284,0.13867355727820843,0.47821549699973914,0.09866489627364754,0.20628325658827878,0.8513513513513513,0,0.535429422858292,0.0,0.05952376070861425,1.0,0.161354810379336,0.6342364532019704,0.2018185412136786
0.22635135135135137,0.0004783024610835726,0.0010140656689552154,0.004036555278179243,0.02161057483259414,0.00410520032646697,0.0011232381350808473,0.49999999999999994,0,0.020261071421182077,0.06976744186046512,0.004761853104305709,0.6388888888888857,0.008359264313723634,0.09852216748768473,0.017987744613559994
0.22297297297297297,4.3482041916688424e-05,0.00011250035156359864,0.0003649688316617761,0.0003043742934168189,0.00021470075891388826,0.02003203521007705,0.7162162162162162,1,0.0006754374229299812,0.023255813953488372,0.001095186247321572,0.8333333333333286,0.0037177273216857957,0.1059113300492611,0.003953350464518679
0.18581081081081086,0.0006087485868336378,0.07655961424879454,0.160571687177915,0.08687711974954344,0.11295239429413699,0.02003203521007705,0.49999999999999994,1,0.028644453854411358,0.18604651162790697,0.00833328186110844,0.9166666666666643,0.022175574732710673,0.1625615763546798,0.02115042498517494
0.35472972972972977,0.13035916166623185,0.004684389638717621,0.005598621877691645,0.010174797808505089,0.0064090460586422385,0.0028396147751661217,0.7432432432432432,1,9.736021894431993e-05,0.023255813953488372,0.0033809006516753197,0.6944444444444429,0.01102180096133019,0.17118226600985223,0.01581340185807472
0.26689189189189194,0.0076963214192538485,0.00018281307129084778,8.759251959882626e-05,0.0003913383772501957,0.00025124556894178413,0.02003203521007705,0.8243243243243243,1,0.007357296743942157,0.0,0.0006904243215505957,0.5,0.017120365120829095,0.08620689655172414,0.0506028859458391
0.35810810810810817,0.001478389425167406,0.0010421907568461152,0.0029270500299274443,0.01452300200017393,0.0032159432824548366,0.011435824992621586,0.6216216216216217,1,0.04428909824651738,0.023255813953488372,0.007857091360201409,0.6666666666666643,0.07351418145492034,0.23522167487684728,0.12275153192330501
0.15202702702702703,0.0003043742934168189,7.18752246100769e-05,5.8395013065884176e-05,0.00021741020958344207,9.897552715888465e-05,0.02003203521007705,0.5135135135135136,1,0.040105840891906025,0.023255813953488372,0.00011899572046215883,0.6388888888888857,0.024994348249614436,0.2881773399014778,0.1808657837517296
0.21959459459459463,0.009131228802504566,0.00020000062500195314,0.0008978233258879692,0.002261066179667797,0.0006821697871873896,0.02003203521007705,0.5135135135135136,1,0.06491698743843052,0.0,0.001666614848410009,0.22222222222222143,0.021355922975223436,0.12438423645320199,0.0511958885155169
0.15878378378378383,0.000739194712583703,0.00026250082031506353,0.0012262952743835676,0.0016088355509174712,0.0006045120658781109,0.02003203521007705,0.6081081081081081,1,0.1847848803391917,0.0,1.4233810262612057e-05,0.5277777777777715,0.11052811612660395,0.4421182266009852,0.6718719114449496
0.1925675675675676,0.0038699017305852687,0.017184428701339693,0.0068906115417743325,0.03256804939559962,0.020787906104201438,0.01716663180425856,0.4189189189189189,1,0.08481955003400139,0.0,0.01142852011700414,0.7777777777777715,0.0965283457474573,0.396551724137931,0.2496540818343546
0.22972972972972977,0.0038699017305852687,0.0015593798730621034,0.007284777879969051,0.007174536916253587,0.003400190033012145,0.10885954079045018,0.8783783783783785,1,0.004745679185817,0.0,0.0010713767222762204,0.55555555555555,0.3394121706153957,0.28694581280788173,0.37853330697766363
0.16216216216216217,0.0038699017305852687,0.0015593798730621034,0.00405845340807895,0.016784068179841728,0.004481307329670731,0.02003203521007705,0.6216216216216217,0,0.18112672096593205,0.023255813953488372,0.030357092528058613,0.55555555555555,0.0227348317080359,0.17733990147783252,0.04744020557422416
0.1722972972972973,0.011000956604922169,0.0015593798730621034,0.003875968992248062,0.01917558048525959,0.0047355982994481734,0.02003203521007705,0.7162162162162162,0,0.19167689062048235,0.0,0.019047568131516635,0.6111111111111072,0.06935378300355913,0.2204433497536946,0.07234631350069184
0.18581081081081086,0.011479259066005741,0.01874693358416745,0.08027854421232428,0.037264109922601964,0.04086471111327673,0.04582066586244344,0.6486486486486487,0,0.22313102103898147,0.0,0.019047568131516635,0.9722222222222214,0.03342462932210953,0.18596059113300492,0.018976082229689665
0.1891891891891892,0.0038699017305852687,0.05155953612355039,0.007284777879969051,0.018523349856509264,0.05295495243083895,0.08593631354390228,0.5135135135135136,1,0.0010235334401214897,0.023255813953488372,0.0011428052974122751,0.9166666666666643,0.049245387757420954,0.5406403940886699,0.0936944060090927
0.29391891891891897,0.7391077484998696,0.034371982412445046,0.0028613556402283247,0.015392642838507699,0.03503124581257385,0.02003203521007705,0.8648648648648649,1,5.928686778981804e-05,0.023255813953488372,0.004285662603398677,0.0,0.13914017642930102,0.18472906403940886,0.09745008895038546
0.21621621621621623,0.0038699017305852687,0.028121962881134003,0.004627804785471321,0.02574136881467954,0.030542324980813978,0.09453252376135775,0.8378378378378377,0,0.04057517597649517,0.0,0.0038094721024916475,0.19444444444444287,0.1740745036816271,0.22660098522167488,0.14172761415299465
0.14189189189189194,0.005522219323419428,7.812524414138793e-05,0.0003065738185958919,0.001043569006000522,0.00019795105431776933,0.0016762609924038155,0.6486486486486487,1,0.00033555304718070584,0.046511627906976744,7.137667037145575e-05,0.7222222222222214,0.0026045396279432004,0.10714285714285715,0.011069381300652305
0.3006756756756757,0.0038699017305852687,0.004684389638717621,0.005423436838493992,0.0009131228802504567,0.005734489773543994,0.02003203521007705,0.689189189189189,1,0.04909807215971042,0.023255813953488372,0.01142852011700414,0.5,0.04242422807742247,0.1933497536945813,0.0604862621071358
0.2567567567567568,0.0033915992695016956,0.0012875040234500733,0.004292033460342487,0.022045395251761024,0.003751933829530643,0.0007192162548604405,0.445945945945946,0,0.019025848570744082,0.046511627906976744,0.006190424607026801,0.6666666666666643,0.006299778309351368,0.09975369458128079,0.018580747183237795
0.25000000000000006,0.0082615879641708,0.0015593798730621034,0.007284777879969051,0.025132620227845903,0.006849106479394818,0.02003203521007705,0.6081081081081081,1,0.054933714269341724,0.0,0.003571376852038132,0.7222222222222214,0.07675550468651428,0.3251231527093596,0.16880806483494762
0.26013513513513514,0.009218192886337944,0.015621923818511933,0.06567979094585323,0.13035916166623185,0.035880912645722435,0.09166712035553926,0.7297297297297296,1,7.433212021288178e-05,0.046511627906976744,0.005952329356573286,0.80555555555555,0.10497401378435288,0.4359605911330049,0.0994267641826448
0.3040540540540541,0.004478650317418906,0.03749699217810056,0.09487729747879532,0.019914775197843293,0.05820522347151332,0.02003203521007705,0.5945945945945945,1,0.07220248195777787,0.0,0.014285663122446324,0.47222222222222143,0.05219909311599049,0.10098522167487685,0.044672860249061086
0.3040540540540541,0.0038699017305852687,0.009371904287200899,0.007131490970671105,0.01861031394034264,0.011519228660876344,0.02003203521007705,0.7837837837837838,1,0.021365440548942117,0.0,0.004761853104305709,0.6388888888888857,0.11224257904461155,0.23522167487684728,0.11029847796007117
0.24662162162162166,0.0024349943473345507,0.00021718817871305848,0.0005401538708594287,0.0019566918862509784,0.000589285061699821,0.06014768289153588,0.5945945945945945,0,0.048486926169394776,0.046511627906976744,0.004761853104305709,1.0,0.0072519946832119925,0.14901477832512317,0.022929432694208343
0.3006756756756757,0.00708757283242021,0.01874693358416745,0.006394253930714317,0.032263675102182796,0.02338867841785336,0.02003203521007705,0.6621621621621621,1,0.13292076705514702,0.13953488372093023,0.017857091879249058,0.47222222222222143,0.13331029234048747,0.16995073891625617,0.0668116228503657
0.35472972972972977,0.014392555874423864,0.034371982412445046,0.09487729747879532,0.04339507783285503,0.05604755697944964,0.02003203521007705,0.7297297297297296,1,0.10689199910451688,0.023255813953488372,0.009523758113376017,0.5277777777777715,0.08159174595885052,0.24876847290640394,0.1373789286420241
0.24324324324324326,0.000739194712583703,0.0009109403466885835,0.0001970831690973591,0.0003043742934168189,0.0009547331619787797,0.0007707935161651733,0.5675675675675675,1,2.64297827043857e-05,0.046511627906976744,0.0009523290970494627,0.9444444444444429,0.0010155396504318412,0.08497536945812809,0.001779007709033406
0.20945945945945948,0.004304722149752152,0.0011375035546986084,0.0028613556402283247,0.0030002608922515,0.0018363767039017676,0.002002916980667123,0.6351351351351351,1,0.0017421447677935503,0.0,0.0009523290970494627,0.6944444444444429,0.011090450494809266,0.13916256157635468,0.01779007709033406
0.2364864864864865,0.002478476389251239,0.001515629736342926,0.0029562475364603865,0.008696408383337682,0.0031504671644881897,0.06587848970317287,0.6216216216216217,1,0.03640907957183779,0.0,0.0011904243475029783,0.9166666666666643,0.05069768047429726,0.41256157635467977,0.0668116228503657
0.3648648648648649,0.0038699017305852687,0.0015250047656398926,0.00663513335961109,0.03704669971301852,0.008198219049591308,0.02003203521007705,0.6351351351351351,1,0.02535631275392767,0.0,0.00523804360521274,0.5277777777777715,0.018467316312194407,0.10344827586206896,0.0697766356987547
0.2398648648648649,0.007348465083920341,0.0005937518554745484,0.0019781310676068265,0.006130967910253066,0.001449610797773203,0.031493648833351,0.7567567567567568,1,0.00941345362855506,0.0,0.0008094719467773534,0.75,0.07111559042741436,0.36822660098522164,0.06068392963036173
0.2398648648648649,0.0011305330898338988,0.0006625020703189698,0.0021314179769047724,0.005609183407252805,0.0015851311349599835,0.02003203521007705,0.37837837837837834,0,0.00016254316363197206,0.0,0.000833281471822705,1.0,0.0001893780233905531,0.009852216748768473,0.002767345325163076
0.320945945945946,0.0038699017305852687,0.001315629111340973,0.004489116629439846,0.015523088964257763,0.0035448465727058996,0.02003203521007705,0.7972972972972974,1,0.07100517335383232,0.0,0.0038094721024916475,0.05555555555555003,0.015557404621533938,0.09605911330049262,0.0302431310535679
0.1925675675675676,0.0056526654491694936,0.0006218769433654481,0.0020730229638388884,0.009696495347421516,0.002022146154876905,0.0004584645449309581,0.6756756756756757,1,0.005505243527535234,0.06976744186046512,5.9471907848779985e-05,0.5833333333333286,0.0035620822587116847,0.08620689655172414,0.016604071950978457
0.5236486486486487,0.0038699017305852687,0.024996953115478487,0.021883531146440094,0.04339507783285503,0.03377958606911842,0.02003203521007705,0.7702702702702702,1,0.03291346204729555,0.0,0.012618996369271716,0.75,0.09201049627694642,0.3066502463054187,0.10496145483297095
0.22297297297297297,0.015783981215757893,0.0006609395654361421,0.0028613556402283247,0.009696495347421516,0.0025261599931783022,0.0025588052413959097,0.48648648648648657,0,0.006422701494992769,0.0,0.002857091100677586,0.1666666666666643,0.003056679658788146,0.06280788177339902,0.012453053963233842
0.3310810810810811,0.0055657013653361165,0.045309516592239356,0.0009343202090541468,0.0033915992695016956,0.04455878232692988,0.02003203521007705,0.6081081081081081,0,0.07478734757913084,0.023255813953488372,0.00833328186110844,0.5,0.07409237623258462,0.10098522167487685,0.04803320814390196
0.3378378378378379,0.019566918862509785,0.017184428701339693,0.05838041431261771,0.030220019132098448,0.031076792827471954,0.23493729064646365,0.7702702702702702,1,0.1126973219141682,0.09302325581395349,0.016190425126074447,0.9444444444444429,0.17941378032859454,0.4987684729064039,0.1383672662581538
0.1891891891891892,0.0004348204191668842,0.001225003828136963,0.004737295434969853,0.02543699452126272,0.003745843027859327,0.06014768289153588,0.5945945945945945,1,0.04606618686880691,0.09302325581395349,0.004523757853852194,0.8611111111111072,0.03254106248172798,0.19704433497536947,0.018185412136785928
0.21959459459459463,0.0016523175928341595,0.0015593798730621034,0.0030584388093256834,0.012957648491173148,0.0035341876697810967,0.1289173646311796,0.47297297297297297,1,0.11079953333945163,0.0,0.0015475672231832513,0.9444444444444429,0.0483369650514694,0.33251231527093594,0.05732358173552086
0.24324324324324326,0.000739194712583703,0.001315629111340973,0.0,0.01856683189842595,0.0012851591526476715,0.0007192162548604405,0.7297297297297296,1,8.413612319019022e-05,0.0,0.0015475672231832513,0.55555555555555,0.0015262685072632391,0.0332512315270936,0.006720695789681755
0.25000000000000006,0.008044177754587357,0.017184428701339693,0.006430750813880495,0.01095747456300548,0.018540400287485843,0.002618978712918098,0.6486486486486487,1,0.012061248431035726,0.0,0.0038094721024916475,0.75,0.014279102963647703,0.23275862068965517,0.023127100217434277
0.29054054054054057,0.00656578832941995,0.0015593798730621034,0.007284777879969051,0.019349508652926343,0.0048315284257714,0.02003203521007705,0.527027027027027,0,0.031563205211279914,0.0,0.026190425645122094,0.6666666666666643,0.040655910784013184,0.23029556650246305,0.037556829412927456
0.26351351351351354,0.0031307070180015655,0.40624814452545166,0.007167987853837283,0.038655535263935996,0.4013564215322021,0.001997186173855486,0.49999999999999994,0,0.0001269839291207928,0.06976744186046512,0.00023804334568891652,0.8888888888888857,0.00034561489268775943,0.0012315270935960591,0.000790670092903736
0.2533783783783784,0.00021741020958344207,0.0031218847558898625,0.0071387903473043406,0.03587268458126794,0.0075297535661643785,0.02003203521007705,0.49999999999999994,0,0.03014734597283122,0.0,0.004285662603398677,0.80555555555555,0.014985719713423705,0.1354679802955665,0.015022731765170983
0.25000000000000006,0.0006522306287503262,0.021871943349822967,0.007284777879969051,0.008000695712670668,0.023802852931502846,0.02003203521007705,0.5405405405405406,1,0.05286332343459076,0.023255813953488372,0.009523758113376017,0.6666666666666643,0.04396706716173238,0.1748768472906404,0.05099822099229097
0.1722972972972973,0.0038699017305852687,0.017184428701339693,0.00601468634578607,0.02161057483259414,0.02222685799904984,0.0024098042642933483,0.37837837837837834,1,4.777742062506739e-05,0.0,0.0014285195979564936,0.7777777777777715,0.004346817443136289,0.030788177339901482,0.007116030836133623
0.20270270270270274,0.0006522306287503262,0.0009453154541107942,0.002306603016102425,0.0076963214192538485,0.0024500249722868525,0.02003203521007705,0.35135135135135137,1,0.02134781017448936,0.0,0.0021428053493170395,0.7222222222222214,0.01177457860430764,0.22783251231527094,0.05475390393358372
0.20270270270270274,0.0038699017305852687,0.0011093784668077086,0.002474488678666842,0.00847899817375424,0.00254443239819225,0.008570421586803097,0.5135135135135136,0,0.019928332291164922,0.046511627906976744,0.004285662603398677,0.9444444444444429,0.005251097504826181,0.13054187192118227,0.009290373591618897
0.31081081081081086,0.004174276024002087,0.028121962881134003,0.004591307902305143,0.0015218714670840944,0.0285110426234301,0.05728227948571739,0.7027027027027026,0,0.07058551574141092,0.023255813953488372,0.007142805608840863,0.75,0.09939091293227013,0.16009852216748768,0.04783554062067603
0.22972972972972977,0.0038699017305852687,0.0014000043750136719,0.004781091694769267,0.00930515697017132,0.003199193577858718,0.02003203521007705,0.7972972972972974,1,0.004143253708879244,0.09302325581395349,5.471000283970968e-05,0.38888888888888573,0.10754718767717202,0.16625615763546797,0.12136785926072347
0.28040540540540543,0.007000608748586834,0.0011203160009875032,0.0024598899254003707,0.011218366814505611,0.00254443239819225,0.02003203521007705,0.6486486486486487,0,0.15624199968998262,0.20930232558139533,0.017857091879249058,0.75,0.05839412170615396,0.26847290640394084,0.0790670092903736
0.20945945945945948,0.02839377337159753,0.03749699217810056,0.021883531146440094,0.04222106270110444,0.04387661253974248,0.028628245427532513,0.7567567567567568,0,0.18868061190101426,0.0,0.0017856624736367667,0.75,0.24519305314065695,0.4753694581280788,0.1739474204388219
0.2533783783783784,0.011957561527089313,0.0031218847558898625,0.002744565614096556,0.014914340377424125,0.004198085051954539,0.0007965821468175397,0.6351351351351351,1,0.004625389486733422,0.0,0.005952329356573286,0.6111111111111072,0.0053156043940435875,0.12807881773399016,0.02016208736904527
0.4425675675675676,0.0038699017305852687,0.0015187547461085816,0.006963605308106688,0.03504652578485085,0.006069483865466373,0.16043680209518296,0.5135135135135136,0,0.32271681834962224,0.046511627906976744,0.04999995069047363,0.9444444444444429,0.1434526691056978,0.46428571428571425,0.18126111879818146
0.26689189189189194,0.010870510479172103,0.0008390651220785065,0.0010876071183520926,0.00382641968866858,0.0012349100388593147,0.02003203521007705,0.7162162162162162,0,0.22443532818561376,0.0,0.010714234365643593,0.6111111111111072,0.10182501233916183,0.2733990147783251,0.2008302035975489
0.22635135135135137,0.0038699017305852687,0.0003375010546907959,0.0015620665995124017,0.003913383772501957,0.0009684374657392406,0.02003203521007705,0.6351351351351351,1,0.041357485710313925,0.16279069767441862,0.00571423410611977,0.7777777777777715,0.08866028068190292,0.3029556650246305,0.04783554062067603
0.21959459459459463,0.0028263327245847463,0.0012875040234500733,0.0031679294588242164,0.014262109748673799,0.002722588347078242,0.0028396147751661217,0.4324324324324324,0,0.154580403958453,0.023255813953488372,0.007142805608840863,0.55555555555555,0.03960308733522633,0.12192118226600986,0.029057125914212296
0.3006756756756757,0.08687711974954344,0.04062200194375608,0.07297916757908875,0.020393077658926863,0.05665054634490992,0.23780269405228213,0.8378378378378377,1,0.035375865730707855,0.0,0.009047567612468986,0.9166666666666643,0.18500279924390822,0.48275862068965514,0.0936944060090927
0.34121621621621623,0.00573962953300287,0.00624689452154538,0.007284777879969051,0.02274110792242804,0.009459014995553716,0.02003203521007705,0.6216216216216217,0,0.02226013734532438,0.046511627906976744,0.0033332816015846168,0.5833333333333286,0.012655186413073711,0.1022167487684729,0.033208143901956914
0.2533783783783784,0.004130793982085399,0.02030943846699521,0.0057884056701557685,0.015349160796591009,0.02184313749375693,0.02003203521007705,0.6756756756756757,0,0.018488734900121095,0.023255813953488372,0.0029761387259043437,0.6111111111111072,0.008481768222604397,0.10098522167487685,0.027278118205178892
0.2364864864864865,0.009131228802504566,0.0013703167822399446,0.004073052161345421,0.01643621184450822,0.004252902266996382,0.005705018180984609,0.5945945945945945,1,0.028156712595777636,0.11627906976744186,0.009523758113376017,0.27777777777777146,0.008526153696836559,0.05788177339901478,0.022138762601304606
0.195945945945946,0.47821549699973914,0.001340629189466217,0.004788391071402502,0.01669710409600835,0.004134131634405721,0.028628245427532513,0.7162162162162162,0,0.006977311418783148,0.023255813953488372,0.003571376852038132,0.80555555555555,0.03488402371486298,0.2672413793103448,0.033208143901956914
0.320945945945946,0.0037394556048352032,0.034371982412445046,0.06567979094585323,0.04230802678493782,0.05491923596983835,0.02003203521007705,0.7162162162162162,1,0.06418722169052556,0.0,0.007618996109747893,0.55555555555555,0.052908668897381966,0.11945812807881774,0.04407985767938328
0.2533783783783784,0.019610400904426475,0.0015593798730621034,0.0014890728331800464,0.005130880946169232,0.0022170518083590163,0.028628245427532513,0.5135135135135136,1,0.013806347811851007,0.06976744186046512,0.00833328186110844,0.9444444444444429,0.028096596995280936,0.2857142857142857,0.04170784740067207
0.2567567567567568,0.0036090094790851377,0.0015593798730621034,0.0022409086264033053,0.008000695712670668,0.00281699577298364,0.02003203521007705,0.7162162162162162,1,0.007757782902043658,0.023255813953488372,0.0038094721024916475,0.1666666666666643,0.05835624610147585,0.13669950738916256,0.06226526981616921
0.15540540540540543,0.0016523175928341595,0.004684389638717621,0.004671601045270734,0.016218801634924777,0.006687700235104945,0.02003203521007705,0.36486486486486486,0,0.13171355319980285,0.0,0.019047568131516635,0.8333333333333286,0.009683726864811315,0.1748768472906404,0.019569084799367465
0.39527027027027034,0.9130359161666233,0.017184428701339693,0.005700813150556943,0.027611096617097142,0.020110304418267534,0.13751357484863505,0.9324324324324325,1,0.048682388219096616,0.046511627906976744,0.01499994887380687,0.5277777777777715,0.7974229201854485,0.38669950738916253,0.5864795414113462
0.20945945945945948,4.3482041916688424e-05,0.028121962881134003,0.0005839501306588418,0.0014349073832507176,0.02767660279445981,0.02003203521007705,0.554054054054054,0,0.06312423686878817,0.06976744186046512,0.00880947236201547,0.7777777777777715,0.016622064196782704,0.16995073891625617,0.021545760031626806
0.1722972972972973,0.005087398904252543,0.004684389638717621,0.0025255843150994903,0.006174449952169754,0.005854783106552484,0.02003203521007705,0.6621621621621621,0,0.11430585032378818,0.13953488372093023,0.005476138855666255,0.30555555555555003,0.0492661009787293,0.05172413793103448,0.016999406997430324
0.18581081081081086,0.0012609792155839638,0.0004421888818402558,0.0005766507540256062,0.0030002608922515,0.0010125957778562816,0.02003203521007705,0.4594594594594595,1,0.042562203857818635,0.0,0.005952329356573286,0.5,0.023521934117752885,0.13916256157635468,0.05752124925874679
0.2736486486486487,0.002348030263501174,0.03124697264678952,0.13867355727820843,0.8260718323332464,0.1184980692158702,0.02003203521007705,0.6486486486486487,0,0.035259164433465086,0.06976744186046512,0.00833328186110844,0.7777777777777715,0.049909986258257176,0.20689655172413793,0.049614548329709435
0.25000000000000006,0.0009131228802504567,0.0031218847558898625,0.006262865151316078,0.03665536133576833,0.007168873567138907,0.20914865999409726,0.527027027027027,0,0.014341942756154413,0.0,0.006666615107933832,1.0,0.0140571755924869,0.27586206896551724,0.02628978058904922
0.19932432432432434,0.0013044612575006523,0.000823440073250229,0.0038248733558154135,0.021784503000260896,0.0036407766990291263,0.001426970896097607,0.47297297297297297,1,0.013410292915824818,0.06976744186046512,0.002857091100677586,0.6111111111111072,0.0070927987822993095,0.06403940886699508,0.020557422415497136
0.23310810810810811,0.47821549699973914,0.034371982412445046,0.007131490970671105,0.027567614575180453,0.037048823866197275,0.02003203521007705,0.6486486486486487,1,0.1402933023439529,0.046511627906976744,0.007142805608840863,0.5277777777777715,0.0733354559453455,0.17733990147783252,0.06641628780391381
0.3817567567567568,0.0038699017305852687,0.009371904287200899,0.006474547073679908,0.02900252195843117,0.012915544944025532,0.04582066586244344,0.8243243243243243,1,0.009492915230475891,0.023255813953488372,0.003571376852038132,0.5833333333333286,0.13964853806084004,0.3091133004926108,0.3492785135402254
0.2567567567567568,0.002043655970084355,0.0015593798730621034,0.004138746551044541,0.018479867814592574,0.0032250794849618108,0.001332412583705597,0.445945945945946,0,0.0008194705342669464,0.046511627906976744,0.009047567612468986,0.5833333333333286,0.0028022029398570903,0.03694581280788178,0.013046056532911644
0.1891891891891892,0.00017392816766675367,0.0014093794043106385,0.005204455539496927,0.026741455778763374,0.00427117467201033,0.02003203521007705,0.6486486486486487,0,0.04140288708032472,0.046511627906976744,0.0021428053493170395,0.7777777777777715,0.044305580378543,0.20320197044334976,0.02530144297291955
0.3141891891891892,0.0023915123054178626,0.01874693358416745,0.08027854421232428,0.13035916166623185,0.04426033304503539,0.02003203521007705,0.6216216216216217,0,0.13365165836991738,0.023255813953488372,0.021428520636051787,0.55555555555555,0.12920256465188176,0.2142857142857143,0.09824075904328919
0.26689189189189194,0.00021741020958344207,0.017184428701339693,0.0002992744419626564,0.0014349073832507176,0.01692329244375145,0.0018367235831296509,0.6216216216216217,0,0.006206671551705757,0.046511627906976744,0.001666614848410009,0.5833333333333286,0.001882535913766717,0.03201970443349754,0.016604071950978457
0.21621621621621623,0.0009566049221671452,0.0005921893505917206,0.0009197214557876758,0.0028263327245847463,0.0010384816849593743,0.02003203521007705,0.36486486486486486,1,0.018934556682505273,0.0,0.0005951862213691896,0.05555555555555003,0.016906131231868533,0.19827586206896552,0.10496145483297095
0.18243243243243246,0.001043569006000522,0.0007578148681714631,0.0021606154834377146,0.010174797808505089,0.002273391723818689,0.02003203521007705,0.2972972972972973,1,0.00018781976626512659,0.0,0.0011904243475029783,0.80555555555555,0.0024264059246914614,0.07635467980295567,0.009290373591618897
0.3378378378378379,0.016305765718758154,0.034371982412445046,0.08027854421232428,0.03522045395251761,0.05612216929992326,0.02003203521007705,0.7972972972972974,1,0.003944530671062636,0.20930232558139533,0.0007142338465959473,0.5,0.03273103231144163,0.1810344827586207,0.09843842656651512
0.21283783783783788,0.000739194712583703,0.0359344872952728,0.09487729747879532,0.03622054091660144,0.057717959337808045,0.028628245427532513,0.7162162162162162,0,0.05019810732907276,0.13953488372093023,0.0038094721024916475,0.5277777777777715,0.13142657281407455,0.1625615763546798,0.10832180272781183
0.24324324324324326,0.015436124880424387,0.0359344872952728,0.007284777879969051,0.038307678928602484,0.04057996613514271,0.02003203521007705,0.49999999999999994,0,0.04603123775465268,0.0,0.003571376852038132,0.55555555555555,0.015874612810713114,0.12438423645320199,0.03795216445937933
0.20945945945945948,0.0012609792155839638,0.0012531289160278626,0.00454751164250573,0.014175145664840422,0.004584850958083103,0.02003203521007705,0.5675675675675675,1,0.004720343412028537,0.0,0.00047613859614243194,0.9722222222222214,0.012346855318740966,0.1933497536945813,0.011662383870330107
0.23310810810810811,0.011000956604922169,0.017184428701339693,0.03648228441291114,0.21732324549960869,0.03407955805143073,0.02003203521007705,0.689189189189189,1,0.0322426649578563,0.023255813953488372,0.010714234365643593,0.6944444444444429,0.05040769537598048,0.21674876847290642,0.059695592014232066
0.15540540540540543,0.00017392816766675367,0.0015593798730621034,0.004832187331201916,0.01856683189842595,0.005862396608641629,0.0002263668690596606,0.7162162162162162,1,2.7389670334942993e-06,0.0,0.00013328143548936976,0.8611111111111072,2.0713221308341746e-05,0.002463054187192118,0.000197667523225934
0.2736486486486487,0.003087224976084877,0.017184428701339693,0.021883531146440094,0.021871467084094272,0.02370692280517962,0.0025330166107435433,0.5945945945945945,0,0.054625554837239645,0.023255813953488372,0.009999948614283048,0.6111111111111072,0.017786739040634606,0.13916256157635468,0.034394149041312515
0.24662162162162166,0.0023045482215844856,0.004684389638717621,0.006854114658608155,0.012696756239673016,0.006948082006553702,0.001103180311240118,0.4324324324324324,1,0.03862432139478353,0.0,0.009523758113376017,0.55555555555555,0.00714369412608552,0.12192118226600986,0.036963826843249656
0.30743243243243246,0.0018262457605009133,0.0009234403857512056,0.003941663381947182,0.018175493521175756,0.0035433238722880705,0.02003203521007705,0.40540540540540554,0,0.07889466072827582,0.023255813953488372,0.009285662862922501,0.0833333333333286,0.029538237198341522,0.11576354679802955,0.04407985767938328
0.22635135135135137,0.0038699017305852687,0.0031218847558898625,0.0047518941882363245,0.025002174102095837,0.006523248589979413,0.04582066586244344,0.689189189189189,0,0.07320546328328893,0.023255813953488372,0.019047568131516635,0.8333333333333286,0.03891895922572795,0.23029556650246305,0.03142913619292351
0.22297297297297297,0.006130967910253066,0.0012921915380985566,0.004956276733966919,0.01861031394034264,0.0034915520580818846,0.02003203521007705,0.5675675675675675,1,0.006582095438247775,0.023255813953488372,0.004761853104305709,0.6666666666666643,0.01753344593434974,0.2044334975369458,0.07116030836133624
0.2533783783783784,0.0038699017305852687,0.07655961424879454,0.005905195696287537,0.03509000782676754,0.08052496619605072,0.02003203521007705,0.6081081081081081,1,0.010986969808121817,0.046511627906976744,0.013095186870178747,0.6111111111111072,0.020540413861997866,0.12807881773399016,0.06720695789681756
0.29054054054054057,0.0021741020958344205,0.0008609401904380952,0.0015474678462459306,0.00573962953300287,0.0016445164512553143,0.02003203521007705,0.6486486486486487,1,0.02408527557555339,0.023255813953488372,0.00833328186110844,0.75,0.03290916601469337,0.20935960591133004,0.039335837121960864
0.2533783783783784,0.011740151317505871,0.00023906324707264712,0.001036511481919444,0.0053048091138359855,0.0009181883519508838,0.02003203521007705,0.6621621621621621,0,0.005588594646731668,0.023255813953488372,0.004285662603398677,0.13888888888888573,0.008787140285321664,0.07758620689655173,0.01680173947420439
0.2364864864864865,0.002261066179667797,0.009371904287200899,0.0067227258792099155,0.03987303243760327,0.014709286036228088,0.02003203521007705,0.445945945945946,1,0.00534403763201323,0.0,0.005952329356573286,0.4166666666666643,0.014657859010428811,0.0726600985221675,0.03399881399486065
0.20270270270270274,0.0006957126706670146,0.0010250032031350097,0.0033650126279215755,0.007870249586920603,0.0023708445505597445,0.001550183242547802,0.47297297297297297,1,0.003989475765720278,0.06976744186046512,0.0026189958502240707,0.6111111111111072,0.008048565994098507,0.08497536945812809,0.025103775449693617
0.2736486486486487,0.0038699017305852687,0.0015593798730621034,0.0031679294588242164,0.015566571006174451,0.0029875382197804873,0.0008051783570349951,0.6351351351351351,1,0.050187474929921136,0.0,0.0007142338465959473,0.55555555555555,0.0027607764972404068,0.06403940886699508,0.016208736904526587
0.32432432432432434,0.0038699017305852687,0.0031218847558898625,0.006642432736244325,0.031350552221932344,0.0060390298571097924,0.00166766478218636,0.6486486486486487,0,0.017163026204071043,0.0,0.008571377111561954,0.44444444444444287,0.005035680003219426,0.03694581280788178,0.011069381300652305
0.28040540540540543,0.0035655274371684496,0.0013421916943490448,0.0030876363158586257,0.011870597443255937,0.0032875102020927995,0.0007908513400059027,0.5405405405405406,0,0.0004989850930568652,0.0,0.000523757646233135,0.75,0.0009178916071210871,0.020935960591133007,0.0055346906503261515
0.23310810810810811,0.015783981215757893,0.0014140669189591218,0.0026496737178644944,0.002043655970084355,0.0021454848887210534,0.02003203521007705,0.5810810810810811,1,3.0030018776256746e-05,0.0,0.00011899572046215883,0.7222222222222214,0.003496983563171182,0.10714285714285715,0.011267048823878238
0.26689189189189194,0.0016088355509174712,0.0015593798730621034,0.006642432736244325,0.020653969910426995,0.005084296695131013,0.002753652672991567,0.5945945945945945,1,0.07231676907188406,0.0,0.01190471061791117,0.5833333333333286,0.023873467073671602,0.13793103448275862,0.048823878236805694
0.2364864864864865,0.0038699017305852687,0.00624689452154538,0.029182907779675617,0.04339507783285503,0.01852821868414321,0.02003203521007705,0.6081081081081081,1,0.05268177975553201,0.023255813953488372,0.003571376852038132,0.5,0.054476955653584985,0.18842364532019704,0.09903142913619294
0.2702702702702703,0.0038699017305852687,0.04218450682658384,0.13137418064497292,0.04339507783285503,0.07147860301372866,0.034359052239169484,0.7297297297297296,1,0.007487437782927289,0.09302325581395349,0.004285662603398677,0.7777777777777715,0.1150868002334084,0.25615763546798026,0.03775449693615339
0.28040540540540543,0.004217758065918776,0.0009281279003996888,0.0019197360545409423,0.00708757283242021,0.0019658062394172318,0.02003203521007705,0.7027027027027026,0,0.0885271449351493,0.0,0.004761853104305709,0.6388888888888857,0.03444312800415685,0.12931034482758622,0.06523028266455821
0.16216216216216217,0.03465518740760066,0.0011234410107531585,0.0026058774580650815,0.012696756239673016,0.0027454288533456774,0.001919820281898387,0.6081081081081081,0,0.013116959145413885,0.0,0.0030951863511311014,0.5,0.011842636331463619,0.038177339901477834,0.022929432694208343
0.26013513513513514,0.02817636316201409,0.001075003359385498,0.0016204616125782857,0.007783285503087225,0.0023921623564093506,0.0028396147751661217,0.6081081081081081,0,0.006844368296865525,0.06976744186046512,0.004761853104305709,0.80555555555555,0.007063800272467631,0.09605911330049262,0.0075113658825854916
0.25000000000000006,0.004174276024002087,0.024996953115478487,0.006525642710112556,0.031350552221932344,0.028404453594182068,0.028628245427532513,0.6486486486486487,0,0.21557615443729394,0.023255813953488372,0.009523758113376017,0.80555555555555,0.1348146640137962,0.27463054187192115,0.05376556631745404
0.26013513513513514,0.0038699017305852687,0.0012203163134884797,0.004832187331201916,0.026741455778763374,0.0073576884189497024,0.0010945841010226625,0.5945945945945945,0,0.002569395651526261,0.0,0.003571376852038132,0.5277777777777715,0.0034886982746478454,0.0332512315270936,0.01383672662581538
0.22972972972972977,0.000739194712583703,0.02030943846699521,0.0038540708623483557,0.015175232628924257,0.022019770742225095,0.0017049150264620003,0.4324324324324324,1,0.01968035255384054,0.023255813953488372,0.009523758113376017,0.55555555555555,0.01614625191301394,0.12438423645320199,0.05593990907293932
0.3310810810810811,0.03674232541960171,0.004684389638717621,0.00699280281463963,0.027089312114096882,0.009615853138590102,0.011435824992621586,0.6486486486486487,1,0.03570553716505091,0.023255813953488372,0.004047567352945162,0.80555555555555,0.03126512804913413,0.2413793103448276,0.02708045068195296
0.22635135135135137,0.0037394556048352032,0.0014921921631005097,0.005978189462619892,0.03522045395251761,0.007045534833294759,0.0021461871509580476,0.6216216216216217,0,0.029314940624013876,0.06976744186046512,0.005118995979985982,0.44444444444444287,0.007253178295858184,0.03201970443349754,0.01383672662581538
0.29054054054054057,0.0038699017305852687,0.0015593798730621034,0.005445334968393699,0.03043742934168189,0.009076817190678637,0.0009828333681957415,0.6621621621621621,1,0.007535697777196761,0.23255813953488372,0.0005713766963238381,0.44444444444444287,0.002413386185583361,0.0332512315270936,0.006720695789681755
0.1891891891891892,0.0004783024610835726,0.0013750042968884277,0.006365056424181375,0.026567527611096618,0.004048860411007296,0.02003203521007705,0.6486486486486487,0,0.02519101747411658,0.046511627906976744,0.003571376852038132,0.6111111111111072,0.010629433369117888,0.08374384236453203,0.024906107926467684
0.20945945945945948,0.009392121054004698,0.00624689452154538,0.0009708170922203245,0.0012609792155839638,0.00643797736658099,0.02003203521007705,0.7432432432432432,1,0.005924689438712085,0.0,4.756714532610421e-05,0.44444444444444287,0.03783358642917085,0.09359605911330049,0.049614548329709435
0.3141891891891892,0.011131402730672233,0.017184428701339693,0.0051533599030642785,0.026741455778763374,0.01971135690879634,0.02003203521007705,0.6216216216216217,1,0.005819989366680408,0.046511627906976744,0.00833328186110844,0.6388888888888857,0.013344048973156847,0.06527093596059114,0.03063846610001977
0.28716216216216217,0.026480563527263242,0.0011765661767693023,0.003511000160586286,8.696408383337682e-05,0.0018911939189436115,0.02003203521007705,0.7702702702702702,0,0.014518058467899555,0.06976744186046512,0.023809473140586943,0.6666666666666643,0.054607744850989084,0.3041871921182266,0.08282269223166634
0.5405405405405406,0.0038699017305852687,0.021871943349822967,0.03648228441291114,0.008392034089920864,0.02984188278861264,0.02003203521007705,0.7162162162162162,1,0.06232239539405942,0.023255813953488372,0.030952330654192402,0.6944444444444429,0.12862969613112532,0.29310344827586204,0.18600513935560387
0.24324324324324326,0.0004348204191668842,0.0015000046875146484,0.006146075125184309,0.02578485085659623,0.006451681670341451,0.002277995707625698,0.527027027027027,0,0.02360438502178981,0.023255813953488372,0.007142805608840863,0.5833333333333286,0.015055552859548972,0.11576354679802955,0.039335837121960864
0.2398648648648649,0.008087659796504046,0.001321879130872284,0.005883297566387831,0.020871380120010437,0.005233521336078254,0.02003203521007705,0.6756756756756757,1,0.09477488389846817,0.09302325581395349,0.007202329421454242,0.4166666666666643,0.03726249332738371,0.11699507389162561,0.029452460960664166
0.22297297297297297,0.0010870510479172102,0.0015593798730621034,0.00656943896991197,0.03674232541960171,0.006657246226748364,0.0009713717545724674,0.5405405405405406,1,9.66672589699313e-05,0.023255813953488372,0.0007142338465959473,0.8611111111111072,0.00014440074283529673,0.008620689655172414,0.0013836726625815379
0.20608108108108109,0.0009566049221671452,0.001451567036146988,0.003919765252047475,0.018436385772675888,0.005055365387192263,0.02003203521007705,0.4594594594594595,0,0.011996849175427269,0.13953488372093023,0.003571376852038132,0.9166666666666643,0.0023926729642750194,0.05172413793103448,0.006325360743229888
0.17905405405405406,0.0028263327245847463,0.0013578167431773224,0.0008467276894553206,0.0028263327245847463,0.0016886747633723552,0.02003203521007705,0.4324324324324324,0,0.04385212057947996,0.0,0.0005951862213691896,0.8888888888888857,0.00531915523198216,0.03571428571428572,0.03913816959873493
0.26351351351351354,0.0038699017305852687,0.0009875030859471435,0.0019489335610738843,0.010783546395338727,0.0020099645515342726,0.07734010332644681,0.8513513513513513,1,0.04947100559807124,0.0,0.003214233976357859,0.7222222222222214,0.27649901582608466,0.4987684729064039,0.21387626013046057
0.24662162162162166,0.006957126706670145,0.0031218847558898625,0.0018686404181082936,0.005783111574919559,0.003723002521591892,0.02003203521007705,0.7432432432432432,0,0.02084774159183307,0.046511627906976744,0.003214233976357859,0.6111111111111072,0.021612766919446875,0.22167487684729065,0.07452065625617711
0.23310810810810811,0.0027828506826680583,0.00023906324707264712,0.0005547526241258997,0.0004783024610835726,0.00039133400738205164,0.04582066586244344,0.6621621621621621,1,0.03587848393270065,0.0,0.0011904243475029783,0.9722222222222214,0.028793153037564315,0.24876847290640394,0.04210318244712394
0.20608108108108109,0.0038699017305852687,0.017184428701339693,0.006379655177447846,0.004174276024002087,0.018260223410605306,0.02003203521007705,0.7297297297297296,1,0.023393472725979688,0.0,0.005952329356573286,0.6111111111111072,0.06499986388454569,0.30788177339901474,0.17533109310140343
0.24662162162162166,0.0003913383772501957,0.0014640670752096101,0.0044015241098410195,0.021914949126010958,0.00569489956268044,0.0017221074468969113,0.49999999999999994,0,0.021154934561731776,0.046511627906976744,0.013095186870178747,0.80555555555555,0.006151826728577499,0.11330049261083744,0.0075113658825854916
0.4290540540540541,0.04030785285677015,0.0007593773730542909,0.0020949210937385946,0.004956952778502478,0.001432861093177084,0.06587848970317287,0.7297297297297296,1,0.00044221234191036985,0.0,0.0030951863511311014,0.80555555555555,0.0268839858392583,0.2647783251231527,0.03775449693615339
0.22297297297297297,0.0053048091138359855,0.0031218847558898625,0.006189871384983722,0.023132446299678235,0.005918736524101302,0.02003203521007705,0.445945945945946,1,0.052817380319780255,0.0,0.006190424607026801,0.8333333333333286,0.04784635760962325,0.27709359605911327,0.06206760229294327
0.22297297297297297,0.01752326289242543,0.0015531298535307924,0.006532942086745792,0.027219758239846945,0.007010512723684691,0.08593631354390228,0.8243243243243243,0,0.058733200659768905,0.0,0.003571376852038132,0.8611111111111072,0.11244793583872567,0.708128078817734,0.11504249851749358
0.22635135135135137,0.00017392816766675367,0.0015203172509914093,0.006897910918407568,0.0315244803895991,0.006367933147360855,0.02003203521007705,0.6081081081081081,1,8.52196127896138e-06,0.046511627906976744,0.000214233820643565,0.8888888888888857,0.007067942916729299,0.07512315270935961,0.0075113658825854916
0.2533783783783784,0.00021741020958344207,0.0624970703033447,0.06567979094585323,0.04339507783285503,0.08012297328574387,0.0028396147751661217,0.4594594594594595,1,0.014009650697088477,0.0,0.008095186610654923,0.5277777777777715,0.026912392542766884,0.13054187192118227,0.0511958885155169
0.2567567567567568,0.01447951995825724,0.017184428701339693,0.08027854421232428,0.04287329332985477,0.03922628546369274,0.02003203521007705,0.6486486486486487,1,0.17694632092066478,0.0,0.017857091879249058,0.7777777777777715,0.1774412898537173,0.3879310344827586,0.140739276536865
0.20945945945945948,0.0017827637185842248,0.0013109415966924896,0.0024817880553000774,0.0032611531437516305,0.0021058946778574994,0.02003203521007705,0.24324324324324326,0,0.011495113281105848,0.046511627906976744,0.004285662603398677,0.80555555555555,0.011718948809936664,0.12561576354679804,0.03518481913421625
0.23310810810810811,0.0005652665449169494,0.0011265660205188141,0.004014657148279537,0.0073919471258370294,0.0024561157739581684,0.02003203521007705,0.5945945945945945,0,0.007970482166744093,0.0,0.004047567352945162,0.6944444444444429,0.029031059179448697,0.17364532019704434,0.0936944060090927
0.19932432432432434,0.01065310026958866,0.00038281369629280095,0.001569365976145637,0.006522306287503261,0.001449610797773203,0.02003203521007705,0.4324324324324324,1,4.671365474407992e-05,0.09302325581395349,0.00014280524550751037,0.9444444444444429,0.002453037209230758,0.006157635467980295,0.014034394149041314
0.19932432432432434,0.0036090094790851377,0.0015593798730621034,0.0062263682681499,0.022262805461344466,0.00422549365947546,0.02003203521007705,0.5135135135135136,1,0.019948980394538404,0.0,0.002023757724090282,0.44444444444444287,0.011707704489797851,0.08866995073891626,0.023917770310338014
0.1925675675675676,0.0021741020958344205,0.001204691264660202,0.004277434707076016,0.020871380120010437,0.0029890609201983164,0.02003203521007705,0.7432432432432432,0,0.032594950292843636,0.0,0.0007142338465959473,0.5,0.01255990559505534,0.1145320197044335,0.041905514923898005
0.1925675675675676,0.012392381946256198,0.0015593798730621034,0.005992788215886363,0.03143751630576572,0.006754699053489421,0.02003203521007705,0.6351351351351351,1,0.023649840303297667,0.0,0.00023804334568891652,0.027777777777771462,0.013464185656745231,0.19704433497536947,0.0383474995058312
0.29054054054054057,0.00021741020958344207,0.0010312532226663207,0.002503686185199784,0.012479346030089574,0.0029692658147665394,0.02003203521007705,0.7567567567567568,1,0.0002814443129376476,0.0,0.002857091100677586,0.75,0.008764059838720941,0.08374384236453203,0.014627396718719116
0.5168918918918919,0.6956257065831812,0.07187209960031125,0.007284777879969051,0.04339507783285503,0.07599797785384513,0.32663019963265527,0.8108108108108107,1,0.07115795459175299,0.023255813953488372,0.010476139115190079,0.9722222222222214,0.16145482564793914,0.7327586206896551,0.20102787112077486
0.29054054054054057,0.0038699017305852687,0.015621923818511933,0.006197170761616958,0.02948082441951474,0.02067674897369992,0.02003203521007705,0.7702702702702702,1,0.13149583490621772,0.0,0.0154761393747139,0.6666666666666643,0.1737780087137563,0.3669950738916256,0.16505238189365487
0.37162162162162166,0.0038699017305852687,0.05312204100637815,0.09487729747879532,0.04339507783285503,0.07565080215858011,0.15470599528354598,0.7297297297297296,0,0.20379193483609528,0.13953488372093023,0.04238090267596114,1.0,0.0877986106754759,0.48645320197044334,0.12275153192330501
0.22972972972972977,0.0016088355509174712,0.0015593798730621034,0.007284777879969051,0.011174884772588923,0.004053428512260784,0.002530151207337725,0.5810810810810811,1,0.0080394862531501,0.09302325581395349,0.009523758113376017,0.5833333333333286,0.011814821434278132,0.10098522167487685,0.040719509784542404
0.22297297297297297,0.5216975389164276,0.0014593795605611268,0.006562139593278734,0.026219671275763114,0.006272003021037629,0.02003203521007705,0.6081081081081081,1,0.20205618055307503,0.023255813953488372,0.006666615107933832,0.19444444444444287,0.05018635981114277,0.0603448275862069,0.018580747183237795
0.1925675675675676,0.0038699017305852687,5.781268066462708e-05,0.00015328690929794598,0.0004783024610835726,0.00012942953551546457,0.42118851202466534,0.7972972972972974,0,0.36039808039041815,0.0,0.023809473140586943,0.9166666666666643,0.3449609467007389,0.9076354679802956,0.3724056137576596
0.24324324324324326,0.002000173928167667,0.0359344872952728,0.001846742288208587,0.0014349073832507176,0.035580940663410124,0.02003203521007705,0.6081081081081081,1,0.06953981547159638,0.0,0.0038094721024916475,0.5277777777777715,0.020884845142039435,0.0812807881773399,0.05257956117809844
0.2533783783783784,0.0037394556048352032,0.0009515654736421052,0.004306632213608958,0.024741281850595705,0.0042879243766064485,0.0010458722431237481,0.3243243243243243,0,0.162139199524853,0.023255813953488372,0.0154761393747139,0.55555555555555,0.023298823133945892,0.1145320197044335,0.03360347894840878
0.39864864864864874,0.0038699017305852687,0.0031218847558898625,0.0059708900859866566,0.02413253326376207,0.006498885383294149,0.028628245427532513,0.7837837837837838,1,0.1428504548259886,0.0,0.02190471113695882,0.5833333333333286,0.1728074463438797,0.24507389162561577,0.21782961059497924
0.2837837837837838,0.01591442734150796,0.0359344872952728,0.021883531146440094,0.04287329332985477,0.041822489676091174,0.02003203521007705,0.6351351351351351,0,0.164784883889461,0.0,0.04761899818593848,0.80555555555555,0.1692998102668928,0.5184729064039408,0.19233050009883376
0.18581081081081086,0.029785198712931563,0.015621923818511933,0.005730010657089885,0.016827550221758414,0.018548013789574987,0.02003203521007705,0.39189189189189183,0,0.05606533105666397,0.023255813953488372,0.0038094721024916475,0.80555555555555,0.02495055458170537,0.21798029556650247,0.045265862818738886
0.22297297297297297,0.0036959735629185147,0.004684389638717621,0.004189842187477189,0.019306026611009657,0.00787540656101156,0.0028396147751661217,0.47297297297297297,0,0.09601915467601008,0.09302325581395349,0.00833328186110844,0.80555555555555,0.00961626094397843,0.13054187192118227,0.011069381300652305
0.195945945945946,0.000521784503000261,0.0006000018750058594,0.0007080395334238457,0.003304635185668319,0.0009806190690818727,0.02003203521007705,0.7432432432432432,1,0.023022192135223815,0.0,0.003571376852038132,0.7222222222222214,0.0382324638909372,0.2697044334975369,0.05534690650326152
0.1891891891891892,0.00013044612575006522,0.0006984396826240082,0.0024087942889677223,0.012827202365423082,0.0023327770401140196,0.02003203521007705,0.445945945945946,0,0.03409097592741861,0.023255813953488372,0.0019047100988635244,0.7777777777777715,0.015734354712139485,0.16502463054187191,0.029057125914212296
0.2364864864864865,0.022001913209844338,0.015621923818511933,0.007284777879969051,0.024176015305678755,0.01990778526269628,0.031493648833351,0.7162162162162162,0,0.33712575600273126,0.0,0.03571423566326271,0.75,0.31415920300258854,0.396551724137931,0.2791065427950188
0.5236486486486487,0.0038699017305852687,0.02343444823265073,0.005423436838493992,0.030046090964431692,0.026973115201422815,0.08593631354390228,0.8918918918918919,1,0.1798819058137613,0.0,0.014285663122446324,0.5277777777777715,0.4631405267786443,0.22783251231527094,0.2719905119588852
0.24662162162162166,0.0038699017305852687,0.0031218847558898625,0.005452634345026935,0.004217758065918776,0.004333605389141319,0.13751357484863505,0.49999999999999994,1,0.009557452552113401,0.16279069767441862,0.004761853104305709,0.9166666666666643,0.03505032129165281,0.3189655172413793,0.03221980628582724
0.37500000000000006,0.6086616227498044,0.015621923818511933,0.005810303800055475,0.023088964257761548,0.01910075404124691,0.02003203521007705,0.7837837837837838,0,0.17358706529590243,0.0,0.02428566364149397,0.6111111111111072,0.23650296909232296,0.3091133004926108,0.2628978058904922
0.20270270270270274,0.008131141838420734,0.004684389638717621,0.014584154513204573,0.025871814940429606,0.01067717532981691,0.02003203521007705,0.527027027027027,0,0.18226606945088122,0.3488372093023256,0.009523758113376017,0.6388888888888857,0.0444624090541633,0.1268472906403941,0.05673057916584306
0.320945945945946,0.027219758239846945,0.021871943349822967,0.10217667411203084,0.023741194886511875,0.04398167886857268,0.14897518847190902,0.7837837837837838,1,0.07805982804717626,0.20930232558139533,0.010714234365643593,0.6388888888888857,0.18855659621409657,0.2672413793103448,0.1982605257956118
0.22297297297297297,0.0038699017305852687,0.0015593798730621034,0.0027080687309303784,0.011479259066005741,0.0029540388105882497,2.8654034058184882e-05,0.6351351351351351,0,0.0026622969951894575,0.046511627906976744,0.0015475672231832513,0.6944444444444429,0.00032075902711774934,0.003694581280788177,0.003953350464518679
0.30743243243243246,0.019392990694843033,0.00042343882324632267,0.0008175301829223785,0.003956865814418645,0.0008024631201958803,0.02003203521007705,0.8378378378378377,0,0.002743152406546442,0.023255813953488372,0.0023809005997705553,0.6666666666666643,0.03819162925464361,0.19211822660098524,0.027475785728404825
0.24662162162162166,0.03252456735368293,0.001237503867199585,0.003861370238981591,0.0025219584311679277,0.0023251635380248745,0.02003203521007705,0.5810810810810811,0,0.0475996941429833,0.046511627906976744,0.0029298346758818952,0.13888888888888573,0.06025653620493543,0.14285714285714285,0.03795216445937933
0.21283783783783788,0.0038699017305852687,0.00035156359863624577,0.0015766653527788726,0.004522132359335594,0.0010384816849593743,0.02003203521007705,0.5945945945945945,1,0.0023251029346348677,0.0,0.001666614848410009,0.8333333333333286,0.02120205333121861,0.3694581280788177,0.038940502075509
0.16216216216216217,0.004217758065918776,0.00014218794433732605,0.0003138731952291274,0.0018262457605009133,0.00047660523078047536,0.0005673498743520607,0.5405405405405406,0,0.01266077189153425,0.0,0.0011904243475029783,0.55555555555555,0.00304306811335695,0.034482758620689655,0.012650721486459775
0.20945945945945948,0.0053917731976693625,0.0031218847558898625,0.0057373100337231205,0.025306548395512656,0.006666382429255339,0.02003203521007705,0.5810810810810811,0,0.12491844686210334,0.023255813953488372,0.004285662603398677,0.5833333333333286,0.07798764545119906,0.19950738916256158,0.1081241352045859
0.2702702702702703,0.0030002608922515,0.021871943349822967,0.003189827588723923,0.013522915036090096,0.023489176645430074,0.042955262456624954,0.6216216216216217,1,0.034157802515309275,0.0,0.006666615107933832,0.9444444444444429,0.052036346377139234,0.31034482758620685,0.040719509784542404
0.3175675675675676,0.7391077484998696,0.034371982412445046,0.007284777879969051,0.016740586137925038,0.03655090082956719,0.02003203521007705,0.7297297297297296,1,0.10400952887025426,0.0,0.00833328186110844,0.30555555555555003,0.07544406187453469,0.14655172413793105,0.051393556038742835
0.17905405405405406,0.0036090094790851377,0.00048281400879377753,0.0013649834304150425,0.005043916862335855,0.001154206916714378,0.02003203521007705,0.6216216216216217,1,0.043713706098068156,0.0,0.0021428053493170395,0.22222222222222143,0.036701460933089194,0.17364532019704434,0.05534690650326152
0.25000000000000006,0.0033481172275850075,0.0014031293847793275,0.00552562811135929,0.0010000869640838335,0.0026083858157410675,0.02003203521007705,0.527027027027027,1,0.07896625651128433,0.0,0.00833328186110844,0.4166666666666643,0.03609781848353181,0.11822660098522168,0.027475785728404825
0.26013513513513514,0.003435081311418384,0.01874693358416745,0.0065402414633790274,0.029785198712931563,0.022567942892643533,0.02003203521007705,0.7702702702702702,1,0.04203543199022898,0.0,0.0008570909968680565,0.4166666666666643,0.05555404316161876,0.15024630541871922,0.05633524411939119
0.3378378378378379,0.0052613270719192974,0.021871943349822967,0.006189871384983722,0.024567353682928953,0.026124971068692063,0.02003203521007705,0.6486486486486487,0,0.07578815535087026,0.0,0.024999949392854517,0.6666666666666643,0.10882548933505826,0.25369458128078815,0.13144890294524608
0.24324324324324326,0.002000173928167667,0.028121962881134003,0.00405845340807895,0.0016088355509174712,0.028364863383318516,0.02003203521007705,0.5945945945945945,0,0.052885266728808215,0.06976744186046512,0.004999948354759224,0.5833333333333286,0.01339080167268139,0.10344827586206896,0.02569677801937142
0.3006756756756757,0.0038699017305852687,0.015621923818511933,0.005715411903823414,0.027958952952430647,0.017917615816593783,0.0544168760798989,0.6621621621621621,0,0.010110767285059809,0.023255813953488372,0.009523758113376017,0.80555555555555,0.0747362615121125,0.3583743842364532,0.041312512354220204
0.24662162162162166,0.007044090790503522,0.012496914052856417,0.014584154513204573,0.031350552221932344,0.019115981045425202,0.04008985905080646,0.554054054054054,1,0.11880726703574872,0.046511627906976744,0.009523758113376017,0.9722222222222214,0.05066276390123463,0.21182266009852216,0.028266455821308562
0.19932432432432434,0.0038699017305852687,0.0005515642236381989,0.0010876071183520926,0.005696147491086182,0.0012714548488872105,0.07734010332644681,0.7297297297297296,1,0.017105415852348295,0.0,0.0009523290970494627,0.22222222222222143,0.04348533681473266,0.2105911330049261,0.06562561771101008
0.21283783783783788,0.0010000869640838335,0.0008046900146562959,0.0006131476371917839,0.0023915123054178626,0.0011313664104469431,0.02003203521007705,0.8108108108108107,0,0.0047726086360551,0.0,0.001309471972729736,0.6666666666666643,0.02611582123188037,0.13669950738916256,0.021545760031626806
0.1925675675675676,0.001174015131750587,0.0013421916943490448,0.004313931590242194,0.019871293155926603,0.003869181761703475,0.02003203521007705,0.5405405405405406,0,0.035617791601386915,0.0,0.004214234028262623,0.5833333333333286,0.024643998906341915,0.09482758620689656,0.04032417473809054
0.39527027027027034,0.024393425515262197,0.0624970703033447,0.03648228441291114,0.04339507783285503,0.07382660705802098,0.014301228398440073,0.7297297297297296,0,0.5562515499144494,0.046511627906976744,0.053571379447276364,0.7222222222222214,0.3089335531696555,0.3842364532019704,0.36192923502668517
0.4662162162162163,0.028915557874597795,0.00032656352051100163,0.0007007401567906102,0.002956778850334812,0.0006913059896943636,0.08307091013808379,0.7837837837837838,1,0.0037287347825677333,0.046511627906976744,0.002190424399407743,0.9166666666666643,0.03284170009386048,0.3435960591133005,0.02431310535678988
0.20608108108108109,0.0037829376467518917,0.0015593798730621034,0.0062044701382501935,0.013914253413340292,0.0038311142512577503,0.02003203521007705,0.6621621621621621,1,0.005513256616878544,0.0,0.003571376852038132,0.5277777777777715,0.01814478186610737,0.050492610837438424,0.03814983198260526
0.22297297297297297,8.696408383337682e-05,0.0015312547851712036,0.006883312165141097,0.029393860335681365,0.00648213567869803,0.02003203521007705,0.6216216216216217,0,0.03331856092568197,0.09302325581395349,0.0023809005997705553,0.5,0.0224075628113641,0.09236453201970443,0.04862621071357976
0.26351351351351354,0.005696147491086182,0.017184428701339693,0.0028467568869618536,0.015783981215757893,0.01863328501297341,0.14324438166027204,0.6351351351351351,1,0.008027570497385566,0.09302325581395349,0.010476139115190079,0.9444444444444429,0.14617497819193698,0.35960591133004927,0.16485471437042892
0.2364864864864865,0.004174276024002087,0.026559457998306245,0.014584154513204573,0.03991651447951996,0.032552289532348254,0.02003203521007705,0.6216216216216217,0,0.08582295870674524,0.0,0.002857091100677586,0.7222222222222214,0.05380466367054852,0.13054187192118227,0.053370231271002176
0.34121621621621623,0.001695799634750848,0.0015312547851712036,0.0061387757485510735,0.03504652578485085,0.005551765723404514,0.0028396147751661217,0.5945945945945945,1,0.07081396899748356,0.0,0.010714234365643593,0.44444444444444287,0.022422949775764582,0.05788177339901478,0.014232061672267248
0.2702702702702703,0.0021741020958344205,0.01874693358416745,0.005109563643264865,0.023349856509261677,0.021170103909076515,0.02003203521007705,0.6486486486486487,0,0.1035439478667408,0.023255813953488372,0.013095186870178747,0.5,0.05585763980536674,0.13423645320197045,0.06345127495552481
0.21621621621621623,0.002565440473084616,0.00101094065918956,0.004211740317376896,0.003522045395251761,0.0021287351841249346,0.02003203521007705,0.6756756756756757,0,0.04299892380160183,0.023255813953488372,0.007618996109747893,0.6944444444444429,0.005915696005662403,0.09113300492610837,0.02115042498517494
0.35472972972972977,0.01182711540133925,0.0009734405420016937,0.0031971269653571586,0.012305417862422821,0.00224141501504428,0.031493648833351,0.7837837837837838,0,0.19413045150346248,0.0,0.01190471061791117,0.47222222222222143,0.13294869867707612,0.19088669950738918,0.09270606839296304
0.21959459459459463,0.0013044612575006523,0.0015593798730621034,0.004503715382706317,0.02074093399426037,0.0044873981313420476,0.02003203521007705,0.5405405405405406,0,0.02192139168558615,0.023255813953488372,0.01190471061791117,0.38888888888888573,0.019626664899138446,0.025862068965517244,0.015220399288396918
0.21283783783783788,0.006478824245586573,0.0015593798730621034,0.007284777879969051,0.01317505870075659,0.004597032561425735,0.0016046259072583532,0.6216216216216217,1,0.00010238976714552766,0.046511627906976744,4.756714532610421e-05,0.8888888888888857,0.0005989079989726242,0.04433497536945813,0.001779007709033406
0.2364864864864865,0.000739194712583703,0.02343444823265073,0.00720448473700346,0.0408731194016871,0.028562814437636284,0.02003203521007705,0.5945945945945945,0,0.0307605892518739,0.0,0.004761853104305709,0.9444444444444429,0.018524129719211573,0.11945812807881774,0.01482506424194505
0.20945945945945948,0.0038699017305852687,0.0031218847558898625,0.007284777879969051,0.013044612575006524,0.0056583547526525444,0.02003203521007705,0.554054054054054,0,0.07909772429906294,0.023255813953488372,0.011190424866550624,0.44444444444444287,0.0723927084726544,0.0874384236453202,0.0679976279897213
0.2702702702702703,0.004304722149752152,0.0010906284082137757,0.004766492941502796,0.01721888859900861,0.004324469186634345,0.02003203521007705,0.5405405405405406,0,0.09314346414123123,0.046511627906976744,0.009523758113376017,0.5833333333333286,0.06475722329207655,0.1330049261083744,0.08400869737102194
0.18581081081081086,0.001695799634750848,0.0031218847558898625,0.007284777879969051,0.03674232541960171,0.008326125884688942,0.02003203521007705,0.40540540540540554,0,0.012674566660208464,0.0,0.00571423410611977,0.8611111111111072,0.00971450079361228,0.20689655172413793,0.013243724056137577
0.21621621621621623,0.011870597443255937,0.010934409170028657,0.014584154513204573,0.04339507783285503,0.018124703073418527,0.16043680209518296,0.7567567567567568,0,0.4839536117340136,0.0,0.018095187129702574,0.9166666666666643,0.16976260281155348,0.375615763546798,0.05593990907293932
0.29391891891891897,0.0038699017305852687,0.000642189506842209,0.002043825457305946,0.007826767545003915,0.0019521019356567714,0.0017622230945783701,0.527027027027027,1,0.019126329081944993,0.09302325581395349,0.0015475672231832513,0.22222222222222143,0.002801611133533995,0.025862068965517244,0.007313698359359557
0.28716216216216217,0.0038699017305852687,0.0031218847558898625,0.0036715864465174677,0.01204452561092269,0.0043412188912304635,0.04008985905080646,0.8243243243243243,0,0.03331437686754439,0.0,0.009523758113376017,0.6944444444444429,0.14355860243753188,0.33866995073891626,0.3148843644989129
0.1891891891891892,0.0012609792155839638,0.00029843843262010195,0.001328486547248865,0.006957126706670145,0.0009227564532043708,0.002693479201469379,0.2837837837837838,1,0.03474155752037541,0.0,0.003571376852038132,0.55555555555555,0.017128058603029336,0.1958128078817734,0.0901363905910259
0.2398648648648649,0.004869988694669102,0.00624689452154538,0.004080351537978657,0.0232628924254283,0.009364607569648317,0.0005587536641346052,0.4594594594594595,1,0.022484826001004845,0.023255813953488372,0.005952329356573286,0.44444444444444287,0.0041728263841462184,0.04310344827586207,0.0055346906503261515
0.1925675675675676,0.0003043742934168189,7.96877490242157e-05,0.00016058628593118148,0.0003043742934168189,0.00012790683509763555,0.02003203521007705,0.7702702702702702,0,0.0003781681132337624,0.023255813953488372,0.00023804334568891652,0.9166666666666643,0.001455843554814877,0.03694581280788178,0.00296501284838901
0.20608108108108109,0.0033915992695016956,0.004684389638717621,0.007284777879969051,0.04339507783285503,0.012382599797785386,0.02003203521007705,0.689189189189189,1,0.13377421761153568,0.13953488372093023,0.0026189958502240707,0.5277777777777715,0.18673087370734703,0.17733990147783252,0.15576200830203596
0.24662162162162166,0.0009566049221671452,0.015621923818511933,0.0041168484211448345,0.0036090094790851377,0.016276144766174127,0.02003203521007705,0.5135135135135136,0,0.034561625926570166,0.3023255813953488,0.004047567352945162,0.9722222222222214,0.005343419291229075,0.11822660098522168,0.013243724056137577
0.4493243243243244,0.020480041742760243,0.0008703152197350617,0.0031022350691250968,0.013088094616923212,0.004111291128138285,0.21774487021155273,0.8108108108108107,1,0.2117395190806496,0.0,0.006666615107933832,0.9722222222222214,0.07096112897708644,0.42857142857142855,0.06523028266455821
0.16891891891891891,0.004696060527002348,0.00029218841308879096,0.0007810332997562009,0.0008261587964170799,0.0004994457370479103,0.034359052239169484,0.5945945945945945,1,0.14190179393596514,0.0,3.5195239922038645e-06,0.75,0.10936699212069062,0.5024630541871921,0.23482901759240957
0.3040540540540541,0.0055657013653361165,0.00624689452154538,0.007087694710871692,0.036481433168101575,0.009408765881765358,0.014301228398440073,0.7027027027027026,1,0.1027211703223494,0.0,0.017857091879249058,0.6111111111111072,0.06108565686359219,0.1724137931034483,0.14647163471041708
0.3040540540540541,0.007348465083920341,0.032809477529617284,0.1240748040117374,0.4347334550830508,0.08001029345482452,0.08307091013808379,0.40540540540540554,0,0.3951620046075001,0.06976744186046512,0.016190425126074447,0.8333333333333286,0.10925632433827176,0.35960591133004927,0.09824075904328919
0.35810810810810817,0.5216975389164276,0.015621923818511933,0.004802989824668973,0.02682841986259675,0.01819474729263866,0.02003203521007705,0.7297297297297296,1,0.14667120206997533,0.09302325581395349,0.021428520636051787,0.5,0.11131521853632093,0.09852216748768473,0.08183435461553668
0.23310810810810811,0.0028263327245847463,0.0005953143603573762,0.000810230806289143,0.004739542568919036,0.0010506632883020063,0.08880171694972076,0.48648648648648657,0,0.18752522014348913,0.06976744186046512,0.026190425645122094,0.8611111111111072,0.0393971387347891,0.2105911330049261,0.030045463530341966
0.15540540540540543,0.0002608922515001305,0.0031218847558898625,0.0017737485218762318,0.007870249586920603,0.00374127492660584,0.02003203521007705,0.5135135135135136,1,0.003725443551418028,0.023255813953488372,0.0001016147671790522,0.8888888888888857,0.0005255240149087849,0.01847290640394089,0.00197667523225934
0.22297297297297297,0.001695799634750848,0.07030959471748349,0.007284777879969051,0.04209061657535438,0.07589900232668624,0.0025272858039319065,0.36486486486486486,1,0.05258191593926086,0.046511627906976744,0.00571423410611977,0.5,0.03277186694773522,0.15270935960591134,0.08242735718521448
0.22297297297297297,0.010913992521088791,0.00047968899902812203,0.0016569584957444633,0.0023915123054178626,0.0009821417694997015,0.028628245427532513,0.7837837837837838,0,0.09898663150690319,0.023255813953488372,0.014285663122446324,0.80555555555555,0.08468689302863988,0.3805418719211822,0.05495157145680965
0.26013513513513514,0.02839377337159753,0.03749699217810056,0.10217667411203084,0.01752326289242543,0.05984973992276864,0.02003203521007705,0.6756756756756757,0,0.017570080360411768,0.023255813953488372,0.004285662603398677,0.9166666666666643,0.01886441835499147,0.2660098522167487,0.02174342755485274
0.31081081081081086,0.0038699017305852687,0.029684467763961764,0.0009197214557876758,0.004478650317418906,0.029474911987915853,0.4240539154304838,0.8243243243243243,1,0.0336038290101671,0.023255813953488372,0.005476138855666255,0.9166666666666643,0.21015279255649677,0.7056650246305418,0.14765763984977268
0.24324324324324326,0.012305417862422821,0.012496914052856417,0.021883531146440094,0.004478650317418906,0.01714865210559014,0.02003203521007705,0.6756756756756757,1,0.13210766596702037,0.046511627906976744,0.0154761393747139,0.7777777777777715,0.12574523211235797,0.21182266009852216,0.054556236410357783
0.15878378378378383,0.0038699017305852687,0.01874693358416745,0.08027854421232428,0.03626402295851813,0.03880906554920759,0.02003203521007705,0.7837837837837838,1,0.02925119356602837,0.0,0.004523757853852194,0.6111111111111072,0.08476382785064229,0.29556650246305416,0.14014627396718718
0.2533783783783784,0.000521784503000261,0.0011421910693470917,0.00405845340807895,0.016262283676841467,0.004188948849447564,0.02003203521007705,0.6081081081081081,0,0.042063987989780775,0.046511627906976744,0.002857091100677586,0.9722222222222214,0.03750158308191428,0.23399014778325122,0.03142913619292351
0.3648648648648649,0.0038699017305852687,0.017184428701339693,0.005423436838493992,0.019958257239759983,0.020545796737766627,0.3094377791977443,1.0,1,0.0372663972919545,0.0,0.005952329356573286,0.38888888888888573,1.0,0.2438423645320197,0.8189365487250445
0.1891891891891892,1.0,0.0359344872952728,0.13867355727820843,0.03008957300634838,0.06739928859436478,0.09453252376135775,0.6351351351351351,1,0.03218257467726885,0.023255813953488372,0.0007142338465959473,0.9166666666666643,0.11272253397264198,0.44704433497536944,0.06186993476971734
0.23310810810810811,0.0076963214192538485,0.001237503867199585,0.0023868961590680156,0.0036959735629185147,0.002230756112119477,0.02003203521007705,0.49999999999999994,0,0.03349456223986018,0.046511627906976744,0.007142805608840863,0.6944444444444429,0.026598143385203183,0.24014778325123154,0.08104368452263294
0.30743243243243246,0.018175493521175756,0.01874693358416745,0.021883531146440094,0.027176276197930258,0.02534382575434579,0.02003203521007705,0.6486486486486487,0,0.0996230856578015,0.023255813953488372,0.014285663122446324,0.55555555555555,0.05079000226070016,0.1477832512315271,0.06345127495552481
0.2364864864864865,0.007304983042003652,0.001146878583995575,0.0015766653527788726,0.008696408383337682,0.002820041173819298,0.02003203521007705,0.02702702702702703,0,0.005618906057224279,0.023255813953488372,0.00523804360521274,0.5833333333333286,0.011475124604821326,0.08004926108374384,0.06068392963036173
0.2702702702702703,0.0023045482215844856,0.0012296913427854463,0.00308033693922539,0.015566571006174451,0.0031717849703377958,0.02003203521007705,0.6756756756756757,0,0.15770896965747205,0.0,0.004285662603398677,0.38888888888888573,0.1572997534534858,0.06896551724137931,0.041905514923898005
0.49324324324324326,0.03769893034176885,0.0010781283691511535,0.004875983591001329,0.022567179754761284,0.004680781084406329,0.04582066586244344,0.8648648648648649,1,0.06784937840405493,0.0,0.004285662603398677,0.11111111111110716,0.1602422144919165,0.16379310344827586,0.10832180272781183
0.21621621621621623,0.012305417862422821,1.0,0.05838041431261771,0.3042873293329855,1.0,0.02003203521007705,0.7162162162162162,0,0.1106326338638744,0.11627906976744186,0.006190424607026801,0.6666666666666643,0.15854432215095557,0.22167487684729065,0.11385649337813798
0.3310810810810811,0.0131315766588399,0.02343444823265073,0.007284777879969051,0.03895990955735281,0.03050425747036825,0.11745575100790565,0.7162162162162162,0,0.15335999493547509,0.0,0.007142805608840863,0.9166666666666643,0.05186768157505702,0.37315270935960587,0.06364894247875075
0.38851351351351354,0.6521436646664928,0.02343444823265073,0.06567979094585323,0.042612401078354636,0.04371825169628827,0.02003203521007705,0.6756756756756757,0,0.03393748595054882,0.13953488372093023,0.006190424607026801,0.44444444444444287,0.029761348182148515,0.09113300492610837,0.04170784740067207
0.2398648648648649,0.002565440473084616,0.007809399404373138,0.0060219857224193055,0.030698321593182018,0.01093603440084784,0.02003203521007705,0.4324324324324324,0,0.12335865050108073,0.046511627906976744,0.013095186870178747,0.6111111111111072,0.04047659346811525,0.13916256157635468,0.047637873097450094
0.25000000000000006,0.0038699017305852687,0.0015593798730621034,0.004087650914611892,0.019827811114009917,0.004892436442484559,0.042955262456624954,0.7027027027027026,1,0.05755529493510624,0.023255813953488372,0.0011904243475029783,0.9722222222222214,0.04727763173312849,0.3645320197044335,0.05495157145680965
0.30743243243243246,0.0017827637185842248,0.0031218847558898625,0.004321230966875429,0.00021741020958344207,0.00396815728886236,0.02003203521007705,0.7567567567567568,0,0.010581811758580082,0.0,0.004618995954033599,0.7222222222222214,0.04594429208719438,0.1748768472906404,0.043289187586479545
0.24662162162162166,0.00017392816766675367,0.0359344872952728,0.0059197944495540085,0.022610661796677974,0.0396130513698213,0.02003203521007705,0.7162162162162162,1,0.0010779367152265271,0.046511627906976744,0.0002023290581208892,0.6388888888888857,0.008615516451623974,0.041871921182266014,0.049614548329709435
0.27702702702702703,0.002130620053917732,0.017184428701339693,0.021883531146440094,0.026958865988346816,0.025097148286657493,0.034359052239169484,0.49999999999999994,1,0.048561013715499056,0.046511627906976744,0.01666661562698148,0.8888888888888857,0.041816442983603416,0.19211822660098524,0.038940502075509
0.6959459459459459,0.7391077484998696,0.045309516592239356,0.08027854421232428,0.17384120358292027,0.07012796774311435,0.395399881372299,0.8513513513513513,1,0.1536695481770133,0.06976744186046512,0.023809473140586943,0.9166666666666643,0.4619438943933452,0.7450738916256158,0.22474797390788692
0.20270270270270274,0.015131750587007567,0.0005062515820361939,0.00033577132512883397,0.0016088355509174712,0.0007369870022292334,0.02003203521007705,0.7297297297297296,0,0.0742108653665094,0.0,0.002333281549679852,0.7222222222222214,0.05048758922959837,0.3435960591133005,0.08302035975489228
0.21621621621621623,0.009739977389338204,0.0014859421435691987,0.00531394618899546,0.021480128706844074,0.0037976148420655127,0.02003203521007705,0.6756756756756757,0,0.09053988991548433,0.023255813953488372,0.003571376852038132,0.36111111111110716,0.0412554105893089,0.04679802955665025,0.018976082229689665
0.32770270270270274,0.02165405687451083,0.0015593798730621034,0.004065752784712186,0.024045569179928693,0.004962480661704694,0.02003203521007705,0.7297297297297296,1,0.05430589647728932,0.0,0.004714234054215005,0.5833333333333286,0.038573344333040195,0.229064039408867,0.12848389009685707
0.22297297297297297,0.004130793982085399,0.017184428701339693,0.05838041431261771,0.08687711974954344,0.03369126944488434,0.18336002934173087,0.7972972972972974,0,0.3389271639698525,0.0,0.014285663122446324,0.9444444444444429,0.14598441655590022,0.5344827586206896,0.09290373591618897
0.18243243243243246,0.0009566049221671452,0.007809399404373138,0.0023722974058015445,0.014001217497173668,0.00892150174806008,0.06874389310899134,0.6081081081081081,1,0.08194662870929097,0.023255813953488372,0.01666661562698148,0.8888888888888857,0.06928513347008004,0.29679802955665024,0.053370231271002176
0.3141891891891892,0.6086616227498044,0.04062200194375608,0.08757792084555979,0.042568919036437954,0.05981471781315857,0.0544168760798989,0.8243243243243243,0,0.3388586595509802,0.0,0.03571423566326271,0.80555555555555,0.29850533395039003,0.6366995073891626,0.30796600118600514
0.21959459459459463,0.0003913383772501957,0.029684467763961764,0.006941707178206981,0.03304635185668319,0.034339939822879494,0.02003203521007705,0.47297297297297297,0,0.022703765850218462,0.023255813953488372,0.007142805608840863,0.6111111111111072,0.025886792184842418,0.22167487684729065,0.05732358173552086
0.30743243243243246,0.010870510479172103,0.0624970703033447,0.08027854421232428,0.4347334550830508,0.09567888075428488,0.2578605178930115,0.554054054054054,0,0.1683053651334638,0.023255813953488372,0.01190471061791117,0.9444444444444429,0.059864760419046224,0.3940886699507389,0.15378533306977663
0.28040540540540543,0.0075658752935037835,0.017184428701339693,0.0038540708623483557,0.013305504826506654,0.01942204382940883,0.02003203521007705,0.6756756756756757,1,0.10951555345703957,0.023255813953488372,0.010714234365643593,0.3333333333333286,0.04818487082643386,0.05665024630541872,0.026882783158727025
0.20945945945945948,0.0005652665449169494,0.0006734396044987642,0.002875954393494796,0.015436124880424387,0.0029342437051564727,0.0012579120951543162,0.5405405405405406,1,6.368131225738305e-06,0.046511627906976744,0.0007142338465959473,0.80555555555555,0.0013362986775495905,0.024630541871921183,0.002569677801937142
0.1925675675675676,0.5216975389164276,0.0012125037890743408,0.0023722974058015445,0.009174710844421256,0.0021896432008380942,0.0006561773799324338,0.6351351351351351,1,0.00020238507487291168,0.0,0.00011899572046215883,0.6944444444444429,0.004060974989081173,0.09852216748768473,0.010278711207748568
0.25000000000000006,0.000521784503000261,0.0015593798730621034,0.002394195535701251,0.01182711540133925,0.0027454288533456774,0.02003203521007705,0.554054054054054,0,0.000782034916675212,0.0,0.00028566239577961964,0.8888888888888857,0.001515024187124425,0.04556650246305419,0.01739474204388219
0.3445945945945946,0.6956257065831812,0.024996953115478487,0.0020365260806727106,0.00930515697017132,0.0255859351207806,0.02003203521007705,0.5405405405405406,0,0.061406297048259416,0.023255813953488372,0.004999948354759224,0.05555555555555003,0.011723683260521428,0.05172413793103448,0.0191737497529156
0.16891891891891891,0.0038699017305852687,0.0009875030859471435,0.00237959678243478,0.006783198539003392,0.0018820577164366376,0.02003203521007705,0.5945945945945945,1,0.00022735398749846293,0.023255813953488372,0.00035709097091567426,0.75,0.012639207642350133,0.12192118226600986,0.017197074520656257
0.30743243243243246,0.00021741020958344207,0.00019687561523629762,0.00014598753266471045,0.0006522306287503262,0.0003228124885797469,0.0008481594081222724,0.7162162162162162,1,4.165649333706164e-06,0.0,0.0004999481211877834,0.9722222222222214,0.0,0.003694581280788177,0.0
0.21959459459459463,0.001043569006000522,0.0011218785058703308,0.0048686842143680934,0.02817636316201409,0.005062978889281407,0.0016647993787805417,0.5405405405405406,0,0.0336414618649432,0.11627906976744186,0.004761853104305709,0.75,0.009383089252678811,0.11330049261083744,0.019964419845819335
0.26351351351351354,0.0038699017305852687,0.0011171909912218476,0.0009051227025212048,0.0015653535090007827,0.0013780438781352403,0.011435824992621586,0.7837837837837838,1,0.0002781110045219452,0.0,1.0,0.6944444444444429,0.031653352997084765,0.24753694581280788,0.02569677801937142
0.1722972972972973,0.0038699017305852687,0.0005156266113331605,0.002065723587205653,0.0076528393773371605,0.0016566980545979462,0.02003203521007705,0.6216216216216217,0,0.07607956671619094,0.0,0.006190424607026801,0.6944444444444429,0.05568068971476119,0.27463054187192115,0.13283257560782763
0.34121621621621623,0.0038699017305852687,0.03749699217810056,0.08027854421232428,0.17384120358292027,0.06606388032792876,0.02003203521007705,0.7297297297297296,0,0.4909598157704765,0.023255813953488372,0.04761899818593848,0.6666666666666643,0.2433164352901212,0.36822660098522164,0.2573631152401661
0.2702702702702703,0.012957648491173148,0.0004765639892624665,0.001510970963079753,0.003087224976084877,0.0012288192371879988,0.02003203521007705,0.7432432432432432,1,0.018246822178587658,0.0,0.001666614848410009,0.5833333333333286,0.011466247509974895,0.16748768472906403,0.04210318244712394
0.3614864864864865,0.0033481172275850075,0.028121962881134003,0.05838041431261771,0.04148186798852074,0.04577389726035741,0.02003203521007705,0.6216216216216217,0,0.13250117124371005,0.0,0.010714234365643593,0.36111111111110716,0.03524029112136646,0.05172413793103448,0.01739474204388219
0.21959459459459463,0.0038699017305852687,0.04062200194375608,0.08757792084555979,0.035394382120184364,0.06138005384268678,0.0802055067322653,0.5675675675675675,1,0.07742081507253952,0.09302325581395349,0.007380900859294378,0.9722222222222214,0.03911898976293422,0.25,0.04309152006325361
0.22297297297297297,0.0012609792155839638,0.0014765671142722321,0.0054015387085942865,0.025610922688929474,0.004516329439280798,0.02003203521007705,0.5810810810810811,0,0.0840747061608093,0.06976744186046512,0.00833328186110844,0.6944444444444429,0.03627713579942974,0.15517241379310345,0.042696185016801745
0.2736486486486487,0.03161144447343247,0.012496914052856417,0.005292048059095753,0.023915123054178627,0.014581379201130453,0.06301308629735437,0.7297297297297296,1,0.10864455142107189,0.0,0.004761853104305709,0.8611111111111072,0.1214753494912241,0.6748768472906403,0.08657837517295909
0.1891891891891892,0.001174015131750587,0.034371982412445046,0.0067227258792099155,0.02817636316201409,0.0373548866501809,0.02003203521007705,0.5405405405405406,0,0.1155236637054199,0.023255813953488372,0.009999948614283048,0.6666666666666643,0.06325640245670641,0.13177339901477833,0.052777228701324376
0.29054054054054057,0.0003913383772501957,0.017184428701339693,0.006102278865384897,0.012131489694756067,0.019112935644589542,0.02003203521007705,0.7027027027027026,0,0.024541235349213725,0.023255813953488372,0.003928519727718405,0.75,0.027330799613195386,0.1834975369458128,0.0296501284838901
0.3310810810810811,0.005609183407252805,0.017184428701339693,0.0021606154834377146,0.010435690060005219,0.018471878768683538,0.02003203521007705,0.6486486486486487,1,0.013367868512383311,0.0,0.019047568131516635,0.6944444444444429,0.010763181598137467,0.09852216748768473,0.03597548922711999
0.21621621621621623,0.04204713453343769,0.001510942221694443,0.00384677148571512,0.018740760066092706,0.0038493866562716987,0.02003203521007705,0.5945945945945945,1,0.0005123459399254853,0.0,1.5424286514879632e-05,0.8333333333333286,0.0069797637745880724,0.13793103448275862,0.006720695789681755
0.2736486486486487,0.002043655970084355,0.0001781255566423645,0.0007883326763894364,0.004261240107835464,0.0007963723185245642,0.02003203521007705,0.6486486486486487,0,0.03961548426820768,0.0,0.003571376852038132,0.9444444444444429,0.007441372706602546,0.0603448275862069,0.012453053963233842
0.2736486486486487,0.0033481172275850075,0.028121962881134003,0.11677542737850188,0.03556831028785112,0.05517504964003363,0.0544168760798989,0.6621621621621621,1,0.1658758053859913,0.023255813953488372,0.02023804438378421,0.8888888888888857,0.09863695167664649,0.3657635467980295,0.05435856888713185
0.30743243243243246,0.015740499173841207,0.01874693358416745,0.07297916757908875,0.04339507783285503,0.03890195027469516,0.08593631354390228,0.6621621621621621,0,0.22623318719833108,0.0,0.040476140672333016,0.8333333333333286,0.15633215011522467,0.5763546798029556,0.13125123542202016
0.34121621621621623,0.0038699017305852687,0.001075003359385498,0.0007664345464897299,0.0036959735629185147,0.0013704303760460953,0.02003203521007705,0.5675675675675675,0,0.057763117181694704,0.0,0.02857137814965725,0.7777777777777715,0.03423658759739653,0.3485221674876847,0.08163668709231074
0.1756756756756757,0.00382641968866858,0.0015000046875146484,0.006737324632476387,0.027524132533263766,0.005653786651399057,0.02003203521007705,0.47297297297297297,0,0.01236315281456443,0.023255813953488372,0.0033332816015846168,0.8888888888888857,0.006634740688223409,0.09359605911330049,0.0061276932200039535
0.25000000000000006,0.004956952778502478,0.034371982412445046,0.005189856786230456,0.030698321593182018,0.03697725694655931,0.02003203521007705,0.689189189189189,0,0.21857151271656833,0.046511627906976744,0.013095186870178747,0.55555555555555,0.15411820266052448,0.1834975369458128,0.1000197667523226
0.18581081081081086,0.0008261587964170799,0.0009562529882905885,0.001080307741718857,0.002000173928167667,0.0012805910513941845,0.02003203521007705,0.40540540540540554,0,0.02817420490420134,0.0,0.007142805608840863,0.8611111111111072,0.029170133665376134,0.23891625615763548,0.04151017987744614
0.20270270270270274,0.0038699017305852687,0.0015593798730621034,0.00497087548723339,0.028524219497347597,0.00716430546588542,0.02003203521007705,0.47297297297297297,1,0.023069715777338337,0.0,0.0023809005997705553,0.75,0.041406913008021344,0.3091133004926108,0.07570666139553271
0.22635135135135137,0.0038699017305852687,0.00010468782714945984,0.00023358005226353673,0.0006522306287503262,0.0002329731639278362,0.00010028911920364709,0.554054054054054,0,0.0014614657351312238,0.0,0.00011899572046215883,0.6388888888888857,0.00037224617722705596,0.002463054187192118,0.006523028266455821
0.3648648648648649,0.6086616227498044,0.02343444823265073,0.003890567745514533,0.018305939646925822,0.02579759047885883,0.15757139868936448,0.7702702702702702,0,0.09507608480270598,0.0,0.009523758113376017,0.9722222222222214,0.10539833891801234,0.5640394088669951,0.06997430322198063
0.20608108108108109,0.0024349943473345507,0.021871943349822967,0.05838041431261771,0.13035916166623185,0.04164433372720518,0.0021032060998707703,0.49999999999999994,0,0.06913917152374738,0.023255813953488372,0.010714234365643593,0.6944444444444429,0.0178920805661456,0.1145320197044335,0.023127100217434277
0.2364864864864865,0.018175493521175756,0.03124697264678952,0.005883297566387831,0.024262979389512135,0.03306087147190313,0.02003203521007705,0.6621621621621621,0,0.3081631822384076,0.0,0.04999995069047363,0.7222222222222214,0.22690150330642192,0.41009852216748766,0.3777426368847599
0.22635135135135137,0.0038699017305852687,0.0015593798730621034,0.005277449305829282,0.031263588138098965,0.007851043354326296,0.042955262456624954,0.4324324324324324,1,0.0015297005965182232,0.023255813953488372,0.0005951862213691896,0.8888888888888857,0.012045625900285368,0.28694581280788173,0.03261514133227911
0.29054054054054057,0.03252456735368293,0.04218450682658384,0.06567979094585323,0.04091660144360379,0.06094303882276986,0.5472662618806788,0.8378378378378377,1,0.2020094340254669,0.0,0.03571423566326271,0.9722222222222214,0.326961749190113,0.9088669950738916,0.31369835935955726
0.29054054054054057,0.0038699017305852687,0.00624689452154538,0.006584037723178441,0.02948082441951474,0.008868207233436065,0.048686069268261925,0.5135135135135136,1,0.17679685458235597,0.046511627906976744,0.00833328186110844,0.9166666666666643,0.05778515299968871,0.3374384236453202,0.04566119786519075
0.5033783783783784,0.0038699017305852687,0.02343444823265073,0.029182907779675617,0.08687711974954344,0.037226979815083265,0.5644586823155897,0.6756756756756757,0,0.4342490878289753,0.0,0.05952376070861425,1.0,0.2199252903697724,0.8275862068965517,0.5963629175726428
0.27702702702702703,0.009131228802504566,0.02030943846699521,0.004788391071402502,0.02000173928167667,0.022502466774676884,0.002512958786902814,0.35135135135135137,0,0.04288818301207045,0.0,0.01714280612788851,0.5833333333333286,0.0203658309966847,0.1330049261083744,0.06819529551294723
0.26689189189189194,0.0038699017305852687,0.02030943846699521,0.007284777879969051,0.03387251065310027,0.024002326686238445,0.02003203521007705,0.7297297297297296,1,0.015787327086187394,0.11627906976744186,5.9471907848779985e-05,0.47222222222222143,0.06749432753639313,0.17980295566502463,0.09863609408974106
0.1925675675675676,0.0010000869640838335,0.0012984415576298676,0.004554811019138965,0.026480563527263242,0.006926764200704097,0.0010372760329062927,0.4594594594594595,0,0.022737790579435313,0.0,0.002857091100677586,0.5833333333333286,0.0034159060969071015,0.04433497536945813,0.013441391579363512
0.15878378378378383,0.0018262457605009133,0.05468454588920591,0.051081037679382185,0.13035916166623185,0.07259474241999732,0.034359052239169484,0.5810810810810811,0,0.08803395204073984,0.13953488372093023,0.006666615107933832,0.9444444444444429,0.017586116697105237,0.145320197044335,0.016604071950978457
0.20270270270270274,0.0038699017305852687,0.02030943846699521,0.09487729747879532,0.024219497347595445,0.04249704596118942,0.20341785318246028,0.7972972972972974,0,0.05983767366577937,0.046511627906976744,0.0038094721024916475,0.8888888888888857,0.14074693059650525,0.5985221674876847,0.07432298873295118
0.24324324324324326,0.0013479432994173408,0.0005296891552786102,2.1898129899706568e-05,4.3482041916688424e-05,0.0005420813487471221,0.0001375393634792874,0.6486486486486487,1,0.00039968406021843216,0.0,0.0003332814458703227,0.6666666666666643,0.001596693459711601,0.09482758620689656,0.007116030836133623
0.20270270270270274,0.017044960431341856,0.001437504492201538,0.0062263682681499,0.024480389599095577,0.004382331802511847,0.0027737104968322966,0.5675675675675675,1,0.01630292349491115,0.046511627906976744,0.004761853104305709,0.6111111111111072,0.012735672073014697,0.07758620689655173,0.017197074520656257
0.38513513513513514,0.0038699017305852687,0.004684389638717621,0.002350399275901838,0.011348812940255675,0.006037507156691964,0.02003203521007705,0.8243243243243243,1,0.03218286790321627,0.0,0.00021185286813902982,0.44444444444444287,0.042859205724897646,0.1268472906403941,0.06088159715358767
0.3006756756756757,0.039438212018436385,0.0014171919287247774,0.00146717470328034,0.007913731628837292,0.00248352438147909,0.02003203521007705,0.8243243243243243,0,0.03225531575086122,0.023255813953488372,0.0021428053493170395,0.75,0.03940719944228172,0.3226600985221675,0.08460169994069974
0.28716216216216217,0.0009131228802504567,0.039059497060928317,0.13867355727820843,0.032437603269849555,0.06979906445286328,0.02003203521007705,0.6621621621621621,0,0.02815619057469636,0.023255813953488372,0.004761853104305709,0.27777777777777146,0.009000190561636036,0.023399014778325126,0.018976082229689665
0.3040540540540541,0.0020871380120010435,0.012496914052856417,0.003175228835457452,0.018479867814592574,0.014089546966171687,0.031493648833351,0.689189189189189,0,0.1525378709036212,0.023255813953488372,0.009999948614283048,0.5277777777777715,0.12028285975018671,0.1834975369458128,0.11879818145878633
0.24324324324324326,0.000521784503000261,0.017184428701339693,0.007284777879969051,0.02521958431167928,0.019595631677041335,0.02003203521007705,0.5675675675675675,0,0.0496510660535036,0.046511627906976744,0.01666661562698148,0.6666666666666643,0.043110723412213225,0.2413793103448276,0.12196086183040128
0.195945945945946,0.0020871380120010435,0.004684389638717621,0.007284777879969051,0.022393251587094532,0.008843844026750801,0.031493648833351,0.6756756756756757,0,0.14662017944021025,0.046511627906976744,0.034523759410995135,0.9444444444444429,0.028334503137165318,0.24014778325123154,0.025499110496145484
0.28716216216216217,0.002478476389251239,0.0031218847558898625,0.006029285099052541,0.02930689625184799,0.006567406902096454,0.0544168760798989,0.6081081081081081,0,0.051860878594221164,0.023255813953488372,0.013095186870178747,0.8333333333333286,0.036489594269421013,0.2413793103448276,0.04368452263293141
0.22297297297297297,0.0038699017305852687,0.0011265660205188141,0.003065738185958919,0.015740499173841207,0.003572255180226821,0.0028396147751661217,0.35135135135135137,1,0.02616658677574514,0.023255813953488372,0.004761853104305709,0.4166666666666643,0.010202741010166048,0.04064039408866995,0.010278711207748568
0.18243243243243246,0.00017392816766675367,0.0031218847558898625,0.007284777879969051,0.03704669971301852,0.010573631701404539,0.014301228398440073,0.49999999999999994,0,0.011125265947222998,0.023255813953488372,0.01666661562698148,0.9166666666666643,0.003014661409848367,0.061576354679802964,0.010476378730974503
0.26689189189189194,0.015131750587007567,0.0015593798730621034,0.00699280281463963,0.02682841986259675,0.004779756611565214,0.028628245427532513,0.7702702702702702,1,0.03586678382292435,0.0,0.004761853104305709,0.55555555555555,0.08469636192980941,0.21305418719211824,0.11879818145878633
0.21621621621621623,0.0075658752935037835,0.0008453151416098176,0.000810230806289143,0.0005652665449169494,0.0010293454824524004,0.0012550466917484978,0.6486486486486487,0,0.005643354263683118,0.06976744186046512,0.0033332816015846168,0.7222222222222214,0.005510900480665095,0.13177339901477833,0.011464716347104172
0.23310810810810811,0.0009566049221671452,0.00019531311035346987,5.8395013065884176e-05,0.0003478563353335073,0.00024515476727046817,0.0015788372766059868,0.5675675675675675,1,7.314869710671525e-06,0.0,0.0019999481990449304,0.55555555555555,0.006035240882927689,0.07512315270935961,0.021545760031626806
0.20608108108108109,0.0023915123054178626,0.0011328160400501251,0.0032117257186236297,0.010044351682755024,0.002792632566298376,0.028628245427532513,0.7027027027027026,1,0.004232535092752133,0.0,0.0011904243475029783,0.9722222222222214,0.017057633650580977,0.39532019704433496,0.024510772880015814
0.35135135135135137,0.01895817027567615,0.01874693358416745,0.00601468634578607,0.007435429167753718,0.02007223690782181,0.11459034760208715,0.9054054054054053,1,0.17189462298365332,0.0,0.004523757853852194,0.30555555555555003,0.525195562399467,0.22660098522167488,0.1808657837517296
0.22635135135135137,0.0010000869640838335,0.026559457998306245,0.014584154513204573,0.018305939646925822,0.029953039919114157,0.1289173646311796,0.7567567567567568,0,0.024531359025935486,0.023255813953488372,0.0011904243475029783,0.9444444444444429,0.050927893133981404,0.3793103448275862,0.0383474995058312
0.2398648648648649,0.001174015131750587,0.0013203166259894562,0.004496416006073082,0.003217671101834942,0.002536818896103105,0.0015960296970408978,0.27027027027027034,0,0.00023481349781099927,0.0,0.0005832814588465138,0.8611111111111072,0.0005876636788338101,0.008620689655172414,0.001779007709033406
0.1891891891891892,0.0,0.024996953115478487,0.007284777879969051,0.03500304374293417,0.030377873335688445,0.02003203521007705,0.37837837837837834,0,0.026639031633274378,0.0,0.004761853104305709,0.7222222222222214,0.014763792342262902,0.1810344827586207,0.050800553469065035
0.2398648648648649,0.00904426471867119,0.0015250047656398926,0.0013795821836815136,0.004304722149752152,0.0022109610066877003,0.028628245427532513,0.5945945945945945,1,0.04680578423289499,0.023255813953488372,0.004761853104305709,0.8333333333333286,0.04701250250038172,0.4088669950738916,0.0913223957303815
0.29391891891891897,0.0038699017305852687,0.0031218847558898625,0.0066059358530781475,0.031263588138098965,0.01013357128065196,0.02003203521007705,0.337837837837838,0,0.07899011826584833,0.18604651162790697,0.004761853104305709,0.8333333333333286,0.004522583921095646,0.04802955665024631,0.013243724056137577
0.16216216216216217,0.0013914253413340291,0.0011843787011834412,0.005408838085227522,0.018784242108009393,0.004202653153208025,0.0026848829912519234,0.25675675675675674,0,0.13207887196793278,0.023255813953488372,0.025952330394668578,0.6388888888888857,0.021311537500991275,0.1330049261083744,0.08993872306779997
0.3040540540540541,0.03365510044351683,0.02343444823265073,0.014584154513204573,0.03522045395251761,0.03129301628680367,0.0544168760798989,0.6081081081081081,0,0.24554682585969098,0.0,0.029761854401924828,0.6666666666666643,0.1972052538198139,0.29310344827586204,0.22889899189563154
0.1925675675675676,0.0003478563353335073,0.0011156284863390199,0.003905166498781004,0.018871206191842772,0.004108245727302628,0.0006418503629033413,0.35135135135135137,0,0.010655945326694042,0.06976744186046512,0.004761853104305709,0.75,0.005777805132381156,0.06403940886699508,0.00494168808064835
0.32432432432432434,0.014566484042090619,0.017184428701339693,0.007284777879969051,0.03556831028785112,0.02125385243205711,0.07734010332644681,0.7432432432432432,0,0.028387881150421644,0.023255813953488372,0.0023809005997705553,0.8888888888888857,0.0800500904871868,0.45197044334975367,0.051393556038742835
0.40202702702702703,0.03369858248543352,0.03124697264678952,0.10947605074526637,0.04339507783285503,0.056825656892960257,0.2463989042697376,0.8378378378378377,1,0.08016076303229738,0.046511627906976744,0.01095232961609711,0.9166666666666643,0.22699855954340956,0.5578817733990148,0.12235619687685315
0.17905405405405406,0.0038699017305852687,0.0015593798730621034,0.001328486547248865,0.00656578832941995,0.0020708725682474327,6.0173471522188246e-05,0.4594594594594595,1,0.0007055897287605418,0.0,1.4233810262612057e-05,0.5,0.0009468901169527655,0.038177339901477834,0.016208736904526587
0.2972972972972973,0.030698321593182018,0.0006734396044987642,0.0028905531467612665,0.013653361161840162,0.001962760838581574,0.02003203521007705,0.5810810810810811,1,0.008881900731616491,0.0,0.002857091100677586,0.7222222222222214,0.011823106722801468,0.16133004926108374,0.036963826843249656
0.2837837837837838,0.0020871380120010435,0.001509379716811615,0.006146075125184309,0.02839377337159753,0.006498885383294149,0.02003203521007705,0.689189189189189,0,0.0014323140792826552,0.0,0.0029761387259043437,0.80555555555555,0.0015706539814954,0.04926108374384237,0.006325360743229888
0.36824324324324326,0.023436820593095053,0.028121962881134003,0.00650374458021285,0.022958518132011482,0.03145594523151137,0.02003203521007705,0.7432432432432432,0,0.06735733211514389,0.0,0.01666661562698148,0.6666666666666643,0.057187428613362276,0.18719211822660098,0.404427752520261
0.21621621621621623,0.0183929037307592,0.017184428701339693,0.00467890042190397,0.017175406557091922,0.01937940821770962,0.02003203521007705,0.5135135135135136,0,0.09773734170047657,0.046511627906976744,0.01666661562698148,0.5,0.036033903400637494,0.11822660098522168,0.03221980628582724
0.195945945945946,0.00013044612575006522,0.0013562542382944947,0.0062701645279493136,0.03148099834768241,0.007940882678978207,0.04582066586244344,0.554054054054054,0,0.2136679438497557,0.0,0.01761899662879554,0.9722222222222214,0.020320853716129444,0.17980295566502463,0.026092113065823288
0.17905405405405406,0.0006957126706670146,0.004684389638717621,0.014584154513204573,0.03661187929385164,0.014546357091520386,0.02003203521007705,0.47297297297297297,1,0.004039134829084151,0.06976744186046512,0.000833281471822705,0.5277777777777715,0.011060268372331396,0.05911330049261084,0.03597548922711999
0.4425675675675676,0.6956257065831812,0.045309516592239356,0.08027854421232428,0.011435777024089053,0.06239417232096089,0.5701894891272268,0.8918918918918919,1,0.2140739894666271,0.023255813953488372,0.023809473140586943,0.8888888888888857,0.5652649931172925,0.9408866995073891,0.2356196876853133
0.16216216216216217,0.0029132968084181234,0.0014640670752096101,0.005138761149797807,0.025350030437429345,0.00510409180056279,0.0003123289712342152,0.2837837837837838,1,0.012914003397620888,0.023255813953488372,0.0014285195979564936,0.55555555555555,0.0008243862080720014,0.025862068965517244,0.001779007709033406
0.1925675675675676,0.006739716497086703,0.0007625023828199464,0.0018759397947415292,0.009653013305504828,0.00172674227381808,0.02003203521007705,0.5945945945945945,1,0.009803062813396327,0.046511627906976744,0.001666614848410009,0.8333333333333286,0.017721640345094103,0.2733990147783251,0.02470844040324175
0.28040540540540543,0.0030002608922515,0.0011265660205188141,0.00405845340807895,0.023697712844595185,0.005845646904045511,0.02003203521007705,0.47297297297297297,1,0.09217529780858903,0.023255813953488372,0.009523758113376017,0.3333333333333286,0.011931407279927942,0.024630541871921183,0.00790670092903736
0.2364864864864865,0.000521784503000261,0.0031218847558898625,0.006803019022175507,0.03278545960518306,0.008687005883714415,0.02003203521007705,0.6081081081081081,1,0.041530997891225496,0.023255813953488372,0.004761853104305709,0.8333333333333286,0.06019143750939493,0.2204433497536946,0.02569677801937142
0.20945945945945948,0.0010000869640838335,0.0013890668408338776,0.004649702915371028,0.004348204191668841,0.0029190167009781826,0.008570421586803097,0.5405405405405406,0,0.07453548095436,0.0,0.019047568131516635,0.6111111111111072,0.06140878311600233,0.15147783251231528,0.12136785926072347
0.35810810810810817,0.08687711974954344,0.02343444823265073,0.007051197827705514,0.023915123054178627,0.026143243473706012,0.014301228398440073,0.7702702702702702,0,0.2262588609051621,0.0,0.014761853623353355,0.4166666666666643,0.12356620123072043,0.19458128078817735,0.058311919351650525
0.27702702702702703,0.0183929037307592,0.0014875046484520264,0.004131447174411306,0.00878337246717106,0.003314918809613721,0.000727812465077896,0.5405405405405406,0,0.06555036994891103,0.06976744186046512,0.009523758113376017,0.1666666666666643,0.004662250213346179,0.01847290640394089,0.006523028266455821
0.3310810810810811,0.0038699017305852687,0.0005687517773493042,0.0024233930422341934,0.006870162622836768,0.001690197463790184,0.02003203521007705,0.6621621621621621,0,0.07762590492666731,0.023255813953488372,0.01571423462516742,0.6666666666666643,0.14472268547506068,0.29679802955665024,0.11780984384265666
0.2364864864864865,0.00013044612575006522,0.007809399404373138,0.00671542650257668,0.029785198712931563,0.011756769926057668,0.02003203521007705,0.2837837837837838,0,0.027501836491860016,0.0,0.009999948614283048,0.36111111111110716,0.022595757222108465,0.04310344827586207,0.057125914212294925
0.18243243243243246,0.47821549699973914,0.0013312541601692505,0.0029781456663600927,0.010044351682755024,0.00251397838983567,0.02003203521007705,0.7702702702702702,0,0.01945102750941303,0.0,0.0038094721024916475,0.19444444444444287,0.014341834433895825,0.07758620689655173,0.01779007709033406
0.20608108108108109,0.007000608748586834,0.021871943349822967,0.005817603176688711,0.02817636316201409,0.02570622845378909,0.02003203521007705,0.48648648648648657,0,0.14859417914804937,0.0,0.013333282120632263,0.6944444444444429,0.03922847393270689,0.15270935960591134,0.04427752520260921
0.1925675675675676,0.009522567179754762,0.021871943349822967,0.08027854421232428,0.023958605096095317,0.04172655954976794,0.02003203521007705,0.20270270270270274,0,0.09751142754442395,0.046511627906976744,0.01880947288106312,0.8611111111111072,0.03571432798616594,0.19088669950738918,0.05198655860842064
0.24662162162162166,0.0003913383772501957,0.001204691264660202,0.005576723747791939,0.018132011479259066,0.003712343618667089,6.0173471522188246e-05,0.5810810810810811,0,7.158920843570025e-05,0.0,0.0014285195979564936,0.5833333333333286,0.0011350845276971277,0.05665024630541872,0.006523028266455821
0.28040540540540543,0.011218366814505611,0.0015593798730621034,0.007284777879969051,0.019088616401426214,0.0060405525575276215,0.02003203521007705,0.4189189189189189,1,0.04073827271915791,0.0,0.009523758113376017,0.6944444444444429,0.021193768042695276,0.11945812807881774,0.05593990907293932
0.28716216216216217,0.0038699017305852687,0.02343444823265073,0.04378166104614666,0.022915036090094792,0.032990827252683,0.32663019963265527,0.7972972972972974,1,0.055667612793716334,0.18604651162790697,0.004285662603398677,0.9444444444444429,0.2338019650337152,0.7229064039408867,0.21743427554852737
0.21283783783783788,0.001174015131750587,0.02343444823265073,0.0062044701382501935,0.035394382120184364,0.028606972749753327,0.02003203521007705,0.48648648648648657,0,0.06342783223244412,0.023255813953488372,0.005952329356573286,0.7777777777777715,0.037844238942986566,0.15763546798029557,0.02470844040324175
0.18581081081081086,0.0161318375510914,5.31251660161438e-05,0.00024087942889677223,0.0010870510479172102,0.00014922464094724148,0.02003203521007705,0.8918918918918919,0,0.0012166115497216827,0.0,4.2805240317033906e-05,0.47222222222222143,0.01648772416144003,0.05541871921182266,0.025499110496145484
0.2533783783783784,0.013348986868423342,0.0015593798730621034,0.00475919356486956,0.020871380120010437,0.0041691537440157874,0.02003203521007705,0.6756756756756757,1,0.09794010415582889,0.06976744186046512,0.010714234365643593,0.6944444444444429,0.06502294433114642,0.15024630541871922,0.06700929037359163
0.27702702702702703,0.005130880946169232,0.01874693358416745,0.0071387903473043406,0.02878511174884773,0.025180896809638087,0.02003203521007705,0.7837837837837838,0,0.10374654595777281,0.046511627906976744,0.0026189958502240707,0.05555555555555003,0.05408636348034197,0.1810344827586207,0.07076497331488436
0.24324324324324326,0.0009131228802504567,0.0015593798730621034,0.004313931590242194,0.01808852943734238,0.0035372330706167545,0.02003203521007705,0.5675675675675675,0,0.07611740601255335,0.046511627906976744,0.01190471061791117,0.6666666666666643,0.021000839181366148,0.1440886699507389,0.04151017987744614
0.3006756756756757,0.0053917731976693625,0.028121962881134003,0.03648228441291114,0.04339507783285503,0.039070970021074174,0.02003203521007705,0.6621621621621621,0,0.10671741789806607,0.046511627906976744,0.00833328186110844,0.7777777777777715,0.11330013694398317,0.17610837438423646,0.05475390393358372
0.20945945945945948,0.0038699017305852687,0.0015593798730621034,0.0044015241098410195,0.023480302635011743,0.00446760302591027,0.037224455644987976,0.7027027027027026,0,0.050123650291976456,0.046511627906976744,0.0054047102805302,0.19444444444444287,0.08086737501938165,0.12561576354679804,0.05376556631745404
0.3141891891891892,0.006000521784503001,0.029684467763961764,0.10217667411203084,0.4347334550830508,0.07040814461999488,0.06874389310899134,0.7027027027027026,1,0.03169463618145077,0.023255813953488372,0.004761853104305709,0.8611111111111072,0.08820518161944249,0.5726600985221675,0.10199644198458194
0.18243243243243246,4.3482041916688424e-05,0.004684389638717621,0.007153389100570812,0.013262022784589966,0.007197804875077658,0.02003203521007705,0.6621621621621621,1,7.786529564207006e-05,0.06976744186046512,4.756714532610421e-05,0.9166666666666643,0.007559733971221642,0.23645320197044337,0.010081043684522634
0.24324324324324326,0.0074789112096704065,0.021871943349822967,0.004832187331201916,0.028611183581180973,0.025832612588468896,0.06874389310899134,0.689189189189189,0,0.12023478562162228,0.0,0.01190471061791117,0.9444444444444429,0.11873114357103037,0.4408866995073891,0.07570666139553271
0.32432432432432434,0.00852248021567093,0.015621923818511933,0.014584154513204573,0.038351160970519174,0.021867500700442195,0.1289173646311796,0.7702702702702702,0,0.2742170599290129,0.0,0.040476140672333016,0.9444444444444429,0.1879103437092763,0.6403940886699507,0.12235619687685315
0.22297297297297297,0.0002608922515001305,0.0015593798730621034,0.006803019022175507,0.025480476563179408,0.00569489956268044,0.0004527337381193211,0.35135135135135137,0,0.030535865093500255,0.09302325581395349,0.006190424607026801,0.6666666666666643,0.006551295996666946,0.0665024630541872,0.008499703498715162
0.21283783783783788,4.3482041916688424e-05,0.0006218769433654481,0.0013941809369479845,0.006913644664753457,0.0012227284355166828,0.00041548349384368076,0.14864864864864863,0,0.0030447122824597953,0.0,0.004047567352945162,0.1666666666666643,0.0024021418654445468,0.024630541871921183,0.005337023127100217
0.37162162162162166,0.0038699017305852687,0.0005875018359432374,0.00011679002613176834,0.0005652665449169494,0.0006471476775773227,0.07734010332644681,0.7027027027027026,1,0.021534503058974502,0.7209302325581395,0.007618996109747893,0.8888888888888857,0.06221186429644289,0.6711822660098522,0.07985767938327733
0.1925675675675676,0.003174189059918254,5.156266113331605e-05,0.0001021912728652973,0.0004783024610835726,0.0001735878476325054,0.06587848970317287,0.6081081081081081,1,5.4630755324333966e-05,0.0,0.00019042429559821343,0.80555555555555,0.03230019730822812,0.27463054187192115,0.039335837121960864
0.20945945945945948,0.001478389425167406,0.0015593798730621034,0.004219039694010131,0.02104530828767719,0.0050127297754930505,0.005705018180984609,0.49999999999999994,1,0.049887358830197306,0.0,0.004047567352945162,0.6111111111111072,0.036839943612693535,0.17118226600985223,0.040719509784542404
0.2702702702702703,0.0019132098443342901,0.0012750039843874511,0.004722696681703382,0.01260979215583964,0.0027043159420642943,0.0008739480387746388,0.49999999999999994,0,0.008603528059096626,0.023255813953488372,0.008095186610654923,0.55555555555555,0.002200335909268989,0.06280788177339902,0.01186005139355604
0.3378378378378379,0.0038699017305852687,0.0031218847558898625,0.004802989824668973,0.02165405687451083,0.006469954075355398,0.23780269405228213,0.8378378378378377,1,0.07451319446744174,0.0,0.004761853104305709,0.9166666666666643,0.25989411401267176,0.7339901477832512,0.13718126111879816
0.3040540540540541,0.03665536133576833,0.02343444823265073,0.007284777879969051,0.01834942168884251,0.025701660352535603,0.1260519612253611,0.7567567567567568,1,0.06892616456903934,0.0,0.007142805608840863,0.9722222222222214,0.08705826096528346,0.37438423645320196,0.054556236410357783
0.26351351351351354,0.004174276024002087,0.0013765668017712556,0.0038394721090818846,0.017175406557091922,0.003348418218805959,0.02003203521007705,0.6486486486486487,0,0.04278936718270555,0.0,0.0008333193289675271,0.6111111111111072,0.053134738912804444,0.19704433497536947,0.08638070764973316
0.20608108108108109,0.0017827637185842248,0.017184428701339693,0.002364998029168309,0.011174884772588923,0.018187133790549516,0.08307091013808379,0.6081081081081081,0,0.071428934814603,0.0,0.004047567352945162,0.8888888888888857,0.08269132210716192,0.5677339901477833,0.10041510179877447
0.34121621621621623,0.001478389425167406,0.0013937543554823609,0.002503686185199784,0.004522132359335594,0.002188120500420265,0.02003203521007705,0.47297297297297297,0,0.040908435812679035,0.0,0.014285663122446324,0.6388888888888857,0.045573229522613515,0.18226600985221675,0.0919153983000593
0.23310810810810811,0.015131750587007567,0.007809399404373138,0.002744565614096556,0.004217758065918776,0.008580416854466385,0.02003203521007705,0.7027027027027026,1,0.014509127568191683,0.023255813953488372,0.004761853104305709,0.6944444444444429,0.007979324654296335,0.16748768472906403,0.03538248665744218
0.2398648648648649,0.00017392816766675367,0.0011265660205188141,0.003065738185958919,0.016044873467258025,0.0036027091885834014,0.02003203521007705,0.48648648648648657,0,0.011188188553777872,0.023255813953488372,0.004285662603398677,0.25,0.004407773494415124,0.012315270935960592,0.006720695789681755
0.3040540540540541,0.006913644664753457,0.032809477529617284,0.021883531146440094,0.02952430646143143,0.04009574740227309,0.0018997624580576575,0.5405405405405406,0,0.007567496356059455,0.023255813953488372,0.013095186870178747,0.75,0.01082295403677011,0.12931034482758622,0.012255386440007909
0.1283783783783784,0.00013044612575006522,0.0010265657080178376,0.0045694097724054365,0.018827724149926083,0.004026019904739862,0.02003203521007705,0.5135135135135136,1,0.037476962450320145,0.0,0.0030951863511311014,0.27777777777777146,0.018552536422720155,0.07142857142857142,0.03261514133227911
0.16554054054054057,0.007783285503087225,0.0011390660595814361,0.004211740317376896,0.019871293155926603,0.0030225603293905544,0.02003203521007705,0.5675675675675675,1,0.048722531245772346,0.06976744186046512,0.006666615107933832,0.8611111111111072,0.046109406051338016,0.2697044334975369,0.023917770310338014
0.24324324324324326,0.0003478563353335073,0.004684389638717621,0.0049854742404998615,0.025045656144012524,0.00977116858120866,0.0013438741973288708,0.5945945945945945,1,0.03610393392391275,0.09302325581395349,0.0014285195979564936,0.5833333333333286,0.0018795768821512396,0.06280788177339902,0.008302035975489229
0.195945945945946,0.0003913383772501957,0.04062200194375608,0.08027854421232428,0.04339507783285503,0.06017102971093056,0.02003203521007705,0.6351351351351351,1,1.6443006602902644e-05,0.046511627906976744,3.281428741750349e-06,0.6944444444444429,0.01143014732426607,0.04064039408866995,0.017592409567108124
0.2398648648648649,0.004348204191668841,0.0014046918896621552,0.0044015241098410195,0.016566657970258285,0.005271588846523979,0.02003203521007705,0.7297297297297296,1,0.30868978711184786,0.023255813953488372,0.0033332816015846168,0.11111111111110716,0.0748291751048385,0.1145320197044335,0.034394149041312515
0.21283783783783788,0.0037829376467518917,0.0014343794824358826,0.005810303800055475,0.01421862770675711,0.004216357456968486,0.06014768289153588,0.6081081081081081,1,0.19731127059227704,0.06976744186046512,0.004285662603398677,0.9444444444444429,0.1281609855232337,0.43103448275862066,0.07827633919746986
0.195945945945946,0.0004348204191668842,0.05468454588920591,0.007284777879969051,0.04339507783285503,0.05854478566468919,0.02003203521007705,0.4189189189189189,0,0.11293098091699341,0.0,0.021428520636051787,0.9722222222222214,0.0055606122118051155,0.08497536945812809,0.010278711207748568
0.19932432432432434,0.0012609792155839638,0.0012203163134884797,0.0009489189623206179,0.0023915123054178626,0.0015866538353778124,0.02003203521007705,0.5945945945945945,1,0.006842611571010149,0.046511627906976744,0.006666615107933832,0.5833333333333286,0.025361268169933632,0.11576354679802955,0.03281280885550504
0.24324324324324326,0.0009131228802504567,0.0015593798730621034,0.0050511686301989815,0.02021914949126011,0.004321423785798687,0.02003203521007705,0.445945945945946,1,0.02285692315370397,0.0,0.0011904243475029783,0.9444444444444429,0.0035230230413873832,0.009852216748768473,0.006325360743229888
0.347972972972973,0.008913818592921124,0.0005906268457088929,0.0020584242105724172,0.006652752413253327,0.0014084978864918201,0.11172494419626867,0.8918918918918919,1,0.014838146804911788,0.06976744186046512,0.00047613859614243194,0.7222222222222214,0.153489112539074,0.2635467980295566,0.0802530144297292
0.21959459459459463,0.0003913383772501957,0.017184428701339693,0.007160688477204047,0.04213409861727107,0.023399337320778164,0.02003203521007705,0.5135135135135136,1,0.04981210495487618,0.0,0.0038094721024916475,0.5833333333333286,0.0475119870370743,0.11822660098522168,0.07748566910456613
0.2702702702702703,0.006478824245586573,0.017184428701339693,0.004620505408838085,0.01861031394034264,0.019651971592501007,0.35241883028502163,0.6486486486486487,0,0.08107327560608571,0.09302325581395349,0.026190425645122094,0.9166666666666643,0.1092113470577165,0.4002463054187192,0.1093101403439415
0.3040540540540541,0.0076963214192538485,0.017184428701339693,0.004489116629439846,0.023871641012261937,0.019933671169799373,0.00221782223610351,0.554054054054054,1,0.0110533059328807,0.06976744186046512,0.009047567612468986,0.5277777777777715,0.014679164038060247,0.06773399014778325,0.034394149041312515
0.22635135135135137,0.004783024610835725,0.0015593798730621034,0.005416137461860757,0.026524045569179932,0.0041036776260491405,0.02003203521007705,0.5405405405405406,1,0.009009102936554643,0.11627906976744186,0.0014285195979564936,0.5277777777777715,0.007686380524364074,0.0812807881773399,0.035777821703894055
0.21283783783783788,0.0021741020958344205,0.0001218753808605652,0.0004744594811603089,0.001478389425167406,0.0003151989864906019,0.0011776807997913987,0.7162162162162162,1,0.0015011945637197965,0.023255813953488372,0.0001666147705528619,0.5833333333333286,0.005022660264111326,0.07758620689655173,0.021348092508400873
0.3175675675675676,0.08687711974954344,0.0013312541601692505,0.005576723747791939,0.021697538916427516,0.0038143645466616315,0.042955262456624954,0.7162162162162162,0,0.020411426641735095,0.046511627906976744,0.010714234365643593,0.8333333333333286,0.07835574898416445,0.4211822660098522,0.06878829808262503
0.24662162162162166,0.0038699017305852687,0.045309516592239356,0.00118979839121739,0.00682668058092008,0.04528663312665213,0.02003203521007705,0.6081081081081081,1,0.02450524087798239,0.0,0.007618996109747893,0.4166666666666643,0.04093820240012973,0.07635467980295567,0.04249851749357581
0.34121621621621623,0.0038699017305852687,0.0015593798730621034,0.007102293464138163,0.03691625358726846,0.006492794581622833,0.0028396147751661217,0.6216216216216217,1,0.0028732250699743294,0.0,0.0023809005997705553,0.55555555555555,0.005147531398284472,0.06896551724137931,0.03656849179679779
0.3175675675675676,0.0038699017305852687,0.032809477529617284,0.007131490970671105,0.0315244803895991,0.0365356738253889,0.05728227948571739,0.7702702702702702,0,0.27484255689686266,0.06976744186046512,0.021428520636051787,0.80555555555555,0.2824561382743638,0.5098522167487685,0.12255386440007908
0.19932432432432434,0.0014349073832507176,0.0013265666455207672,0.00560592125432488,0.018871206191842772,0.0037184344203384048,0.048686069268261925,0.6756756756756757,0,0.2845035550260219,0.0,0.034523759410995135,0.8888888888888857,0.07053798745607318,0.2586206896551724,0.0302431310535679
0.21283783783783788,0.001695799634750848,0.017184428701339693,0.004897881720901035,0.02682841986259675,0.019549950664506464,0.02003203521007705,0.6081081081081081,0,0.030937037637003333,0.023255813953488372,0.005952329356573286,0.8333333333333286,0.04418958633921628,0.2610837438423645,0.032417473809053174
0.30743243243243246,0.0038699017305852687,0.012496914052856417,0.007248280996802873,0.03035046525784851,0.0169522237516902,0.031493648833351,0.6756756756756757,1,0.23458878680177125,0.046511627906976744,0.0033332816015846168,0.27777777777777146,0.12632342689002224,0.09975369458128079,0.053370231271002176
0.2837837837837838,0.0003913383772501957,5.4687670898971564e-05,7.299376633235521e-05,0.0004348204191668842,0.00010963443008368762,0.0010888532942110254,0.6081081081081081,1,0.008523319585704348,0.023255813953488372,0.00880947236201547,0.47222222222222143,0.005751173847841859,0.04556650246305419,0.01581340185807472
0.22635135135135137,0.014827376293590749,0.0009046903271572724,0.004153345304311012,0.016610140012174975,0.003610322690672546,0.02003203521007705,0.6351351351351351,1,0.050127097997959086,0.023255813953488372,0.0064285198574803165,0.19444444444444287,0.06666520687773636,0.14655172413793105,0.044475192725835146
0.25000000000000006,0.0035655274371684496,0.024996953115478487,0.005861399436488124,0.015610053048091141,0.02776948751994738,0.3352264098501107,0.8378378378378377,1,0.4773456769096999,0.0,0.013809472621539294,1.0,0.2834900239208116,0.7118226600985221,0.20893457204981222
0.24324324324324326,0.019566918862509785,0.03124697264678952,0.005328544942261931,0.006044003826419689,0.03227058995504989,0.042955262456624954,0.7567567567567568,0,0.020756544377442752,0.06976744186046512,0.005476138855666255,1.0,0.01922482840575662,0.2647783251231527,0.02332476774066021
0.3006756756756757,0.0005652665449169494,0.015621923818511933,0.007131490970671105,0.032307157144099485,0.020356981885955833,0.06587848970317287,0.7027027027027026,0,0.04540619574724152,0.0,0.00833328186110844,0.9722222222222214,0.02649280185969219,0.26847290640394084,0.02708045068195296
0.26689189189189194,0.0017827637185842248,0.01874693358416745,0.004255536577176309,0.019566918862509785,0.020579296146958866,0.02003203521007705,0.445945945945946,1,0.036858485811319085,0.0,0.014285663122446324,0.6944444444444429,0.05215234041646595,0.29064039408866993,0.1607036963826843
0.1722972972972973,0.0038699017305852687,0.0004375013671917725,0.00195623293770712,0.0037394556048352032,0.0010430497862128614,0.048686069268261925,0.7567567567567568,1,0.02116707385297192,0.0,0.000214233820643565,0.9166666666666643,0.031896585395877,0.4014778325123152,0.033010476378730974
0.26351351351351354,0.002956778850334812,0.0015593798730621034,0.006642432736244325,0.03582920253935125,0.00907072638900732,0.02003203521007705,0.5135135135135136,0,0.049040043665156824,0.18604651162790697,0.0015713767482286028,0.8611111111111072,0.004705452074932149,0.06280788177339902,0.011464716347104172
0.2567567567567568,0.0030437429341681884,0.028121962881134003,0.007284777879969051,0.034220366988433774,0.0328172394050505,0.02003203521007705,0.48648648648648657,0,0.08817957225395363,0.023255813953488372,0.009523758113376017,0.8333333333333286,0.05713475785060678,0.19704433497536947,0.026487448112275155
0.24662162162162166,0.0038699017305852687,0.0014671920849752655,0.005489131228193112,0.032307157144099485,0.004715803194016396,0.0002263668690596606,0.554054054054054,1,0.0001863115592620455,0.046511627906976744,0.002857091100677586,0.47222222222222143,0.0008314878839491473,0.02955665024630542,0.002174342755485274
0.20270270270270274,0.0036090094790851377,0.021871943349822967,0.005138761149797807,0.01917558048525959,0.024702768878439783,0.02003203521007705,0.5945945945945945,1,0.0665984725676311,0.023255813953488372,0.010714234365643593,0.75,0.08849102407349761,0.2647783251231527,0.0685906305593991
0.30743243243243246,0.0038699017305852687,0.021871943349822967,0.08757792084555979,0.47821549699973914,0.06957827289227808,0.025762842021714027,0.5135135135135136,0,0.14526730855404454,0.27906976744186046,0.012380901118818202,0.8333333333333286,0.05646720031815508,0.22783251231527094,0.04151017987744614
0.22972972972972977,0.009131228802504566,0.015621923818511933,0.004605906655571614,0.008392034089920864,0.016873043329963092,0.0008739480387746388,0.5405405405405406,1,0.0004661924387849908,0.0,0.00030947192082497114,0.19444444444444287,0.0015878163648651688,0.08251231527093596,0.007313698359359557
0.2837837837837838,0.0017827637185842248,0.001153128603526886,0.005146060526431043,0.02821984520393078,0.005212203530228649,0.10026333057299472,0.689189189189189,1,0.1977221366859342,0.09302325581395349,0.00880947236201547,0.9166666666666643,0.18739488040186014,0.354679802955665,0.0593002569677802
0.19932432432432434,0.006348378119836508,0.0008546901709067841,0.0019489335610738843,0.007304983042003652,0.0020876222728435515,0.02003203521007705,0.337837837837838,0,0.009226776523044664,0.11627906976744186,0.00416661497817192,0.9166666666666643,0.0009533999865068158,0.04802955665024631,0.003162680371614944
0.24662162162162166,0.0024349943473345507,0.001089065903330948,0.003875968992248062,0.014001217497173668,0.0024210936643481013,0.0011175073282692104,0.6081081081081081,1,0.00040092796939446946,0.023255813953488372,0.004761853104305709,0.38888888888888573,0.002261291960547823,0.009852216748768473,0.004744020557422415
0.21959459459459463,0.006348378119836508,0.0031218847558898625,0.0061387757485510735,0.028611183581180973,0.010243205710735647,0.02003203521007705,0.445945945945946,0,0.09691149120075282,0.023255813953488372,0.014285663122446324,0.6666666666666643,0.01629006084952614,0.12807881773399016,0.04111484483099427
0.26013513513513514,0.0033481172275850075,0.04062200194375608,0.005905195696287537,0.012392381946256198,0.042259504696008095,0.02003203521007705,0.7297297297297296,1,0.039484819893226705,0.0,0.004761853104305709,0.7777777777777715,0.09008771753320921,0.27216748768472904,0.03716149436647559
0.1756756756756757,0.0035655274371684496,0.0010593783105572205,0.00032117257186236296,0.0013914253413340291,0.001158775017967865,0.0024642469290038996,0.6621621621621621,1,0.0013044951794147336,0.0,0.0004047100210063773,0.6666666666666643,0.009662421837179877,0.15147783251231528,0.02016208736904527
0.24324324324324326,0.5216975389164276,0.028121962881134003,0.003372312004554811,0.01665362205409166,0.030307829116468312,0.02003203521007705,0.6081081081081081,1,0.08606398517586361,0.023255813953488372,0.023809473140586943,0.80555555555555,0.08875674511256748,0.3275862068965517,0.05613757659616525
0.19932432432432434,0.0023045482215844856,0.0003453135791049347,6.569438969911969e-05,0.00013044612575006522,0.00036544810027895874,0.0018567814069703802,0.445945945945946,1,5.129481707950677e-06,0.06976744186046512,0.0009523290970494627,0.8888888888888857,0.0012214882508690677,0.04310344827586207,0.003755682941292746
0.1891891891891892,0.0010000869640838335,0.0003578136181675568,0.0014452765733806332,0.005913557700669624,0.0011709566213104969,0.0011948732202263096,0.7027027027027026,1,0.002221991279394578,0.023255813953488372,9.518619541680728e-05,0.7222222222222214,0.002161868498267783,0.08374384236453203,0.009290373591618897
0.2364864864864865,0.00465257848508566,0.0006296894677795869,0.0014744740799135755,0.008696408383337682,0.0012866818530655006,0.001584568083417624,0.7027027027027026,1,0.010175975213124147,0.046511627906976744,0.004285662603398677,0.6666666666666643,0.006307471791551609,0.11330049261083744,0.021941095078078673
0.23310810810810811,0.010740064353422039,0.0031218847558898625,0.0021606154834377146,0.011261848856422299,0.004700576189838107,0.02003203521007705,0.527027027027027,1,1.1214906302771425e-05,0.023255813953488372,0.0010713767222762204,0.9444444444444429,0.0029176051728607086,0.034482758620689655,0.0061276932200039535
0.26351351351351354,0.0038699017305852687,0.009371904287200899,0.00699280281463963,0.030220019132098448,0.013775870680098916,0.3753420575315695,0.7567567567567568,1,0.18065231162604656,0.0,0.004761853104305709,0.9166666666666643,0.17759397588507592,0.6280788177339901,0.1593200237201028
0.21959459459459463,4.3482041916688424e-05,0.021871943349822967,0.007153389100570812,0.027219758239846945,0.025062126177047426,0.02003203521007705,0.39189189189189183,0,0.04452280721609596,0.06976744186046512,0.003571376852038132,0.80555555555555,0.01956866787947509,0.1564039408866995,0.02806878829808263
0.26689189189189194,0.0019566918862509784,0.0015406298144681702,0.0010730083650856218,0.005522219323419428,0.0027119294441534394,0.10885954079045018,0.6621621621621621,0,0.13466492890187928,0.0,0.008095186610654923,0.9444444444444429,0.18398134153024542,0.3645320197044335,0.10338011464716348
0.2702702702702703,0.01447951995825724,0.017184428701339693,0.004197141564110425,0.022958518132011482,0.019219524673837574,0.02003203521007705,0.7702702702702702,0,0.05469737941538202,0.06976744186046512,0.005952329356573286,0.6111111111111072,0.06042401739437145,0.21305418719211824,0.13026289780589048
0.581081081081081,0.0038699017305852687,0.01874693358416745,0.08027854421232428,0.025610922688929474,0.037452339476921954,0.02003203521007705,0.48648648648648657,1,0.04509316587160029,0.06976744186046512,0.03690471191553029,0.6666666666666643,0.08216698170489933,0.3041871921182266,0.2745601897608223
0.29391891891891897,0.0038699017305852687,0.001542192319350998,0.006467247697046673,0.010522654143838597,0.003598141087329914,0.02003203521007705,0.7567567567567568,1,0.02144836169107664,0.023255813953488372,0.004047567352945162,0.5,0.029965521363616455,0.15270935960591134,0.08203202213876261
0.20945945945945948,0.47821549699973914,0.017184428701339693,0.0034453057708871662,0.00960953126358814,0.018066840457541023,0.02003203521007705,0.7432432432432432,1,0.013897212352857034,0.046511627906976744,0.004761853104305709,0.47222222222222143,0.021047000074567595,0.1268472906403941,0.02569677801937142
0.1891891891891892,0.00956604922167145,0.0010593783105572205,0.00293434940656068,0.002869814766501435,0.001993214846938154,0.02003203521007705,0.7837837837837838,1,7.693565104644813e-06,0.0,0.00016551786573402256,0.6666666666666643,0.02361721493577126,0.1206896551724138,0.040719509784542404
0.3175675675675676,0.0033481172275850075,0.02030943846699521,0.006576738346545205,0.017914601269675624,0.022452217660888528,0.02003203521007705,0.689189189189189,1,0.0668175491679592,0.0,0.01190471061791117,0.6944444444444429,0.06460512906704101,0.4396551724137931,0.12334453449298281
0.21283783783783788,0.0038699017305852687,0.0005812518164119263,0.0010438108585526795,0.0016523175928341595,0.0009136202506973968,0.0001633279941316538,0.1891891891891892,1,0.0001317491794949567,0.046511627906976744,0.00035709097091567426,0.6944444444444429,0.0006776182399443228,0.0049261083743842365,0.004546353034196481
0.16216216216216217,0.0034785633533350726,0.0015593798730621034,0.004671601045270734,0.01808852943734238,0.004970094163793838,0.02003203521007705,0.35135135135135137,0,0.03401903826662388,0.13953488372093023,0.00833328186110844,0.7777777777777715,0.030791682990657744,0.1477832512315271,0.03399881399486065
0.31081081081081086,0.0038699017305852687,0.021871943349822967,0.09487729747879532,0.4347334550830508,0.059868012327782584,0.05155147267408042,0.7837837837837838,0,0.08354948457748873,0.046511627906976744,0.022142806387412332,0.47222222222222143,0.20313870401516917,0.21182266009852216,0.14647163471041708
0.23310810810810811,0.0018262457605009133,0.0009921906005956268,0.0018540416648418225,0.008174623880337422,0.002040418559890853,0.06587848970317287,0.7297297297297296,1,0.022976744743203333,0.06976744186046512,0.001666614848410009,0.9722222222222214,0.03348617717971146,0.2204433497536946,0.01739474204388219
0.21621621621621623,0.47821549699973914,0.01874693358416745,0.04378166104614666,0.02413253326376207,0.02940029966744223,0.02003203521007705,0.5945945945945945,1,0.004270387538260151,0.0,0.00523804360521274,0.8333333333333286,0.021377819809177967,0.2733990147783251,0.02115042498517494
0.2533783783783784,0.03308983389859988,0.0012656289550904845,0.004007357771646301,0.01343595095225672,0.0037641154328732747,0.02003203521007705,0.5945945945945945,1,0.0805790176308807,0.023255813953488372,0.007857091360201409,0.55555555555555,0.047258693930789436,0.27586206896551724,0.13362324570073136
0.16216216216216217,0.002043655970084355,0.0015593798730621034,0.006467247697046673,0.01856683189842595,0.005041661083431802,0.005705018180984609,0.49999999999999994,1,0.041772484580440715,0.0,0.0064285198574803165,0.5277777777777715,0.025293210442777655,0.18596059113300492,0.07214864597746591
0.26351351351351354,0.0024349943473345507,0.0008593776855552674,0.0019197360545409423,0.0017392816766675365,0.0013049542580794485,0.0017163766400852744,0.6486486486486487,1,0.0009363927371561989,0.023255813953488372,0.00035709097091567426,0.6944444444444429,0.0055546941485741606,0.09113300492610837,0.013243724056137577
0.48648648648648657,0.0038699017305852687,0.0015593798730621034,0.006817617775441978,0.03709018175493521,0.0073576884189497024,0.09453252376135775,0.8108108108108107,0,1.0,0.0,0.05642852245271855,0.80555555555555,0.5244481110133974,0.8891625615763546,0.6034789484087765
0.21959459459459463,0.0038699017305852687,0.0004093762793008729,0.0004379625979941313,0.002478476389251239,0.0008146447235385122,0.02003203521007705,0.7972972972972974,1,0.022490965337096724,0.023255813953488372,0.004761853104305709,0.6666666666666643,0.058784713879396974,0.4630541871921182,0.0697766356987547
0.20270270270270274,0.0017392816766675365,0.01874693358416745,0.06567979094585323,0.02895903991651448,0.035574849861738804,0.02003203521007705,0.5945945945945945,0,0.025703821004309783,0.023255813953488372,0.0154761393747139,0.80555555555555,0.015185158444306882,0.16871921182266011,0.015022731765170983
0.19932432432432434,0.0038699017305852687,0.032809477529617284,0.004729996058336618,0.024523871641012263,0.03463077560268483,0.02003203521007705,0.7567567567567568,0,0.041421197265606245,0.0,0.0017856624736367667,0.6944444444444429,0.04974013784352878,0.43103448275862066,0.10377544969361535
0.22297297297297297,0.0026958865988346813,0.017184428701339693,0.051081037679382185,0.01421862770675711,0.02956779671340342,0.02003203521007705,0.5945945945945945,0,0.08354421308500803,0.046511627906976744,0.007142805608840863,0.8888888888888857,0.0202610812774968,0.28694581280788173,0.034987151610990315
0.22635135135135137,0.0038699017305852687,0.05155953612355039,0.160571687177915,0.04339507783285503,0.08690812634758986,0.06301308629735437,0.7027027027027026,1,0.05386201945354294,0.023255813953488372,0.0029761387259043437,0.8611111111111072,0.11163242672550011,0.5172413793103449,0.05673057916584306
0.30743243243243246,0.0038699017305852687,0.034371982412445046,0.10217667411203084,0.042003652491521,0.05725962651204152,0.02003203521007705,0.7027027027027026,1,0.0015418780202806767,0.046511627906976744,0.0030951863511311014,0.7222222222222214,0.016597800137535788,0.1145320197044335,0.02115042498517494
0.29391891891891897,0.0014349073832507176,0.00624689452154538,0.006182572008350487,0.020480041742760243,0.0100726632639388,0.02003203521007705,0.36486486486486486,0,0.0061803601113119885,0.0,0.0011904243475029783,0.9722222222222214,0.001198407804268344,0.01354679802955665,0.0055346906503261515
0.2364864864864865,0.02952430646143143,0.0009093778418057557,0.0016423597424779924,0.00682668058092008,0.0018774896151831505,0.02003203521007705,0.554054054054054,0,0.08217533968861784,0.11627906976744186,0.02023804438378421,0.7222222222222214,0.10621621525653029,0.1933497536945813,0.07452065625617711
0.20608108108108109,0.002043655970084355,0.000642189506842209,0.0007007401567906102,0.0023915123054178626,0.0010948216004190471,0.02003203521007705,0.6486486486486487,1,4.360256688942437e-06,0.0,0.00035709097091567426,0.7777777777777715,0.013132182309488667,0.21798029556650247,0.027871120774856692
0.16891891891891891,0.011218366814505611,0.009371904287200899,0.0050511686301989815,0.030002608922515005,0.012205966549317222,0.02003203521007705,0.554054054054054,0,0.027985692177961825,0.0,0.013095186870178747,0.8611111111111072,0.027351512834503728,0.21305418719211824,0.026882783158727025
0.28040540540540543,0.47821549699973914,0.0014109419091934661,0.0035182995372195214,0.0195234368205931,0.003572255180226821,0.02003203521007705,0.554054054054054,0,0.02643201674422723,0.0,0.010714234365643593,0.44444444444444287,0.01463832940176666,0.05172413793103448,0.01581340185807472
0.2972972972972973,0.004174276024002087,0.0011359410498157807,0.004211740317376896,0.017175406557091922,0.0035311422689454385,0.02003203521007705,0.5810810810810811,0,0.00867964188854157,0.023255813953488372,0.001666614848410009,0.6666666666666643,0.010305715310384662,0.145320197044335,0.05435856888713185
0.3783783783783784,0.026480563527263242,0.0359344872952728,0.0014160790668476912,0.0011305330898338988,0.03538451230951018,0.037224455644987976,0.7702702702702702,1,1.1901291704348009e-05,0.046511627906976744,0.02238090163786585,0.8611111111111072,0.02288396690145596,0.16625615763546797,0.025499110496145484
0.2567567567567568,0.0038699017305852687,0.015621923818511933,0.007284777879969051,0.03895990955735281,0.019426611930662314,0.02003203521007705,0.7027027027027026,0,0.23795361240461999,0.0,0.019047568131516635,0.44444444444444287,0.17784963621665317,0.18842364532019704,0.07452065625617711
0.21621621621621623,0.003174189059918254,0.015621923818511933,0.003781077096016,0.02021914949126011,0.018187133790549516,0.1289173646311796,0.5675675675675675,1,0.07321695169182069,0.046511627906976744,0.01190471061791117,0.9166666666666643,0.09459787352151985,0.42857142857142855,0.059893259537458
0.15878378378378383,0.002261066179667797,0.012496914052856417,0.004875983591001329,0.027567614575180453,0.016429937508374855,0.005705018180984609,0.4189189189189189,0,0.04027428013243583,0.023255813953488372,0.0033332816015846168,0.5277777777777715,0.008891890004509564,0.05172413793103448,0.03142913619292351
0.23310810810810811,0.003304635185668319,0.0007593773730542909,0.002437991795500664,0.004304722149752152,0.0015059507132328758,0.0027622488832090225,0.6756756756756757,0,0.0005394121412780761,0.023255813953488372,0.5065523310543829,0.6666666666666643,0.008110705658023533,0.12807881773399016,0.015418066811622852
0.35472972972972977,0.007218018958170276,0.021871943349822967,0.03648228441291114,0.04339507783285503,0.03384049408583158,0.14037897825445356,0.6486486486486487,0,0.19833124718850723,0.046511627906976744,0.02023804438378421,0.9444444444444429,0.20182726120318958,0.5640394088669951,0.140739276536865
0.20945945945945948,0.0027393686407513698,0.01874693358416745,0.08027854421232428,0.03591616662318462,0.040844916007844956,0.02003203521007705,0.527027027027027,0,0.16594637027598289,0.023255813953488372,0.01190471061791117,0.6111111111111072,0.06534133613297179,0.14285714285714285,0.06088159715358767
0.195945945945946,0.0010000869640838335,0.0015593798730621034,0.005226353669396634,0.02769806070093052,0.00433208268872349,0.02003203521007705,0.445945945945946,0,0.2857653509848516,0.0,0.014285663122446324,0.75,0.03388327922250853,0.16009852216748768,0.02866179086776043
0.3006756756756757,0.001478389425167406,0.015621923818511933,0.007284777879969051,0.02735020436559701,0.01878403235433848,0.02003203521007705,0.6351351351351351,1,0.04214531940020935,0.0,0.004761853104305709,0.4166666666666643,0.02502926482267707,0.06896551724137931,0.027475785728404825
0.20270270270270274,0.47821549699973914,0.017184428701339693,0.08027854421232428,0.04230802678493782,0.035449988427476826,0.002300918934872246,0.6486486486486487,0,0.022446995909044386,0.0,0.004285662603398677,0.55555555555555,0.018432991545454868,0.1564039408866995,0.03775449693615339
0.20608108108108109,0.0038699017305852687,0.00045937643555136115,0.0014817734565468108,0.005696147491086182,0.0010476178874663483,0.001157622975950669,0.6081081081081081,1,5.814552194964854e-06,0.023255813953488372,2.090952489482772e-06,0.8611111111111072,0.0007788171211936496,0.01600985221674877,0.002569677801937142
0.21283783783783788,0.020480041742760243,0.0012875040234500733,0.005262850552562811,0.027045830072180192,0.005257884542763518,0.02289743861589554,0.7297297297297296,1,0.03668590327500314,0.023255813953488372,0.000833281471822705,0.4166666666666643,0.04415111892821508,0.023399014778325126,0.030836133623245703
0.24662162162162166,0.019914775197843293,0.021871943349822967,0.007284777879969051,0.021219236455343946,0.024497204322032867,0.001426970896097607,0.6216216216216217,1,0.0011457705276719922,0.046511627906976744,0.005952329356573286,0.6944444444444429,0.008853422593508358,0.11822660098522168,0.025103775449693617
0.2533783783783784,0.0016523175928341595,0.007809399404373138,0.007284777879969051,0.034437777198017216,0.010908625793326918,0.0008481594081222724,0.689189189189189,1,0.0030588134262270507,0.11627906976744186,0.002857091100677586,0.5833333333333286,0.0029554807775388193,0.07389162561576355,0.01937141727614153
0.2364864864864865,0.000521784503000261,0.004684389638717621,0.005547526241258997,0.008739890425254372,0.006829311373963041,0.02003203521007705,0.4324324324324324,0,0.09865804093233044,0.0,0.023809473140586943,0.7222222222222214,0.06394704043575883,0.20812807881773399,0.33386044672860254
0.22635135135135137,0.009522567179754762,0.01874693358416745,0.08027854421232428,0.47821549699973914,0.05979187730689114,0.04008985905080646,0.47297297297297297,0,0.1757624770418383,0.09302325581395349,0.019047568131516635,0.9166666666666643,0.0637937625980771,0.16995073891625617,0.050207550899387235
0.2972972972972973,0.08687711974954344,0.0031218847558898625,0.007284777879969051,0.04339507783285503,0.009378311873408778,0.02003203521007705,0.7837837837837838,1,0.024448198569350602,0.023255813953488372,0.00833328186110844,0.7777777777777715,0.05246954860564512,0.37068965517241376,0.04744020557422416
0.3614864864864865,0.0038699017305852687,0.04062200194375608,0.1532723105446795,0.8260718323332464,0.14008539303943188,0.3380918132559292,0.7567567567567568,0,0.6035345245315292,0.09302325581395349,0.05952376070861425,0.9722222222222214,0.2737974199611538,0.7807881773399015,0.2205969559201423
0.1891891891891892,0.0075658752935037835,0.0008265650830158844,0.0033504138746551044,0.019914775197843293,0.0033514636196416174,0.02003203521007705,0.5945945945945945,0,0.1424839289662904,0.0,0.007142805608840863,0.4166666666666643,0.09486596178588211,0.07142857142857142,0.034987151610990315
0.1925675675675676,0.0025219584311679277,9.062528320401001e-05,0.00032117257186236296,0.0006957126706670146,0.00021165535807823028,0.0008739480387746388,0.5945945945945945,0,0.0019813605995594894,0.09302325581395349,0.002857091100677586,0.75,0.004729716134179064,0.1477832512315271,0.009685708638070766
0.20945945945945948,0.007000608748586834,0.0011265660205188141,0.004737295434969853,0.019392990694843033,0.005314224458223191,0.02003203521007705,0.5405405405405406,1,0.08319477191021918,0.0,0.0023809005997705553,0.75,0.06572896927459931,0.23275862068965517,0.06285827238584701
0.26689189189189194,0.0010000869640838335,0.07655961424879454,0.0032555219784230426,0.005522219323419428,0.07557009903643518,0.09166712035553926,0.689189189189189,0,0.07278148749144459,0.023255813953488372,0.02023804438378421,0.5,0.04943831661875008,0.1477832512315271,0.12215852935362721
0.22635135135135137,0.0020871380120010435,0.034371982412445046,0.10217667411203084,0.04339507783285503,0.0590914351146898,0.02003203521007705,0.554054054054054,1,0.05269687891945213,0.046511627906976744,0.014285663122446324,0.7777777777777715,0.043406626573760966,0.24261083743842365,0.048823878236805694
0.39189189189189194,0.026350117401513176,0.00022968821777568055,0.0003065738185958919,0.0017827637185842248,0.00059080776211765,0.02003203521007705,0.6621621621621621,1,0.0052048762791299845,0.0,0.0019523291489542275,0.9444444444444429,0.010599843052963114,0.3214285714285714,0.032417473809053174
0.25000000000000006,0.0011305330898338988,0.0015593798730621034,0.004832187331201916,0.01856683189842595,0.005862396608641629,0.00098569877160156,0.7567567567567568,1,0.0006642067376524608,0.0,0.0004285195460517289,0.6388888888888857,0.0010208659073397005,0.05295566502463055,0.005337023127100217
0.19932432432432434,0.0002608922515001305,0.0008609401904380952,0.0012773909108162163,0.0013479432994173408,0.0011937971275779319,0.02003203521007705,0.6621621621621621,1,0.00039177616404011497,0.023255813953488372,0.0019047100988635244,0.7222222222222214,0.014814687686049112,0.17118226600985223,0.0191737497529156
0.2398648648648649,0.011261848856422299,0.0012203163134884797,0.004788391071402502,0.026741455778763374,0.004083882520617364,0.0009971603852248338,0.6351351351351351,1,0.002711227595885756,0.06976744186046512,0.001666614848410009,0.6111111111111072,0.0067258788619801125,0.11822660098522168,0.028859458390986362
0.3614864864864865,0.6956257065831812,0.017184428701339693,0.007014700944539337,0.023349856509261677,0.019548427964088635,0.04008985905080646,0.7972972972972974,1,0.04695187124077843,0.0,0.013095186870178747,0.7777777777777715,0.11778957971098546,0.3238916256157635,0.07629966396521053
0.18243243243243246,0.0034785633533350726,0.0011781286816521302,0.005189856786230456,0.024741281850595705,0.006663337028419681,0.0018567814069703802,0.21621621621621617,0,0.033682364912235994,0.0,0.005952329356573286,0.80555555555555,0.006000324309865056,0.10098522167487685,0.009685708638070766
0.24662162162162166,0.0004783024610835726,0.0009625030078218996,0.0012408940276500387,0.00708757283242021,0.0016643115566870913,0.02003203521007705,0.6351351351351351,0,0.028711977347020093,0.06976744186046512,0.007142805608840863,0.6944444444444429,0.03448751347838901,0.13669950738916256,0.03162680371614944
0.3175675675675676,0.01039220801808853,0.017184428701339693,0.021883531146440094,0.03895990955735281,0.025747341365070474,0.0802055067322653,0.7567567567567568,0,0.12491843634278683,0.0,0.009523758113376017,0.9166666666666643,0.03934861061629527,0.2647783251231527,0.039335837121960864
0.3344594594594595,0.02874162970693104,0.015621923818511933,0.07297916757908875,0.029915644838681626,0.0331430972944659,0.10026333057299472,0.7432432432432432,0,0.2752967704639841,0.06976744186046512,0.034523759410995135,0.8611111111111072,0.21605783604834344,0.5307881773399015,0.10100810436845227
0.20270270270270274,0.03930776589268632,0.0031218847558898625,0.00427013533044278,0.022871554048178106,0.0059613721358005144,0.0024785739460329924,0.445945945945946,0,0.048632560846668754,0.0,0.006190424607026801,0.6111111111111072,0.006622312755438404,0.08374384236453203,0.01838307966001186
0.20945945945945948,0.0009566049221671452,0.0010062531445410767,0.003204426341990394,0.01617531959300809,0.0027073613428999525,0.02003203521007705,0.7027027027027026,0,0.037970474868968276,0.0,0.004761853104305709,1.0,0.002533522869171743,0.10467980295566502,0.006720695789681755
0.25000000000000006,0.47821549699973914,0.017184428701339693,0.006876012788507861,0.04000347856335334,0.02259839690100011,0.002343899985959523,0.6081081081081081,1,0.004211516183472054,0.046511627906976744,0.004285662603398677,0.6388888888888857,0.014879786381589615,0.1564039408866995,0.030440798576793836
0.35810810810810817,0.13035916166623185,0.0015015671923974763,0.004328530343508665,0.013914253413340292,0.004403649608361452,0.02003203521007705,0.8243243243243243,1,0.005466532442817965,0.0,0.003047567301040398,0.55555555555555,0.04693497587205621,0.21674876847290642,0.1361929235026685
0.3175675675675676,0.6086616227498044,0.02343444823265073,0.003386910757821282,0.010000869640838335,0.024663178667576228,0.04582066586244344,0.7297297297297296,0,0.10129065241635898,0.0,0.014285663122446324,0.6666666666666643,0.17981561682197636,0.18472906403940886,0.11761217631943073
0.2736486486486487,0.006435342203669885,0.0015125047265772706,0.006693528372676973,0.034220366988433774,0.0057375351743796515,0.02003203521007705,0.49999999999999994,0,0.0515144775019006,0.023255813953488372,0.009047567612468986,0.6111111111111072,0.01813590477126094,0.11945812807881774,0.04605653291164262
0.21621621621621623,0.002956778850334812,0.00624689452154538,0.007284777879969051,0.027480650491347076,0.011357822416586472,0.011435824992621586,0.5405405405405406,0,0.1448716441876434,0.0,0.0023809005997705553,0.6666666666666643,0.0680742977330267,0.24876847290640394,0.17987744613559992
0.39864864864864874,0.02113227237151057,0.034371982412445046,0.08027854421232428,0.04109052961127054,0.05618003191580076,0.042955262456624954,0.8108108108108107,1,0.042763901232375404,0.023255813953488372,0.014285663122446324,0.55555555555555,0.12266073755638435,0.18226600985221675,0.1622850365684918
0.28716216216216217,0.0053048091138359855,0.021871943349822967,0.03648228441291114,0.04339507783285503,0.03444348345129186,0.07734010332644681,0.5945945945945945,0,0.1709331798091687,0.0,0.026190425645122094,0.9722222222222214,0.09149266574423788,0.3226600985221675,0.050800553469065035
0.195945945945946,0.001174015131750587,0.0014640670752096101,0.006416152060614024,0.02678493782068006,0.005988780743321436,0.02003203521007705,0.337837837837838,1,0.018306304968647276,0.20930232558139533,0.0038094721024916475,0.6666666666666643,0.010799873590169387,0.09113300492610837,0.029452460960664166
0.35472972972972977,0.016349247760674843,0.017184428701339693,0.004014657148279537,0.013088094616923212,0.01946620214152587,0.028628245427532513,0.6486486486486487,1,0.026810851519144134,0.023255813953488372,0.01190471061791117,1.0,0.0018079683170566868,0.09605911330049262,0.009092706068392964
0.2837837837837838,0.001695799634750848,0.0011250035156359862,0.004219039694010131,0.025002174102095837,0.004350355093737437,0.02003203521007705,0.6621621621621621,0,0.0056283800166464235,0.0,0.0023809005997705553,0.6944444444444429,0.030121166426590566,0.10960591133004927,0.022336430124530543
0.31081081081081086,0.001043569006000522,0.0009937531054784545,0.004540212265872494,0.01665362205409166,0.0034717569526501076,0.02003203521007705,0.7702702702702702,1,0.017100888601509927,0.0,0.003571376852038132,0.6388888888888857,0.03352168555909719,0.1933497536945813,0.0925084008697371
0.195945945945946,0.0036959735629185147,0.02343444823265073,0.007284777879969051,0.01834942168884251,0.02585545309473633,0.0544168760798989,0.7027027027027026,0,0.07679272246334358,0.023255813953488372,0.0019047100988635244,0.8333333333333286,0.16376701295227317,0.3214285714285714,0.05198655860842064
0.23310810810810811,0.0004348204191668842,0.0002515632861352692,0.0001313887793982394,0.000739194712583703,0.0003304259906688919,0.02003203521007705,0.7027027027027026,1,0.0007136015031892892,0.023255813953488372,0.0009523290970494627,0.7777777777777715,0.0054493526230631655,0.1354679802955665,0.007116030836133623
0.1756756756756757,0.0003478563353335073,0.01874693358416745,0.0057884056701557685,0.01504478650317419,0.021537074709773302,0.02003203521007705,0.5810810810810811,0,0.06030182009750526,0.023255813953488372,0.013333282120632263,0.6666666666666643,0.03142254853107753,0.14285714285714285,0.04348685510970548
0.29391891891891897,0.0038699017305852687,0.029684467763961764,0.007080395334238456,0.03704669971301852,0.03476477323945378,0.02003203521007705,0.49999999999999994,1,0.0296094604473601,0.0,0.01190471061791117,0.7222222222222214,0.037485604311190704,0.29433497536945813,0.12710021743427555
0.22972972972972977,0.005696147491086182,0.0031218847558898625,0.007284777879969051,0.029915644838681626,0.00828501297340756,0.02003203521007705,0.25675675675675674,0,0.043948861473665383,0.023255813953488372,0.00833328186110844,0.38888888888888573,0.03142077311210824,0.07635467980295567,0.05554457402648745
0.24324324324324326,0.009131228802504566,0.0009000028125087892,0.004094950291245128,0.016827550221758414,0.0038707044621213043,0.02003203521007705,0.6081081081081081,0,0.07767019387895831,0.046511627906976744,0.009523758113376017,0.5833333333333286,0.05141613335053517,0.16009852216748768,0.08104368452263294
0.22635135135135137,0.014001217497173668,0.0010562533007915649,0.003934364005313946,0.0011305330898338988,0.0019094663239575594,6.87696817396437e-05,0.6351351351351351,1,0.00030408056712948837,0.0,0.014285663122446324,0.47222222222222143,0.0009628688876763434,0.04064039408866995,0.003953350464518679
0.2972972972972973,0.0038699017305852687,0.021871943349822967,0.09487729747879532,0.47821549699973914,0.06623290007430778,0.02003203521007705,0.6756756756756757,0,0.15403474991774718,0.06976744186046512,0.02023804438378421,0.75,0.15203859524116697,0.291871921182266,0.05673057916584306
0.1722972972972973,0.0003043742934168189,0.01874693358416745,0.08027854421232428,0.04209061657535438,0.03896285829140832,0.02003203521007705,0.6621621621621621,0,0.07740577507977471,0.0,0.023809473140586943,0.75,0.03199009079492609,0.18842364532019704,0.021941095078078673
0.3006756756756757,0.0038699017305852687,0.0359344872952728,0.00014598753266471045,0.00017392816766675367,0.03506626792218392,0.06874389310899134,0.7432432432432432,0,0.013329735990073501,0.0,0.00833328186110844,0.9722222222222214,0.045789238830543366,0.41133004926108374,0.0383474995058312
0.20608108108108109,0.02078441603617706,0.032809477529617284,0.004080351537978657,0.021219236455343946,0.03504647281675215,0.07160929651480984,0.6351351351351351,1,0.1320809797759763,0.06976744186046512,0.0154761393747139,0.8333333333333286,0.16142523533178435,0.3768472906403941,0.05613757659616525
0.28040540540540543,0.004304722149752152,0.028121962881134003,0.08027854421232428,0.13035916166623185,0.05048056425186683,0.02003203521007705,0.48648648648648657,0,0.0863288694548023,0.023255813953488372,0.022618996888319365,0.6388888888888857,0.06079330453998303,0.19211822660098524,0.06226526981616921
0.32432432432432434,0.0038699017305852687,0.0015593798730621034,0.004802989824668973,0.02817636316201409,0.004767575008222582,0.25499511448719303,0.7837837837837838,1,0.17885373992963643,0.023255813953488372,0.010595186740416835,0.8888888888888857,0.26775862824028757,0.8066502463054187,0.13718126111879816
0.4594594594594595,0.0010000869640838335,0.0005109390966846772,0.0009635177155870889,0.0023045482215844856,0.0011770474229818128,0.042955262456624954,0.49999999999999994,0,0.07849515812626699,0.023255813953488372,0.00523804360521274,0.9444444444444429,0.00912920434007085,0.07389162561576355,0.03419648151808658
0.1722972972972973,0.002956778850334812,0.04062200194375608,0.03648228441291114,0.03678580746151839,0.049988732016908066,0.02003203521007705,0.5405405405405406,0,0.05773209177259471,0.023255813953488372,0.011666615367457655,0.5833333333333286,0.04596086266424105,0.11945812807881774,0.05791658430519866
0.13513513513513514,0.0024349943473345507,0.004684389638717621,0.00629206265784902,0.03161144447343247,0.008696142086221388,0.02003203521007705,0.5945945945945945,1,0.13721665078677223,0.06976744186046512,0.013095186870178747,0.6388888888888857,0.09605549249530401,0.18719211822660098,0.06542795018778415
0.3614864864864865,0.0003913383772501957,8.437526367269898e-05,0.0002481788055300077,0.0002608922515001305,0.00015683814303638646,0.002272264900814061,0.7837837837837838,1,0.008117392311143605,0.0,0.001666614848410009,0.5833333333333286,0.006302737340966845,0.08866995073891626,0.01640640442775252
0.18581081081081086,0.002043655970084355,0.0031218847558898625,0.00656943896991197,0.022262805461344466,0.005656832052234715,0.02003203521007705,0.36486486486486486,0,0.08620294140207511,0.0,0.010714234365643593,0.47222222222222143,0.04350782545501029,0.145320197044335,0.053370231271002176
0.5135135135135135,0.0038699017305852687,0.007809399404373138,0.007080395334238456,0.03352465431776676,0.013932708823135301,0.23780269405228213,0.8108108108108107,0,0.33971500423432077,0.13953488372093023,0.053571379447276364,0.9166666666666643,0.2861490097304795,0.625615763546798,0.18778414706463728
0.21959459459459463,0.000521784503000261,0.026559457998306245,0.00601468634578607,0.027437168449430387,0.029436844477470126,0.0018739738274052911,0.36486486486486486,0,0.09225899475031538,0.0,0.009523758113376017,0.7222222222222214,0.018905844797608155,0.07881773399014778,0.016011069381300654
0.2567567567567568,0.0009131228802504567,0.0009859405810643158,0.0004744594811603089,0.002130620053917732,0.0013277947643468835,0.02003203521007705,0.48648648648648657,1,0.03958228793516514,0.046511627906976744,0.003571376852038132,0.30555555555555003,0.016993126761363567,0.04802955665024631,0.014034394149041314
0.21959459459459463,0.0026958865988346813,0.02030943846699521,0.014584154513204573,0.03982955039568658,0.026193492587494368,0.048686069268261925,0.689189189189189,1,0.019194127391697274,0.023255813953488372,0.0015237576981378996,0.8611111111111072,0.042407065694052705,0.47413793103448276,0.04249851749357581
0.22635135135135137,0.007000608748586834,0.0010640658252057038,0.003985459641746595,0.02113227237151057,0.003706252816995773,0.0544168760798989,0.7432432432432432,0,0.05420986037730935,0.023255813953488372,0.0026189958502240707,0.6111111111111072,0.09627446083484935,0.09729064039408868,0.18995848982012256
0.2837837837837838,0.007174536916253587,0.03124697264678952,0.006423451437247259,0.0337420645273502,0.034177010878171786,0.048686069268261925,0.5810810810810811,0,2.9308130681495167e-05,0.0,0.014285663122446324,0.9444444444444429,0.024421479728858015,0.2315270935960591,0.02470844040324175
0.2398648648648649,0.0028263327245847463,0.0010609408154400482,0.0005036569876932511,0.0016523175928341595,0.0013887027810600432,0.02003203521007705,0.47297297297297297,0,0.09338210535533341,0.06976744186046512,0.024999949392854517,0.9166666666666643,0.016117845209505356,0.15270935960591134,0.011464716347104172
0.2567567567567568,0.01447951995825724,0.0013062540820440063,0.00146717470328034,0.0013914253413340291,0.0017054244679684742,0.02003203521007705,0.7837837837837838,1,0.02892121575659227,0.0,0.0011904243475029783,0.55555555555555,0.05819349936262459,0.18472906403940886,0.08539237003360349
0.23310810810810811,0.0006957126706670146,0.00014687545898580933,0.0006423451437247259,0.002565440473084616,0.00047508253036264637,0.00024929009630620844,0.6756756756756757,1,0.00022947888943131305,0.0,4.756714532610421e-05,0.6111111111111072,0.00025921116951581954,0.01354679802955665,0.002569677801937142
0.2364864864864865,0.003956865814418645,0.017184428701339693,0.014584154513204573,0.03809026871901904,0.026048836047800613,0.02003203521007705,0.5945945945945945,1,0.09738064745696148,0.0,0.014285663122446324,0.5833333333333286,0.03504085239048328,0.1625615763546798,0.06246293733939515
0.2837837837837838,0.004609096443168971,0.00026718833496354677,0.0010657089884523862,0.004391686233585529,0.0008542349344020661,0.02003203521007705,0.7702702702702702,1,0.015165939226345166,0.0,0.00047613859614243194,0.5277777777777715,0.04588215242326935,0.15024630541871922,0.08559003755682942
0.15540540540540543,0.022610661796677974,0.0012671914599733125,0.0037956758492824713,0.018305939646925822,0.003314918809613721,0.02003203521007705,0.5810810810810811,1,0.00025562728041934364,0.0,0.00035709097091567426,0.7222222222222214,0.0017405023962238024,0.038177339901477834,0.005337023127100217
0.28716216216216217,0.03665536133576833,0.028121962881134003,0.08027854421232428,0.04304722149752152,0.048391419278605456,0.1289173646311796,0.6216216216216217,1,0.1300388109524783,0.06976744186046512,0.01666661562698148,0.9166666666666643,0.12021480202303074,0.4396551724137931,0.13777426368847598
0.3344594594594595,0.0038699017305852687,0.04062200194375608,0.002364998029168309,0.013001130533089836,0.04282899465227614,0.031493648833351,0.47297297297297297,1,0.009331899997565436,0.023255813953488372,0.01666661562698148,0.9722222222222214,0.023057366154122936,0.32019704433497537,0.040719509784542404
0.2837837837837838,0.020480041742760243,0.01874693358416745,0.007284777879969051,0.02948082441951474,0.02419114153804924,0.02003203521007705,0.5135135135135136,0,0.07338351717909906,0.09302325581395349,0.012618996369271716,0.6944444444444429,0.03516098907407166,0.19704433497536947,0.06364894247875075
0.25000000000000006,0.0038699017305852687,0.024996953115478487,0.029182907779675617,0.03661187929385164,0.035469783532908604,0.034359052239169484,0.7297297297297296,1,0.03386388623774719,0.046511627906976744,0.004523757853852194,0.44444444444444287,0.12964641939420335,0.2019704433497537,0.11682150622652698
0.2364864864864865,0.0006957126706670146,0.0015593798730621034,0.007007401567906101,0.03213322897643273,0.007899769767696824,0.02003203521007705,0.47297297297297297,0,0.013288619926621588,0.0,0.0019047100988635244,0.8611111111111072,0.007504104176850667,0.10098522167487685,0.0061276932200039535
0.3040540540540541,0.015783981215757893,0.004684389638717621,0.014584154513204573,0.04339507783285503,0.01287595473316198,0.42978472224212083,0.689189189189189,0,0.8575571778927595,0.0,0.03571423566326271,0.9722222222222214,0.24748866986794432,0.791871921182266,0.2547934374382289
0.13851351351351354,0.000739194712583703,0.0015593798730621034,0.006803019022175507,0.03495956170101748,0.005463449099170433,0.02003203521007705,0.4324324324324324,0,0.030345771839956726,0.0,0.0021428053493170395,0.7222222222222214,0.015297009839371926,0.13669950738916256,0.05534690650326152
0.2364864864864865,0.0007826767545003914,0.004684389638717621,0.0042993328369757226,0.0055657013653361165,0.005821283697360247,0.02003203521007705,0.7432432432432432,0,0.008771203334265674,0.13953488372093023,0.0014285195979564936,0.80555555555555,0.016143884687721557,0.18226600985221675,0.0197667523225934
0.27702702702702703,0.00852248021567093,0.026559457998306245,0.007284777879969051,0.038351160970519174,0.030843819663544117,0.07160929651480984,0.7162162162162162,1,0.01595551254820666,0.0,0.004761853104305709,0.8333333333333286,0.05457342008424955,0.479064039408867,0.07214864597746591
